pid,sex,weight,source,head_length,head_breadth,head_circumference,tragion_top,menton_sellion,ear_protrusion,interpupillary,bizygomatic,bitragion_chin_arc,age
ANSUR2-M-10027,M,1.0,ansur2_2012,206.0,150.0,583.0,140.0,118.0,19.0,68.5,142.0,319.0,41
ANSUR2-M-10032,M,1.0,ansur2_2012,201.0,146.0,568.0,120.0,131.0,18.0,62.0,135.0,344.0,35
ANSUR2-M-10033,M,1.0,ansur2_2012,202.0,148.0,573.0,125.0,123.0,23.0,66.5,135.0,345.0,42
ANSUR2-M-10092,M,1.0,ansur2_2012,199.0,158.0,576.0,127.0,106.0,25.0,64.0,143.0,328.0,31
ANSUR2-M-10093,M,1.0,ansur2_2012,197.0,153.0,566.0,122.0,135.0,19.0,67.5,138.0,340.0,21
ANSUR2-M-10115,M,1.0,ansur2_2012,198.0,155.0,576.0,132.0,111.0,26.0,66.0,144.0,343.0,39
ANSUR2-M-10117,M,1.0,ansur2_2012,211.0,158.0,612.0,139.0,123.0,22.0,70.0,158.0,370.0,32
ANSUR2-M-10237,M,1.0,ansur2_2012,185.0,156.0,551.0,131.0,109.0,22.0,62.0,145.0,326.0,23
ANSUR2-M-10242,M,1.0,ansur2_2012,198.0,160.0,578.0,128.0,121.0,29.0,67.5,145.0,325.0,36
ANSUR2-M-10244,M,1.0,ansur2_2012,190.0,146.0,549.0,116.0,111.0,25.0,60.0,138.0,322.0,23
ANSUR2-M-10246,M,1.0,ansur2_2012,200.0,155.0,578.0,142.0,137.0,21.0,68.5,150.0,357.0,32
ANSUR2-M-10260,M,1.0,ansur2_2012,189.0,148.0,548.0,126.0,118.0,21.0,60.5,133.0,305.0,28
ANSUR2-M-10265,M,1.0,ansur2_2012,199.0,154.0,580.0,118.0,120.0,21.0,66.5,149.0,348.0,36
ANSUR2-M-10272,M,1.0,ansur2_2012,208.0,165.0,606.0,134.0,118.0,26.0,67.5,154.0,363.0,26
ANSUR2-M-10286,M,1.0,ansur2_2012,186.0,160.0,565.0,128.0,112.0,23.0,61.0,141.0,311.0,22
ANSUR2-M-10293,M,1.0,ansur2_2012,199.0,152.0,567.0,133.0,127.0,19.0,66.5,148.0,357.0,38
ANSUR2-M-10303,M,1.0,ansur2_2012,195.0,160.0,575.0,133.0,116.0,24.0,66.0,143.0,330.0,26
ANSUR2-M-10304,M,1.0,ansur2_2012,188.0,153.0,554.0,130.0,114.0,23.0,66.0,147.0,334.0,34
ANSUR2-M-10305,M,1.0,ansur2_2012,196.0,150.0,567.0,126.0,121.0,20.0,65.0,139.0,315.0,31
ANSUR2-M-10310,M,1.0,ansur2_2012,204.0,150.0,582.0,135.0,112.0,22.0,64.0,138.0,345.0,32
ANSUR2-M-10312,M,1.0,ansur2_2012,202.0,150.0,588.0,132.0,121.0,23.0,68.0,139.0,318.0,28
ANSUR2-M-10319,M,1.0,ansur2_2012,197.0,149.0,568.0,132.0,114.0,21.0,60.5,137.0,324.0,24
ANSUR2-M-10338,M,1.0,ansur2_2012,203.0,150.0,573.0,140.0,122.0,20.0,64.5,133.0,330.0,23
ANSUR2-M-10339,M,1.0,ansur2_2012,201.0,153.0,575.0,135.0,128.0,29.0,71.0,139.0,338.0,26
ANSUR2-M-10340,M,1.0,ansur2_2012,211.0,159.0,600.0,132.0,120.0,24.0,64.5,141.0,339.0,33
ANSUR2-M-10341,M,1.0,ansur2_2012,187.0,155.0,552.0,137.0,120.0,24.0,59.5,145.0,310.0,32
ANSUR2-M-10349,M,1.0,ansur2_2012,206.0,154.0,590.0,130.0,118.0,21.0,69.5,143.0,329.0,30
ANSUR2-M-10354,M,1.0,ansur2_2012,196.0,155.0,575.0,115.0,122.0,25.0,62.5,140.0,327.0,36
ANSUR2-M-10358,M,1.0,ansur2_2012,203.0,150.0,571.0,130.0,132.0,21.0,67.0,144.0,330.0,25
ANSUR2-M-10361,M,1.0,ansur2_2012,200.0,148.0,568.0,128.0,130.0,20.0,62.0,136.0,316.0,33
ANSUR2-M-10367,M,1.0,ansur2_2012,206.0,149.0,583.0,132.0,122.0,24.0,66.0,138.0,324.0,21
ANSUR2-M-10368,M,1.0,ansur2_2012,213.0,153.0,595.0,134.0,123.0,28.0,61.0,140.0,348.0,47
ANSUR2-M-10371,M,1.0,ansur2_2012,188.0,153.0,554.0,128.0,106.0,25.0,68.5,142.0,320.0,37
ANSUR2-M-10385,M,1.0,ansur2_2012,202.0,152.0,570.0,126.0,133.0,25.0,62.5,142.0,340.0,27
ANSUR2-M-10389,M,1.0,ansur2_2012,197.0,149.0,560.0,136.0,123.0,24.0,58.5,138.0,330.0,20
ANSUR2-M-10404,M,1.0,ansur2_2012,205.0,149.0,578.0,135.0,131.0,22.0,62.0,136.0,343.0,30
ANSUR2-M-10406,M,1.0,ansur2_2012,193.0,150.0,562.0,138.0,111.0,22.0,64.5,139.0,318.0,20
ANSUR2-M-10419,M,1.0,ansur2_2012,204.0,144.0,577.0,127.0,135.0,24.0,65.0,144.0,337.0,30
ANSUR2-M-10422,M,1.0,ansur2_2012,205.0,145.0,583.0,123.0,122.0,20.0,65.5,132.0,316.0,30
ANSUR2-M-10423,M,1.0,ansur2_2012,204.0,160.0,605.0,135.0,127.0,26.0,66.0,145.0,336.0,26
ANSUR2-M-10427,M,1.0,ansur2_2012,202.0,155.0,577.0,139.0,118.0,24.0,64.0,133.0,305.0,25
ANSUR2-M-10447,M,1.0,ansur2_2012,197.0,152.0,563.0,133.0,126.0,25.0,64.0,136.0,337.0,44
ANSUR2-M-10451,M,1.0,ansur2_2012,207.0,156.0,594.0,124.0,120.0,26.0,64.5,148.0,335.0,19
ANSUR2-M-10460,M,1.0,ansur2_2012,200.0,160.0,590.0,138.0,120.0,22.0,71.0,150.0,335.0,24
ANSUR2-M-10467,M,1.0,ansur2_2012,206.0,146.0,568.0,131.0,120.0,24.0,67.0,136.0,331.0,33
ANSUR2-M-10471,M,1.0,ansur2_2012,190.0,162.0,573.0,145.0,127.0,22.0,61.5,143.0,311.0,21
ANSUR2-M-10473,M,1.0,ansur2_2012,193.0,144.0,550.0,124.0,105.0,22.0,61.5,130.0,313.0,29
ANSUR2-M-10482,M,1.0,ansur2_2012,203.0,153.0,583.0,136.0,113.0,30.0,60.5,147.0,334.0,31
ANSUR2-M-10495,M,1.0,ansur2_2012,201.0,155.0,590.0,128.0,126.0,24.0,63.5,140.0,338.0,39
ANSUR2-M-10497,M,1.0,ansur2_2012,193.0,149.0,558.0,125.0,115.0,20.0,59.0,139.0,325.0,40
ANSUR2-M-10510,M,1.0,ansur2_2012,197.0,150.0,563.0,135.0,132.0,28.0,63.0,145.0,333.0,39
ANSUR2-M-10515,M,1.0,ansur2_2012,208.0,152.0,582.0,128.0,106.0,20.0,65.5,145.0,337.0,35
ANSUR2-M-10517,M,1.0,ansur2_2012,183.0,144.0,530.0,111.0,107.0,17.0,57.5,133.0,326.0,35
ANSUR2-M-10523,M,1.0,ansur2_2012,197.0,152.0,574.0,133.0,120.0,25.0,60.0,138.0,337.0,24
ANSUR2-M-10524,M,1.0,ansur2_2012,201.0,157.0,578.0,126.0,133.0,25.0,67.0,144.0,338.0,31
ANSUR2-M-10525,M,1.0,ansur2_2012,200.0,160.0,595.0,135.0,126.0,20.0,66.0,160.0,375.0,33
ANSUR2-M-10529,M,1.0,ansur2_2012,193.0,151.0,568.0,126.0,120.0,22.0,65.0,140.0,327.0,26
ANSUR2-M-10533,M,1.0,ansur2_2012,204.0,152.0,582.0,123.0,118.0,26.0,65.5,134.0,322.0,28
ANSUR2-M-10534,M,1.0,ansur2_2012,192.0,168.0,574.0,120.0,120.0,24.0,67.5,160.0,345.0,40
ANSUR2-M-10553,M,1.0,ansur2_2012,200.0,158.0,580.0,130.0,121.0,23.0,63.0,143.0,340.0,35
ANSUR2-M-10557,M,1.0,ansur2_2012,193.0,155.0,557.0,131.0,108.0,27.0,60.5,138.0,306.0,26
ANSUR2-M-10558,M,1.0,ansur2_2012,193.0,154.0,564.0,131.0,111.0,23.0,59.0,131.0,304.0,33
ANSUR2-M-10564,M,1.0,ansur2_2012,200.0,148.0,566.0,132.0,117.0,20.0,65.0,138.0,312.0,27
ANSUR2-M-10577,M,1.0,ansur2_2012,190.0,154.0,547.0,124.0,132.0,25.0,65.5,145.0,340.0,43
ANSUR2-M-10579,M,1.0,ansur2_2012,192.0,155.0,566.0,137.0,126.0,23.0,60.0,139.0,320.0,28
ANSUR2-M-10581,M,1.0,ansur2_2012,193.0,157.0,567.0,135.0,123.0,24.0,63.5,144.0,318.0,32
ANSUR2-M-10582,M,1.0,ansur2_2012,190.0,158.0,569.0,140.0,126.0,27.0,60.0,147.0,335.0,28
ANSUR2-M-10586,M,1.0,ansur2_2012,212.0,161.0,600.0,130.0,127.0,25.0,63.5,148.0,355.0,26
ANSUR2-M-10587,M,1.0,ansur2_2012,193.0,148.0,552.0,120.0,128.0,24.0,64.0,140.0,321.0,27
ANSUR2-M-10597,M,1.0,ansur2_2012,195.0,155.0,575.0,130.0,118.0,24.0,65.5,144.0,341.0,39
ANSUR2-M-10599,M,1.0,ansur2_2012,201.0,155.0,570.0,138.0,126.0,24.0,65.5,143.0,335.0,26
ANSUR2-M-10601,M,1.0,ansur2_2012,200.0,154.0,574.0,125.0,133.0,19.0,62.0,131.0,305.0,28
ANSUR2-M-10614,M,1.0,ansur2_2012,198.0,154.0,580.0,139.0,124.0,23.0,64.5,142.0,326.0,39
ANSUR2-M-10615,M,1.0,ansur2_2012,211.0,152.0,592.0,140.0,115.0,23.0,63.5,140.0,316.0,22
ANSUR2-M-10616,M,1.0,ansur2_2012,200.0,161.0,583.0,130.0,128.0,23.0,62.0,139.0,324.0,26
ANSUR2-M-10621,M,1.0,ansur2_2012,204.0,148.0,569.0,128.0,109.0,25.0,61.5,144.0,336.0,45
ANSUR2-M-10622,M,1.0,ansur2_2012,185.0,158.0,557.0,132.0,116.0,24.0,65.5,144.0,340.0,39
ANSUR2-M-10624,M,1.0,ansur2_2012,207.0,153.0,585.0,126.0,125.0,20.0,71.5,150.0,358.0,40
ANSUR2-M-10631,M,1.0,ansur2_2012,200.0,147.0,563.0,141.0,121.0,24.0,71.0,141.0,348.0,23
ANSUR2-M-10632,M,1.0,ansur2_2012,218.0,168.0,628.0,149.0,136.0,21.0,68.0,156.0,360.0,19
ANSUR2-M-10638,M,1.0,ansur2_2012,212.0,148.0,587.0,131.0,114.0,21.0,63.5,142.0,334.0,21
ANSUR2-M-10639,M,1.0,ansur2_2012,206.0,154.0,583.0,136.0,133.0,24.0,62.5,136.0,338.0,27
ANSUR2-M-10646,M,1.0,ansur2_2012,202.0,144.0,567.0,132.0,127.0,24.0,62.0,134.0,330.0,41
ANSUR2-M-10648,M,1.0,ansur2_2012,208.0,159.0,600.0,144.0,115.0,28.0,65.0,140.0,320.0,33
ANSUR2-M-10652,M,1.0,ansur2_2012,203.0,154.0,584.0,133.0,119.0,24.0,66.0,143.0,335.0,35
ANSUR2-M-10662,M,1.0,ansur2_2012,185.0,150.0,541.0,136.0,104.0,28.0,61.0,132.0,295.0,21
ANSUR2-M-10667,M,1.0,ansur2_2012,196.0,153.0,570.0,125.0,124.0,26.0,64.0,136.0,327.0,24
ANSUR2-M-10670,M,1.0,ansur2_2012,195.0,157.0,566.0,135.0,113.0,22.0,66.5,148.0,335.0,34
ANSUR2-M-10672,M,1.0,ansur2_2012,197.0,149.0,555.0,125.0,115.0,24.0,65.5,131.0,288.0,19
ANSUR2-M-10674,M,1.0,ansur2_2012,194.0,159.0,570.0,134.0,119.0,24.0,65.0,142.0,326.0,24
ANSUR2-M-10677,M,1.0,ansur2_2012,198.0,155.0,574.0,130.0,121.0,18.0,65.5,146.0,340.0,29
ANSUR2-M-10679,M,1.0,ansur2_2012,194.0,157.0,568.0,131.0,126.0,25.0,61.0,141.0,316.0,24
ANSUR2-M-10680,M,1.0,ansur2_2012,203.0,153.0,580.0,129.0,115.0,24.0,61.0,132.0,311.0,23
ANSUR2-M-10687,M,1.0,ansur2_2012,193.0,143.0,552.0,125.0,122.0,20.0,58.0,128.0,315.0,19
ANSUR2-M-10689,M,1.0,ansur2_2012,205.0,151.0,573.0,133.0,116.0,24.0,63.0,137.0,318.0,21
ANSUR2-M-10692,M,1.0,ansur2_2012,198.0,143.0,564.0,132.0,130.0,20.0,63.0,135.0,317.0,21
ANSUR2-M-10694,M,1.0,ansur2_2012,191.0,153.0,560.0,129.0,117.0,30.0,57.5,133.0,323.0,22
ANSUR2-M-10695,M,1.0,ansur2_2012,178.0,151.0,530.0,122.0,105.0,25.0,55.0,140.0,322.0,26
ANSUR2-M-10696,M,1.0,ansur2_2012,205.0,158.0,592.0,138.0,123.0,24.0,67.0,144.0,339.0,20
ANSUR2-M-10701,M,1.0,ansur2_2012,209.0,152.0,585.0,130.0,133.0,25.0,62.0,140.0,355.0,27
ANSUR2-M-10704,M,1.0,ansur2_2012,193.0,147.0,553.0,130.0,111.0,23.0,61.5,138.0,340.0,44
ANSUR2-M-10705,M,1.0,ansur2_2012,180.0,165.0,563.0,138.0,130.0,30.0,59.5,141.0,324.0,19
ANSUR2-M-10707,M,1.0,ansur2_2012,208.0,152.0,593.0,133.0,123.0,21.0,65.0,138.0,340.0,29
ANSUR2-M-10710,M,1.0,ansur2_2012,196.0,158.0,575.0,135.0,132.0,22.0,61.5,140.0,333.0,22
ANSUR2-M-10712,M,1.0,ansur2_2012,201.0,146.0,565.0,129.0,131.0,20.0,58.0,126.0,307.0,28
ANSUR2-M-10713,M,1.0,ansur2_2012,198.0,158.0,582.0,128.0,139.0,28.0,68.0,154.0,362.0,31
ANSUR2-M-10716,M,1.0,ansur2_2012,203.0,151.0,577.0,128.0,120.0,24.0,64.5,138.0,334.0,28
ANSUR2-M-10720,M,1.0,ansur2_2012,207.0,153.0,585.0,133.0,129.0,25.0,68.5,142.0,346.0,31
ANSUR2-M-10721,M,1.0,ansur2_2012,204.0,151.0,580.0,135.0,127.0,27.0,64.0,140.0,333.0,34
ANSUR2-M-10735,M,1.0,ansur2_2012,211.0,154.0,601.0,144.0,116.0,19.0,66.0,146.0,337.0,30
ANSUR2-M-10736,M,1.0,ansur2_2012,203.0,153.0,571.0,123.0,127.0,25.0,67.0,148.0,340.0,31
ANSUR2-M-10737,M,1.0,ansur2_2012,192.0,163.0,565.0,142.0,115.0,22.0,71.0,150.0,336.0,42
ANSUR2-M-10740,M,1.0,ansur2_2012,192.0,157.0,562.0,140.0,118.0,22.0,65.0,144.0,332.0,40
ANSUR2-M-10746,M,1.0,ansur2_2012,206.0,158.0,594.0,140.0,125.0,20.0,65.5,150.0,344.0,28
ANSUR2-M-10747,M,1.0,ansur2_2012,200.0,149.0,574.0,127.0,113.0,22.0,64.0,138.0,335.0,48
ANSUR2-M-10748,M,1.0,ansur2_2012,209.0,155.0,600.0,137.0,126.0,31.0,64.0,144.0,352.0,29
ANSUR2-M-10749,M,1.0,ansur2_2012,199.0,154.0,567.0,130.0,111.0,23.0,59.5,136.0,324.0,32
ANSUR2-M-10756,M,1.0,ansur2_2012,195.0,147.0,566.0,132.0,129.0,23.0,63.0,138.0,344.0,30
ANSUR2-M-10761,M,1.0,ansur2_2012,207.0,160.0,594.0,130.0,129.0,21.0,70.0,154.0,363.0,28
ANSUR2-M-10762,M,1.0,ansur2_2012,189.0,158.0,563.0,131.0,122.0,28.0,63.0,145.0,324.0,21
ANSUR2-M-10770,M,1.0,ansur2_2012,194.0,162.0,571.0,134.0,116.0,23.0,60.0,144.0,320.0,20
ANSUR2-M-10777,M,1.0,ansur2_2012,201.0,153.0,577.0,133.0,112.0,24.0,63.5,133.0,325.0,29
ANSUR2-M-10779,M,1.0,ansur2_2012,195.0,154.0,575.0,128.0,112.0,21.0,60.5,134.0,325.0,34
ANSUR2-M-10781,M,1.0,ansur2_2012,209.0,155.0,600.0,133.0,131.0,24.0,68.5,150.0,348.0,46
ANSUR2-M-10783,M,1.0,ansur2_2012,200.0,160.0,585.0,132.0,121.0,25.0,64.5,147.0,343.0,38
ANSUR2-M-10788,M,1.0,ansur2_2012,191.0,147.0,548.0,123.0,121.0,27.0,61.5,133.0,337.0,39
ANSUR2-M-10790,M,1.0,ansur2_2012,193.0,147.0,557.0,122.0,127.0,26.0,64.0,133.0,345.0,26
ANSUR2-M-10794,M,1.0,ansur2_2012,215.0,164.0,625.0,138.0,133.0,26.0,70.0,150.0,367.0,24
ANSUR2-M-10801,M,1.0,ansur2_2012,192.0,158.0,556.0,126.0,112.0,26.0,64.5,136.0,307.0,41
ANSUR2-M-10803,M,1.0,ansur2_2012,200.0,163.0,578.0,131.0,126.0,28.0,70.5,148.0,349.0,38
ANSUR2-M-10808,M,1.0,ansur2_2012,198.0,153.0,565.0,131.0,125.0,23.0,61.5,137.0,314.0,24
ANSUR2-M-10812,M,1.0,ansur2_2012,201.0,156.0,581.0,127.0,116.0,27.0,61.0,136.0,333.0,19
ANSUR2-M-10814,M,1.0,ansur2_2012,203.0,153.0,591.0,128.0,128.0,21.0,64.5,136.0,346.0,31
ANSUR2-M-10816,M,1.0,ansur2_2012,197.0,151.0,563.0,132.0,132.0,19.0,62.0,142.0,324.0,36
ANSUR2-M-10817,M,1.0,ansur2_2012,212.0,153.0,596.0,132.0,133.0,24.0,60.0,141.0,358.0,24
ANSUR2-M-10818,M,1.0,ansur2_2012,188.0,156.0,553.0,134.0,112.0,27.0,61.5,151.0,344.0,33
ANSUR2-M-10821,M,1.0,ansur2_2012,200.0,148.0,560.0,132.0,127.0,23.0,60.5,136.0,334.0,31
ANSUR2-M-10823,M,1.0,ansur2_2012,197.0,145.0,561.0,127.0,120.0,20.0,60.0,138.0,330.0,27
ANSUR2-M-10825,M,1.0,ansur2_2012,198.0,150.0,570.0,130.0,114.0,23.0,69.5,144.0,354.0,40
ANSUR2-M-10826,M,1.0,ansur2_2012,212.0,153.0,595.0,138.0,133.0,19.0,60.0,140.0,350.0,33
ANSUR2-M-10827,M,1.0,ansur2_2012,206.0,161.0,582.0,137.0,124.0,27.0,67.0,141.0,333.0,31
ANSUR2-M-10829,M,1.0,ansur2_2012,194.0,154.0,560.0,131.0,117.0,24.0,58.5,135.0,314.0,23
ANSUR2-M-10832,M,1.0,ansur2_2012,208.0,161.0,595.0,142.0,127.0,23.0,68.0,142.0,343.0,29
ANSUR2-M-10833,M,1.0,ansur2_2012,198.0,154.0,580.0,121.0,108.0,24.0,65.5,140.0,333.0,24
ANSUR2-M-10838,M,1.0,ansur2_2012,204.0,158.0,582.0,138.0,126.0,24.0,65.0,140.0,354.0,26
ANSUR2-M-10840,M,1.0,ansur2_2012,203.0,164.0,603.0,143.0,132.0,22.0,65.5,148.0,356.0,32
ANSUR2-M-10843,M,1.0,ansur2_2012,190.0,163.0,555.0,135.0,128.0,25.0,60.5,136.0,327.0,22
ANSUR2-M-10845,M,1.0,ansur2_2012,197.0,154.0,565.0,137.0,116.0,25.0,61.5,138.0,314.0,21
ANSUR2-M-10846,M,1.0,ansur2_2012,205.0,151.0,580.0,131.0,127.0,21.0,67.0,140.0,348.0,26
ANSUR2-M-10848,M,1.0,ansur2_2012,212.0,150.0,584.0,137.0,128.0,23.0,64.5,137.0,338.0,21
ANSUR2-M-10851,M,1.0,ansur2_2012,203.0,148.0,576.0,138.0,120.0,25.0,65.5,143.0,335.0,26
ANSUR2-M-10852,M,1.0,ansur2_2012,204.0,152.0,584.0,133.0,129.0,24.0,60.5,140.0,360.0,36
ANSUR2-M-10853,M,1.0,ansur2_2012,199.0,160.0,577.0,135.0,112.0,25.0,62.5,149.0,316.0,34
ANSUR2-M-10855,M,1.0,ansur2_2012,194.0,147.0,560.0,132.0,126.0,23.0,59.5,133.0,327.0,23
ANSUR2-M-10859,M,1.0,ansur2_2012,212.0,161.0,606.0,132.0,126.0,25.0,72.5,148.0,350.0,33
ANSUR2-M-10863,M,1.0,ansur2_2012,190.0,153.0,557.0,131.0,122.0,22.0,65.0,145.0,335.0,30
ANSUR2-M-10869,M,1.0,ansur2_2012,208.0,164.0,602.0,145.0,133.0,23.0,69.0,150.0,348.0,33
ANSUR2-M-10870,M,1.0,ansur2_2012,198.0,158.0,570.0,133.0,123.0,23.0,61.0,140.0,346.0,22
ANSUR2-M-10890,M,1.0,ansur2_2012,200.0,152.0,570.0,136.0,117.0,19.0,65.5,138.0,339.0,42
ANSUR2-M-10894,M,1.0,ansur2_2012,200.0,153.0,578.0,133.0,118.0,25.0,63.0,141.0,320.0,38
ANSUR2-M-10899,M,1.0,ansur2_2012,209.0,160.0,589.0,138.0,137.0,19.0,74.0,152.0,360.0,32
ANSUR2-M-10900,M,1.0,ansur2_2012,193.0,154.0,565.0,135.0,111.0,16.0,59.0,138.0,323.0,30
ANSUR2-M-10908,M,1.0,ansur2_2012,207.0,155.0,588.0,134.0,125.0,25.0,67.5,143.0,342.0,38
ANSUR2-M-10914,M,1.0,ansur2_2012,200.0,164.0,585.0,137.0,127.0,22.0,63.5,159.0,354.0,25
ANSUR2-M-10922,M,1.0,ansur2_2012,200.0,157.0,581.0,133.0,126.0,23.0,65.0,149.0,334.0,39
ANSUR2-M-10923,M,1.0,ansur2_2012,201.0,156.0,580.0,141.0,122.0,26.0,63.5,146.0,333.0,27
ANSUR2-M-10933,M,1.0,ansur2_2012,196.0,157.0,570.0,126.0,123.0,26.0,69.0,146.0,340.0,32
ANSUR2-M-10944,M,1.0,ansur2_2012,191.0,157.0,558.0,128.0,110.0,26.0,61.5,135.0,297.0,19
ANSUR2-M-10968,M,1.0,ansur2_2012,205.0,155.0,575.0,139.0,123.0,21.0,66.5,144.0,338.0,40
ANSUR2-M-10971,M,1.0,ansur2_2012,205.0,154.0,582.0,135.0,118.0,24.0,63.5,140.0,334.0,26
ANSUR2-M-10977,M,1.0,ansur2_2012,215.0,158.0,608.0,130.0,137.0,28.0,63.5,148.0,350.0,33
ANSUR2-M-10981,M,1.0,ansur2_2012,198.0,150.0,575.0,128.0,127.0,27.0,62.0,144.0,330.0,30
ANSUR2-M-10994,M,1.0,ansur2_2012,206.0,150.0,585.0,126.0,130.0,24.0,63.5,138.0,345.0,41
ANSUR2-M-11011,M,1.0,ansur2_2012,200.0,149.0,565.0,131.0,118.0,23.0,61.0,140.0,310.0,32
ANSUR2-M-11022,M,1.0,ansur2_2012,207.0,155.0,593.0,130.0,118.0,19.0,64.5,142.0,343.0,31
ANSUR2-M-11028,M,1.0,ansur2_2012,201.0,151.0,573.0,132.0,121.0,21.0,67.0,136.0,317.0,36
ANSUR2-M-11031,M,1.0,ansur2_2012,203.0,150.0,588.0,139.0,127.0,23.0,68.0,155.0,356.0,25
ANSUR2-M-11037,M,1.0,ansur2_2012,209.0,150.0,580.0,127.0,118.0,29.0,62.5,138.0,341.0,43
ANSUR2-M-11051,M,1.0,ansur2_2012,203.0,139.0,570.0,133.0,117.0,23.0,70.5,137.0,315.0,37
ANSUR2-M-11064,M,1.0,ansur2_2012,195.0,148.0,560.0,128.0,113.0,25.0,65.5,142.0,330.0,31
ANSUR2-M-11067,M,1.0,ansur2_2012,201.0,153.0,572.0,134.0,134.0,23.0,59.5,140.0,312.0,38
ANSUR2-M-11082,M,1.0,ansur2_2012,201.0,153.0,577.0,133.0,117.0,21.0,63.5,141.0,350.0,32
ANSUR2-M-11093,M,1.0,ansur2_2012,198.0,151.0,556.0,131.0,119.0,25.0,62.5,138.0,335.0,20
ANSUR2-M-11095,M,1.0,ansur2_2012,206.0,153.0,577.0,138.0,128.0,26.0,61.5,136.0,314.0,23
ANSUR2-M-11098,M,1.0,ansur2_2012,205.0,151.0,580.0,125.0,121.0,20.0,62.0,139.0,335.0,19
ANSUR2-M-11101,M,1.0,ansur2_2012,200.0,145.0,575.0,123.0,124.0,24.0,64.5,142.0,350.0,28
ANSUR2-M-11103,M,1.0,ansur2_2012,205.0,152.0,577.0,135.0,122.0,33.0,66.0,143.0,337.0,26
ANSUR2-M-11112,M,1.0,ansur2_2012,199.0,150.0,565.0,127.0,132.0,24.0,69.0,142.0,345.0,27
ANSUR2-M-11124,M,1.0,ansur2_2012,206.0,156.0,588.0,133.0,137.0,20.0,64.5,147.0,350.0,30
ANSUR2-M-11125,M,1.0,ansur2_2012,194.0,150.0,567.0,118.0,123.0,28.0,64.0,130.0,318.0,25
ANSUR2-M-11132,M,1.0,ansur2_2012,201.0,152.0,571.0,132.0,122.0,20.0,58.0,135.0,335.0,38
ANSUR2-M-11134,M,1.0,ansur2_2012,193.0,145.0,550.0,125.0,117.0,20.0,70.0,140.0,330.0,25
ANSUR2-M-11139,M,1.0,ansur2_2012,201.0,156.0,577.0,132.0,138.0,24.0,66.5,146.0,355.0,30
ANSUR2-M-11142,M,1.0,ansur2_2012,200.0,163.0,595.0,143.0,120.0,23.0,63.0,150.0,352.0,24
ANSUR2-M-11146,M,1.0,ansur2_2012,191.0,157.0,555.0,134.0,116.0,28.0,56.0,142.0,315.0,26
ANSUR2-M-11147,M,1.0,ansur2_2012,213.0,151.0,595.0,139.0,120.0,26.0,62.5,137.0,337.0,29
ANSUR2-M-11150,M,1.0,ansur2_2012,192.0,161.0,570.0,137.0,125.0,26.0,65.5,138.0,318.0,31
ANSUR2-M-11158,M,1.0,ansur2_2012,198.0,144.0,565.0,130.0,122.0,22.0,60.0,137.0,327.0,24
ANSUR2-M-11159,M,1.0,ansur2_2012,205.0,165.0,592.0,139.0,126.0,27.0,69.5,155.0,350.0,43
ANSUR2-M-11161,M,1.0,ansur2_2012,201.0,156.0,575.0,124.0,129.0,21.0,69.5,143.0,355.0,33
ANSUR2-M-11170,M,1.0,ansur2_2012,206.0,150.0,585.0,127.0,127.0,26.0,65.5,141.0,350.0,24
ANSUR2-M-11172,M,1.0,ansur2_2012,197.0,142.0,553.0,127.0,120.0,28.0,60.5,130.0,315.0,39
ANSUR2-M-11174,M,1.0,ansur2_2012,198.0,153.0,565.0,129.0,121.0,26.0,58.0,135.0,320.0,21
ANSUR2-M-11180,M,1.0,ansur2_2012,203.0,152.0,577.0,135.0,117.0,23.0,64.0,146.0,335.0,23
ANSUR2-M-11182,M,1.0,ansur2_2012,185.0,163.0,562.0,137.0,122.0,26.0,64.0,150.0,328.0,24
ANSUR2-M-11183,M,1.0,ansur2_2012,200.0,160.0,583.0,133.0,116.0,21.0,64.5,156.0,353.0,50
ANSUR2-M-11184,M,1.0,ansur2_2012,204.0,150.0,578.0,128.0,121.0,24.0,61.5,136.0,323.0,33
ANSUR2-M-11190,M,1.0,ansur2_2012,196.0,148.0,560.0,133.0,123.0,26.0,61.5,140.0,335.0,22
ANSUR2-M-11191,M,1.0,ansur2_2012,203.0,156.0,582.0,127.0,126.0,28.0,62.5,141.0,333.0,21
ANSUR2-M-11192,M,1.0,ansur2_2012,205.0,155.0,590.0,127.0,119.0,22.0,61.0,146.0,340.0,27
ANSUR2-M-11193,M,1.0,ansur2_2012,193.0,156.0,566.0,135.0,115.0,22.0,70.5,143.0,333.0,21
ANSUR2-M-11194,M,1.0,ansur2_2012,188.0,154.0,557.0,130.0,116.0,24.0,67.5,143.0,340.0,23
ANSUR2-M-11195,M,1.0,ansur2_2012,190.0,151.0,553.0,140.0,125.0,25.0,59.0,137.0,310.0,37
ANSUR2-M-11196,M,1.0,ansur2_2012,206.0,144.0,562.0,125.0,120.0,24.0,65.0,132.0,313.0,32
ANSUR2-M-11197,M,1.0,ansur2_2012,202.0,177.0,613.0,140.0,128.0,25.0,64.5,146.0,345.0,28
ANSUR2-M-11198,M,1.0,ansur2_2012,182.0,136.0,518.0,124.0,114.0,18.0,58.5,120.0,295.0,23
ANSUR2-M-11199,M,1.0,ansur2_2012,218.0,163.0,621.0,148.0,123.0,22.0,63.5,152.0,346.0,42
ANSUR2-M-11203,M,1.0,ansur2_2012,193.0,145.0,546.0,124.0,131.0,20.0,55.0,134.0,320.0,22
ANSUR2-M-11204,M,1.0,ansur2_2012,210.0,160.0,603.0,136.0,122.0,23.0,67.5,156.0,350.0,35
ANSUR2-M-11214,M,1.0,ansur2_2012,183.0,148.0,535.0,136.0,111.0,23.0,64.5,130.0,295.0,31
ANSUR2-M-11215,M,1.0,ansur2_2012,192.0,148.0,556.0,127.0,116.0,24.0,60.0,138.0,314.0,34
ANSUR2-M-11216,M,1.0,ansur2_2012,195.0,161.0,583.0,136.0,133.0,25.0,68.0,147.0,335.0,25
ANSUR2-M-11217,M,1.0,ansur2_2012,203.0,144.0,566.0,126.0,127.0,18.0,67.5,138.0,323.0,37
ANSUR2-M-11219,M,1.0,ansur2_2012,203.0,144.0,564.0,137.0,119.0,27.0,68.0,133.0,334.0,32
ANSUR2-M-11222,M,1.0,ansur2_2012,210.0,160.0,591.0,129.0,127.0,26.0,66.0,150.0,354.0,27
ANSUR2-M-11223,M,1.0,ansur2_2012,199.0,154.0,583.0,128.0,125.0,19.0,58.5,142.0,346.0,31
ANSUR2-M-11226,M,1.0,ansur2_2012,203.0,155.0,583.0,143.0,110.0,26.0,67.5,153.0,335.0,23
ANSUR2-M-11228,M,1.0,ansur2_2012,187.0,145.0,543.0,125.0,112.0,27.0,62.0,137.0,308.0,26
ANSUR2-M-11231,M,1.0,ansur2_2012,200.0,158.0,577.0,135.0,124.0,25.0,65.0,145.0,340.0,34
ANSUR2-M-11232,M,1.0,ansur2_2012,197.0,149.0,565.0,137.0,112.0,25.0,59.5,133.0,312.0,39
ANSUR2-M-11233,M,1.0,ansur2_2012,192.0,157.0,566.0,130.0,108.0,23.0,58.0,145.0,325.0,23
ANSUR2-M-11234,M,1.0,ansur2_2012,200.0,156.0,576.0,130.0,124.0,26.0,65.0,143.0,330.0,25
ANSUR2-M-11235,M,1.0,ansur2_2012,199.0,151.0,564.0,135.0,127.0,23.0,67.0,134.0,330.0,25
ANSUR2-M-11236,M,1.0,ansur2_2012,206.0,158.0,590.0,137.0,139.0,23.0,67.5,146.0,353.0,35
ANSUR2-M-11240,M,1.0,ansur2_2012,206.0,154.0,588.0,140.0,125.0,23.0,69.5,147.0,335.0,23
ANSUR2-M-11241,M,1.0,ansur2_2012,185.0,138.0,530.0,118.0,111.0,22.0,61.5,128.0,314.0,23
ANSUR2-M-11242,M,1.0,ansur2_2012,202.0,159.0,584.0,143.0,120.0,21.0,61.0,154.0,353.0,26
ANSUR2-M-11244,M,1.0,ansur2_2012,195.0,156.0,566.0,137.0,127.0,26.0,60.0,137.0,325.0,31
ANSUR2-M-11245,M,1.0,ansur2_2012,203.0,153.0,578.0,145.0,116.0,22.0,67.0,138.0,336.0,35
ANSUR2-M-11249,M,1.0,ansur2_2012,193.0,155.0,555.0,140.0,118.0,28.0,65.5,142.0,322.0,27
ANSUR2-M-11251,M,1.0,ansur2_2012,195.0,151.0,550.0,124.0,123.0,22.0,64.0,140.0,330.0,33
ANSUR2-M-11253,M,1.0,ansur2_2012,217.0,157.0,607.0,133.0,124.0,21.0,66.5,146.0,343.0,28
ANSUR2-M-11256,M,1.0,ansur2_2012,193.0,160.0,571.0,136.0,114.0,20.0,65.0,142.0,330.0,22
ANSUR2-M-11257,M,1.0,ansur2_2012,200.0,160.0,590.0,140.0,129.0,24.0,62.5,144.0,332.0,23
ANSUR2-M-11258,M,1.0,ansur2_2012,187.0,151.0,552.0,125.0,113.0,22.0,64.5,140.0,344.0,45
ANSUR2-M-11265,M,1.0,ansur2_2012,213.0,157.0,603.0,133.0,127.0,25.0,66.5,148.0,333.0,39
ANSUR2-M-11277,M,1.0,ansur2_2012,200.0,153.0,574.0,124.0,115.0,22.0,66.5,139.0,343.0,29
ANSUR2-M-11278,M,1.0,ansur2_2012,194.0,153.0,560.0,128.0,121.0,23.0,65.0,146.0,340.0,39
ANSUR2-M-11283,M,1.0,ansur2_2012,207.0,162.0,600.0,140.0,127.0,28.0,59.5,139.0,334.0,23
ANSUR2-M-11290,M,1.0,ansur2_2012,176.0,162.0,543.0,131.0,116.0,26.0,61.5,143.0,310.0,30
ANSUR2-M-11292,M,1.0,ansur2_2012,206.0,160.0,602.0,140.0,125.0,25.0,60.5,152.0,354.0,25
ANSUR2-M-11296,M,1.0,ansur2_2012,184.0,160.0,562.0,136.0,114.0,27.0,69.5,153.0,336.0,50
ANSUR2-M-11299,M,1.0,ansur2_2012,202.0,155.0,583.0,130.0,127.0,27.0,68.0,151.0,355.0,40
ANSUR2-M-11302,M,1.0,ansur2_2012,196.0,153.0,568.0,130.0,110.0,23.0,62.5,141.0,307.0,25
ANSUR2-M-11305,M,1.0,ansur2_2012,172.0,151.0,516.0,125.0,114.0,24.0,57.5,130.0,311.0,27
ANSUR2-M-11314,M,1.0,ansur2_2012,176.0,149.0,530.0,126.0,116.0,20.0,64.0,135.0,310.0,27
ANSUR2-M-11317,M,1.0,ansur2_2012,193.0,158.0,577.0,132.0,112.0,20.0,64.0,143.0,320.0,28
ANSUR2-M-11322,M,1.0,ansur2_2012,192.0,150.0,567.0,137.0,117.0,27.0,73.0,146.0,354.0,42
ANSUR2-M-11324,M,1.0,ansur2_2012,201.0,177.0,597.0,131.0,123.0,23.0,73.0,166.0,385.0,43
ANSUR2-M-11326,M,1.0,ansur2_2012,198.0,157.0,582.0,140.0,128.0,25.0,63.5,146.0,340.0,25
ANSUR2-M-11334,M,1.0,ansur2_2012,210.0,154.0,588.0,136.0,123.0,22.0,63.5,140.0,320.0,23
ANSUR2-M-11341,M,1.0,ansur2_2012,220.0,161.0,618.0,142.0,118.0,23.0,65.0,146.0,326.0,22
ANSUR2-M-11342,M,1.0,ansur2_2012,200.0,160.0,575.0,138.0,124.0,27.0,62.0,145.0,320.0,30
ANSUR2-M-11343,M,1.0,ansur2_2012,202.0,152.0,564.0,133.0,126.0,23.0,67.5,136.0,344.0,34
ANSUR2-M-11344,M,1.0,ansur2_2012,202.0,158.0,592.0,137.0,124.0,25.0,69.5,155.0,353.0,28
ANSUR2-M-11345,M,1.0,ansur2_2012,210.0,152.0,594.0,138.0,124.0,24.0,67.5,150.0,343.0,25
ANSUR2-M-11346,M,1.0,ansur2_2012,198.0,144.0,570.0,131.0,120.0,17.0,60.5,131.0,314.0,23
ANSUR2-M-11347,M,1.0,ansur2_2012,196.0,147.0,555.0,128.0,117.0,21.0,63.5,138.0,328.0,25
ANSUR2-M-11348,M,1.0,ansur2_2012,195.0,163.0,584.0,141.0,120.0,22.0,68.5,155.0,353.0,24
ANSUR2-M-11351,M,1.0,ansur2_2012,206.0,163.0,593.0,142.0,117.0,21.0,66.5,150.0,341.0,26
ANSUR2-M-11353,M,1.0,ansur2_2012,201.0,158.0,577.0,136.0,140.0,25.0,69.5,148.0,354.0,51
ANSUR2-M-11354,M,1.0,ansur2_2012,201.0,153.0,583.0,127.0,127.0,22.0,64.5,144.0,334.0,26
ANSUR2-M-11356,M,1.0,ansur2_2012,194.0,150.0,563.0,140.0,128.0,26.0,59.5,133.0,315.0,23
ANSUR2-M-11357,M,1.0,ansur2_2012,190.0,147.0,544.0,125.0,126.0,28.0,58.5,131.0,322.0,44
ANSUR2-M-11359,M,1.0,ansur2_2012,205.0,150.0,578.0,136.0,121.0,27.0,64.5,144.0,333.0,30
ANSUR2-M-11360,M,1.0,ansur2_2012,195.0,149.0,560.0,140.0,119.0,27.0,65.0,141.0,334.0,53
ANSUR2-M-11361,M,1.0,ansur2_2012,202.0,150.0,577.0,133.0,125.0,25.0,62.0,150.0,350.0,29
ANSUR2-M-11367,M,1.0,ansur2_2012,188.0,152.0,543.0,127.0,121.0,23.0,65.0,145.0,330.0,34
ANSUR2-M-11369,M,1.0,ansur2_2012,192.0,161.0,563.0,134.0,112.0,26.0,60.5,142.0,332.0,34
ANSUR2-M-11373,M,1.0,ansur2_2012,215.0,142.0,576.0,140.0,134.0,25.0,72.5,148.0,355.0,19
ANSUR2-M-11374,M,1.0,ansur2_2012,183.0,159.0,555.0,132.0,117.0,32.0,61.5,142.0,320.0,31
ANSUR2-M-11375,M,1.0,ansur2_2012,210.0,156.0,594.0,126.0,136.0,25.0,66.5,144.0,364.0,26
ANSUR2-M-11376,M,1.0,ansur2_2012,204.0,153.0,584.0,130.0,120.0,25.0,63.5,146.0,350.0,31
ANSUR2-M-11378,M,1.0,ansur2_2012,200.0,150.0,573.0,127.0,104.0,22.0,64.5,138.0,337.0,28
ANSUR2-M-11379,M,1.0,ansur2_2012,210.0,166.0,604.0,140.0,131.0,26.0,69.5,150.0,350.0,31
ANSUR2-M-11380,M,1.0,ansur2_2012,198.0,154.0,570.0,129.0,121.0,27.0,61.5,141.0,330.0,22
ANSUR2-M-11384,M,1.0,ansur2_2012,196.0,154.0,566.0,136.0,125.0,25.0,65.5,138.0,308.0,26
ANSUR2-M-11386,M,1.0,ansur2_2012,201.0,153.0,573.0,126.0,119.0,23.0,67.5,140.0,335.0,28
ANSUR2-M-11411,M,1.0,ansur2_2012,197.0,157.0,566.0,134.0,126.0,23.0,64.5,143.0,323.0,32
ANSUR2-M-11412,M,1.0,ansur2_2012,200.0,155.0,575.0,137.0,127.0,23.0,73.0,147.0,343.0,28
ANSUR2-M-11417,M,1.0,ansur2_2012,206.0,164.0,596.0,140.0,136.0,23.0,63.5,144.0,344.0,25
ANSUR2-M-11418,M,1.0,ansur2_2012,204.0,159.0,584.0,127.0,123.0,24.0,60.5,141.0,315.0,21
ANSUR2-M-11421,M,1.0,ansur2_2012,200.0,147.0,575.0,130.0,115.0,22.0,63.5,140.0,330.0,24
ANSUR2-M-11422,M,1.0,ansur2_2012,196.0,150.0,564.0,139.0,119.0,30.0,62.5,148.0,355.0,25
ANSUR2-M-11423,M,1.0,ansur2_2012,203.0,155.0,583.0,128.0,123.0,24.0,63.5,142.0,347.0,35
ANSUR2-M-11427,M,1.0,ansur2_2012,211.0,151.0,600.0,120.0,122.0,21.0,63.0,139.0,347.0,25
ANSUR2-M-11431,M,1.0,ansur2_2012,205.0,167.0,595.0,141.0,127.0,24.0,66.5,161.0,350.0,22
ANSUR2-M-11432,M,1.0,ansur2_2012,192.0,152.0,550.0,130.0,117.0,22.0,56.0,132.0,313.0,25
ANSUR2-M-11439,M,1.0,ansur2_2012,190.0,153.0,558.0,126.0,119.0,21.0,67.0,140.0,336.0,24
ANSUR2-M-11440,M,1.0,ansur2_2012,197.0,156.0,575.0,130.0,118.0,26.0,64.5,150.0,344.0,29
ANSUR2-M-11441,M,1.0,ansur2_2012,192.0,152.0,562.0,134.0,114.0,27.0,59.5,123.0,296.0,29
ANSUR2-M-11445,M,1.0,ansur2_2012,212.0,156.0,590.0,140.0,126.0,25.0,64.5,143.0,325.0,40
ANSUR2-M-11447,M,1.0,ansur2_2012,198.0,163.0,581.0,139.0,117.0,23.0,70.0,153.0,340.0,27
ANSUR2-M-11450,M,1.0,ansur2_2012,196.0,153.0,572.0,137.0,118.0,25.0,68.0,148.0,342.0,36
ANSUR2-M-11451,M,1.0,ansur2_2012,195.0,158.0,573.0,139.0,136.0,22.0,63.0,148.0,350.0,24
ANSUR2-M-11452,M,1.0,ansur2_2012,212.0,157.0,602.0,135.0,125.0,26.0,66.0,138.0,325.0,24
ANSUR2-M-11453,M,1.0,ansur2_2012,206.0,156.0,580.0,138.0,133.0,23.0,62.5,140.0,335.0,33
ANSUR2-M-11459,M,1.0,ansur2_2012,212.0,157.0,608.0,137.0,127.0,22.0,71.0,154.0,364.0,30
ANSUR2-M-11461,M,1.0,ansur2_2012,185.0,150.0,545.0,129.0,111.0,30.0,64.0,140.0,317.0,30
ANSUR2-M-11462,M,1.0,ansur2_2012,202.0,148.0,572.0,128.0,126.0,19.0,68.5,138.0,354.0,36
ANSUR2-M-11466,M,1.0,ansur2_2012,199.0,156.0,568.0,125.0,125.0,20.0,64.5,146.0,344.0,29
ANSUR2-M-11468,M,1.0,ansur2_2012,193.0,171.0,590.0,150.0,133.0,28.0,67.0,156.0,350.0,22
ANSUR2-M-11474,M,1.0,ansur2_2012,194.0,148.0,563.0,126.0,111.0,23.0,63.5,132.0,303.0,22
ANSUR2-M-11488,M,1.0,ansur2_2012,194.0,150.0,553.0,134.0,119.0,28.0,59.0,140.0,328.0,24
ANSUR2-M-11499,M,1.0,ansur2_2012,182.0,158.0,552.0,130.0,110.0,28.0,68.0,144.0,328.0,30
ANSUR2-M-11501,M,1.0,ansur2_2012,204.0,160.0,590.0,137.0,125.0,24.0,69.5,143.0,325.0,30
ANSUR2-M-11505,M,1.0,ansur2_2012,204.0,153.0,575.0,130.0,126.0,22.0,67.0,142.0,344.0,36
ANSUR2-M-11542,M,1.0,ansur2_2012,188.0,160.0,560.0,138.0,118.0,27.0,67.5,138.0,318.0,42
ANSUR2-M-11545,M,1.0,ansur2_2012,196.0,154.0,567.0,134.0,111.0,22.0,60.0,138.0,304.0,21
ANSUR2-M-11549,M,1.0,ansur2_2012,206.0,150.0,583.0,135.0,118.0,30.0,73.5,144.0,333.0,42
ANSUR2-M-11551,M,1.0,ansur2_2012,190.0,154.0,550.0,121.0,113.0,26.0,57.5,139.0,300.0,20
ANSUR2-M-11556,M,1.0,ansur2_2012,204.0,148.0,580.0,130.0,124.0,19.0,66.5,136.0,333.0,32
ANSUR2-M-11561,M,1.0,ansur2_2012,194.0,154.0,555.0,135.0,120.0,24.0,63.5,144.0,312.0,32
ANSUR2-M-11563,M,1.0,ansur2_2012,202.0,150.0,573.0,136.0,130.0,19.0,67.0,141.0,330.0,38
ANSUR2-M-11572,M,1.0,ansur2_2012,196.0,150.0,572.0,141.0,114.0,24.0,65.0,140.0,335.0,20
ANSUR2-M-11577,M,1.0,ansur2_2012,197.0,150.0,562.0,125.0,119.0,26.0,61.5,139.0,305.0,21
ANSUR2-M-11607,M,1.0,ansur2_2012,202.0,156.0,580.0,126.0,128.0,26.0,68.5,138.0,330.0,22
ANSUR2-M-11610,M,1.0,ansur2_2012,217.0,161.0,615.0,147.0,133.0,23.0,70.5,153.0,370.0,19
ANSUR2-M-11646,M,1.0,ansur2_2012,198.0,151.0,570.0,130.0,133.0,26.0,69.5,145.0,340.0,20
ANSUR2-M-11647,M,1.0,ansur2_2012,209.0,158.0,602.0,139.0,134.0,24.0,63.0,136.0,313.0,20
ANSUR2-M-11653,M,1.0,ansur2_2012,206.0,153.0,586.0,135.0,123.0,24.0,57.0,140.0,335.0,22
ANSUR2-M-11683,M,1.0,ansur2_2012,212.0,160.0,605.0,132.0,146.0,23.0,68.0,149.0,374.0,38
ANSUR2-M-11685,M,1.0,ansur2_2012,190.0,153.0,555.0,128.0,117.0,30.0,59.5,140.0,311.0,24
ANSUR2-M-11690,M,1.0,ansur2_2012,197.0,150.0,563.0,126.0,114.0,22.0,60.0,137.0,330.0,25
ANSUR2-M-11697,M,1.0,ansur2_2012,201.0,159.0,583.0,140.0,129.0,21.0,64.0,146.0,336.0,31
ANSUR2-M-11698,M,1.0,ansur2_2012,197.0,151.0,558.0,128.0,131.0,21.0,64.0,144.0,334.0,42
ANSUR2-M-11705,M,1.0,ansur2_2012,199.0,141.0,556.0,132.0,122.0,26.0,65.0,137.0,333.0,35
ANSUR2-M-11708,M,1.0,ansur2_2012,200.0,157.0,577.0,140.0,130.0,21.0,67.5,146.0,347.0,27
ANSUR2-M-11717,M,1.0,ansur2_2012,200.0,155.0,571.0,135.0,127.0,26.0,64.5,138.0,335.0,22
ANSUR2-M-11720,M,1.0,ansur2_2012,182.0,148.0,536.0,126.0,123.0,26.0,59.0,134.0,310.0,25
ANSUR2-M-11721,M,1.0,ansur2_2012,200.0,155.0,566.0,133.0,125.0,32.0,60.5,138.0,333.0,25
ANSUR2-M-11722,M,1.0,ansur2_2012,198.0,161.0,580.0,140.0,120.0,28.0,62.5,136.0,310.0,21
ANSUR2-M-11729,M,1.0,ansur2_2012,193.0,152.0,555.0,128.0,114.0,23.0,67.5,140.0,335.0,46
ANSUR2-M-11736,M,1.0,ansur2_2012,193.0,146.0,550.0,129.0,116.0,26.0,61.5,139.0,321.0,29
ANSUR2-M-11738,M,1.0,ansur2_2012,207.0,163.0,588.0,130.0,121.0,25.0,62.5,142.0,345.0,39
ANSUR2-M-11751,M,1.0,ansur2_2012,194.0,150.0,547.0,122.0,120.0,29.0,65.0,142.0,337.0,33
ANSUR2-M-11753,M,1.0,ansur2_2012,206.0,161.0,598.0,142.0,127.0,27.0,63.5,140.0,334.0,25
ANSUR2-M-11754,M,1.0,ansur2_2012,204.0,162.0,587.0,134.0,113.0,30.0,67.5,150.0,334.0,35
ANSUR2-M-11755,M,1.0,ansur2_2012,187.0,154.0,548.0,128.0,118.0,23.0,65.5,143.0,350.0,32
ANSUR2-M-11758,M,1.0,ansur2_2012,199.0,149.0,550.0,122.0,112.0,28.0,66.5,142.0,320.0,48
ANSUR2-M-11759,M,1.0,ansur2_2012,198.0,147.0,553.0,135.0,121.0,25.0,56.5,131.0,320.0,22
ANSUR2-M-11761,M,1.0,ansur2_2012,200.0,153.0,568.0,128.0,133.0,26.0,60.0,136.0,307.0,23
ANSUR2-M-11819,M,1.0,ansur2_2012,210.0,156.0,599.0,132.0,123.0,20.0,73.5,151.0,360.0,23
ANSUR2-M-11836,M,1.0,ansur2_2012,205.0,157.0,587.0,136.0,121.0,21.0,64.5,146.0,336.0,20
ANSUR2-M-11837,M,1.0,ansur2_2012,205.0,164.0,595.0,139.0,117.0,24.0,68.0,149.0,335.0,34
ANSUR2-M-11839,M,1.0,ansur2_2012,195.0,146.0,566.0,130.0,121.0,21.0,66.5,146.0,336.0,24
ANSUR2-M-11842,M,1.0,ansur2_2012,198.0,156.0,578.0,142.0,128.0,27.0,65.5,149.0,333.0,31
ANSUR2-M-11848,M,1.0,ansur2_2012,197.0,153.0,578.0,131.0,131.0,27.0,72.0,143.0,344.0,31
ANSUR2-M-11855,M,1.0,ansur2_2012,194.0,145.0,560.0,141.0,114.0,31.0,68.5,135.0,295.0,38
ANSUR2-M-11857,M,1.0,ansur2_2012,196.0,150.0,563.0,133.0,126.0,24.0,64.0,133.0,340.0,28
ANSUR2-M-11862,M,1.0,ansur2_2012,198.0,154.0,563.0,134.0,123.0,23.0,60.5,137.0,310.0,19
ANSUR2-M-11863,M,1.0,ansur2_2012,197.0,148.0,567.0,136.0,133.0,27.0,73.0,137.0,353.0,23
ANSUR2-M-11866,M,1.0,ansur2_2012,189.0,150.0,547.0,134.0,117.0,25.0,56.0,133.0,308.0,19
ANSUR2-M-11871,M,1.0,ansur2_2012,192.0,160.0,563.0,132.0,123.0,27.0,66.0,139.0,324.0,47
ANSUR2-M-11872,M,1.0,ansur2_2012,201.0,165.0,578.0,143.0,118.0,25.0,67.5,150.0,334.0,31
ANSUR2-M-11875,M,1.0,ansur2_2012,194.0,160.0,573.0,127.0,113.0,26.0,62.0,148.0,330.0,39
ANSUR2-M-11876,M,1.0,ansur2_2012,204.0,147.0,584.0,143.0,122.0,24.0,64.0,140.0,323.0,35
ANSUR2-M-11877,M,1.0,ansur2_2012,205.0,155.0,588.0,129.0,125.0,23.0,62.5,145.0,344.0,34
ANSUR2-M-11878,M,1.0,ansur2_2012,196.0,150.0,560.0,125.0,126.0,26.0,62.0,140.0,316.0,24
ANSUR2-M-11880,M,1.0,ansur2_2012,199.0,165.0,589.0,146.0,129.0,24.0,70.5,145.0,331.0,31
ANSUR2-M-11881,M,1.0,ansur2_2012,206.0,154.0,602.0,145.0,125.0,25.0,66.0,141.0,341.0,23
ANSUR2-M-11884,M,1.0,ansur2_2012,206.0,166.0,590.0,143.0,118.0,32.0,64.0,152.0,344.0,28
ANSUR2-M-11885,M,1.0,ansur2_2012,199.0,158.0,570.0,133.0,129.0,20.0,66.0,145.0,327.0,20
ANSUR2-M-11886,M,1.0,ansur2_2012,213.0,160.0,603.0,134.0,115.0,22.0,64.5,150.0,340.0,24
ANSUR2-M-11887,M,1.0,ansur2_2012,193.0,150.0,568.0,133.0,128.0,26.0,64.5,140.0,327.0,21
ANSUR2-M-11890,M,1.0,ansur2_2012,186.0,145.0,550.0,124.0,125.0,23.0,63.5,136.0,311.0,19
ANSUR2-M-11892,M,1.0,ansur2_2012,210.0,159.0,595.0,140.0,123.0,28.0,61.0,138.0,328.0,21
ANSUR2-M-11895,M,1.0,ansur2_2012,204.0,156.0,586.0,140.0,131.0,25.0,61.0,145.0,325.0,21
ANSUR2-M-11896,M,1.0,ansur2_2012,201.0,155.0,575.0,130.0,120.0,25.0,65.0,140.0,325.0,20
ANSUR2-M-11897,M,1.0,ansur2_2012,205.0,150.0,580.0,145.0,118.0,26.0,65.5,144.0,344.0,51
ANSUR2-M-11905,M,1.0,ansur2_2012,197.0,162.0,578.0,144.0,119.0,24.0,67.0,152.0,337.0,34
ANSUR2-M-11909,M,1.0,ansur2_2012,211.0,155.0,600.0,137.0,128.0,24.0,74.5,144.0,346.0,39
ANSUR2-M-11930,M,1.0,ansur2_2012,207.0,160.0,599.0,129.0,127.0,27.0,67.5,153.0,352.0,31
ANSUR2-M-11935,M,1.0,ansur2_2012,204.0,156.0,588.0,136.0,117.0,27.0,65.0,142.0,320.0,23
ANSUR2-M-11944,M,1.0,ansur2_2012,201.0,156.0,590.0,131.0,112.0,25.0,65.5,145.0,331.0,20
ANSUR2-M-11948,M,1.0,ansur2_2012,195.0,157.0,572.0,142.0,133.0,26.0,67.0,151.0,347.0,29
ANSUR2-M-11953,M,1.0,ansur2_2012,201.0,153.0,579.0,132.0,118.0,27.0,65.5,144.0,349.0,29
ANSUR2-M-11967,M,1.0,ansur2_2012,189.0,162.0,570.0,140.0,111.0,27.0,67.5,150.0,326.0,20
ANSUR2-M-11969,M,1.0,ansur2_2012,215.0,161.0,608.0,130.0,136.0,17.0,71.5,151.0,349.0,44
ANSUR2-M-11977,M,1.0,ansur2_2012,193.0,158.0,577.0,135.0,116.0,23.0,67.0,138.0,320.0,38
ANSUR2-M-11979,M,1.0,ansur2_2012,189.0,154.0,554.0,132.0,124.0,23.0,58.0,137.0,315.0,21
ANSUR2-M-11980,M,1.0,ansur2_2012,199.0,151.0,578.0,136.0,121.0,26.0,59.5,138.0,310.0,19
ANSUR2-M-11983,M,1.0,ansur2_2012,196.0,152.0,573.0,136.0,124.0,25.0,61.5,146.0,328.0,25
ANSUR2-M-12004,M,1.0,ansur2_2012,203.0,154.0,582.0,126.0,125.0,24.0,65.0,144.0,328.0,31
ANSUR2-M-12016,M,1.0,ansur2_2012,198.0,157.0,585.0,131.0,113.0,30.0,69.0,150.0,344.0,28
ANSUR2-M-12019,M,1.0,ansur2_2012,196.0,156.0,570.0,133.0,122.0,21.0,72.0,147.0,345.0,25
ANSUR2-M-12021,M,1.0,ansur2_2012,203.0,153.0,575.0,133.0,120.0,23.0,66.5,142.0,335.0,36
ANSUR2-M-12023,M,1.0,ansur2_2012,204.0,152.0,590.0,133.0,121.0,24.0,62.0,138.0,318.0,32
ANSUR2-M-12044,M,1.0,ansur2_2012,190.0,155.0,568.0,135.0,117.0,27.0,66.0,148.0,335.0,28
ANSUR2-M-12047,M,1.0,ansur2_2012,198.0,149.0,570.0,143.0,118.0,28.0,61.5,138.0,314.0,33
ANSUR2-M-12048,M,1.0,ansur2_2012,203.0,155.0,570.0,130.0,124.0,24.0,59.5,143.0,310.0,29
ANSUR2-M-12057,M,1.0,ansur2_2012,194.0,150.0,553.0,144.0,114.0,20.0,60.5,137.0,323.0,22
ANSUR2-M-12058,M,1.0,ansur2_2012,181.0,149.0,553.0,124.0,117.0,21.0,63.0,133.0,325.0,26
ANSUR2-M-12059,M,1.0,ansur2_2012,200.0,147.0,565.0,135.0,121.0,25.0,57.0,138.0,329.0,21
ANSUR2-M-12060,M,1.0,ansur2_2012,211.0,154.0,592.0,145.0,123.0,21.0,68.0,146.0,347.0,28
ANSUR2-M-12062,M,1.0,ansur2_2012,196.0,152.0,561.0,127.0,122.0,19.0,63.0,137.0,320.0,28
ANSUR2-M-12064,M,1.0,ansur2_2012,201.0,147.0,570.0,133.0,129.0,25.0,66.0,139.0,338.0,40
ANSUR2-M-12065,M,1.0,ansur2_2012,196.0,157.0,580.0,145.0,125.0,22.0,65.0,146.0,345.0,19
ANSUR2-M-12102,M,1.0,ansur2_2012,203.0,155.0,579.0,127.0,120.0,21.0,59.5,136.0,320.0,19
ANSUR2-M-12103,M,1.0,ansur2_2012,201.0,155.0,580.0,133.0,136.0,25.0,64.0,137.0,336.0,20
ANSUR2-M-12123,M,1.0,ansur2_2012,197.0,163.0,592.0,130.0,122.0,26.0,65.5,142.0,340.0,30
ANSUR2-M-12128,M,1.0,ansur2_2012,207.0,147.0,588.0,132.0,118.0,24.0,64.0,141.0,326.0,26
ANSUR2-M-12129,M,1.0,ansur2_2012,195.0,162.0,574.0,130.0,120.0,29.0,64.5,147.0,345.0,19
ANSUR2-M-12134,M,1.0,ansur2_2012,209.0,161.0,596.0,134.0,124.0,25.0,70.0,151.0,346.0,42
ANSUR2-M-12142,M,1.0,ansur2_2012,209.0,159.0,594.0,146.0,136.0,26.0,66.0,146.0,333.0,20
ANSUR2-M-12149,M,1.0,ansur2_2012,186.0,153.0,558.0,131.0,123.0,21.0,61.5,136.0,316.0,21
ANSUR2-M-12156,M,1.0,ansur2_2012,203.0,148.0,578.0,135.0,119.0,32.0,57.0,135.0,310.0,19
ANSUR2-M-12157,M,1.0,ansur2_2012,199.0,150.0,576.0,134.0,123.0,32.0,63.0,136.0,321.0,20
ANSUR2-M-12162,M,1.0,ansur2_2012,210.0,157.0,588.0,134.0,137.0,25.0,61.5,138.0,340.0,42
ANSUR2-M-12163,M,1.0,ansur2_2012,196.0,153.0,556.0,136.0,122.0,29.0,62.0,138.0,335.0,42
ANSUR2-M-12164,M,1.0,ansur2_2012,198.0,150.0,555.0,131.0,130.0,25.0,69.0,143.0,345.0,35
ANSUR2-M-12169,M,1.0,ansur2_2012,200.0,157.0,573.0,132.0,117.0,27.0,63.0,147.0,351.0,45
ANSUR2-M-12172,M,1.0,ansur2_2012,200.0,161.0,577.0,133.0,118.0,24.0,60.5,140.0,340.0,28
ANSUR2-M-12174,M,1.0,ansur2_2012,187.0,158.0,561.0,126.0,127.0,21.0,65.5,150.0,335.0,46
ANSUR2-M-12175,M,1.0,ansur2_2012,206.0,154.0,593.0,133.0,130.0,24.0,65.0,144.0,342.0,27
ANSUR2-M-12178,M,1.0,ansur2_2012,193.0,154.0,570.0,142.0,128.0,20.0,66.5,153.0,350.0,33
ANSUR2-M-12180,M,1.0,ansur2_2012,192.0,150.0,558.0,129.0,119.0,21.0,66.5,143.0,315.0,42
ANSUR2-M-12181,M,1.0,ansur2_2012,201.0,157.0,576.0,135.0,121.0,27.0,60.5,130.0,325.0,22
ANSUR2-M-12184,M,1.0,ansur2_2012,196.0,150.0,563.0,134.0,119.0,19.0,60.0,135.0,327.0,28
ANSUR2-M-12185,M,1.0,ansur2_2012,182.0,158.0,545.0,124.0,117.0,27.0,64.5,148.0,326.0,43
ANSUR2-M-12190,M,1.0,ansur2_2012,200.0,159.0,590.0,139.0,124.0,32.0,62.0,149.0,337.0,29
ANSUR2-M-12191,M,1.0,ansur2_2012,198.0,153.0,566.0,137.0,119.0,25.0,71.5,132.0,335.0,24
ANSUR2-M-12199,M,1.0,ansur2_2012,193.0,149.0,558.0,128.0,124.0,22.0,60.0,131.0,316.0,33
ANSUR2-M-12206,M,1.0,ansur2_2012,195.0,154.0,565.0,141.0,115.0,22.0,63.5,137.0,316.0,19
ANSUR2-M-12207,M,1.0,ansur2_2012,195.0,152.0,558.0,131.0,123.0,19.0,67.5,140.0,312.0,20
ANSUR2-M-12208,M,1.0,ansur2_2012,197.0,152.0,574.0,134.0,113.0,22.0,62.5,140.0,313.0,19
ANSUR2-M-12214,M,1.0,ansur2_2012,193.0,144.0,545.0,134.0,124.0,25.0,59.5,128.0,320.0,20
ANSUR2-M-12224,M,1.0,ansur2_2012,201.0,161.0,590.0,138.0,133.0,21.0,67.5,143.0,332.0,21
ANSUR2-M-12232,M,1.0,ansur2_2012,197.0,144.0,556.0,131.0,127.0,20.0,62.0,134.0,324.0,20
ANSUR2-M-12235,M,1.0,ansur2_2012,199.0,155.0,576.0,136.0,125.0,23.0,62.5,141.0,321.0,20
ANSUR2-M-12243,M,1.0,ansur2_2012,194.0,149.0,564.0,128.0,124.0,24.0,64.5,136.0,321.0,19
ANSUR2-M-12244,M,1.0,ansur2_2012,215.0,161.0,622.0,134.0,127.0,29.0,64.0,146.0,371.0,21
ANSUR2-M-12247,M,1.0,ansur2_2012,202.0,148.0,567.0,137.0,130.0,26.0,62.0,136.0,330.0,18
ANSUR2-M-12253,M,1.0,ansur2_2012,193.0,151.0,553.0,123.0,113.0,26.0,64.0,140.0,310.0,19
ANSUR2-M-12258,M,1.0,ansur2_2012,192.0,160.0,567.0,124.0,123.0,24.0,71.0,145.0,323.0,36
ANSUR2-M-12261,M,1.0,ansur2_2012,207.0,152.0,584.0,139.0,120.0,23.0,64.0,140.0,332.0,31
ANSUR2-M-12265,M,1.0,ansur2_2012,201.0,152.0,574.0,129.0,125.0,22.0,66.0,136.0,346.0,21
ANSUR2-M-12269,M,1.0,ansur2_2012,206.0,141.0,564.0,131.0,126.0,28.0,57.5,141.0,323.0,20
ANSUR2-M-12288,M,1.0,ansur2_2012,203.0,163.0,585.0,124.0,115.0,23.0,70.0,146.0,345.0,29
ANSUR2-M-12292,M,1.0,ansur2_2012,199.0,150.0,560.0,127.0,132.0,25.0,65.5,138.0,335.0,27
ANSUR2-M-12297,M,1.0,ansur2_2012,198.0,163.0,575.0,135.0,126.0,23.0,67.5,150.0,343.0,24
ANSUR2-M-12301,M,1.0,ansur2_2012,205.0,145.0,577.0,132.0,127.0,32.0,56.5,130.0,329.0,22
ANSUR2-M-12303,M,1.0,ansur2_2012,203.0,148.0,577.0,133.0,116.0,25.0,65.5,140.0,325.0,22
ANSUR2-M-12304,M,1.0,ansur2_2012,213.0,155.0,594.0,135.0,117.0,24.0,72.0,149.0,350.0,21
ANSUR2-M-12311,M,1.0,ansur2_2012,188.0,150.0,546.0,117.0,108.0,24.0,60.5,141.0,309.0,19
ANSUR2-M-12317,M,1.0,ansur2_2012,209.0,158.0,598.0,127.0,117.0,23.0,67.5,144.0,354.0,23
ANSUR2-M-12318,M,1.0,ansur2_2012,196.0,147.0,540.0,128.0,109.0,20.0,69.0,142.0,317.0,37
ANSUR2-M-12319,M,1.0,ansur2_2012,205.0,149.0,584.0,140.0,130.0,22.0,70.0,141.0,345.0,39
ANSUR2-M-12320,M,1.0,ansur2_2012,192.0,154.0,568.0,131.0,120.0,24.0,65.0,132.0,312.0,29
ANSUR2-M-12321,M,1.0,ansur2_2012,200.0,161.0,592.0,128.0,126.0,22.0,66.0,144.0,352.0,21
ANSUR2-M-12337,M,1.0,ansur2_2012,199.0,162.0,589.0,140.0,134.0,20.0,62.5,151.0,342.0,29
ANSUR2-M-12338,M,1.0,ansur2_2012,194.0,145.0,545.0,136.0,122.0,22.0,61.5,142.0,315.0,31
ANSUR2-M-12339,M,1.0,ansur2_2012,196.0,141.0,548.0,130.0,113.0,21.0,57.0,123.0,313.0,19
ANSUR2-M-12348,M,1.0,ansur2_2012,199.0,163.0,581.0,139.0,127.0,26.0,65.5,136.0,320.0,19
ANSUR2-M-12350,M,1.0,ansur2_2012,206.0,162.0,591.0,136.0,123.0,26.0,64.5,142.0,327.0,21
ANSUR2-M-12356,M,1.0,ansur2_2012,192.0,150.0,570.0,137.0,125.0,22.0,62.5,136.0,333.0,32
ANSUR2-M-12357,M,1.0,ansur2_2012,186.0,163.0,574.0,129.0,113.0,21.0,64.5,149.0,346.0,28
ANSUR2-M-12358,M,1.0,ansur2_2012,198.0,159.0,583.0,132.0,128.0,22.0,65.0,150.0,341.0,38
ANSUR2-M-12359,M,1.0,ansur2_2012,200.0,147.0,565.0,133.0,109.0,26.0,68.0,137.0,331.0,24
ANSUR2-M-12361,M,1.0,ansur2_2012,198.0,157.0,578.0,141.0,127.0,22.0,60.0,143.0,334.0,36
ANSUR2-M-12363,M,1.0,ansur2_2012,207.0,157.0,596.0,132.0,127.0,23.0,67.0,142.0,326.0,32
ANSUR2-M-12366,M,1.0,ansur2_2012,195.0,157.0,573.0,131.0,120.0,32.0,66.5,145.0,329.0,29
ANSUR2-M-12367,M,1.0,ansur2_2012,210.0,160.0,585.0,138.0,117.0,25.0,67.0,152.0,350.0,27
ANSUR2-M-12368,M,1.0,ansur2_2012,214.0,165.0,601.0,137.0,125.0,21.0,62.5,154.0,346.0,28
ANSUR2-M-12369,M,1.0,ansur2_2012,199.0,151.0,575.0,130.0,126.0,29.0,65.5,138.0,332.0,21
ANSUR2-M-12370,M,1.0,ansur2_2012,200.0,155.0,575.0,141.0,119.0,20.0,61.0,133.0,320.0,21
ANSUR2-M-12372,M,1.0,ansur2_2012,203.0,147.0,556.0,126.0,120.0,25.0,62.5,133.0,328.0,31
ANSUR2-M-12377,M,1.0,ansur2_2012,197.0,140.0,556.0,125.0,127.0,22.0,61.0,135.0,297.0,23
ANSUR2-M-12382,M,1.0,ansur2_2012,206.0,147.0,583.0,139.0,112.0,22.0,64.0,134.0,330.0,28
ANSUR2-M-12386,M,1.0,ansur2_2012,201.0,149.0,577.0,138.0,120.0,22.0,65.5,144.0,333.0,37
ANSUR2-M-12392,M,1.0,ansur2_2012,213.0,156.0,595.0,134.0,117.0,19.0,65.5,143.0,345.0,24
ANSUR2-M-12394,M,1.0,ansur2_2012,191.0,150.0,553.0,134.0,117.0,20.0,63.5,140.0,324.0,21
ANSUR2-M-12397,M,1.0,ansur2_2012,198.0,152.0,568.0,133.0,125.0,23.0,66.0,136.0,313.0,38
ANSUR2-M-12399,M,1.0,ansur2_2012,215.0,151.0,603.0,131.0,121.0,20.0,70.5,146.0,344.0,32
ANSUR2-M-12411,M,1.0,ansur2_2012,196.0,160.0,582.0,135.0,116.0,23.0,68.0,147.0,320.0,28
ANSUR2-M-12417,M,1.0,ansur2_2012,194.0,144.0,544.0,127.0,113.0,23.0,62.0,132.0,312.0,30
ANSUR2-M-12420,M,1.0,ansur2_2012,206.0,156.0,589.0,132.0,126.0,22.0,64.5,140.0,330.0,27
ANSUR2-M-12422,M,1.0,ansur2_2012,198.0,156.0,568.0,135.0,116.0,19.0,55.5,135.0,306.0,23
ANSUR2-M-12425,M,1.0,ansur2_2012,210.0,160.0,597.0,144.0,122.0,23.0,64.0,141.0,341.0,26
ANSUR2-M-12427,M,1.0,ansur2_2012,203.0,154.0,578.0,129.0,124.0,21.0,66.0,147.0,345.0,20
ANSUR2-M-12428,M,1.0,ansur2_2012,200.0,151.0,581.0,125.0,125.0,21.0,59.0,140.0,338.0,18
ANSUR2-M-12432,M,1.0,ansur2_2012,198.0,155.0,575.0,144.0,127.0,25.0,64.0,147.0,340.0,31
ANSUR2-M-12435,M,1.0,ansur2_2012,199.0,168.0,577.0,135.0,119.0,27.0,66.5,150.0,333.0,33
ANSUR2-M-12436,M,1.0,ansur2_2012,193.0,157.0,568.0,127.0,129.0,22.0,64.5,141.0,335.0,35
ANSUR2-M-12438,M,1.0,ansur2_2012,200.0,156.0,562.0,128.0,129.0,26.0,59.5,140.0,330.0,21
ANSUR2-M-12440,M,1.0,ansur2_2012,198.0,153.0,558.0,129.0,113.0,26.0,65.0,134.0,315.0,20
ANSUR2-M-12441,M,1.0,ansur2_2012,184.0,151.0,543.0,121.0,130.0,21.0,57.5,134.0,308.0,26
ANSUR2-M-12442,M,1.0,ansur2_2012,203.0,154.0,579.0,128.0,113.0,22.0,66.0,142.0,315.0,30
ANSUR2-M-12444,M,1.0,ansur2_2012,193.0,153.0,555.0,128.0,125.0,22.0,64.5,146.0,340.0,28
ANSUR2-M-12447,M,1.0,ansur2_2012,195.0,161.0,573.0,140.0,115.0,25.0,64.0,141.0,304.0,25
ANSUR2-M-12448,M,1.0,ansur2_2012,217.0,170.0,628.0,139.0,136.0,27.0,67.0,154.0,356.0,28
ANSUR2-M-12449,M,1.0,ansur2_2012,190.0,161.0,562.0,126.0,122.0,23.0,62.0,141.0,325.0,22
ANSUR2-M-12450,M,1.0,ansur2_2012,193.0,148.0,557.0,128.0,120.0,22.0,67.5,146.0,316.0,27
ANSUR2-M-12451,M,1.0,ansur2_2012,211.0,155.0,600.0,136.0,122.0,21.0,70.0,144.0,354.0,28
ANSUR2-M-12452,M,1.0,ansur2_2012,194.0,156.0,547.0,128.0,127.0,23.0,63.5,144.0,342.0,40
ANSUR2-M-12454,M,1.0,ansur2_2012,206.0,155.0,587.0,136.0,124.0,23.0,65.0,145.0,332.0,30
ANSUR2-M-12456,M,1.0,ansur2_2012,209.0,159.0,587.0,135.0,139.0,25.0,70.0,141.0,346.0,30
ANSUR2-M-12457,M,1.0,ansur2_2012,197.0,145.0,556.0,125.0,125.0,22.0,67.5,140.0,323.0,22
ANSUR2-M-12459,M,1.0,ansur2_2012,205.0,153.0,587.0,130.0,128.0,26.0,66.5,146.0,352.0,33
ANSUR2-M-12463,M,1.0,ansur2_2012,196.0,166.0,563.0,142.0,115.0,29.0,62.0,141.0,320.0,28
ANSUR2-M-12467,M,1.0,ansur2_2012,192.0,147.0,547.0,140.0,127.0,23.0,62.5,127.0,305.0,18
ANSUR2-M-12479,M,1.0,ansur2_2012,204.0,154.0,578.0,135.0,118.0,26.0,63.5,136.0,322.0,20
ANSUR2-M-12480,M,1.0,ansur2_2012,204.0,153.0,566.0,120.0,123.0,21.0,64.0,143.0,350.0,41
ANSUR2-M-12505,M,1.0,ansur2_2012,200.0,161.0,582.0,130.0,110.0,22.0,66.5,141.0,327.0,33
ANSUR2-M-12506,M,1.0,ansur2_2012,194.0,150.0,559.0,134.0,120.0,25.0,57.0,148.0,348.0,38
ANSUR2-M-12509,M,1.0,ansur2_2012,188.0,166.0,566.0,133.0,117.0,25.0,62.5,157.0,345.0,29
ANSUR2-M-12511,M,1.0,ansur2_2012,197.0,151.0,551.0,126.0,111.0,21.0,65.0,141.0,320.0,39
ANSUR2-M-12515,M,1.0,ansur2_2012,208.0,157.0,597.0,140.0,112.0,22.0,64.5,143.0,340.0,20
ANSUR2-M-12517,M,1.0,ansur2_2012,210.0,157.0,580.0,134.0,117.0,26.0,60.0,139.0,330.0,34
ANSUR2-M-12526,M,1.0,ansur2_2012,209.0,155.0,585.0,130.0,118.0,22.0,64.5,137.0,326.0,33
ANSUR2-M-12527,M,1.0,ansur2_2012,194.0,151.0,557.0,130.0,119.0,30.0,62.5,136.0,320.0,29
ANSUR2-M-12528,M,1.0,ansur2_2012,206.0,156.0,588.0,125.0,123.0,21.0,63.5,149.0,345.0,24
ANSUR2-M-12538,M,1.0,ansur2_2012,200.0,154.0,578.0,125.0,128.0,21.0,61.0,141.0,332.0,26
ANSUR2-M-12544,M,1.0,ansur2_2012,202.0,161.0,573.0,134.0,129.0,26.0,64.5,154.0,354.0,22
ANSUR2-M-12545,M,1.0,ansur2_2012,203.0,155.0,587.0,142.0,117.0,28.0,65.0,142.0,317.0,24
ANSUR2-M-12551,M,1.0,ansur2_2012,209.0,153.0,588.0,126.0,123.0,21.0,65.5,142.0,330.0,29
ANSUR2-M-12554,M,1.0,ansur2_2012,206.0,158.0,595.0,139.0,126.0,29.0,67.0,147.0,354.0,37
ANSUR2-M-12556,M,1.0,ansur2_2012,200.0,150.0,574.0,131.0,126.0,21.0,65.5,134.0,334.0,31
ANSUR2-M-12563,M,1.0,ansur2_2012,201.0,157.0,572.0,130.0,119.0,25.0,62.0,141.0,315.0,25
ANSUR2-M-12566,M,1.0,ansur2_2012,195.0,164.0,585.0,132.0,119.0,20.0,70.0,154.0,334.0,22
ANSUR2-M-12567,M,1.0,ansur2_2012,187.0,150.0,555.0,122.0,114.0,24.0,66.5,148.0,334.0,25
ANSUR2-M-12568,M,1.0,ansur2_2012,206.0,154.0,580.0,134.0,124.0,27.0,62.0,146.0,330.0,21
ANSUR2-M-12570,M,1.0,ansur2_2012,200.0,151.0,575.0,127.0,130.0,21.0,63.5,150.0,344.0,20
ANSUR2-M-12573,M,1.0,ansur2_2012,196.0,149.0,559.0,133.0,126.0,23.0,63.0,135.0,316.0,34
ANSUR2-M-12574,M,1.0,ansur2_2012,203.0,153.0,580.0,138.0,110.0,22.0,63.5,138.0,337.0,27
ANSUR2-M-12575,M,1.0,ansur2_2012,201.0,152.0,576.0,135.0,124.0,22.0,59.0,139.0,314.0,29
ANSUR2-M-12578,M,1.0,ansur2_2012,207.0,164.0,603.0,139.0,128.0,22.0,61.0,141.0,329.0,21
ANSUR2-M-12586,M,1.0,ansur2_2012,198.0,150.0,574.0,137.0,127.0,21.0,65.0,137.0,326.0,28
ANSUR2-M-12587,M,1.0,ansur2_2012,208.0,158.0,594.0,140.0,125.0,22.0,66.0,144.0,342.0,40
ANSUR2-M-12590,M,1.0,ansur2_2012,206.0,160.0,589.0,132.0,126.0,28.0,63.5,146.0,331.0,24
ANSUR2-M-12594,M,1.0,ansur2_2012,203.0,149.0,567.0,117.0,122.0,22.0,70.5,142.0,345.0,40
ANSUR2-M-12597,M,1.0,ansur2_2012,211.0,164.0,611.0,140.0,111.0,24.0,66.0,153.0,353.0,27
ANSUR2-M-12600,M,1.0,ansur2_2012,208.0,160.0,585.0,131.0,124.0,24.0,67.0,141.0,330.0,38
ANSUR2-M-12602,M,1.0,ansur2_2012,202.0,153.0,573.0,134.0,110.0,26.0,64.5,133.0,311.0,23
ANSUR2-M-12610,M,1.0,ansur2_2012,206.0,151.0,582.0,139.0,124.0,21.0,63.5,138.0,328.0,23
ANSUR2-M-12612,M,1.0,ansur2_2012,204.0,156.0,586.0,141.0,133.0,28.0,66.5,141.0,339.0,24
ANSUR2-M-12615,M,1.0,ansur2_2012,205.0,161.0,588.0,135.0,116.0,24.0,61.0,151.0,332.0,32
ANSUR2-M-12616,M,1.0,ansur2_2012,205.0,145.0,569.0,122.0,115.0,26.0,59.5,140.0,335.0,25
ANSUR2-M-12618,M,1.0,ansur2_2012,200.0,155.0,574.0,134.0,120.0,25.0,66.0,137.0,315.0,23
ANSUR2-M-12619,M,1.0,ansur2_2012,202.0,153.0,566.0,132.0,118.0,21.0,61.5,142.0,323.0,27
ANSUR2-M-12621,M,1.0,ansur2_2012,194.0,166.0,573.0,129.0,121.0,27.0,69.0,150.0,334.0,36
ANSUR2-M-12624,M,1.0,ansur2_2012,206.0,154.0,584.0,127.0,135.0,25.0,64.5,141.0,342.0,21
ANSUR2-M-12625,M,1.0,ansur2_2012,193.0,160.0,570.0,128.0,127.0,24.0,60.5,141.0,348.0,29
ANSUR2-M-12634,M,1.0,ansur2_2012,192.0,151.0,546.0,129.0,112.0,28.0,62.0,138.0,316.0,33
ANSUR2-M-12636,M,1.0,ansur2_2012,201.0,162.0,576.0,143.0,124.0,21.0,69.5,147.0,335.0,26
ANSUR2-M-12641,M,1.0,ansur2_2012,198.0,150.0,565.0,128.0,120.0,20.0,66.5,135.0,315.0,25
ANSUR2-M-12644,M,1.0,ansur2_2012,211.0,168.0,604.0,140.0,128.0,29.0,65.0,144.0,350.0,28
ANSUR2-M-12648,M,1.0,ansur2_2012,195.0,162.0,575.0,132.0,126.0,24.0,64.0,143.0,333.0,31
ANSUR2-M-12649,M,1.0,ansur2_2012,189.0,149.0,554.0,133.0,127.0,21.0,62.0,141.0,328.0,43
ANSUR2-M-12651,M,1.0,ansur2_2012,193.0,156.0,572.0,133.0,123.0,18.0,63.5,145.0,333.0,33
ANSUR2-M-12653,M,1.0,ansur2_2012,198.0,156.0,579.0,135.0,122.0,24.0,63.0,137.0,330.0,25
ANSUR2-M-12654,M,1.0,ansur2_2012,202.0,155.0,583.0,132.0,126.0,22.0,59.0,146.0,327.0,24
ANSUR2-M-12655,M,1.0,ansur2_2012,188.0,151.0,544.0,130.0,113.0,27.0,64.0,151.0,336.0,27
ANSUR2-M-12658,M,1.0,ansur2_2012,185.0,161.0,554.0,130.0,122.0,31.0,66.0,143.0,330.0,31
ANSUR2-M-12659,M,1.0,ansur2_2012,190.0,146.0,564.0,131.0,117.0,24.0,61.0,140.0,333.0,24
ANSUR2-M-12666,M,1.0,ansur2_2012,204.0,154.0,578.0,127.0,118.0,25.0,67.0,147.0,331.0,22
ANSUR2-M-12667,M,1.0,ansur2_2012,195.0,159.0,570.0,125.0,124.0,23.0,65.5,154.0,353.0,22
ANSUR2-M-12670,M,1.0,ansur2_2012,195.0,161.0,582.0,136.0,112.0,22.0,67.5,151.0,332.0,24
ANSUR2-M-12672,M,1.0,ansur2_2012,204.0,155.0,584.0,128.0,132.0,18.0,62.5,147.0,345.0,21
ANSUR2-M-12673,M,1.0,ansur2_2012,203.0,150.0,583.0,132.0,128.0,22.0,60.0,142.0,335.0,22
ANSUR2-M-12677,M,1.0,ansur2_2012,199.0,153.0,569.0,129.0,121.0,22.0,58.0,139.0,316.0,30
ANSUR2-M-12681,M,1.0,ansur2_2012,203.0,149.0,575.0,138.0,122.0,22.0,62.0,135.0,309.0,26
ANSUR2-M-12683,M,1.0,ansur2_2012,202.0,157.0,574.0,124.0,127.0,21.0,62.0,140.0,320.0,23
ANSUR2-M-12687,M,1.0,ansur2_2012,196.0,156.0,575.0,123.0,126.0,21.0,64.0,145.0,345.0,25
ANSUR2-M-12690,M,1.0,ansur2_2012,208.0,165.0,611.0,138.0,129.0,23.0,65.5,151.0,339.0,24
ANSUR2-M-12695,M,1.0,ansur2_2012,196.0,150.0,559.0,122.0,123.0,28.0,61.0,141.0,330.0,26
ANSUR2-M-12700,M,1.0,ansur2_2012,199.0,154.0,562.0,126.0,121.0,17.0,61.5,144.0,326.0,31
ANSUR2-M-12715,M,1.0,ansur2_2012,212.0,161.0,599.0,131.0,134.0,18.0,67.5,152.0,361.0,25
ANSUR2-M-12719,M,1.0,ansur2_2012,206.0,162.0,598.0,134.0,122.0,24.0,64.0,150.0,341.0,25
ANSUR2-M-12722,M,1.0,ansur2_2012,190.0,154.0,562.0,130.0,121.0,21.0,65.0,142.0,313.0,38
ANSUR2-M-12723,M,1.0,ansur2_2012,190.0,149.0,546.0,126.0,107.0,28.0,59.5,140.0,317.0,34
ANSUR2-M-12727,M,1.0,ansur2_2012,202.0,154.0,563.0,137.0,119.0,21.0,66.5,143.0,334.0,26
ANSUR2-M-12729,M,1.0,ansur2_2012,202.0,154.0,575.0,130.0,119.0,27.0,67.0,146.0,352.0,42
ANSUR2-M-12731,M,1.0,ansur2_2012,199.0,159.0,577.0,140.0,118.0,27.0,63.0,142.0,344.0,36
ANSUR2-M-12732,M,1.0,ansur2_2012,206.0,157.0,584.0,136.0,132.0,31.0,71.5,148.0,340.0,29
ANSUR2-M-12734,M,1.0,ansur2_2012,203.0,150.0,563.0,126.0,136.0,24.0,66.0,140.0,344.0,34
ANSUR2-M-12736,M,1.0,ansur2_2012,193.0,154.0,563.0,141.0,129.0,24.0,61.0,139.0,308.0,30
ANSUR2-M-12737,M,1.0,ansur2_2012,200.0,146.0,560.0,127.0,134.0,19.0,66.5,134.0,325.0,39
ANSUR2-M-12740,M,1.0,ansur2_2012,200.0,154.0,579.0,135.0,123.0,22.0,61.5,143.0,332.0,27
ANSUR2-M-12742,M,1.0,ansur2_2012,208.0,160.0,587.0,129.0,129.0,25.0,63.5,134.0,338.0,31
ANSUR2-M-12744,M,1.0,ansur2_2012,208.0,154.0,590.0,142.0,131.0,29.0,73.5,151.0,344.0,42
ANSUR2-M-12745,M,1.0,ansur2_2012,208.0,152.0,584.0,140.0,119.0,22.0,63.0,136.0,316.0,20
ANSUR2-M-12751,M,1.0,ansur2_2012,208.0,152.0,580.0,129.0,136.0,22.0,67.0,144.0,336.0,27
ANSUR2-M-12758,M,1.0,ansur2_2012,190.0,156.0,582.0,125.0,119.0,22.0,66.0,145.0,340.0,25
ANSUR2-M-12762,M,1.0,ansur2_2012,200.0,150.0,567.0,131.0,116.0,20.0,64.5,140.0,333.0,28
ANSUR2-M-12764,M,1.0,ansur2_2012,199.0,156.0,577.0,132.0,129.0,29.0,68.0,147.0,334.0,29
ANSUR2-M-12765,M,1.0,ansur2_2012,213.0,158.0,599.0,141.0,132.0,28.0,64.5,154.0,340.0,34
ANSUR2-M-12767,M,1.0,ansur2_2012,197.0,154.0,560.0,126.0,113.0,24.0,60.5,143.0,326.0,26
ANSUR2-M-12768,M,1.0,ansur2_2012,193.0,162.0,565.0,130.0,124.0,30.0,65.0,151.0,350.0,47
ANSUR2-M-12779,M,1.0,ansur2_2012,204.0,157.0,584.0,149.0,124.0,24.0,66.5,138.0,334.0,26
ANSUR2-M-12783,M,1.0,ansur2_2012,206.0,153.0,582.0,127.0,116.0,26.0,64.0,146.0,345.0,29
ANSUR2-M-12784,M,1.0,ansur2_2012,210.0,154.0,583.0,133.0,126.0,24.0,62.0,140.0,322.0,19
ANSUR2-M-12786,M,1.0,ansur2_2012,212.0,160.0,604.0,136.0,128.0,22.0,63.5,151.0,345.0,31
ANSUR2-M-12790,M,1.0,ansur2_2012,183.0,156.0,553.0,127.0,120.0,26.0,67.5,140.0,337.0,28
ANSUR2-M-12792,M,1.0,ansur2_2012,195.0,147.0,551.0,123.0,115.0,26.0,64.5,131.0,328.0,34
ANSUR2-M-12794,M,1.0,ansur2_2012,194.0,155.0,565.0,131.0,120.0,23.0,60.0,143.0,335.0,39
ANSUR2-M-12808,M,1.0,ansur2_2012,201.0,153.0,580.0,133.0,117.0,24.0,64.5,142.0,326.0,27
ANSUR2-M-12815,M,1.0,ansur2_2012,208.0,153.0,596.0,130.0,125.0,24.0,67.5,147.0,348.0,49
ANSUR2-M-12816,M,1.0,ansur2_2012,178.0,153.0,534.0,123.0,107.0,30.0,65.0,142.0,323.0,22
ANSUR2-M-12818,M,1.0,ansur2_2012,197.0,144.0,557.0,131.0,137.0,23.0,58.0,131.0,320.0,50
ANSUR2-M-12820,M,1.0,ansur2_2012,208.0,152.0,587.0,130.0,136.0,18.0,63.0,142.0,328.0,40
ANSUR2-M-12821,M,1.0,ansur2_2012,196.0,156.0,573.0,132.0,113.0,23.0,60.0,136.0,321.0,43
ANSUR2-M-12824,M,1.0,ansur2_2012,197.0,153.0,564.0,136.0,127.0,22.0,59.5,137.0,340.0,32
ANSUR2-M-12826,M,1.0,ansur2_2012,213.0,148.0,586.0,124.0,115.0,20.0,62.5,138.0,325.0,31
ANSUR2-M-12827,M,1.0,ansur2_2012,204.0,151.0,569.0,121.0,127.0,22.0,59.5,133.0,326.0,29
ANSUR2-M-12830,M,1.0,ansur2_2012,197.0,152.0,564.0,128.0,125.0,21.0,68.5,142.0,348.0,44
ANSUR2-M-12856,M,1.0,ansur2_2012,190.0,154.0,559.0,130.0,127.0,25.0,64.5,140.0,333.0,28
ANSUR2-M-12861,M,1.0,ansur2_2012,189.0,152.0,554.0,128.0,124.0,20.0,62.5,143.0,330.0,39
ANSUR2-M-12865,M,1.0,ansur2_2012,199.0,146.0,574.0,137.0,130.0,23.0,69.5,144.0,338.0,33
ANSUR2-M-12880,M,1.0,ansur2_2012,190.0,160.0,571.0,139.0,119.0,26.0,62.5,150.0,330.0,20
ANSUR2-M-12890,M,1.0,ansur2_2012,208.0,159.0,587.0,121.0,135.0,20.0,65.5,136.0,348.0,26
ANSUR2-M-12891,M,1.0,ansur2_2012,201.0,152.0,566.0,126.0,117.0,23.0,59.5,132.0,315.0,36
ANSUR2-M-12893,M,1.0,ansur2_2012,192.0,151.0,554.0,137.0,118.0,22.0,59.0,137.0,317.0,28
ANSUR2-M-12904,M,1.0,ansur2_2012,200.0,157.0,578.0,138.0,116.0,26.0,65.0,141.0,314.0,51
ANSUR2-M-12905,M,1.0,ansur2_2012,201.0,164.0,584.0,131.0,124.0,16.0,69.0,144.0,326.0,35
ANSUR2-M-12908,M,1.0,ansur2_2012,203.0,149.0,568.0,135.0,120.0,20.0,60.5,142.0,340.0,37
ANSUR2-M-12911,M,1.0,ansur2_2012,199.0,158.0,588.0,136.0,122.0,24.0,71.5,153.0,325.0,28
ANSUR2-M-12912,M,1.0,ansur2_2012,200.0,156.0,561.0,122.0,130.0,23.0,66.0,147.0,339.0,45
ANSUR2-M-12917,M,1.0,ansur2_2012,200.0,156.0,575.0,128.0,121.0,20.0,62.0,143.0,327.0,29
ANSUR2-M-12918,M,1.0,ansur2_2012,203.0,161.0,592.0,129.0,115.0,27.0,64.5,151.0,341.0,32
ANSUR2-M-12924,M,1.0,ansur2_2012,213.0,153.0,602.0,134.0,119.0,21.0,63.5,143.0,368.0,45
ANSUR2-M-12925,M,1.0,ansur2_2012,197.0,155.0,574.0,124.0,120.0,21.0,65.0,145.0,345.0,37
ANSUR2-M-12926,M,1.0,ansur2_2012,213.0,162.0,603.0,128.0,120.0,29.0,69.0,151.0,346.0,21
ANSUR2-M-12927,M,1.0,ansur2_2012,199.0,149.0,555.0,137.0,119.0,25.0,61.5,140.0,332.0,48
ANSUR2-M-12928,M,1.0,ansur2_2012,205.0,156.0,584.0,128.0,124.0,24.0,61.5,143.0,337.0,28
ANSUR2-M-12929,M,1.0,ansur2_2012,200.0,149.0,557.0,133.0,116.0,28.0,62.5,141.0,325.0,33
ANSUR2-M-12931,M,1.0,ansur2_2012,210.0,158.0,593.0,135.0,119.0,20.0,66.5,154.0,352.0,26
ANSUR2-M-12933,M,1.0,ansur2_2012,212.0,160.0,593.0,136.0,117.0,19.0,58.5,143.0,332.0,43
ANSUR2-M-12936,M,1.0,ansur2_2012,210.0,156.0,590.0,132.0,117.0,21.0,68.0,146.0,338.0,41
ANSUR2-M-12941,M,1.0,ansur2_2012,193.0,155.0,564.0,129.0,122.0,18.0,61.5,139.0,333.0,26
ANSUR2-M-12942,M,1.0,ansur2_2012,200.0,146.0,562.0,137.0,121.0,24.0,62.0,132.0,323.0,48
ANSUR2-M-12943,M,1.0,ansur2_2012,203.0,151.0,562.0,122.0,121.0,23.0,67.5,143.0,350.0,41
ANSUR2-M-12946,M,1.0,ansur2_2012,200.0,151.0,577.0,124.0,123.0,22.0,64.5,142.0,335.0,31
ANSUR2-M-12948,M,1.0,ansur2_2012,207.0,168.0,597.0,139.0,124.0,27.0,67.5,152.0,350.0,28
ANSUR2-M-12952,M,1.0,ansur2_2012,206.0,154.0,583.0,144.0,123.0,23.0,66.5,144.0,344.0,36
ANSUR2-M-12953,M,1.0,ansur2_2012,209.0,152.0,585.0,136.0,122.0,26.0,65.0,147.0,331.0,24
ANSUR2-M-12954,M,1.0,ansur2_2012,200.0,148.0,566.0,132.0,123.0,19.0,66.0,134.0,338.0,41
ANSUR2-M-12955,M,1.0,ansur2_2012,204.0,172.0,604.0,145.0,127.0,22.0,66.0,153.0,346.0,27
ANSUR2-M-12956,M,1.0,ansur2_2012,208.0,156.0,603.0,140.0,122.0,22.0,65.5,142.0,332.0,29
ANSUR2-M-12958,M,1.0,ansur2_2012,199.0,167.0,584.0,132.0,112.0,20.0,65.0,152.0,328.0,27
ANSUR2-M-12959,M,1.0,ansur2_2012,204.0,155.0,582.0,120.0,117.0,28.0,65.0,146.0,350.0,31
ANSUR2-M-12960,M,1.0,ansur2_2012,202.0,144.0,573.0,125.0,122.0,24.0,63.5,137.0,333.0,45
ANSUR2-M-12962,M,1.0,ansur2_2012,209.0,156.0,602.0,130.0,122.0,20.0,63.0,146.0,347.0,37
ANSUR2-M-12963,M,1.0,ansur2_2012,197.0,156.0,573.0,127.0,119.0,22.0,59.0,137.0,317.0,42
ANSUR2-M-12966,M,1.0,ansur2_2012,199.0,162.0,578.0,139.0,127.0,22.0,69.5,147.0,317.0,36
ANSUR2-M-12968,M,1.0,ansur2_2012,198.0,151.0,566.0,125.0,109.0,22.0,64.5,147.0,337.0,32
ANSUR2-M-12969,M,1.0,ansur2_2012,203.0,156.0,582.0,133.0,115.0,28.0,61.0,143.0,325.0,29
ANSUR2-M-12971,M,1.0,ansur2_2012,214.0,167.0,610.0,140.0,124.0,20.0,64.0,151.0,337.0,41
ANSUR2-M-12972,M,1.0,ansur2_2012,195.0,147.0,557.0,126.0,114.0,24.0,64.0,136.0,323.0,27
ANSUR2-M-12973,M,1.0,ansur2_2012,196.0,166.0,590.0,127.0,115.0,24.0,63.5,153.0,340.0,30
ANSUR2-M-12974,M,1.0,ansur2_2012,205.0,156.0,577.0,136.0,128.0,20.0,67.5,149.0,336.0,49
ANSUR2-M-13041,M,1.0,ansur2_2012,195.0,149.0,552.0,127.0,107.0,22.0,60.5,132.0,320.0,19
ANSUR2-M-13042,M,1.0,ansur2_2012,200.0,155.0,567.0,140.0,122.0,22.0,62.5,136.0,320.0,19
ANSUR2-M-13043,M,1.0,ansur2_2012,202.0,162.0,595.0,138.0,127.0,28.0,61.0,154.0,356.0,28
ANSUR2-M-13045,M,1.0,ansur2_2012,204.0,161.0,586.0,125.0,119.0,26.0,61.0,141.0,317.0,30
ANSUR2-M-13046,M,1.0,ansur2_2012,194.0,146.0,557.0,133.0,112.0,21.0,60.5,138.0,322.0,24
ANSUR2-M-13047,M,1.0,ansur2_2012,195.0,157.0,548.0,130.0,123.0,27.0,65.5,140.0,314.0,25
ANSUR2-M-13048,M,1.0,ansur2_2012,203.0,162.0,575.0,138.0,121.0,22.0,66.0,154.0,355.0,30
ANSUR2-M-13050,M,1.0,ansur2_2012,204.0,154.0,582.0,135.0,135.0,23.0,61.5,144.0,332.0,21
ANSUR2-M-13052,M,1.0,ansur2_2012,201.0,153.0,572.0,120.0,119.0,22.0,67.5,138.0,335.0,30
ANSUR2-M-13054,M,1.0,ansur2_2012,202.0,157.0,564.0,125.0,119.0,25.0,64.0,135.0,320.0,19
ANSUR2-M-13055,M,1.0,ansur2_2012,194.0,147.0,563.0,130.0,134.0,29.0,65.5,133.0,338.0,22
ANSUR2-M-13056,M,1.0,ansur2_2012,194.0,154.0,560.0,130.0,118.0,28.0,63.0,146.0,337.0,24
ANSUR2-M-13059,M,1.0,ansur2_2012,197.0,154.0,562.0,129.0,121.0,21.0,59.0,143.0,350.0,25
ANSUR2-M-13067,M,1.0,ansur2_2012,198.0,157.0,575.0,131.0,119.0,25.0,68.0,150.0,333.0,22
ANSUR2-M-13070,M,1.0,ansur2_2012,202.0,155.0,575.0,128.0,133.0,25.0,69.5,147.0,362.0,18
ANSUR2-M-13071,M,1.0,ansur2_2012,199.0,156.0,572.0,133.0,135.0,27.0,54.0,145.0,333.0,20
ANSUR2-M-13080,M,1.0,ansur2_2012,194.0,145.0,554.0,118.0,119.0,23.0,65.0,140.0,340.0,19
ANSUR2-M-13084,M,1.0,ansur2_2012,190.0,146.0,551.0,121.0,125.0,27.0,62.5,140.0,310.0,18
ANSUR2-M-13094,M,1.0,ansur2_2012,189.0,150.0,540.0,129.0,123.0,25.0,64.0,146.0,314.0,20
ANSUR2-M-13096,M,1.0,ansur2_2012,201.0,155.0,581.0,128.0,130.0,17.0,67.0,141.0,335.0,30
ANSUR2-M-13098,M,1.0,ansur2_2012,211.0,146.0,581.0,134.0,127.0,19.0,64.0,137.0,317.0,25
ANSUR2-M-13110,M,1.0,ansur2_2012,202.0,168.0,590.0,133.0,124.0,18.0,70.5,160.0,364.0,27
ANSUR2-M-13112,M,1.0,ansur2_2012,200.0,152.0,573.0,130.0,121.0,23.0,63.0,148.0,331.0,31
ANSUR2-M-13113,M,1.0,ansur2_2012,202.0,145.0,562.0,126.0,112.0,20.0,62.5,136.0,317.0,31
ANSUR2-M-13117,M,1.0,ansur2_2012,182.0,150.0,531.0,117.0,108.0,25.0,66.5,141.0,317.0,23
ANSUR2-M-13183,M,1.0,ansur2_2012,191.0,135.0,543.0,126.0,127.0,23.0,61.0,137.0,343.0,32
ANSUR2-M-13193,M,1.0,ansur2_2012,208.0,145.0,577.0,130.0,132.0,22.0,67.5,131.0,350.0,29
ANSUR2-M-13199,M,1.0,ansur2_2012,205.0,158.0,592.0,129.0,135.0,21.0,63.0,143.0,332.0,29
ANSUR2-M-13207,M,1.0,ansur2_2012,201.0,161.0,584.0,130.0,120.0,20.0,66.0,150.0,333.0,34
ANSUR2-M-13217,M,1.0,ansur2_2012,197.0,162.0,575.0,131.0,111.0,24.0,63.5,148.0,330.0,27
ANSUR2-M-13226,M,1.0,ansur2_2012,198.0,150.0,567.0,120.0,126.0,23.0,65.0,137.0,327.0,27
ANSUR2-M-13242,M,1.0,ansur2_2012,193.0,157.0,570.0,137.0,134.0,27.0,62.5,143.0,323.0,26
ANSUR2-M-13243,M,1.0,ansur2_2012,205.0,153.0,576.0,121.0,127.0,25.0,65.0,144.0,336.0,33
ANSUR2-M-13249,M,1.0,ansur2_2012,207.0,153.0,581.0,132.0,124.0,18.0,71.5,134.0,331.0,23
ANSUR2-M-13260,M,1.0,ansur2_2012,199.0,157.0,578.0,123.0,124.0,19.0,68.0,149.0,337.0,38
ANSUR2-M-13302,M,1.0,ansur2_2012,184.0,154.0,550.0,129.0,111.0,20.0,64.0,152.0,333.0,37
ANSUR2-M-13303,M,1.0,ansur2_2012,196.0,156.0,574.0,136.0,131.0,24.0,60.5,146.0,321.0,23
ANSUR2-M-13304,M,1.0,ansur2_2012,204.0,148.0,578.0,140.0,139.0,26.0,61.5,128.0,323.0,30
ANSUR2-M-13305,M,1.0,ansur2_2012,196.0,146.0,559.0,125.0,129.0,27.0,65.5,135.0,316.0,33
ANSUR2-M-13308,M,1.0,ansur2_2012,201.0,150.0,570.0,133.0,131.0,25.0,60.5,137.0,326.0,20
ANSUR2-M-13311,M,1.0,ansur2_2012,192.0,150.0,566.0,127.0,118.0,21.0,69.0,142.0,337.0,26
ANSUR2-M-13331,M,1.0,ansur2_2012,204.0,156.0,587.0,137.0,135.0,24.0,69.5,146.0,345.0,25
ANSUR2-M-13338,M,1.0,ansur2_2012,195.0,154.0,570.0,127.0,126.0,24.0,64.0,137.0,305.0,24
ANSUR2-M-13339,M,1.0,ansur2_2012,193.0,159.0,580.0,139.0,129.0,25.0,70.0,146.0,352.0,30
ANSUR2-M-13341,M,1.0,ansur2_2012,197.0,150.0,568.0,126.0,121.0,18.0,63.0,134.0,329.0,39
ANSUR2-M-13350,M,1.0,ansur2_2012,208.0,153.0,588.0,127.0,123.0,20.0,70.0,142.0,355.0,24
ANSUR2-M-13522,M,1.0,ansur2_2012,193.0,154.0,553.0,128.0,125.0,22.0,64.5,137.0,335.0,37
ANSUR2-M-13572,M,1.0,ansur2_2012,201.0,153.0,578.0,128.0,127.0,26.0,63.5,142.0,346.0,24
ANSUR2-M-13578,M,1.0,ansur2_2012,196.0,150.0,571.0,128.0,122.0,20.0,60.5,140.0,325.0,48
ANSUR2-M-13580,M,1.0,ansur2_2012,211.0,150.0,595.0,130.0,121.0,24.0,65.0,146.0,337.0,30
ANSUR2-M-13595,M,1.0,ansur2_2012,198.0,153.0,561.0,124.0,108.0,25.0,65.5,146.0,350.0,43
ANSUR2-M-13627,M,1.0,ansur2_2012,196.0,155.0,565.0,130.0,114.0,22.0,63.5,143.0,327.0,23
ANSUR2-M-13631,M,1.0,ansur2_2012,198.0,155.0,561.0,122.0,119.0,22.0,61.0,140.0,316.0,38
ANSUR2-M-13634,M,1.0,ansur2_2012,213.0,163.0,608.0,136.0,130.0,23.0,67.0,149.0,329.0,27
ANSUR2-M-13638,M,1.0,ansur2_2012,196.0,149.0,559.0,140.0,122.0,21.0,68.5,144.0,343.0,20
ANSUR2-M-13647,M,1.0,ansur2_2012,203.0,149.0,578.0,132.0,134.0,21.0,62.0,133.0,338.0,20
ANSUR2-M-13648,M,1.0,ansur2_2012,205.0,153.0,585.0,125.0,117.0,17.0,67.5,144.0,332.0,22
ANSUR2-M-13650,M,1.0,ansur2_2012,199.0,150.0,575.0,133.0,108.0,23.0,63.5,142.0,334.0,32
ANSUR2-M-13658,M,1.0,ansur2_2012,201.0,155.0,577.0,130.0,126.0,27.0,64.5,146.0,320.0,29
ANSUR2-M-13669,M,1.0,ansur2_2012,199.0,153.0,564.0,127.0,117.0,20.0,64.5,144.0,328.0,37
ANSUR2-M-13670,M,1.0,ansur2_2012,196.0,150.0,572.0,130.0,132.0,22.0,65.5,145.0,334.0,30
ANSUR2-M-13673,M,1.0,ansur2_2012,202.0,153.0,583.0,125.0,127.0,24.0,70.0,139.0,326.0,42
ANSUR2-M-13674,M,1.0,ansur2_2012,202.0,160.0,594.0,127.0,123.0,27.0,62.0,155.0,355.0,40
ANSUR2-M-13676,M,1.0,ansur2_2012,191.0,155.0,549.0,134.0,114.0,26.0,58.5,143.0,317.0,47
ANSUR2-M-13677,M,1.0,ansur2_2012,197.0,158.0,569.0,127.0,117.0,23.0,67.5,144.0,320.0,44
ANSUR2-M-13679,M,1.0,ansur2_2012,198.0,147.0,571.0,133.0,123.0,25.0,65.5,143.0,341.0,44
ANSUR2-M-13680,M,1.0,ansur2_2012,207.0,149.0,575.0,135.0,119.0,22.0,63.0,140.0,322.0,37
ANSUR2-M-13682,M,1.0,ansur2_2012,196.0,144.0,550.0,131.0,130.0,26.0,63.0,140.0,340.0,42
ANSUR2-M-13683,M,1.0,ansur2_2012,202.0,156.0,578.0,130.0,126.0,28.0,65.5,142.0,346.0,38
ANSUR2-M-13684,M,1.0,ansur2_2012,205.0,156.0,580.0,130.0,127.0,26.0,66.0,142.0,345.0,50
ANSUR2-M-13687,M,1.0,ansur2_2012,207.0,152.0,588.0,134.0,121.0,20.0,61.5,141.0,312.0,47
ANSUR2-M-13692,M,1.0,ansur2_2012,207.0,159.0,592.0,140.0,122.0,24.0,65.0,148.0,344.0,49
ANSUR2-M-13693,M,1.0,ansur2_2012,204.0,150.0,577.0,129.0,120.0,22.0,65.0,146.0,340.0,44
ANSUR2-M-13694,M,1.0,ansur2_2012,202.0,148.0,566.0,119.0,125.0,24.0,62.0,141.0,324.0,45
ANSUR2-M-13700,M,1.0,ansur2_2012,197.0,151.0,556.0,127.0,129.0,21.0,63.0,137.0,342.0,45
ANSUR2-M-13705,M,1.0,ansur2_2012,204.0,159.0,575.0,125.0,126.0,24.0,66.0,149.0,349.0,43
ANSUR2-M-13706,M,1.0,ansur2_2012,198.0,151.0,577.0,133.0,120.0,24.0,68.5,140.0,325.0,41
ANSUR2-M-13708,M,1.0,ansur2_2012,204.0,154.0,579.0,125.0,135.0,23.0,60.5,142.0,334.0,36
ANSUR2-M-13712,M,1.0,ansur2_2012,198.0,158.0,579.0,128.0,126.0,25.0,65.0,147.0,370.0,51
ANSUR2-M-13714,M,1.0,ansur2_2012,210.0,153.0,614.0,139.0,130.0,22.0,64.0,141.0,341.0,43
ANSUR2-M-13715,M,1.0,ansur2_2012,198.0,155.0,566.0,132.0,121.0,16.0,62.5,142.0,346.0,40
ANSUR2-M-13718,M,1.0,ansur2_2012,205.0,170.0,606.0,130.0,123.0,30.0,62.0,148.0,320.0,56
ANSUR2-M-13720,M,1.0,ansur2_2012,204.0,154.0,579.0,126.0,125.0,24.0,67.5,144.0,325.0,38
ANSUR2-M-13723,M,1.0,ansur2_2012,199.0,154.0,566.0,126.0,119.0,30.0,65.5,144.0,347.0,44
ANSUR2-M-13724,M,1.0,ansur2_2012,201.0,152.0,569.0,134.0,127.0,26.0,65.0,145.0,349.0,41
ANSUR2-M-13726,M,1.0,ansur2_2012,206.0,159.0,590.0,140.0,130.0,25.0,64.5,151.0,346.0,37
ANSUR2-M-13727,M,1.0,ansur2_2012,196.0,150.0,558.0,133.0,120.0,22.0,61.5,133.0,328.0,42
ANSUR2-M-13728,M,1.0,ansur2_2012,200.0,146.0,570.0,125.0,124.0,20.0,58.5,138.0,336.0,38
ANSUR2-M-13749,M,1.0,ansur2_2012,211.0,158.0,598.0,128.0,118.0,21.0,61.0,147.0,340.0,46
ANSUR2-M-13754,M,1.0,ansur2_2012,186.0,152.0,537.0,126.0,123.0,27.0,60.5,139.0,323.0,49
ANSUR2-M-13756,M,1.0,ansur2_2012,208.0,146.0,590.0,133.0,122.0,20.0,67.0,146.0,334.0,49
ANSUR2-M-13759,M,1.0,ansur2_2012,195.0,151.0,570.0,127.0,117.0,23.0,71.5,148.0,345.0,41
ANSUR2-M-13763,M,1.0,ansur2_2012,188.0,150.0,557.0,131.0,108.0,30.0,63.5,134.0,291.0,35
ANSUR2-M-13764,M,1.0,ansur2_2012,193.0,150.0,550.0,116.0,116.0,19.0,64.5,142.0,320.0,37
ANSUR2-M-13765,M,1.0,ansur2_2012,198.0,158.0,570.0,137.0,135.0,22.0,63.0,147.0,331.0,50
ANSUR2-M-13766,M,1.0,ansur2_2012,203.0,152.0,575.0,138.0,123.0,25.0,60.5,148.0,331.0,40
ANSUR2-M-13767,M,1.0,ansur2_2012,208.0,157.0,589.0,124.0,122.0,21.0,67.5,145.0,347.0,44
ANSUR2-M-13768,M,1.0,ansur2_2012,207.0,154.0,588.0,142.0,120.0,23.0,66.5,146.0,347.0,39
ANSUR2-M-13769,M,1.0,ansur2_2012,197.0,151.0,559.0,119.0,112.0,27.0,60.0,135.0,320.0,37
ANSUR2-M-13773,M,1.0,ansur2_2012,193.0,158.0,560.0,141.0,131.0,24.0,70.5,151.0,323.0,45
ANSUR2-M-13774,M,1.0,ansur2_2012,209.0,156.0,593.0,135.0,122.0,24.0,65.0,150.0,364.0,40
ANSUR2-M-13777,M,1.0,ansur2_2012,197.0,156.0,567.0,129.0,121.0,26.0,62.5,151.0,354.0,48
ANSUR2-M-13778,M,1.0,ansur2_2012,184.0,145.0,550.0,127.0,121.0,19.0,62.0,138.0,337.0,38
ANSUR2-M-13780,M,1.0,ansur2_2012,194.0,150.0,563.0,130.0,121.0,24.0,61.5,137.0,320.0,38
ANSUR2-M-13781,M,1.0,ansur2_2012,194.0,159.0,570.0,125.0,128.0,24.0,67.5,144.0,341.0,41
ANSUR2-M-13783,M,1.0,ansur2_2012,196.0,152.0,561.0,125.0,133.0,25.0,66.0,141.0,345.0,50
ANSUR2-M-13784,M,1.0,ansur2_2012,211.0,152.0,592.0,127.0,122.0,21.0,60.0,132.0,324.0,37
ANSUR2-M-13785,M,1.0,ansur2_2012,182.0,148.0,536.0,122.0,114.0,28.0,63.5,136.0,336.0,53
ANSUR2-M-13787,M,1.0,ansur2_2012,189.0,154.0,553.0,140.0,120.0,27.0,65.5,145.0,333.0,46
ANSUR2-M-13789,M,1.0,ansur2_2012,202.0,154.0,584.0,128.0,127.0,19.0,60.5,140.0,336.0,38
ANSUR2-M-13791,M,1.0,ansur2_2012,205.0,172.0,590.0,129.0,119.0,25.0,76.0,158.0,357.0,41
ANSUR2-M-13795,M,1.0,ansur2_2012,200.0,154.0,569.0,137.0,118.0,24.0,70.5,144.0,335.0,45
ANSUR2-M-13796,M,1.0,ansur2_2012,193.0,151.0,556.0,129.0,119.0,27.0,61.5,138.0,324.0,36
ANSUR2-M-13797,M,1.0,ansur2_2012,201.0,163.0,582.0,135.0,123.0,22.0,62.0,145.0,343.0,50
ANSUR2-M-13798,M,1.0,ansur2_2012,200.0,150.0,573.0,124.0,118.0,18.0,65.5,144.0,335.0,40
ANSUR2-M-13799,M,1.0,ansur2_2012,199.0,165.0,579.0,126.0,126.0,19.0,68.0,148.0,347.0,46
ANSUR2-M-13801,M,1.0,ansur2_2012,194.0,148.0,553.0,129.0,116.0,26.0,56.0,143.0,323.0,38
ANSUR2-M-13802,M,1.0,ansur2_2012,195.0,150.0,568.0,131.0,124.0,25.0,63.0,144.0,350.0,46
ANSUR2-M-13806,M,1.0,ansur2_2012,197.0,147.0,567.0,119.0,123.0,22.0,64.0,139.0,330.0,42
ANSUR2-M-13807,M,1.0,ansur2_2012,196.0,166.0,574.0,135.0,119.0,24.0,72.0,150.0,352.0,48
ANSUR2-M-13811,M,1.0,ansur2_2012,197.0,153.0,577.0,122.0,124.0,22.0,65.0,147.0,344.0,44
ANSUR2-M-13814,M,1.0,ansur2_2012,212.0,154.0,601.0,130.0,127.0,25.0,63.5,144.0,334.0,40
ANSUR2-M-13815,M,1.0,ansur2_2012,183.0,151.0,543.0,125.0,116.0,26.0,62.0,146.0,336.0,41
ANSUR2-M-13816,M,1.0,ansur2_2012,206.0,154.0,587.0,126.0,115.0,33.0,62.5,137.0,336.0,46
ANSUR2-M-13817,M,1.0,ansur2_2012,204.0,162.0,588.0,127.0,130.0,21.0,63.0,153.0,355.0,47
ANSUR2-M-13820,M,1.0,ansur2_2012,198.0,152.0,572.0,125.0,119.0,22.0,59.5,136.0,337.0,40
ANSUR2-M-13821,M,1.0,ansur2_2012,212.0,157.0,593.0,133.0,133.0,24.0,69.5,148.0,349.0,44
ANSUR2-M-13822,M,1.0,ansur2_2012,197.0,157.0,568.0,140.0,128.0,24.0,59.0,146.0,325.0,44
ANSUR2-M-13825,M,1.0,ansur2_2012,212.0,158.0,603.0,133.0,122.0,25.0,62.0,140.0,335.0,39
ANSUR2-M-13828,M,1.0,ansur2_2012,203.0,154.0,579.0,129.0,123.0,20.0,65.5,138.0,331.0,39
ANSUR2-M-13829,M,1.0,ansur2_2012,209.0,158.0,605.0,128.0,126.0,21.0,71.0,150.0,370.0,39
ANSUR2-M-13831,M,1.0,ansur2_2012,206.0,150.0,576.0,134.0,116.0,22.0,68.5,143.0,350.0,49
ANSUR2-M-13832,M,1.0,ansur2_2012,201.0,160.0,582.0,126.0,126.0,26.0,66.0,147.0,324.0,49
ANSUR2-M-13833,M,1.0,ansur2_2012,201.0,160.0,590.0,125.0,122.0,25.0,63.5,147.0,331.0,39
ANSUR2-M-13835,M,1.0,ansur2_2012,192.0,154.0,565.0,128.0,122.0,24.0,59.0,141.0,316.0,43
ANSUR2-M-13836,M,1.0,ansur2_2012,206.0,152.0,588.0,132.0,130.0,25.0,65.5,138.0,342.0,39
ANSUR2-M-13837,M,1.0,ansur2_2012,201.0,144.0,558.0,121.0,117.0,18.0,69.5,147.0,352.0,45
ANSUR2-M-13838,M,1.0,ansur2_2012,205.0,159.0,586.0,131.0,130.0,19.0,63.5,151.0,344.0,42
ANSUR2-M-13840,M,1.0,ansur2_2012,206.0,156.0,582.0,130.0,131.0,29.0,72.5,147.0,344.0,39
ANSUR2-M-13841,M,1.0,ansur2_2012,202.0,159.0,582.0,124.0,132.0,20.0,69.0,151.0,352.0,43
ANSUR2-M-13842,M,1.0,ansur2_2012,205.0,165.0,601.0,136.0,130.0,21.0,66.5,145.0,348.0,40
ANSUR2-M-13843,M,1.0,ansur2_2012,212.0,166.0,606.0,134.0,133.0,19.0,73.0,156.0,371.0,44
ANSUR2-M-13845,M,1.0,ansur2_2012,198.0,153.0,561.0,121.0,115.0,28.0,67.5,143.0,316.0,41
ANSUR2-M-13848,M,1.0,ansur2_2012,194.0,147.0,550.0,133.0,130.0,26.0,60.0,143.0,331.0,44
ANSUR2-M-13849,M,1.0,ansur2_2012,186.0,147.0,538.0,125.0,126.0,25.0,55.5,135.0,320.0,38
ANSUR2-M-13851,M,1.0,ansur2_2012,206.0,148.0,576.0,130.0,120.0,24.0,65.0,143.0,331.0,44
ANSUR2-M-13854,M,1.0,ansur2_2012,206.0,152.0,570.0,134.0,132.0,27.0,64.0,142.0,336.0,47
ANSUR2-M-13856,M,1.0,ansur2_2012,200.0,149.0,562.0,133.0,122.0,25.0,65.5,144.0,331.0,40
ANSUR2-M-13858,M,1.0,ansur2_2012,198.0,164.0,580.0,140.0,121.0,19.0,63.0,150.0,329.0,41
ANSUR2-M-13861,M,1.0,ansur2_2012,206.0,149.0,584.0,123.0,120.0,24.0,65.0,144.0,336.0,39
ANSUR2-M-13863,M,1.0,ansur2_2012,194.0,158.0,565.0,124.0,124.0,23.0,72.5,150.0,352.0,40
ANSUR2-M-13865,M,1.0,ansur2_2012,204.0,155.0,574.0,131.0,128.0,18.0,66.5,140.0,340.0,39
ANSUR2-M-13869,M,1.0,ansur2_2012,197.0,152.0,563.0,120.0,140.0,29.0,65.0,138.0,346.0,43
ANSUR2-M-13871,M,1.0,ansur2_2012,205.0,156.0,577.0,122.0,119.0,22.0,63.0,143.0,334.0,53
ANSUR2-M-13872,M,1.0,ansur2_2012,197.0,163.0,573.0,128.0,128.0,21.0,67.0,152.0,344.0,44
ANSUR2-M-13873,M,1.0,ansur2_2012,188.0,157.0,560.0,131.0,115.0,27.0,70.0,148.0,334.0,48
ANSUR2-M-13874,M,1.0,ansur2_2012,202.0,155.0,577.0,129.0,123.0,22.0,66.0,135.0,335.0,43
ANSUR2-M-13875,M,1.0,ansur2_2012,196.0,157.0,573.0,126.0,120.0,25.0,66.0,144.0,333.0,39
ANSUR2-M-13878,M,1.0,ansur2_2012,211.0,154.0,595.0,139.0,156.0,25.0,68.5,138.0,329.0,47
ANSUR2-M-13879,M,1.0,ansur2_2012,198.0,155.0,578.0,126.0,127.0,20.0,59.0,140.0,326.0,39
ANSUR2-M-13882,M,1.0,ansur2_2012,208.0,155.0,586.0,133.0,138.0,23.0,62.0,138.0,334.0,41
ANSUR2-M-13883,M,1.0,ansur2_2012,199.0,157.0,570.0,131.0,127.0,24.0,60.5,146.0,335.0,37
ANSUR2-M-13884,M,1.0,ansur2_2012,200.0,156.0,568.0,125.0,124.0,21.0,64.0,145.0,351.0,51
ANSUR2-M-13886,M,1.0,ansur2_2012,211.0,151.0,584.0,138.0,117.0,21.0,56.5,136.0,320.0,44
ANSUR2-M-13887,M,1.0,ansur2_2012,213.0,174.0,615.0,144.0,139.0,20.0,69.5,158.0,360.0,39
ANSUR2-M-13888,M,1.0,ansur2_2012,203.0,153.0,568.0,120.0,128.0,22.0,66.5,136.0,339.0,41
ANSUR2-M-13901,M,1.0,ansur2_2012,188.0,157.0,568.0,129.0,126.0,23.0,63.5,138.0,313.0,49
ANSUR2-M-13902,M,1.0,ansur2_2012,199.0,164.0,587.0,134.0,126.0,23.0,66.5,147.0,344.0,47
ANSUR2-M-13903,M,1.0,ansur2_2012,207.0,155.0,584.0,130.0,123.0,25.0,59.5,143.0,338.0,42
ANSUR2-M-13904,M,1.0,ansur2_2012,199.0,150.0,563.0,130.0,130.0,19.0,63.5,138.0,328.0,48
ANSUR2-M-13905,M,1.0,ansur2_2012,187.0,147.0,557.0,126.0,120.0,22.0,66.0,143.0,343.0,44
ANSUR2-M-13906,M,1.0,ansur2_2012,195.0,144.0,564.0,127.0,116.0,21.0,57.0,131.0,322.0,38
ANSUR2-M-13909,M,1.0,ansur2_2012,198.0,154.0,564.0,128.0,120.0,23.0,60.5,143.0,326.0,40
ANSUR2-M-13912,M,1.0,ansur2_2012,201.0,160.0,589.0,138.0,124.0,22.0,68.0,151.0,346.0,45
ANSUR2-M-13914,M,1.0,ansur2_2012,200.0,155.0,575.0,122.0,125.0,22.0,63.0,147.0,340.0,41
ANSUR2-M-13915,M,1.0,ansur2_2012,202.0,158.0,574.0,126.0,129.0,24.0,60.0,138.0,341.0,40
ANSUR2-M-13916,M,1.0,ansur2_2012,199.0,155.0,563.0,121.0,123.0,23.0,63.5,143.0,320.0,44
ANSUR2-M-13917,M,1.0,ansur2_2012,200.0,152.0,580.0,139.0,122.0,24.0,61.0,133.0,305.0,41
ANSUR2-M-13918,M,1.0,ansur2_2012,205.0,156.0,576.0,130.0,118.0,18.0,65.0,148.0,337.0,44
ANSUR2-M-13919,M,1.0,ansur2_2012,210.0,164.0,608.0,145.0,122.0,21.0,64.5,141.0,341.0,46
ANSUR2-M-13925,M,1.0,ansur2_2012,202.0,157.0,583.0,130.0,128.0,20.0,66.0,148.0,357.0,39
ANSUR2-M-13927,M,1.0,ansur2_2012,194.0,150.0,560.0,132.0,127.0,18.0,65.0,139.0,317.0,42
ANSUR2-M-13928,M,1.0,ansur2_2012,201.0,159.0,580.0,129.0,121.0,27.0,69.5,145.0,333.0,49
ANSUR2-M-13929,M,1.0,ansur2_2012,204.0,155.0,577.0,136.0,112.0,22.0,63.0,147.0,324.0,45
ANSUR2-M-13930,M,1.0,ansur2_2012,192.0,147.0,545.0,119.0,123.0,20.0,57.5,140.0,322.0,38
ANSUR2-M-13931,M,1.0,ansur2_2012,208.0,154.0,584.0,123.0,119.0,24.0,60.0,140.0,338.0,36
ANSUR2-M-13932,M,1.0,ansur2_2012,204.0,157.0,582.0,128.0,127.0,21.0,64.5,145.0,352.0,44
ANSUR2-M-13934,M,1.0,ansur2_2012,207.0,155.0,593.0,135.0,136.0,24.0,69.0,148.0,359.0,42
ANSUR2-M-13935,M,1.0,ansur2_2012,190.0,156.0,547.0,136.0,129.0,23.0,65.5,145.0,344.0,48
ANSUR2-M-13936,M,1.0,ansur2_2012,203.0,153.0,577.0,127.0,128.0,25.0,64.0,143.0,328.0,40
ANSUR2-M-13937,M,1.0,ansur2_2012,206.0,167.0,603.0,130.0,124.0,25.0,73.5,155.0,344.0,40
ANSUR2-M-13938,M,1.0,ansur2_2012,210.0,153.0,603.0,135.0,120.0,23.0,68.0,140.0,347.0,41
ANSUR2-M-13939,M,1.0,ansur2_2012,200.0,161.0,586.0,136.0,126.0,25.0,61.5,155.0,346.0,46
ANSUR2-M-13941,M,1.0,ansur2_2012,200.0,151.0,572.0,117.0,120.0,23.0,64.5,138.0,340.0,40
ANSUR2-M-13942,M,1.0,ansur2_2012,203.0,157.0,576.0,134.0,117.0,22.0,64.0,146.0,333.0,48
ANSUR2-M-13943,M,1.0,ansur2_2012,195.0,149.0,565.0,124.0,117.0,22.0,67.5,146.0,338.0,45
ANSUR2-M-13944,M,1.0,ansur2_2012,186.0,158.0,552.0,122.0,130.0,20.0,66.0,148.0,342.0,47
ANSUR2-M-13945,M,1.0,ansur2_2012,208.0,163.0,585.0,135.0,129.0,25.0,62.5,138.0,327.0,42
ANSUR2-M-13946,M,1.0,ansur2_2012,194.0,157.0,570.0,129.0,123.0,27.0,65.0,148.0,326.0,41
ANSUR2-M-13947,M,1.0,ansur2_2012,197.0,153.0,566.0,125.0,128.0,21.0,65.0,144.0,345.0,38
ANSUR2-M-13949,M,1.0,ansur2_2012,192.0,153.0,565.0,116.0,113.0,21.0,69.0,145.0,328.0,44
ANSUR2-M-13950,M,1.0,ansur2_2012,208.0,147.0,578.0,126.0,128.0,24.0,62.0,133.0,328.0,40
ANSUR2-M-13951,M,1.0,ansur2_2012,198.0,157.0,579.0,130.0,119.0,23.0,67.0,144.0,334.0,43
ANSUR2-M-13954,M,1.0,ansur2_2012,194.0,146.0,560.0,127.0,112.0,24.0,61.0,130.0,327.0,45
ANSUR2-M-13955,M,1.0,ansur2_2012,196.0,154.0,568.0,134.0,128.0,24.0,65.0,143.0,344.0,39
ANSUR2-M-13956,M,1.0,ansur2_2012,209.0,154.0,595.0,132.0,134.0,19.0,64.5,136.0,343.0,41
ANSUR2-M-13958,M,1.0,ansur2_2012,204.0,160.0,587.0,124.0,121.0,18.0,62.0,141.0,337.0,45
ANSUR2-M-13959,M,1.0,ansur2_2012,196.0,153.0,570.0,125.0,127.0,21.0,62.5,141.0,356.0,42
ANSUR2-M-13963,M,1.0,ansur2_2012,211.0,164.0,586.0,131.0,115.0,28.0,74.5,149.0,350.0,46
ANSUR2-M-13965,M,1.0,ansur2_2012,194.0,150.0,560.0,127.0,124.0,19.0,67.5,146.0,334.0,48
ANSUR2-M-13966,M,1.0,ansur2_2012,196.0,157.0,566.0,140.0,126.0,26.0,56.0,138.0,340.0,36
ANSUR2-M-13967,M,1.0,ansur2_2012,200.0,153.0,574.0,136.0,118.0,27.0,58.0,144.0,332.0,53
ANSUR2-M-13969,M,1.0,ansur2_2012,208.0,177.0,615.0,137.0,127.0,27.0,76.0,161.0,358.0,45
ANSUR2-M-13970,M,1.0,ansur2_2012,201.0,147.0,567.0,130.0,127.0,21.0,59.0,137.0,354.0,40
ANSUR2-M-13971,M,1.0,ansur2_2012,185.0,154.0,548.0,138.0,117.0,24.0,63.5,137.0,328.0,53
ANSUR2-M-13973,M,1.0,ansur2_2012,212.0,155.0,594.0,135.0,119.0,22.0,63.0,141.0,323.0,41
ANSUR2-M-13976,M,1.0,ansur2_2012,192.0,153.0,554.0,120.0,113.0,22.0,60.0,141.0,324.0,40
ANSUR2-M-13977,M,1.0,ansur2_2012,193.0,153.0,552.0,127.0,126.0,23.0,58.5,145.0,330.0,47
ANSUR2-M-13978,M,1.0,ansur2_2012,199.0,153.0,570.0,120.0,121.0,23.0,63.5,132.0,331.0,39
ANSUR2-M-13979,M,1.0,ansur2_2012,202.0,155.0,580.0,128.0,127.0,23.0,62.0,140.0,334.0,38
ANSUR2-M-13980,M,1.0,ansur2_2012,204.0,151.0,572.0,134.0,127.0,20.0,66.0,144.0,334.0,43
ANSUR2-M-13981,M,1.0,ansur2_2012,206.0,153.0,583.0,129.0,120.0,24.0,67.0,138.0,320.0,46
ANSUR2-M-13982,M,1.0,ansur2_2012,198.0,156.0,575.0,133.0,125.0,23.0,67.0,142.0,328.0,45
ANSUR2-M-13992,M,1.0,ansur2_2012,183.0,154.0,540.0,113.0,123.0,23.0,69.0,139.0,306.0,40
ANSUR2-M-13993,M,1.0,ansur2_2012,198.0,159.0,577.0,132.0,119.0,22.0,64.5,153.0,334.0,45
ANSUR2-M-13994,M,1.0,ansur2_2012,207.0,153.0,585.0,127.0,117.0,23.0,63.5,140.0,323.0,39
ANSUR2-M-13996,M,1.0,ansur2_2012,198.0,157.0,566.0,130.0,126.0,24.0,63.0,140.0,317.0,38
ANSUR2-M-13997,M,1.0,ansur2_2012,203.0,155.0,568.0,124.0,116.0,23.0,64.5,143.0,333.0,40
ANSUR2-M-13999,M,1.0,ansur2_2012,201.0,148.0,568.0,125.0,123.0,22.0,61.5,139.0,325.0,44
ANSUR2-M-14000,M,1.0,ansur2_2012,213.0,160.0,600.0,130.0,124.0,23.0,67.0,150.0,348.0,39
ANSUR2-M-14001,M,1.0,ansur2_2012,207.0,157.0,588.0,125.0,124.0,26.0,68.5,144.0,323.0,52
ANSUR2-M-14003,M,1.0,ansur2_2012,185.0,147.0,547.0,131.0,123.0,25.0,64.0,141.0,326.0,54
ANSUR2-M-14005,M,1.0,ansur2_2012,198.0,151.0,570.0,135.0,124.0,29.0,69.0,141.0,320.0,42
ANSUR2-M-14006,M,1.0,ansur2_2012,200.0,166.0,590.0,131.0,129.0,22.0,66.0,148.0,336.0,43
ANSUR2-M-14007,M,1.0,ansur2_2012,206.0,156.0,580.0,127.0,121.0,25.0,64.5,145.0,353.0,56
ANSUR2-M-14009,M,1.0,ansur2_2012,203.0,146.0,563.0,114.0,130.0,19.0,63.0,136.0,324.0,46
ANSUR2-M-14010,M,1.0,ansur2_2012,215.0,161.0,610.0,134.0,131.0,24.0,68.5,149.0,346.0,42
ANSUR2-M-14011,M,1.0,ansur2_2012,202.0,156.0,576.0,130.0,134.0,24.0,61.0,140.0,342.0,47
ANSUR2-M-14012,M,1.0,ansur2_2012,211.0,150.0,585.0,130.0,132.0,19.0,68.0,141.0,324.0,46
ANSUR2-M-14013,M,1.0,ansur2_2012,194.0,156.0,567.0,123.0,122.0,20.0,67.5,142.0,323.0,46
ANSUR2-M-14014,M,1.0,ansur2_2012,196.0,158.0,578.0,144.0,124.0,23.0,63.5,148.0,330.0,51
ANSUR2-M-14016,M,1.0,ansur2_2012,192.0,155.0,553.0,123.0,111.0,29.0,68.5,143.0,320.0,50
ANSUR2-M-14019,M,1.0,ansur2_2012,197.0,154.0,574.0,139.0,125.0,25.0,65.5,144.0,324.0,22
ANSUR2-M-14021,M,1.0,ansur2_2012,195.0,147.0,556.0,129.0,121.0,25.0,60.0,136.0,315.0,41
ANSUR2-M-14022,M,1.0,ansur2_2012,196.0,154.0,577.0,124.0,116.0,19.0,67.0,145.0,316.0,44
ANSUR2-M-14023,M,1.0,ansur2_2012,206.0,157.0,577.0,136.0,137.0,25.0,67.0,144.0,331.0,47
ANSUR2-M-14026,M,1.0,ansur2_2012,204.0,153.0,578.0,135.0,124.0,28.0,64.0,147.0,344.0,28
ANSUR2-M-14029,M,1.0,ansur2_2012,207.0,152.0,582.0,120.0,125.0,22.0,66.5,143.0,336.0,35
ANSUR2-M-14030,M,1.0,ansur2_2012,211.0,153.0,580.0,118.0,136.0,26.0,66.0,140.0,357.0,57
ANSUR2-M-14031,M,1.0,ansur2_2012,194.0,161.0,557.0,128.0,116.0,25.0,65.5,152.0,344.0,33
ANSUR2-M-14032,M,1.0,ansur2_2012,193.0,170.0,578.0,139.0,122.0,30.0,59.5,152.0,340.0,41
ANSUR2-M-14033,M,1.0,ansur2_2012,183.0,166.0,552.0,130.0,117.0,28.0,65.0,144.0,327.0,42
ANSUR2-M-14036,M,1.0,ansur2_2012,197.0,155.0,560.0,114.0,126.0,23.0,65.0,140.0,337.0,22
ANSUR2-M-14037,M,1.0,ansur2_2012,187.0,158.0,554.0,132.0,114.0,27.0,65.5,149.0,324.0,40
ANSUR2-M-14038,M,1.0,ansur2_2012,192.0,166.0,570.0,140.0,121.0,28.0,60.5,145.0,327.0,38
ANSUR2-M-14039,M,1.0,ansur2_2012,202.0,158.0,587.0,140.0,128.0,24.0,67.5,147.0,354.0,34
ANSUR2-M-14040,M,1.0,ansur2_2012,205.0,157.0,586.0,125.0,112.0,25.0,62.0,139.0,316.0,30
ANSUR2-M-14041,M,1.0,ansur2_2012,211.0,161.0,608.0,132.0,122.0,20.0,62.5,149.0,346.0,26
ANSUR2-M-14043,M,1.0,ansur2_2012,192.0,162.0,554.0,139.0,133.0,22.0,62.0,137.0,316.0,31
ANSUR2-M-14044,M,1.0,ansur2_2012,196.0,159.0,573.0,134.0,118.0,22.0,67.0,144.0,341.0,20
ANSUR2-M-14045,M,1.0,ansur2_2012,197.0,152.0,567.0,133.0,123.0,25.0,69.0,146.0,325.0,24
ANSUR2-M-14047,M,1.0,ansur2_2012,197.0,154.0,574.0,123.0,128.0,27.0,62.0,137.0,335.0,26
ANSUR2-M-14048,M,1.0,ansur2_2012,198.0,163.0,589.0,127.0,129.0,26.0,73.0,161.0,368.0,53
ANSUR2-M-14062,M,1.0,ansur2_2012,187.0,160.0,567.0,135.0,120.0,24.0,64.0,150.0,336.0,58
ANSUR2-M-14063,M,1.0,ansur2_2012,202.0,152.0,581.0,127.0,122.0,22.0,67.0,143.0,334.0,35
ANSUR2-M-14064,M,1.0,ansur2_2012,203.0,158.0,600.0,120.0,123.0,21.0,58.0,147.0,336.0,49
ANSUR2-M-14066,M,1.0,ansur2_2012,202.0,157.0,585.0,132.0,125.0,27.0,64.5,143.0,345.0,35
ANSUR2-M-14067,M,1.0,ansur2_2012,204.0,157.0,585.0,127.0,129.0,23.0,64.5,136.0,340.0,21
ANSUR2-M-14068,M,1.0,ansur2_2012,198.0,152.0,565.0,124.0,126.0,21.0,62.5,138.0,324.0,24
ANSUR2-M-14069,M,1.0,ansur2_2012,207.0,151.0,575.0,138.0,133.0,24.0,66.0,137.0,334.0,22
ANSUR2-M-14070,M,1.0,ansur2_2012,208.0,172.0,617.0,130.0,128.0,23.0,68.5,158.0,336.0,37
ANSUR2-M-14071,M,1.0,ansur2_2012,203.0,157.0,578.0,135.0,130.0,26.0,67.0,140.0,335.0,36
ANSUR2-M-14072,M,1.0,ansur2_2012,192.0,166.0,574.0,138.0,120.0,27.0,66.0,147.0,320.0,31
ANSUR2-M-14073,M,1.0,ansur2_2012,197.0,157.0,566.0,137.0,122.0,23.0,64.5,136.0,307.0,41
ANSUR2-M-14074,M,1.0,ansur2_2012,202.0,162.0,590.0,130.0,133.0,26.0,64.0,146.0,326.0,31
ANSUR2-M-14075,M,1.0,ansur2_2012,196.0,153.0,577.0,126.0,122.0,24.0,66.0,143.0,344.0,33
ANSUR2-M-14076,M,1.0,ansur2_2012,199.0,158.0,577.0,128.0,128.0,21.0,63.0,144.0,336.0,41
ANSUR2-M-14077,M,1.0,ansur2_2012,185.0,154.0,547.0,131.0,122.0,27.0,64.5,139.0,325.0,25
ANSUR2-M-14078,M,1.0,ansur2_2012,199.0,157.0,581.0,132.0,123.0,26.0,66.0,139.0,324.0,31
ANSUR2-M-14079,M,1.0,ansur2_2012,204.0,154.0,580.0,134.0,118.0,21.0,62.5,149.0,349.0,45
ANSUR2-M-14081,M,1.0,ansur2_2012,202.0,153.0,582.0,131.0,113.0,26.0,65.0,144.0,319.0,33
ANSUR2-M-14082,M,1.0,ansur2_2012,200.0,154.0,573.0,127.0,130.0,26.0,62.5,146.0,326.0,27
ANSUR2-M-14083,M,1.0,ansur2_2012,200.0,168.0,597.0,140.0,123.0,30.0,63.5,151.0,330.0,22
ANSUR2-M-14085,M,1.0,ansur2_2012,198.0,153.0,568.0,135.0,117.0,24.0,58.5,143.0,326.0,31
ANSUR2-M-14086,M,1.0,ansur2_2012,204.0,150.0,580.0,117.0,113.0,20.0,64.5,131.0,327.0,40
ANSUR2-M-14087,M,1.0,ansur2_2012,199.0,156.0,572.0,124.0,124.0,18.0,67.5,145.0,330.0,41
ANSUR2-M-14088,M,1.0,ansur2_2012,205.0,151.0,582.0,137.0,122.0,28.0,61.0,128.0,324.0,22
ANSUR2-M-14089,M,1.0,ansur2_2012,199.0,147.0,575.0,128.0,113.0,23.0,66.0,141.0,334.0,43
ANSUR2-M-14090,M,1.0,ansur2_2012,202.0,156.0,566.0,127.0,122.0,26.0,67.0,148.0,337.0,44
ANSUR2-M-14092,M,1.0,ansur2_2012,192.0,154.0,553.0,116.0,108.0,23.0,61.5,137.0,326.0,29
ANSUR2-M-14093,M,1.0,ansur2_2012,203.0,149.0,573.0,133.0,122.0,29.0,63.0,139.0,334.0,42
ANSUR2-M-14094,M,1.0,ansur2_2012,205.0,155.0,587.0,123.0,137.0,19.0,62.5,136.0,327.0,28
ANSUR2-M-14095,M,1.0,ansur2_2012,204.0,161.0,593.0,137.0,126.0,19.0,57.5,146.0,330.0,30
ANSUR2-M-14096,M,1.0,ansur2_2012,198.0,162.0,599.0,136.0,126.0,29.0,67.0,149.0,355.0,27
ANSUR2-M-14097,M,1.0,ansur2_2012,188.0,157.0,559.0,131.0,125.0,30.0,63.5,147.0,324.0,26
ANSUR2-M-14098,M,1.0,ansur2_2012,200.0,153.0,569.0,137.0,129.0,24.0,64.0,147.0,332.0,30
ANSUR2-M-14099,M,1.0,ansur2_2012,204.0,164.0,595.0,139.0,130.0,20.0,64.5,150.0,334.0,35
ANSUR2-M-14101,M,1.0,ansur2_2012,198.0,158.0,579.0,134.0,110.0,26.0,62.0,143.0,344.0,30
ANSUR2-M-14104,M,1.0,ansur2_2012,193.0,145.0,567.0,130.0,115.0,25.0,64.5,146.0,339.0,24
ANSUR2-M-14106,M,1.0,ansur2_2012,190.0,153.0,557.0,129.0,120.0,22.0,65.5,140.0,321.0,39
ANSUR2-M-14108,M,1.0,ansur2_2012,208.0,148.0,594.0,129.0,134.0,25.0,62.0,142.0,354.0,41
ANSUR2-M-14109,M,1.0,ansur2_2012,197.0,152.0,568.0,127.0,134.0,24.0,61.5,138.0,313.0,44
ANSUR2-M-14110,M,1.0,ansur2_2012,191.0,154.0,554.0,124.0,125.0,29.0,59.5,141.0,336.0,33
ANSUR2-M-14114,M,1.0,ansur2_2012,206.0,155.0,590.0,136.0,116.0,27.0,68.5,152.0,345.0,23
ANSUR2-M-14115,M,1.0,ansur2_2012,183.0,163.0,544.0,120.0,120.0,30.0,61.0,146.0,324.0,35
ANSUR2-M-14116,M,1.0,ansur2_2012,201.0,149.0,575.0,124.0,122.0,21.0,67.5,142.0,320.0,40
ANSUR2-M-14130,M,1.0,ansur2_2012,201.0,146.0,555.0,124.0,108.0,23.0,64.0,141.0,320.0,20
ANSUR2-M-14131,M,1.0,ansur2_2012,202.0,156.0,564.0,127.0,120.0,23.0,58.0,145.0,337.0,35
ANSUR2-M-14132,M,1.0,ansur2_2012,206.0,156.0,590.0,130.0,126.0,21.0,65.0,153.0,350.0,29
ANSUR2-M-14133,M,1.0,ansur2_2012,211.0,157.0,603.0,148.0,125.0,23.0,69.5,146.0,354.0,29
ANSUR2-M-14134,M,1.0,ansur2_2012,192.0,143.0,547.0,127.0,125.0,25.0,66.0,130.0,315.0,48
ANSUR2-M-14141,M,1.0,ansur2_2012,209.0,157.0,596.0,132.0,129.0,22.0,64.0,153.0,356.0,26
ANSUR2-M-14142,M,1.0,ansur2_2012,208.0,154.0,586.0,141.0,140.0,21.0,65.0,152.0,345.0,27
ANSUR2-M-14143,M,1.0,ansur2_2012,208.0,156.0,592.0,134.0,126.0,18.0,63.5,132.0,317.0,22
ANSUR2-M-14144,M,1.0,ansur2_2012,204.0,154.0,586.0,126.0,126.0,29.0,64.0,148.0,332.0,30
ANSUR2-M-14146,M,1.0,ansur2_2012,200.0,154.0,583.0,127.0,121.0,23.0,65.5,141.0,341.0,25
ANSUR2-M-14147,M,1.0,ansur2_2012,188.0,160.0,570.0,130.0,118.0,26.0,68.0,146.0,337.0,21
ANSUR2-M-14148,M,1.0,ansur2_2012,207.0,154.0,584.0,136.0,122.0,22.0,69.5,146.0,326.0,36
ANSUR2-M-14149,M,1.0,ansur2_2012,192.0,147.0,553.0,130.0,112.0,27.0,58.5,128.0,307.0,21
ANSUR2-M-14151,M,1.0,ansur2_2012,187.0,155.0,540.0,128.0,124.0,28.0,62.5,142.0,340.0,50
ANSUR2-M-14153,M,1.0,ansur2_2012,201.0,149.0,574.0,127.0,119.0,22.0,65.5,136.0,324.0,23
ANSUR2-M-14154,M,1.0,ansur2_2012,196.0,147.0,561.0,125.0,119.0,24.0,64.5,133.0,313.0,20
ANSUR2-M-14155,M,1.0,ansur2_2012,205.0,160.0,596.0,128.0,111.0,24.0,67.0,150.0,327.0,24
ANSUR2-M-14156,M,1.0,ansur2_2012,202.0,156.0,580.0,120.0,132.0,24.0,67.0,138.0,348.0,26
ANSUR2-M-14157,M,1.0,ansur2_2012,203.0,160.0,582.0,128.0,131.0,26.0,66.5,146.0,344.0,44
ANSUR2-M-14158,M,1.0,ansur2_2012,199.0,153.0,571.0,124.0,120.0,29.0,62.5,129.0,325.0,25
ANSUR2-M-14160,M,1.0,ansur2_2012,208.0,158.0,603.0,139.0,129.0,26.0,67.5,149.0,356.0,25
ANSUR2-M-14161,M,1.0,ansur2_2012,201.0,146.0,572.0,132.0,128.0,20.0,61.5,141.0,336.0,31
ANSUR2-M-14164,M,1.0,ansur2_2012,196.0,159.0,578.0,133.0,125.0,26.0,60.0,138.0,335.0,21
ANSUR2-M-14165,M,1.0,ansur2_2012,198.0,146.0,566.0,119.0,138.0,17.0,59.0,134.0,315.0,21
ANSUR2-M-14168,M,1.0,ansur2_2012,206.0,154.0,592.0,133.0,120.0,23.0,64.0,145.0,347.0,24
ANSUR2-M-14170,M,1.0,ansur2_2012,206.0,153.0,581.0,126.0,119.0,21.0,61.5,142.0,327.0,24
ANSUR2-M-14171,M,1.0,ansur2_2012,209.0,151.0,585.0,125.0,120.0,23.0,68.0,148.0,357.0,20
ANSUR2-M-14172,M,1.0,ansur2_2012,193.0,146.0,550.0,125.0,126.0,22.0,62.0,132.0,313.0,20
ANSUR2-M-14175,M,1.0,ansur2_2012,202.0,161.0,577.0,127.0,121.0,20.0,62.0,146.0,341.0,35
ANSUR2-M-14176,M,1.0,ansur2_2012,200.0,158.0,578.0,134.0,122.0,27.0,61.0,141.0,347.0,30
ANSUR2-M-14177,M,1.0,ansur2_2012,200.0,163.0,590.0,132.0,134.0,22.0,69.0,146.0,356.0,44
ANSUR2-M-14178,M,1.0,ansur2_2012,204.0,156.0,597.0,133.0,123.0,27.0,63.5,146.0,329.0,51
ANSUR2-M-14204,M,1.0,ansur2_2012,202.0,157.0,592.0,134.0,132.0,20.0,63.5,140.0,349.0,43
ANSUR2-M-14205,M,1.0,ansur2_2012,197.0,150.0,563.0,124.0,118.0,18.0,56.5,135.0,319.0,45
ANSUR2-M-14206,M,1.0,ansur2_2012,203.0,141.0,578.0,120.0,122.0,22.0,61.5,141.0,325.0,41
ANSUR2-M-14208,M,1.0,ansur2_2012,199.0,153.0,564.0,133.0,122.0,23.0,67.0,141.0,316.0,28
ANSUR2-M-14209,M,1.0,ansur2_2012,196.0,156.0,574.0,127.0,122.0,24.0,64.0,140.0,333.0,31
ANSUR2-M-14210,M,1.0,ansur2_2012,203.0,153.0,573.0,130.0,127.0,18.0,65.0,145.0,338.0,36
ANSUR2-M-14211,M,1.0,ansur2_2012,203.0,152.0,575.0,131.0,126.0,24.0,61.0,147.0,338.0,38
ANSUR2-M-14212,M,1.0,ansur2_2012,205.0,155.0,589.0,136.0,123.0,24.0,64.0,140.0,322.0,31
ANSUR2-M-14213,M,1.0,ansur2_2012,202.0,147.0,566.0,127.0,113.0,23.0,60.5,132.0,316.0,20
ANSUR2-M-14214,M,1.0,ansur2_2012,202.0,150.0,570.0,135.0,129.0,23.0,69.5,137.0,334.0,48
ANSUR2-M-14215,M,1.0,ansur2_2012,182.0,157.0,559.0,124.0,123.0,24.0,57.0,140.0,331.0,39
ANSUR2-M-14216,M,1.0,ansur2_2012,189.0,156.0,560.0,129.0,125.0,25.0,62.5,139.0,333.0,41
ANSUR2-M-14217,M,1.0,ansur2_2012,199.0,143.0,561.0,134.0,117.0,22.0,69.5,139.0,336.0,33
ANSUR2-M-14243,M,1.0,ansur2_2012,197.0,153.0,574.0,138.0,128.0,20.0,64.0,136.0,345.0,39
ANSUR2-M-14244,M,1.0,ansur2_2012,208.0,163.0,606.0,135.0,123.0,23.0,65.5,149.0,337.0,47
ANSUR2-M-14245,M,1.0,ansur2_2012,199.0,154.0,578.0,136.0,123.0,26.0,66.0,132.0,304.0,20
ANSUR2-M-14260,M,1.0,ansur2_2012,212.0,153.0,594.0,133.0,125.0,27.0,64.0,148.0,355.0,43
ANSUR2-M-14262,M,1.0,ansur2_2012,215.0,165.0,622.0,148.0,130.0,24.0,63.5,151.0,341.0,27
ANSUR2-M-14263,M,1.0,ansur2_2012,200.0,156.0,579.0,126.0,123.0,24.0,62.0,143.0,339.0,35
ANSUR2-M-14268,M,1.0,ansur2_2012,185.0,157.0,555.0,116.0,120.0,22.0,63.5,150.0,329.0,22
ANSUR2-M-14269,M,1.0,ansur2_2012,195.0,155.0,568.0,126.0,117.0,22.0,65.5,142.0,335.0,29
ANSUR2-M-14270,M,1.0,ansur2_2012,197.0,160.0,587.0,125.0,119.0,25.0,59.5,151.0,335.0,26
ANSUR2-M-14271,M,1.0,ansur2_2012,196.0,162.0,578.0,118.0,111.0,24.0,64.5,151.0,333.0,23
ANSUR2-M-14272,M,1.0,ansur2_2012,196.0,146.0,550.0,128.0,128.0,23.0,53.0,135.0,321.0,21
ANSUR2-M-14273,M,1.0,ansur2_2012,193.0,149.0,552.0,126.0,117.0,23.0,64.5,141.0,325.0,22
ANSUR2-M-14274,M,1.0,ansur2_2012,217.0,166.0,630.0,143.0,123.0,24.0,66.5,149.0,344.0,26
ANSUR2-M-14278,M,1.0,ansur2_2012,201.0,154.0,576.0,132.0,120.0,21.0,64.5,146.0,332.0,24
ANSUR2-M-14280,M,1.0,ansur2_2012,208.0,156.0,602.0,140.0,130.0,24.0,70.5,149.0,340.0,21
ANSUR2-M-14283,M,1.0,ansur2_2012,206.0,150.0,585.0,139.0,126.0,27.0,67.5,139.0,337.0,45
ANSUR2-M-14287,M,1.0,ansur2_2012,211.0,153.0,605.0,135.0,117.0,26.0,65.5,135.0,338.0,25
ANSUR2-M-14288,M,1.0,ansur2_2012,208.0,161.0,594.0,135.0,124.0,24.0,63.0,153.0,346.0,19
ANSUR2-M-14290,M,1.0,ansur2_2012,211.0,150.0,590.0,127.0,128.0,22.0,65.5,141.0,333.0,21
ANSUR2-M-14291,M,1.0,ansur2_2012,198.0,155.0,576.0,131.0,120.0,27.0,65.5,143.0,330.0,19
ANSUR2-M-14296,M,1.0,ansur2_2012,202.0,160.0,590.0,128.0,122.0,23.0,68.5,148.0,337.0,32
ANSUR2-M-14297,M,1.0,ansur2_2012,197.0,161.0,588.0,131.0,122.0,24.0,65.5,147.0,344.0,20
ANSUR2-M-14298,M,1.0,ansur2_2012,206.0,158.0,580.0,129.0,123.0,25.0,63.0,147.0,321.0,26
ANSUR2-M-14300,M,1.0,ansur2_2012,202.0,154.0,574.0,137.0,118.0,24.0,66.0,144.0,344.0,34
ANSUR2-M-14302,M,1.0,ansur2_2012,202.0,160.0,584.0,138.0,125.0,24.0,61.5,152.0,335.0,22
ANSUR2-M-14307,M,1.0,ansur2_2012,200.0,157.0,567.0,129.0,117.0,26.0,65.0,133.0,314.0,19
ANSUR2-M-14308,M,1.0,ansur2_2012,196.0,159.0,575.0,138.0,126.0,29.0,66.0,143.0,337.0,21
ANSUR2-M-14312,M,1.0,ansur2_2012,204.0,161.0,596.0,137.0,126.0,20.0,64.5,148.0,320.0,23
ANSUR2-M-14313,M,1.0,ansur2_2012,200.0,154.0,570.0,130.0,124.0,28.0,63.5,141.0,313.0,22
ANSUR2-M-14316,M,1.0,ansur2_2012,201.0,153.0,576.0,135.0,120.0,21.0,67.0,154.0,348.0,23
ANSUR2-M-14317,M,1.0,ansur2_2012,198.0,140.0,548.0,128.0,129.0,21.0,60.5,131.0,333.0,26
ANSUR2-M-14318,M,1.0,ansur2_2012,200.0,149.0,583.0,134.0,119.0,20.0,67.5,148.0,342.0,32
ANSUR2-M-14319,M,1.0,ansur2_2012,191.0,153.0,550.0,127.0,117.0,24.0,62.0,145.0,337.0,20
ANSUR2-M-14320,M,1.0,ansur2_2012,199.0,161.0,586.0,131.0,114.0,28.0,62.5,141.0,334.0,21
ANSUR2-M-14321,M,1.0,ansur2_2012,201.0,151.0,567.0,136.0,128.0,28.0,55.5,136.0,325.0,20
ANSUR2-M-14323,M,1.0,ansur2_2012,207.0,158.0,593.0,126.0,125.0,26.0,65.5,150.0,338.0,26
ANSUR2-M-14326,M,1.0,ansur2_2012,214.0,145.0,588.0,134.0,126.0,26.0,65.5,137.0,336.0,23
ANSUR2-M-14327,M,1.0,ansur2_2012,212.0,162.0,614.0,138.0,126.0,22.0,62.5,158.0,364.0,26
ANSUR2-M-14328,M,1.0,ansur2_2012,192.0,162.0,577.0,121.0,121.0,28.0,68.0,152.0,337.0,20
ANSUR2-M-14329,M,1.0,ansur2_2012,200.0,152.0,568.0,145.0,126.0,25.0,63.0,131.0,307.0,21
ANSUR2-M-14331,M,1.0,ansur2_2012,182.0,151.0,538.0,129.0,112.0,17.0,61.0,142.0,310.0,21
ANSUR2-M-14332,M,1.0,ansur2_2012,206.0,161.0,590.0,136.0,129.0,26.0,62.0,143.0,327.0,20
ANSUR2-M-14333,M,1.0,ansur2_2012,206.0,157.0,584.0,128.0,121.0,26.0,64.0,149.0,341.0,28
ANSUR2-M-14334,M,1.0,ansur2_2012,186.0,149.0,544.0,130.0,109.0,22.0,61.0,134.0,310.0,19
ANSUR2-M-14335,M,1.0,ansur2_2012,195.0,156.0,571.0,126.0,120.0,26.0,62.0,140.0,313.0,21
ANSUR2-M-14342,M,1.0,ansur2_2012,188.0,152.0,560.0,136.0,124.0,27.0,60.5,145.0,330.0,24
ANSUR2-M-14343,M,1.0,ansur2_2012,204.0,154.0,590.0,136.0,130.0,19.0,66.5,142.0,330.0,21
ANSUR2-M-14344,M,1.0,ansur2_2012,187.0,145.0,541.0,125.0,106.0,29.0,57.5,124.0,281.0,25
ANSUR2-M-14348,M,1.0,ansur2_2012,206.0,156.0,587.0,145.0,138.0,22.0,65.0,143.0,343.0,21
ANSUR2-M-14349,M,1.0,ansur2_2012,210.0,154.0,606.0,135.0,135.0,23.0,64.5,154.0,366.0,25
ANSUR2-M-14351,M,1.0,ansur2_2012,197.0,152.0,579.0,120.0,114.0,26.0,66.5,141.0,331.0,19
ANSUR2-M-14353,M,1.0,ansur2_2012,194.0,161.0,575.0,123.0,124.0,24.0,64.0,145.0,329.0,20
ANSUR2-M-14357,M,1.0,ansur2_2012,200.0,156.0,574.0,130.0,123.0,19.0,65.5,152.0,347.0,36
ANSUR2-M-14370,M,1.0,ansur2_2012,202.0,149.0,571.0,123.0,122.0,24.0,60.5,135.0,327.0,19
ANSUR2-M-14371,M,1.0,ansur2_2012,201.0,154.0,576.0,134.0,125.0,24.0,62.5,136.0,324.0,18
ANSUR2-M-14373,M,1.0,ansur2_2012,201.0,151.0,572.0,137.0,127.0,25.0,65.0,138.0,330.0,22
ANSUR2-M-14374,M,1.0,ansur2_2012,184.0,146.0,552.0,114.0,111.0,20.0,58.5,139.0,320.0,20
ANSUR2-M-14375,M,1.0,ansur2_2012,213.0,161.0,607.0,142.0,108.0,26.0,67.0,151.0,337.0,23
ANSUR2-M-14376,M,1.0,ansur2_2012,200.0,155.0,578.0,133.0,128.0,22.0,64.5,147.0,336.0,18
ANSUR2-M-14377,M,1.0,ansur2_2012,194.0,146.0,552.0,124.0,120.0,22.0,61.5,134.0,304.0,20
ANSUR2-M-14378,M,1.0,ansur2_2012,208.0,161.0,612.0,133.0,132.0,22.0,69.0,157.0,355.0,21
ANSUR2-M-14380,M,1.0,ansur2_2012,208.0,163.0,593.0,139.0,120.0,21.0,64.0,147.0,325.0,20
ANSUR2-M-14381,M,1.0,ansur2_2012,193.0,161.0,577.0,140.0,111.0,23.0,66.0,141.0,334.0,21
ANSUR2-M-14382,M,1.0,ansur2_2012,204.0,155.0,577.0,131.0,123.0,21.0,65.0,143.0,328.0,19
ANSUR2-M-14383,M,1.0,ansur2_2012,199.0,149.0,570.0,124.0,114.0,23.0,63.0,138.0,322.0,19
ANSUR2-M-14385,M,1.0,ansur2_2012,188.0,151.0,549.0,127.0,120.0,24.0,60.0,136.0,330.0,23
ANSUR2-M-14387,M,1.0,ansur2_2012,201.0,152.0,568.0,130.0,127.0,28.0,66.0,141.0,327.0,21
ANSUR2-M-14388,M,1.0,ansur2_2012,203.0,154.0,583.0,128.0,123.0,26.0,64.5,144.0,334.0,20
ANSUR2-M-14389,M,1.0,ansur2_2012,204.0,153.0,582.0,138.0,130.0,29.0,59.0,137.0,330.0,18
ANSUR2-M-14390,M,1.0,ansur2_2012,204.0,155.0,584.0,120.0,120.0,23.0,65.0,139.0,327.0,20
ANSUR2-M-14391,M,1.0,ansur2_2012,213.0,156.0,596.0,133.0,130.0,26.0,68.0,138.0,338.0,22
ANSUR2-M-14393,M,1.0,ansur2_2012,198.0,147.0,565.0,122.0,121.0,25.0,60.5,134.0,301.0,18
ANSUR2-M-14394,M,1.0,ansur2_2012,197.0,152.0,563.0,134.0,119.0,22.0,68.5,140.0,314.0,34
ANSUR2-M-14395,M,1.0,ansur2_2012,193.0,153.0,558.0,125.0,115.0,27.0,62.5,142.0,328.0,22
ANSUR2-M-14396,M,1.0,ansur2_2012,197.0,153.0,567.0,124.0,124.0,21.0,64.0,136.0,317.0,24
ANSUR2-M-14397,M,1.0,ansur2_2012,206.0,152.0,582.0,122.0,128.0,25.0,60.5,141.0,364.0,32
ANSUR2-M-14398,M,1.0,ansur2_2012,191.0,157.0,561.0,124.0,120.0,28.0,63.5,148.0,337.0,24
ANSUR2-M-14401,M,1.0,ansur2_2012,200.0,149.0,575.0,112.0,114.0,21.0,60.5,144.0,336.0,28
ANSUR2-M-14402,M,1.0,ansur2_2012,197.0,151.0,568.0,133.0,120.0,25.0,65.0,137.0,334.0,31
ANSUR2-M-14403,M,1.0,ansur2_2012,215.0,160.0,611.0,130.0,124.0,24.0,65.0,152.0,366.0,32
ANSUR2-M-14409,M,1.0,ansur2_2012,187.0,153.0,561.0,139.0,120.0,32.0,61.5,132.0,322.0,29
ANSUR2-M-14488,M,1.0,ansur2_2012,197.0,158.0,586.0,128.0,129.0,20.0,64.0,148.0,342.0,18
ANSUR2-M-14498,M,1.0,ansur2_2012,210.0,163.0,615.0,122.0,129.0,20.0,68.0,151.0,358.0,30
ANSUR2-M-14508,M,1.0,ansur2_2012,195.0,146.0,557.0,123.0,115.0,25.0,59.0,133.0,310.0,24
ANSUR2-M-14522,M,1.0,ansur2_2012,209.0,155.0,597.0,128.0,126.0,27.0,66.5,145.0,355.0,30
ANSUR2-M-14531,M,1.0,ansur2_2012,193.0,156.0,564.0,120.0,124.0,24.0,61.0,145.0,336.0,20
ANSUR2-M-14533,M,1.0,ansur2_2012,200.0,155.0,582.0,122.0,119.0,24.0,67.5,151.0,348.0,22
ANSUR2-M-14536,M,1.0,ansur2_2012,201.0,149.0,564.0,119.0,111.0,30.0,63.0,141.0,320.0,19
ANSUR2-M-14539,M,1.0,ansur2_2012,200.0,152.0,561.0,114.0,123.0,26.0,64.0,143.0,339.0,28
ANSUR2-M-14541,M,1.0,ansur2_2012,197.0,146.0,564.0,124.0,115.0,25.0,61.5,128.0,317.0,20
ANSUR2-M-14547,M,1.0,ansur2_2012,193.0,152.0,557.0,124.0,118.0,19.0,63.5,143.0,322.0,24
ANSUR2-M-14551,M,1.0,ansur2_2012,203.0,143.0,564.0,130.0,127.0,27.0,61.0,133.0,309.0,22
ANSUR2-M-14554,M,1.0,ansur2_2012,204.0,167.0,598.0,144.0,129.0,23.0,66.5,148.0,343.0,35
ANSUR2-M-14557,M,1.0,ansur2_2012,197.0,145.0,562.0,115.0,121.0,22.0,56.0,135.0,327.0,21
ANSUR2-M-14558,M,1.0,ansur2_2012,194.0,148.0,549.0,126.0,119.0,19.0,62.5,131.0,324.0,36
ANSUR2-M-14559,M,1.0,ansur2_2012,200.0,150.0,572.0,115.0,123.0,18.0,66.0,140.0,318.0,28
ANSUR2-M-14569,M,1.0,ansur2_2012,198.0,154.0,586.0,122.0,115.0,26.0,58.0,144.0,331.0,27
ANSUR2-M-14570,M,1.0,ansur2_2012,197.0,150.0,573.0,123.0,105.0,24.0,65.5,146.0,344.0,31
ANSUR2-M-14571,M,1.0,ansur2_2012,192.0,147.0,546.0,119.0,116.0,25.0,63.0,131.0,325.0,31
ANSUR2-M-14573,M,1.0,ansur2_2012,206.0,167.0,615.0,126.0,120.0,23.0,59.5,157.0,348.0,28
ANSUR2-M-14575,M,1.0,ansur2_2012,188.0,145.0,534.0,128.0,109.0,26.0,61.5,137.0,304.0,26
ANSUR2-M-14576,M,1.0,ansur2_2012,215.0,160.0,602.0,138.0,127.0,22.0,74.0,150.0,371.0,36
ANSUR2-M-14577,M,1.0,ansur2_2012,197.0,148.0,554.0,129.0,114.0,21.0,65.5,137.0,314.0,22
ANSUR2-M-14578,M,1.0,ansur2_2012,199.0,158.0,587.0,129.0,117.0,21.0,63.0,148.0,324.0,23
ANSUR2-M-14579,M,1.0,ansur2_2012,192.0,151.0,566.0,124.0,125.0,23.0,65.5,133.0,315.0,39
ANSUR2-M-14580,M,1.0,ansur2_2012,194.0,164.0,583.0,143.0,115.0,21.0,64.5,156.0,346.0,21
ANSUR2-M-14583,M,1.0,ansur2_2012,195.0,159.0,572.0,123.0,124.0,24.0,59.0,145.0,348.0,29
ANSUR2-M-14586,M,1.0,ansur2_2012,216.0,156.0,605.0,130.0,123.0,22.0,66.5,149.0,359.0,24
ANSUR2-M-14587,M,1.0,ansur2_2012,194.0,157.0,578.0,135.0,131.0,24.0,61.5,142.0,333.0,36
ANSUR2-M-14589,M,1.0,ansur2_2012,213.0,152.0,594.0,137.0,138.0,23.0,71.0,142.0,336.0,32
ANSUR2-M-14592,M,1.0,ansur2_2012,202.0,154.0,580.0,124.0,124.0,17.0,63.5,143.0,340.0,32
ANSUR2-M-14600,M,1.0,ansur2_2012,190.0,154.0,556.0,115.0,118.0,31.0,62.0,137.0,337.0,20
ANSUR2-M-14602,M,1.0,ansur2_2012,193.0,142.0,552.0,119.0,130.0,23.0,58.0,136.0,335.0,23
ANSUR2-M-14607,M,1.0,ansur2_2012,208.0,149.0,593.0,135.0,131.0,23.0,61.5,136.0,329.0,29
ANSUR2-M-14608,M,1.0,ansur2_2012,188.0,155.0,550.0,123.0,109.0,20.0,58.5,139.0,304.0,21
ANSUR2-M-14609,M,1.0,ansur2_2012,205.0,159.0,593.0,136.0,123.0,21.0,62.5,142.0,319.0,20
ANSUR2-M-14611,M,1.0,ansur2_2012,194.0,149.0,558.0,110.0,116.0,21.0,58.0,137.0,329.0,21
ANSUR2-M-14613,M,1.0,ansur2_2012,190.0,154.0,547.0,126.0,124.0,29.0,63.0,138.0,324.0,25
ANSUR2-M-14618,M,1.0,ansur2_2012,197.0,159.0,574.0,128.0,133.0,27.0,66.0,148.0,337.0,29
ANSUR2-M-14619,M,1.0,ansur2_2012,193.0,152.0,557.0,130.0,110.0,23.0,64.0,137.0,298.0,19
ANSUR2-M-14621,M,1.0,ansur2_2012,201.0,148.0,572.0,139.0,120.0,27.0,65.0,134.0,317.0,26
ANSUR2-M-14622,M,1.0,ansur2_2012,200.0,162.0,588.0,136.0,128.0,21.0,67.5,143.0,318.0,20
ANSUR2-M-14629,M,1.0,ansur2_2012,202.0,150.0,577.0,140.0,131.0,23.0,63.0,138.0,340.0,29
ANSUR2-M-14632,M,1.0,ansur2_2012,202.0,160.0,595.0,130.0,134.0,22.0,66.5,147.0,349.0,19
ANSUR2-M-14633,M,1.0,ansur2_2012,195.0,162.0,588.0,132.0,123.0,23.0,67.5,150.0,347.0,23
ANSUR2-M-14636,M,1.0,ansur2_2012,199.0,147.0,584.0,124.0,117.0,22.0,65.0,134.0,313.0,20
ANSUR2-M-14637,M,1.0,ansur2_2012,197.0,168.0,577.0,122.0,124.0,30.0,60.0,148.0,318.0,26
ANSUR2-M-14638,M,1.0,ansur2_2012,193.0,142.0,544.0,117.0,112.0,19.0,61.0,135.0,302.0,37
ANSUR2-M-14639,M,1.0,ansur2_2012,203.0,165.0,595.0,139.0,120.0,25.0,62.5,141.0,333.0,22
ANSUR2-M-14641,M,1.0,ansur2_2012,194.0,155.0,562.0,120.0,120.0,25.0,62.0,140.0,329.0,49
ANSUR2-M-14642,M,1.0,ansur2_2012,195.0,147.0,571.0,126.0,124.0,18.0,57.5,136.0,329.0,23
ANSUR2-M-14647,M,1.0,ansur2_2012,202.0,155.0,586.0,120.0,117.0,22.0,68.5,144.0,340.0,36
ANSUR2-M-14648,M,1.0,ansur2_2012,197.0,154.0,571.0,125.0,107.0,24.0,63.5,144.0,336.0,34
ANSUR2-M-14653,M,1.0,ansur2_2012,194.0,152.0,570.0,135.0,115.0,25.0,61.5,140.0,333.0,22
ANSUR2-M-14654,M,1.0,ansur2_2012,203.0,159.0,590.0,135.0,125.0,25.0,61.5,147.0,339.0,26
ANSUR2-M-14659,M,1.0,ansur2_2012,202.0,152.0,582.0,131.0,127.0,21.0,60.0,137.0,333.0,30
ANSUR2-M-14665,M,1.0,ansur2_2012,201.0,154.0,571.0,130.0,125.0,22.0,63.0,132.0,314.0,29
ANSUR2-M-14666,M,1.0,ansur2_2012,194.0,164.0,587.0,126.0,125.0,20.0,63.0,164.0,343.0,34
ANSUR2-M-14667,M,1.0,ansur2_2012,199.0,150.0,553.0,129.0,127.0,23.0,64.5,137.0,325.0,34
ANSUR2-M-14669,M,1.0,ansur2_2012,202.0,147.0,576.0,122.0,124.0,23.0,63.5,132.0,346.0,45
ANSUR2-M-14675,M,1.0,ansur2_2012,199.0,146.0,559.0,130.0,108.0,24.0,59.0,132.0,316.0,33
ANSUR2-M-14678,M,1.0,ansur2_2012,198.0,152.0,551.0,135.0,126.0,22.0,67.0,148.0,338.0,38
ANSUR2-M-14682,M,1.0,ansur2_2012,202.0,156.0,574.0,129.0,124.0,27.0,64.0,144.0,328.0,21
ANSUR2-M-14693,M,1.0,ansur2_2012,194.0,147.0,552.0,128.0,126.0,23.0,61.0,132.0,323.0,30
ANSUR2-M-14699,M,1.0,ansur2_2012,197.0,158.0,574.0,133.0,120.0,27.0,67.5,139.0,342.0,44
ANSUR2-M-14700,M,1.0,ansur2_2012,200.0,151.0,584.0,124.0,119.0,22.0,62.5,135.0,324.0,43
ANSUR2-M-14701,M,1.0,ansur2_2012,189.0,158.0,563.0,120.0,110.0,25.0,60.0,146.0,335.0,21
ANSUR2-M-14702,M,1.0,ansur2_2012,204.0,150.0,570.0,134.0,112.0,19.0,59.0,129.0,296.0,30
ANSUR2-M-14703,M,1.0,ansur2_2012,197.0,152.0,557.0,119.0,123.0,22.0,58.0,139.0,312.0,38
ANSUR2-M-14710,M,1.0,ansur2_2012,200.0,158.0,574.0,131.0,114.0,24.0,62.5,140.0,334.0,29
ANSUR2-M-14711,M,1.0,ansur2_2012,196.0,160.0,573.0,130.0,134.0,27.0,71.0,150.0,340.0,36
ANSUR2-M-14734,M,1.0,ansur2_2012,195.0,159.0,564.0,138.0,123.0,25.0,60.0,138.0,317.0,36
ANSUR2-M-14737,M,1.0,ansur2_2012,194.0,149.0,553.0,130.0,120.0,27.0,68.5,148.0,345.0,42
ANSUR2-M-14738,M,1.0,ansur2_2012,202.0,157.0,579.0,125.0,114.0,27.0,68.5,149.0,343.0,31
ANSUR2-M-14739,M,1.0,ansur2_2012,207.0,154.0,591.0,126.0,114.0,21.0,66.5,152.0,350.0,24
ANSUR2-M-14740,M,1.0,ansur2_2012,196.0,154.0,563.0,123.0,118.0,29.0,60.0,138.0,337.0,24
ANSUR2-M-14741,M,1.0,ansur2_2012,205.0,153.0,586.0,128.0,123.0,24.0,67.0,137.0,335.0,31
ANSUR2-M-14742,M,1.0,ansur2_2012,199.0,156.0,584.0,131.0,114.0,24.0,67.5,144.0,344.0,21
ANSUR2-M-14743,M,1.0,ansur2_2012,197.0,170.0,603.0,138.0,127.0,27.0,67.0,148.0,354.0,21
ANSUR2-M-14744,M,1.0,ansur2_2012,203.0,153.0,584.0,130.0,130.0,25.0,62.5,140.0,344.0,35
ANSUR2-M-14745,M,1.0,ansur2_2012,194.0,144.0,548.0,110.0,125.0,22.0,63.0,136.0,334.0,42
ANSUR2-M-14747,M,1.0,ansur2_2012,205.0,151.0,572.0,114.0,118.0,24.0,60.5,136.0,334.0,29
ANSUR2-M-14748,M,1.0,ansur2_2012,190.0,157.0,558.0,128.0,117.0,25.0,60.0,139.0,303.0,27
ANSUR2-M-14749,M,1.0,ansur2_2012,201.0,157.0,577.0,140.0,118.0,24.0,61.0,146.0,335.0,21
ANSUR2-M-14750,M,1.0,ansur2_2012,190.0,158.0,568.0,135.0,115.0,21.0,63.5,144.0,324.0,22
ANSUR2-M-14752,M,1.0,ansur2_2012,196.0,155.0,570.0,121.0,120.0,26.0,64.5,139.0,302.0,21
ANSUR2-M-14753,M,1.0,ansur2_2012,198.0,154.0,574.0,125.0,127.0,24.0,61.5,150.0,357.0,36
ANSUR2-M-14754,M,1.0,ansur2_2012,212.0,152.0,587.0,129.0,116.0,20.0,65.5,153.0,364.0,42
ANSUR2-M-14755,M,1.0,ansur2_2012,196.0,153.0,573.0,145.0,122.0,25.0,62.5,143.0,326.0,30
ANSUR2-M-14756,M,1.0,ansur2_2012,199.0,152.0,564.0,135.0,129.0,18.0,59.5,145.0,325.0,41
ANSUR2-M-14758,M,1.0,ansur2_2012,194.0,147.0,556.0,130.0,124.0,24.0,62.0,137.0,328.0,26
ANSUR2-M-14759,M,1.0,ansur2_2012,197.0,158.0,573.0,138.0,123.0,26.0,61.5,140.0,336.0,29
ANSUR2-M-14760,M,1.0,ansur2_2012,206.0,152.0,590.0,128.0,124.0,25.0,67.0,144.0,344.0,22
ANSUR2-M-14761,M,1.0,ansur2_2012,202.0,153.0,578.0,135.0,130.0,22.0,70.5,148.0,328.0,42
ANSUR2-M-14762,M,1.0,ansur2_2012,214.0,157.0,607.0,137.0,128.0,23.0,60.5,134.0,330.0,46
ANSUR2-M-14764,M,1.0,ansur2_2012,191.0,149.0,545.0,128.0,117.0,30.0,57.5,133.0,320.0,26
ANSUR2-M-14765,M,1.0,ansur2_2012,216.0,160.0,600.0,116.0,118.0,24.0,69.5,143.0,334.0,24
ANSUR2-M-14766,M,1.0,ansur2_2012,186.0,153.0,545.0,129.0,120.0,20.0,65.5,142.0,322.0,50
ANSUR2-M-14767,M,1.0,ansur2_2012,207.0,152.0,591.0,141.0,129.0,23.0,61.0,136.0,336.0,39
ANSUR2-M-14768,M,1.0,ansur2_2012,197.0,150.0,568.0,126.0,109.0,24.0,56.0,138.0,336.0,51
ANSUR2-M-14769,M,1.0,ansur2_2012,204.0,158.0,583.0,127.0,126.0,24.0,64.5,147.0,349.0,27
ANSUR2-M-14770,M,1.0,ansur2_2012,192.0,147.0,568.0,127.0,123.0,26.0,62.5,133.0,319.0,34
ANSUR2-M-14771,M,1.0,ansur2_2012,204.0,158.0,593.0,128.0,119.0,25.0,62.5,147.0,346.0,30
ANSUR2-M-14772,M,1.0,ansur2_2012,212.0,154.0,603.0,133.0,122.0,24.0,66.0,141.0,329.0,28
ANSUR2-M-14773,M,1.0,ansur2_2012,208.0,153.0,593.0,123.0,124.0,24.0,63.5,134.0,339.0,45
ANSUR2-M-14774,M,1.0,ansur2_2012,201.0,150.0,575.0,129.0,124.0,24.0,71.0,147.0,341.0,38
ANSUR2-M-14775,M,1.0,ansur2_2012,192.0,154.0,564.0,132.0,123.0,32.0,63.0,136.0,317.0,47
ANSUR2-M-14776,M,1.0,ansur2_2012,201.0,157.0,577.0,130.0,122.0,20.0,64.5,131.0,320.0,36
ANSUR2-M-14777,M,1.0,ansur2_2012,195.0,155.0,569.0,130.0,124.0,19.0,65.0,144.0,341.0,39
ANSUR2-M-14778,M,1.0,ansur2_2012,209.0,146.0,576.0,126.0,131.0,22.0,65.0,137.0,334.0,38
ANSUR2-M-14779,M,1.0,ansur2_2012,215.0,164.0,601.0,137.0,116.0,22.0,64.0,146.0,324.0,29
ANSUR2-M-14780,M,1.0,ansur2_2012,207.0,163.0,606.0,140.0,123.0,23.0,66.0,149.0,328.0,41
ANSUR2-M-14781,M,1.0,ansur2_2012,200.0,151.0,566.0,126.0,115.0,25.0,64.0,142.0,344.0,28
ANSUR2-M-14783,M,1.0,ansur2_2012,185.0,148.0,546.0,132.0,109.0,26.0,62.0,142.0,319.0,33
ANSUR2-M-14785,M,1.0,ansur2_2012,203.0,153.0,587.0,123.0,126.0,22.0,68.0,147.0,344.0,42
ANSUR2-M-14786,M,1.0,ansur2_2012,197.0,152.0,566.0,118.0,123.0,24.0,62.0,139.0,324.0,30
ANSUR2-M-14787,M,1.0,ansur2_2012,207.0,151.0,591.0,136.0,122.0,27.0,59.5,139.0,324.0,28
ANSUR2-M-14789,M,1.0,ansur2_2012,203.0,153.0,580.0,130.0,123.0,20.0,64.0,147.0,333.0,24
ANSUR2-M-14790,M,1.0,ansur2_2012,204.0,158.0,588.0,129.0,121.0,27.0,61.5,147.0,337.0,29
ANSUR2-M-14792,M,1.0,ansur2_2012,200.0,156.0,589.0,118.0,115.0,23.0,65.0,143.0,326.0,32
ANSUR2-M-14793,M,1.0,ansur2_2012,202.0,150.0,571.0,124.0,118.0,21.0,60.5,137.0,337.0,34
ANSUR2-M-14794,M,1.0,ansur2_2012,199.0,158.0,571.0,125.0,110.0,29.0,62.5,148.0,333.0,33
ANSUR2-M-14795,M,1.0,ansur2_2012,213.0,159.0,600.0,129.0,133.0,21.0,65.0,145.0,346.0,30
ANSUR2-M-14796,M,1.0,ansur2_2012,207.0,149.0,578.0,130.0,129.0,27.0,64.0,140.0,350.0,46
ANSUR2-M-14797,M,1.0,ansur2_2012,207.0,168.0,618.0,137.0,130.0,31.0,73.5,150.0,336.0,35
ANSUR2-M-14798,M,1.0,ansur2_2012,188.0,147.0,544.0,119.0,114.0,25.0,59.0,134.0,315.0,36
ANSUR2-M-14799,M,1.0,ansur2_2012,194.0,156.0,566.0,127.0,128.0,24.0,63.0,147.0,348.0,27
ANSUR2-M-14800,M,1.0,ansur2_2012,199.0,149.0,573.0,129.0,116.0,23.0,63.0,131.0,325.0,27
ANSUR2-M-14813,M,1.0,ansur2_2012,199.0,153.0,583.0,123.0,121.0,34.0,66.0,143.0,346.0,36
ANSUR2-M-14814,M,1.0,ansur2_2012,188.0,149.0,558.0,125.0,119.0,24.0,64.5,139.0,334.0,53
ANSUR2-M-14816,M,1.0,ansur2_2012,197.0,155.0,574.0,128.0,124.0,26.0,68.0,151.0,337.0,39
ANSUR2-M-14817,M,1.0,ansur2_2012,202.0,158.0,583.0,124.0,124.0,22.0,64.5,147.0,343.0,40
ANSUR2-M-14818,M,1.0,ansur2_2012,199.0,156.0,580.0,128.0,119.0,24.0,64.0,149.0,338.0,50
ANSUR2-M-14819,M,1.0,ansur2_2012,189.0,153.0,557.0,128.0,123.0,27.0,64.5,134.0,313.0,57
ANSUR2-M-14821,M,1.0,ansur2_2012,207.0,154.0,589.0,134.0,129.0,24.0,63.0,137.0,337.0,39
ANSUR2-M-14822,M,1.0,ansur2_2012,199.0,163.0,596.0,144.0,127.0,26.0,68.5,145.0,337.0,42
ANSUR2-M-14823,M,1.0,ansur2_2012,210.0,159.0,603.0,142.0,123.0,22.0,67.0,148.0,333.0,40
ANSUR2-M-14824,M,1.0,ansur2_2012,210.0,156.0,587.0,130.0,122.0,24.0,67.0,136.0,342.0,44
ANSUR2-M-14830,M,1.0,ansur2_2012,213.0,157.0,605.0,133.0,115.0,23.0,63.5,138.0,341.0,21
ANSUR2-M-14831,M,1.0,ansur2_2012,203.0,152.0,578.0,125.0,115.0,19.0,66.5,140.0,324.0,44
ANSUR2-M-14832,M,1.0,ansur2_2012,208.0,157.0,602.0,133.0,121.0,24.0,63.5,146.0,338.0,25
ANSUR2-M-14833,M,1.0,ansur2_2012,213.0,161.0,615.0,139.0,121.0,23.0,70.0,161.0,373.0,39
ANSUR2-M-14834,M,1.0,ansur2_2012,187.0,154.0,556.0,126.0,115.0,25.0,66.0,133.0,325.0,35
ANSUR2-M-14835,M,1.0,ansur2_2012,207.0,154.0,599.0,127.0,131.0,22.0,70.5,140.0,345.0,52
ANSUR2-M-14836,M,1.0,ansur2_2012,197.0,166.0,577.0,131.0,135.0,27.0,67.0,160.0,362.0,38
ANSUR2-M-14837,M,1.0,ansur2_2012,213.0,156.0,596.0,143.0,127.0,29.0,66.0,138.0,329.0,36
ANSUR2-M-14838,M,1.0,ansur2_2012,210.0,160.0,593.0,135.0,124.0,27.0,68.0,152.0,350.0,35
ANSUR2-M-14839,M,1.0,ansur2_2012,189.0,150.0,545.0,133.0,119.0,26.0,54.5,133.0,320.0,42
ANSUR2-M-14840,M,1.0,ansur2_2012,198.0,155.0,578.0,134.0,120.0,20.0,65.0,147.0,336.0,50
ANSUR2-M-14841,M,1.0,ansur2_2012,192.0,155.0,568.0,126.0,124.0,24.0,65.5,141.0,316.0,42
ANSUR2-M-14842,M,1.0,ansur2_2012,195.0,152.0,572.0,133.0,126.0,27.0,65.5,146.0,354.0,45
ANSUR2-M-14843,M,1.0,ansur2_2012,207.0,150.0,585.0,140.0,124.0,23.0,64.5,140.0,326.0,46
ANSUR2-M-14844,M,1.0,ansur2_2012,195.0,152.0,578.0,127.0,117.0,22.0,68.0,138.0,310.0,33
ANSUR2-M-14845,M,1.0,ansur2_2012,193.0,150.0,551.0,125.0,128.0,30.0,62.0,141.0,315.0,49
ANSUR2-M-14846,M,1.0,ansur2_2012,196.0,154.0,567.0,130.0,121.0,22.0,65.0,143.0,326.0,26
ANSUR2-M-14847,M,1.0,ansur2_2012,208.0,158.0,602.0,133.0,120.0,25.0,61.0,143.0,325.0,32
ANSUR2-M-14849,M,1.0,ansur2_2012,202.0,152.0,580.0,123.0,117.0,27.0,62.5,139.0,325.0,42
ANSUR2-M-14851,M,1.0,ansur2_2012,199.0,146.0,556.0,124.0,124.0,23.0,65.5,141.0,326.0,48
ANSUR2-M-14852,M,1.0,ansur2_2012,194.0,151.0,552.0,126.0,120.0,26.0,67.5,137.0,321.0,50
ANSUR2-M-14853,M,1.0,ansur2_2012,206.0,156.0,592.0,133.0,128.0,27.0,60.0,142.0,337.0,27
ANSUR2-M-14854,M,1.0,ansur2_2012,196.0,153.0,574.0,122.0,127.0,20.0,67.5,143.0,352.0,50
ANSUR2-M-14855,M,1.0,ansur2_2012,205.0,158.0,585.0,128.0,116.0,25.0,65.0,140.0,334.0,43
ANSUR2-M-14858,M,1.0,ansur2_2012,194.0,153.0,566.0,136.0,134.0,23.0,63.0,134.0,334.0,45
ANSUR2-M-14859,M,1.0,ansur2_2012,211.0,153.0,580.0,134.0,124.0,24.0,68.0,140.0,334.0,51
ANSUR2-M-14861,M,1.0,ansur2_2012,191.0,153.0,565.0,128.0,123.0,22.0,65.5,141.0,329.0,40
ANSUR2-M-14863,M,1.0,ansur2_2012,202.0,156.0,578.0,131.0,127.0,22.0,68.5,150.0,354.0,40
ANSUR2-M-14866,M,1.0,ansur2_2012,192.0,154.0,551.0,127.0,114.0,22.0,68.0,131.0,304.0,40
ANSUR2-M-14867,M,1.0,ansur2_2012,196.0,162.0,572.0,144.0,120.0,23.0,64.0,148.0,331.0,38
ANSUR2-M-14869,M,1.0,ansur2_2012,197.0,149.0,557.0,130.0,121.0,21.0,61.0,137.0,330.0,26
ANSUR2-M-14870,M,1.0,ansur2_2012,198.0,149.0,563.0,127.0,109.0,25.0,63.0,138.0,297.0,27
ANSUR2-M-14871,M,1.0,ansur2_2012,211.0,152.0,588.0,139.0,135.0,23.0,64.0,153.0,377.0,39
ANSUR2-M-14874,M,1.0,ansur2_2012,204.0,150.0,577.0,131.0,120.0,24.0,64.0,142.0,335.0,37
ANSUR2-M-14876,M,1.0,ansur2_2012,214.0,164.0,603.0,123.0,121.0,24.0,62.5,151.0,330.0,31
ANSUR2-M-14880,M,1.0,ansur2_2012,211.0,154.0,588.0,136.0,123.0,23.0,62.5,134.0,320.0,38
ANSUR2-M-14882,M,1.0,ansur2_2012,196.0,162.0,574.0,127.0,118.0,26.0,67.0,148.0,345.0,26
ANSUR2-M-14883,M,1.0,ansur2_2012,201.0,163.0,587.0,137.0,133.0,24.0,63.5,155.0,364.0,52
ANSUR2-M-14884,M,1.0,ansur2_2012,194.0,151.0,563.0,125.0,111.0,23.0,59.5,132.0,320.0,32
ANSUR2-M-14886,M,1.0,ansur2_2012,197.0,144.0,555.0,135.0,114.0,25.0,67.0,134.0,326.0,30
ANSUR2-M-14887,M,1.0,ansur2_2012,203.0,155.0,587.0,138.0,128.0,25.0,63.5,134.0,333.0,24
ANSUR2-M-14889,M,1.0,ansur2_2012,200.0,160.0,581.0,130.0,126.0,25.0,63.5,154.0,347.0,44
ANSUR2-M-14890,M,1.0,ansur2_2012,199.0,156.0,578.0,134.0,128.0,29.0,66.5,137.0,333.0,58
ANSUR2-M-14891,M,1.0,ansur2_2012,199.0,159.0,582.0,135.0,115.0,28.0,66.0,148.0,344.0,53
ANSUR2-M-14892,M,1.0,ansur2_2012,183.0,157.0,552.0,125.0,133.0,23.0,63.5,143.0,322.0,47
ANSUR2-M-14893,M,1.0,ansur2_2012,208.0,147.0,579.0,127.0,120.0,25.0,62.5,137.0,346.0,35
ANSUR2-M-14894,M,1.0,ansur2_2012,206.0,153.0,584.0,128.0,127.0,22.0,57.0,136.0,335.0,39
ANSUR2-M-14896,M,1.0,ansur2_2012,213.0,155.0,587.0,123.0,124.0,20.0,68.5,148.0,347.0,37
ANSUR2-M-14897,M,1.0,ansur2_2012,216.0,160.0,599.0,138.0,129.0,27.0,67.5,137.0,335.0,22
ANSUR2-M-14898,M,1.0,ansur2_2012,199.0,158.0,578.0,130.0,117.0,25.0,61.5,140.0,320.0,31
ANSUR2-M-14899,M,1.0,ansur2_2012,206.0,149.0,573.0,135.0,120.0,17.0,62.5,141.0,326.0,54
ANSUR2-M-14900,M,1.0,ansur2_2012,209.0,146.0,594.0,130.0,123.0,24.0,70.5,139.0,331.0,34
ANSUR2-M-14904,M,1.0,ansur2_2012,213.0,157.0,600.0,138.0,129.0,24.0,65.5,146.0,347.0,29
ANSUR2-M-14905,M,1.0,ansur2_2012,200.0,153.0,572.0,126.0,131.0,25.0,64.0,140.0,337.0,33
ANSUR2-M-14906,M,1.0,ansur2_2012,206.0,161.0,594.0,135.0,120.0,25.0,69.0,149.0,341.0,27
ANSUR2-M-14907,M,1.0,ansur2_2012,196.0,147.0,568.0,123.0,111.0,20.0,59.0,137.0,330.0,34
ANSUR2-M-14908,M,1.0,ansur2_2012,202.0,148.0,569.0,125.0,112.0,24.0,60.0,137.0,316.0,36
ANSUR2-M-14910,M,1.0,ansur2_2012,204.0,146.0,564.0,128.0,119.0,23.0,61.5,134.0,333.0,40
ANSUR2-M-14911,M,1.0,ansur2_2012,190.0,156.0,569.0,130.0,102.0,28.0,58.5,144.0,318.0,36
ANSUR2-M-14912,M,1.0,ansur2_2012,208.0,153.0,584.0,124.0,130.0,24.0,64.0,137.0,329.0,41
ANSUR2-M-14913,M,1.0,ansur2_2012,204.0,150.0,574.0,131.0,120.0,22.0,65.0,131.0,318.0,29
ANSUR2-M-14914,M,1.0,ansur2_2012,204.0,153.0,580.0,142.0,125.0,26.0,67.5,150.0,346.0,32
ANSUR2-M-14915,M,1.0,ansur2_2012,201.0,155.0,590.0,139.0,133.0,26.0,63.5,137.0,340.0,48
ANSUR2-M-14916,M,1.0,ansur2_2012,201.0,160.0,583.0,135.0,131.0,29.0,68.5,147.0,351.0,33
ANSUR2-M-14917,M,1.0,ansur2_2012,199.0,146.0,566.0,118.0,123.0,23.0,64.5,138.0,336.0,27
ANSUR2-M-14918,M,1.0,ansur2_2012,204.0,154.0,570.0,130.0,119.0,28.0,63.0,147.0,333.0,46
ANSUR2-M-14922,M,1.0,ansur2_2012,200.0,148.0,561.0,122.0,119.0,29.0,67.5,138.0,326.0,26
ANSUR2-M-14924,M,1.0,ansur2_2012,198.0,164.0,584.0,138.0,123.0,26.0,65.0,149.0,333.0,30
ANSUR2-M-14926,M,1.0,ansur2_2012,200.0,154.0,593.0,127.0,118.0,21.0,69.5,147.0,339.0,46
ANSUR2-M-14927,M,1.0,ansur2_2012,194.0,152.0,569.0,126.0,123.0,22.0,66.0,147.0,346.0,41
ANSUR2-M-14929,M,1.0,ansur2_2012,188.0,147.0,553.0,127.0,107.0,25.0,61.0,136.0,319.0,43
ANSUR2-M-14930,M,1.0,ansur2_2012,198.0,161.0,569.0,126.0,111.0,24.0,63.5,141.0,326.0,27
ANSUR2-M-14931,M,1.0,ansur2_2012,190.0,156.0,569.0,128.0,124.0,23.0,67.0,146.0,335.0,42
ANSUR2-M-14933,M,1.0,ansur2_2012,204.0,157.0,587.0,133.0,122.0,22.0,58.5,148.0,346.0,40
ANSUR2-M-14934,M,1.0,ansur2_2012,194.0,161.0,577.0,135.0,118.0,21.0,63.5,151.0,344.0,34
ANSUR2-M-14935,M,1.0,ansur2_2012,202.0,153.0,578.0,125.0,108.0,22.0,69.5,142.0,323.0,44
ANSUR2-M-14936,M,1.0,ansur2_2012,196.0,161.0,577.0,139.0,126.0,26.0,65.5,145.0,323.0,28
ANSUR2-M-14937,M,1.0,ansur2_2012,196.0,152.0,578.0,123.0,122.0,24.0,66.0,145.0,324.0,42
ANSUR2-M-14938,M,1.0,ansur2_2012,197.0,156.0,580.0,129.0,116.0,21.0,62.5,143.0,327.0,24
ANSUR2-M-14942,M,1.0,ansur2_2012,212.0,158.0,600.0,135.0,142.0,21.0,69.5,147.0,349.0,47
ANSUR2-M-14943,M,1.0,ansur2_2012,199.0,148.0,566.0,130.0,109.0,20.0,64.5,142.0,324.0,30
ANSUR2-M-14945,M,1.0,ansur2_2012,198.0,157.0,572.0,138.0,124.0,25.0,62.5,141.0,323.0,27
ANSUR2-M-14946,M,1.0,ansur2_2012,199.0,163.0,590.0,133.0,122.0,23.0,70.0,147.0,347.0,32
ANSUR2-M-14948,M,1.0,ansur2_2012,203.0,151.0,577.0,133.0,125.0,24.0,66.0,147.0,326.0,29
ANSUR2-M-14949,M,1.0,ansur2_2012,200.0,152.0,573.0,127.0,121.0,22.0,69.0,144.0,356.0,29
ANSUR2-M-14950,M,1.0,ansur2_2012,196.0,157.0,568.0,138.0,128.0,27.0,63.5,143.0,321.0,33
ANSUR2-M-14951,M,1.0,ansur2_2012,199.0,140.0,560.0,134.0,112.0,25.0,63.0,130.0,317.0,29
ANSUR2-M-14952,M,1.0,ansur2_2012,207.0,158.0,588.0,132.0,132.0,23.0,62.5,137.0,329.0,23
ANSUR2-M-14953,M,1.0,ansur2_2012,197.0,157.0,568.0,127.0,118.0,29.0,65.0,150.0,337.0,22
ANSUR2-M-14954,M,1.0,ansur2_2012,206.0,165.0,607.0,145.0,132.0,22.0,72.5,149.0,342.0,28
ANSUR2-M-14955,M,1.0,ansur2_2012,204.0,153.0,593.0,130.0,128.0,30.0,66.5,147.0,354.0,44
ANSUR2-M-14956,M,1.0,ansur2_2012,206.0,157.0,584.0,135.0,133.0,24.0,68.5,148.0,365.0,50
ANSUR2-M-14957,M,1.0,ansur2_2012,205.0,155.0,578.0,136.0,124.0,22.0,71.5,146.0,344.0,40
ANSUR2-M-14958,M,1.0,ansur2_2012,206.0,156.0,589.0,145.0,125.0,23.0,63.0,144.0,334.0,32
ANSUR2-M-14959,M,1.0,ansur2_2012,203.0,153.0,576.0,115.0,128.0,20.0,67.0,139.0,344.0,56
ANSUR2-M-14960,M,1.0,ansur2_2012,198.0,148.0,571.0,127.0,132.0,22.0,66.0,138.0,335.0,28
ANSUR2-M-14961,M,1.0,ansur2_2012,198.0,148.0,567.0,134.0,122.0,23.0,64.5,138.0,313.0,26
ANSUR2-M-14963,M,1.0,ansur2_2012,204.0,158.0,595.0,137.0,126.0,20.0,72.5,153.0,358.0,44
ANSUR2-M-14964,M,1.0,ansur2_2012,200.0,150.0,563.0,133.0,128.0,24.0,71.0,142.0,337.0,45
ANSUR2-M-14965,M,1.0,ansur2_2012,189.0,148.0,547.0,122.0,114.0,26.0,68.0,132.0,303.0,29
ANSUR2-M-14966,M,1.0,ansur2_2012,203.0,147.0,582.0,130.0,126.0,23.0,68.5,142.0,347.0,42
ANSUR2-M-14967,M,1.0,ansur2_2012,201.0,151.0,567.0,128.0,129.0,22.0,58.5,133.0,331.0,35
ANSUR2-M-14968,M,1.0,ansur2_2012,195.0,150.0,573.0,128.0,132.0,21.0,66.0,137.0,314.0,23
ANSUR2-M-14969,M,1.0,ansur2_2012,198.0,164.0,590.0,146.0,119.0,24.0,69.0,152.0,346.0,51
ANSUR2-M-14970,M,1.0,ansur2_2012,201.0,148.0,573.0,143.0,115.0,27.0,60.5,135.0,317.0,27
ANSUR2-M-14971,M,1.0,ansur2_2012,210.0,152.0,582.0,135.0,123.0,22.0,61.5,135.0,344.0,42
ANSUR2-M-14972,M,1.0,ansur2_2012,204.0,158.0,580.0,132.0,138.0,28.0,58.0,140.0,342.0,27
ANSUR2-M-14973,M,1.0,ansur2_2012,202.0,154.0,577.0,142.0,132.0,21.0,66.0,137.0,327.0,29
ANSUR2-M-14974,M,1.0,ansur2_2012,192.0,155.0,559.0,137.0,112.0,24.0,62.0,135.0,304.0,24
ANSUR2-M-14975,M,1.0,ansur2_2012,203.0,162.0,593.0,139.0,119.0,23.0,67.0,151.0,347.0,39
ANSUR2-M-14976,M,1.0,ansur2_2012,192.0,158.0,564.0,127.0,124.0,28.0,65.5,148.0,348.0,46
ANSUR2-M-14977,M,1.0,ansur2_2012,197.0,153.0,569.0,131.0,125.0,27.0,67.0,149.0,337.0,41
ANSUR2-M-14978,M,1.0,ansur2_2012,201.0,151.0,569.0,135.0,126.0,24.0,65.0,140.0,340.0,41
ANSUR2-M-14979,M,1.0,ansur2_2012,205.0,155.0,590.0,140.0,123.0,26.0,69.5,144.0,338.0,39
ANSUR2-M-14980,M,1.0,ansur2_2012,201.0,163.0,584.0,137.0,125.0,29.0,64.5,143.0,338.0,39
ANSUR2-M-14982,M,1.0,ansur2_2012,206.0,160.0,594.0,131.0,122.0,30.0,67.0,144.0,346.0,55
ANSUR2-M-14983,M,1.0,ansur2_2012,197.0,157.0,579.0,138.0,122.0,24.0,62.0,146.0,324.0,40
ANSUR2-M-14984,M,1.0,ansur2_2012,208.0,158.0,588.0,136.0,119.0,27.0,68.5,137.0,337.0,34
ANSUR2-M-14986,M,1.0,ansur2_2012,193.0,148.0,553.0,122.0,116.0,25.0,62.2,140.0,324.0,41
ANSUR2-M-14987,M,1.0,ansur2_2012,209.0,156.0,590.0,125.0,127.0,27.0,65.0,143.0,344.0,38
ANSUR2-M-14989,M,1.0,ansur2_2012,203.0,144.0,566.0,126.0,115.0,26.0,64.5,136.0,335.0,44
ANSUR2-M-14990,M,1.0,ansur2_2012,187.0,157.0,552.0,131.0,108.0,19.0,63.0,139.0,329.0,30
ANSUR2-M-14992,M,1.0,ansur2_2012,195.0,140.0,552.0,127.0,122.0,24.0,58.0,127.0,307.0,21
ANSUR2-M-14994,M,1.0,ansur2_2012,200.0,160.0,588.0,136.0,114.0,31.0,65.5,147.0,339.0,41
ANSUR2-M-14995,M,1.0,ansur2_2012,203.0,161.0,589.0,135.0,123.0,23.0,68.0,149.0,346.0,32
ANSUR2-M-14996,M,1.0,ansur2_2012,204.0,156.0,580.0,135.0,128.0,22.0,65.0,138.0,329.0,41
ANSUR2-M-14997,M,1.0,ansur2_2012,193.0,153.0,568.0,131.0,118.0,25.0,61.5,137.0,327.0,41
ANSUR2-M-14998,M,1.0,ansur2_2012,203.0,163.0,596.0,134.0,124.0,24.0,65.0,147.0,326.0,28
ANSUR2-M-14999,M,1.0,ansur2_2012,198.0,154.0,577.0,133.0,116.0,25.0,65.0,141.0,347.0,37
ANSUR2-M-15000,M,1.0,ansur2_2012,187.0,146.0,549.0,124.0,106.0,25.0,62.0,135.0,315.0,56
ANSUR2-M-15001,M,1.0,ansur2_2012,206.0,158.0,577.0,131.0,122.0,24.0,70.5,140.0,339.0,42
ANSUR2-M-15002,M,1.0,ansur2_2012,198.0,147.0,557.0,122.0,118.0,28.0,63.0,135.0,334.0,50
ANSUR2-M-15022,M,1.0,ansur2_2012,194.0,151.0,568.0,140.0,123.0,22.0,62.5,142.0,323.0,45
ANSUR2-M-15023,M,1.0,ansur2_2012,208.0,152.0,587.0,127.0,122.0,26.0,57.0,142.0,349.0,46
ANSUR2-M-15024,M,1.0,ansur2_2012,201.0,158.0,572.0,123.0,130.0,29.0,64.0,149.0,317.0,25
ANSUR2-M-15026,M,1.0,ansur2_2012,198.0,155.0,575.0,121.0,126.0,18.0,63.0,144.0,324.0,38
ANSUR2-M-15027,M,1.0,ansur2_2012,206.0,150.0,571.0,130.0,113.0,19.0,67.5,144.0,333.0,47
ANSUR2-M-15028,M,1.0,ansur2_2012,207.0,158.0,596.0,140.0,134.0,20.0,64.5,145.0,344.0,44
ANSUR2-M-15029,M,1.0,ansur2_2012,212.0,154.0,603.0,142.0,118.0,25.0,70.5,153.0,333.0,44
ANSUR2-M-15030,M,1.0,ansur2_2012,194.0,154.0,562.0,127.0,112.0,22.0,64.5,130.0,308.0,29
ANSUR2-M-15031,M,1.0,ansur2_2012,204.0,157.0,579.0,141.0,116.0,26.0,71.5,136.0,347.0,51
ANSUR2-M-15032,M,1.0,ansur2_2012,200.0,154.0,573.0,126.0,113.0,19.0,64.0,143.0,334.0,35
ANSUR2-M-15033,M,1.0,ansur2_2012,203.0,151.0,571.0,131.0,119.0,25.0,60.5,140.0,340.0,28
ANSUR2-M-15035,M,1.0,ansur2_2012,202.0,151.0,575.0,117.0,124.0,21.0,69.5,149.0,342.0,41
ANSUR2-M-15036,M,1.0,ansur2_2012,206.0,154.0,585.0,118.0,126.0,21.0,63.0,143.0,336.0,26
ANSUR2-M-15037,M,1.0,ansur2_2012,193.0,154.0,584.0,128.0,115.0,21.0,64.5,144.0,328.0,26
ANSUR2-M-15038,M,1.0,ansur2_2012,213.0,164.0,624.0,133.0,132.0,25.0,72.5,155.0,351.0,40
ANSUR2-M-15039,M,1.0,ansur2_2012,197.0,153.0,568.0,132.0,112.0,19.0,63.0,138.0,308.0,24
ANSUR2-M-15040,M,1.0,ansur2_2012,197.0,153.0,569.0,144.0,125.0,25.0,61.0,133.0,321.0,30
ANSUR2-M-15041,M,1.0,ansur2_2012,202.0,150.0,574.0,120.0,118.0,24.0,67.0,140.0,334.0,50
ANSUR2-M-15043,M,1.0,ansur2_2012,199.0,161.0,596.0,137.0,133.0,28.0,66.5,152.0,351.0,26
ANSUR2-M-15044,M,1.0,ansur2_2012,202.0,158.0,573.0,136.0,132.0,25.0,64.0,136.0,304.0,50
ANSUR2-M-15052,M,1.0,ansur2_2012,191.0,156.0,558.0,112.0,121.0,21.0,66.5,136.0,322.0,19
ANSUR2-M-15053,M,1.0,ansur2_2012,196.0,162.0,573.0,129.0,130.0,24.0,65.0,147.0,344.0,28
ANSUR2-M-15056,M,1.0,ansur2_2012,184.0,157.0,554.0,123.0,116.0,21.0,58.0,136.0,316.0,27
ANSUR2-M-15057,M,1.0,ansur2_2012,183.0,150.0,541.0,120.0,110.0,20.0,61.0,144.0,314.0,39
ANSUR2-M-15058,M,1.0,ansur2_2012,182.0,159.0,557.0,128.0,116.0,28.0,64.0,144.0,326.0,21
ANSUR2-M-15059,M,1.0,ansur2_2012,205.0,160.0,587.0,126.0,128.0,26.0,62.0,141.0,346.0,43
ANSUR2-M-15062,M,1.0,ansur2_2012,191.0,152.0,558.0,124.0,119.0,22.0,68.0,142.0,337.0,44
ANSUR2-M-15064,M,1.0,ansur2_2012,194.0,154.0,568.0,134.0,120.0,24.0,64.0,138.0,333.0,19
ANSUR2-M-15065,M,1.0,ansur2_2012,217.0,157.0,617.0,140.0,128.0,17.0,71.0,147.0,351.0,23
ANSUR2-M-15066,M,1.0,ansur2_2012,210.0,152.0,596.0,129.0,120.0,19.0,68.5,143.0,342.0,31
ANSUR2-M-15067,M,1.0,ansur2_2012,208.0,156.0,600.0,141.0,124.0,24.0,70.0,143.0,346.0,22
ANSUR2-M-15068,M,1.0,ansur2_2012,188.0,145.0,551.0,132.0,121.0,25.0,64.5,137.0,320.0,43
ANSUR2-M-15069,M,1.0,ansur2_2012,194.0,149.0,562.0,130.0,125.0,20.0,69.5,143.0,344.0,35
ANSUR2-M-15071,M,1.0,ansur2_2012,214.0,164.0,615.0,143.0,141.0,27.0,68.0,142.0,354.0,28
ANSUR2-M-15072,M,1.0,ansur2_2012,200.0,145.0,575.0,127.0,120.0,19.0,63.0,134.0,333.0,29
ANSUR2-M-15073,M,1.0,ansur2_2012,203.0,142.0,578.0,131.0,125.0,23.0,65.5,136.0,328.0,33
ANSUR2-M-15075,M,1.0,ansur2_2012,187.0,149.0,547.0,140.0,122.0,22.0,64.0,137.0,315.0,21
ANSUR2-M-15076,M,1.0,ansur2_2012,207.0,148.0,597.0,134.0,133.0,25.0,63.0,147.0,350.0,25
ANSUR2-M-15078,M,1.0,ansur2_2012,194.0,152.0,565.0,124.0,119.0,27.0,68.0,144.0,344.0,22
ANSUR2-M-15079,M,1.0,ansur2_2012,194.0,158.0,580.0,132.0,128.0,23.0,66.0,147.0,345.0,22
ANSUR2-M-15080,M,1.0,ansur2_2012,206.0,158.0,593.0,134.0,122.0,22.0,65.0,150.0,342.0,29
ANSUR2-M-15081,M,1.0,ansur2_2012,191.0,150.0,559.0,126.0,118.0,20.0,63.5,133.0,304.0,24
ANSUR2-M-15082,M,1.0,ansur2_2012,193.0,148.0,566.0,131.0,122.0,23.0,56.0,134.0,312.0,25
ANSUR2-M-15083,M,1.0,ansur2_2012,188.0,155.0,567.0,130.0,134.0,25.0,62.0,151.0,326.0,28
ANSUR2-M-15084,M,1.0,ansur2_2012,205.0,150.0,584.0,125.0,119.0,27.0,65.0,140.0,333.0,31
ANSUR2-M-15086,M,1.0,ansur2_2012,197.0,147.0,565.0,135.0,123.0,19.0,66.0,141.0,360.0,38
ANSUR2-M-15087,M,1.0,ansur2_2012,197.0,152.0,560.0,119.0,128.0,21.0,68.5,150.0,328.0,49
ANSUR2-M-15089,M,1.0,ansur2_2012,202.0,142.0,571.0,127.0,127.0,26.0,62.5,139.0,347.0,30
ANSUR2-M-15091,M,1.0,ansur2_2012,204.0,160.0,584.0,122.0,126.0,21.0,71.0,154.0,352.0,42
ANSUR2-M-15092,M,1.0,ansur2_2012,193.0,153.0,560.0,134.0,108.0,21.0,64.0,137.0,306.0,33
ANSUR2-M-15093,M,1.0,ansur2_2012,198.0,151.0,571.0,127.0,128.0,24.0,62.5,140.0,320.0,24
ANSUR2-M-15094,M,1.0,ansur2_2012,205.0,155.0,582.0,131.0,119.0,24.0,60.5,136.0,317.0,27
ANSUR2-M-15096,M,1.0,ansur2_2012,186.0,160.0,558.0,135.0,108.0,24.0,63.0,147.0,307.0,33
ANSUR2-M-15097,M,1.0,ansur2_2012,198.0,154.0,581.0,127.0,117.0,22.0,61.0,136.0,315.0,18
ANSUR2-M-15098,M,1.0,ansur2_2012,207.0,153.0,581.0,137.0,129.0,22.0,65.0,131.0,335.0,22
ANSUR2-M-15102,M,1.0,ansur2_2012,213.0,156.0,598.0,132.0,132.0,20.0,68.5,148.0,374.0,29
ANSUR2-M-15105,M,1.0,ansur2_2012,182.0,156.0,553.0,132.0,117.0,30.0,61.5,147.0,330.0,40
ANSUR2-M-15106,M,1.0,ansur2_2012,202.0,158.0,595.0,139.0,129.0,23.0,63.5,142.0,333.0,26
ANSUR2-M-15110,M,1.0,ansur2_2012,206.0,160.0,590.0,135.0,112.0,27.0,65.0,144.0,339.0,25
ANSUR2-M-15111,M,1.0,ansur2_2012,198.0,151.0,574.0,130.0,122.0,24.0,72.0,142.0,341.0,48
ANSUR2-M-15112,M,1.0,ansur2_2012,197.0,151.0,563.0,135.0,120.0,21.0,64.0,137.0,319.0,21
ANSUR2-M-15115,M,1.0,ansur2_2012,207.0,152.0,594.0,124.0,119.0,25.0,67.0,144.0,349.0,23
ANSUR2-M-15116,M,1.0,ansur2_2012,196.0,148.0,563.0,135.0,116.0,26.0,63.0,139.0,317.0,22
ANSUR2-M-15117,M,1.0,ansur2_2012,192.0,153.0,580.0,124.0,122.0,20.0,61.0,136.0,321.0,19
ANSUR2-M-15119,M,1.0,ansur2_2012,201.0,149.0,577.0,131.0,118.0,24.0,64.5,135.0,314.0,22
ANSUR2-M-15120,M,1.0,ansur2_2012,209.0,153.0,590.0,136.0,116.0,18.0,63.5,146.0,336.0,46
ANSUR2-M-15121,M,1.0,ansur2_2012,192.0,152.0,563.0,129.0,124.0,25.0,61.5,139.0,330.0,30
ANSUR2-M-15122,M,1.0,ansur2_2012,194.0,155.0,559.0,135.0,120.0,24.0,66.0,142.0,315.0,30
ANSUR2-M-15123,M,1.0,ansur2_2012,198.0,169.0,587.0,132.0,121.0,28.0,65.5,146.0,326.0,40
ANSUR2-M-15124,M,1.0,ansur2_2012,192.0,148.0,554.0,123.0,111.0,28.0,59.0,131.0,324.0,52
ANSUR2-M-15126,M,1.0,ansur2_2012,202.0,153.0,591.0,122.0,123.0,21.0,65.0,143.0,349.0,29
ANSUR2-M-15127,M,1.0,ansur2_2012,202.0,153.0,598.0,139.0,121.0,22.0,66.0,137.0,331.0,33
ANSUR2-M-15128,M,1.0,ansur2_2012,185.0,151.0,548.0,129.0,108.0,27.0,64.0,140.0,329.0,21
ANSUR2-M-15130,M,1.0,ansur2_2012,198.0,158.0,572.0,133.0,122.0,25.0,64.5,147.0,347.0,21
ANSUR2-M-15132,M,1.0,ansur2_2012,187.0,153.0,549.0,137.0,119.0,31.0,68.5,148.0,326.0,31
ANSUR2-M-15133,M,1.0,ansur2_2012,208.0,160.0,604.0,137.0,128.0,25.0,67.0,147.0,345.0,26
ANSUR2-M-15135,M,1.0,ansur2_2012,204.0,147.0,566.0,134.0,120.0,19.0,64.5,130.0,341.0,37
ANSUR2-M-15136,M,1.0,ansur2_2012,199.0,157.0,577.0,146.0,129.0,23.0,61.0,142.0,316.0,22
ANSUR2-M-15137,M,1.0,ansur2_2012,188.0,147.0,544.0,119.0,109.0,19.0,53.0,130.0,287.0,22
ANSUR2-M-15139,M,1.0,ansur2_2012,202.0,149.0,579.0,131.0,123.0,20.0,63.0,140.0,330.0,21
ANSUR2-M-15140,M,1.0,ansur2_2012,216.0,158.0,615.0,123.0,124.0,26.0,65.0,144.0,339.0,25
ANSUR2-M-15141,M,1.0,ansur2_2012,204.0,147.0,572.0,124.0,109.0,23.0,65.0,137.0,331.0,27
ANSUR2-M-15142,M,1.0,ansur2_2012,217.0,157.0,614.0,135.0,133.0,20.0,60.5,144.0,366.0,45
ANSUR2-M-15143,M,1.0,ansur2_2012,211.0,150.0,605.0,137.0,118.0,21.0,67.0,137.0,346.0,36
ANSUR2-M-15144,M,1.0,ansur2_2012,202.0,154.0,584.0,139.0,119.0,24.0,65.5,138.0,319.0,31
ANSUR2-M-15145,M,1.0,ansur2_2012,197.0,158.0,577.0,132.0,113.0,24.0,65.0,143.0,330.0,27
ANSUR2-M-15146,M,1.0,ansur2_2012,186.0,144.0,535.0,124.0,109.0,19.0,61.5,123.0,308.0,19
ANSUR2-M-15148,M,1.0,ansur2_2012,202.0,157.0,581.0,124.0,131.0,25.0,64.0,142.0,329.0,37
ANSUR2-M-15149,M,1.0,ansur2_2012,200.0,150.0,557.0,126.0,124.0,20.0,57.5,145.0,327.0,22
ANSUR2-M-15150,M,1.0,ansur2_2012,193.0,151.0,568.0,136.0,118.0,25.0,60.5,132.0,308.0,20
ANSUR2-M-15151,M,1.0,ansur2_2012,209.0,160.0,601.0,128.0,132.0,20.0,69.0,152.0,352.0,31
ANSUR2-M-15153,M,1.0,ansur2_2012,192.0,146.0,548.0,126.0,112.0,21.0,61.0,141.0,314.0,46
ANSUR2-M-15176,M,1.0,ansur2_2012,207.0,159.0,604.0,138.0,110.0,21.0,70.0,144.0,333.0,29
ANSUR2-M-15177,M,1.0,ansur2_2012,207.0,152.0,587.0,133.0,124.0,23.0,69.5,140.0,358.0,27
ANSUR2-M-15178,M,1.0,ansur2_2012,213.0,153.0,594.0,133.0,127.0,22.0,66.5,148.0,363.0,42
ANSUR2-M-15180,M,1.0,ansur2_2012,195.0,165.0,575.0,135.0,119.0,25.0,76.5,153.0,348.0,35
ANSUR2-M-15181,M,1.0,ansur2_2012,192.0,154.0,557.0,122.0,127.0,20.0,66.0,143.0,327.0,40
ANSUR2-M-15182,M,1.0,ansur2_2012,200.0,151.0,568.0,130.0,122.0,27.0,61.0,149.0,351.0,43
ANSUR2-M-15185,M,1.0,ansur2_2012,201.0,162.0,583.0,130.0,130.0,24.0,64.0,144.0,330.0,25
ANSUR2-M-15186,M,1.0,ansur2_2012,200.0,163.0,580.0,138.0,132.0,23.0,63.5,145.0,327.0,25
ANSUR2-M-15187,M,1.0,ansur2_2012,203.0,155.0,572.0,124.0,127.0,23.0,66.0,140.0,339.0,38
ANSUR2-M-15188,M,1.0,ansur2_2012,198.0,161.0,597.0,134.0,126.0,21.0,65.5,157.0,351.0,32
ANSUR2-M-15189,M,1.0,ansur2_2012,196.0,143.0,560.0,127.0,121.0,23.0,65.0,138.0,339.0,35
ANSUR2-M-15191,M,1.0,ansur2_2012,205.0,160.0,592.0,133.0,126.0,25.0,66.0,142.0,335.0,21
ANSUR2-M-15192,M,1.0,ansur2_2012,200.0,152.0,569.0,130.0,130.0,23.0,62.0,140.0,324.0,21
ANSUR2-M-15194,M,1.0,ansur2_2012,192.0,151.0,560.0,125.0,125.0,24.0,63.5,142.0,332.0,22
ANSUR2-M-15195,M,1.0,ansur2_2012,196.0,159.0,575.0,116.0,124.0,22.0,65.5,152.0,364.0,24
ANSUR2-M-15196,M,1.0,ansur2_2012,205.0,154.0,590.0,136.0,137.0,20.0,56.5,142.0,337.0,25
ANSUR2-M-15198,M,1.0,ansur2_2012,202.0,147.0,581.0,138.0,118.0,19.0,63.0,127.0,318.0,29
ANSUR2-M-15199,M,1.0,ansur2_2012,200.0,159.0,578.0,129.0,125.0,27.0,61.5,143.0,324.0,20
ANSUR2-M-15200,M,1.0,ansur2_2012,196.0,155.0,573.0,138.0,128.0,25.0,67.0,141.0,319.0,22
ANSUR2-M-15201,M,1.0,ansur2_2012,203.0,150.0,579.0,125.0,123.0,18.0,63.5,142.0,333.0,28
ANSUR2-M-15203,M,1.0,ansur2_2012,194.0,155.0,566.0,135.0,115.0,24.0,60.5,134.0,300.0,23
ANSUR2-M-15205,M,1.0,ansur2_2012,189.0,147.0,548.0,127.0,109.0,20.0,55.5,126.0,304.0,21
ANSUR2-M-15207,M,1.0,ansur2_2012,195.0,152.0,567.0,125.0,133.0,19.0,61.0,137.0,336.0,19
ANSUR2-M-15208,M,1.0,ansur2_2012,213.0,163.0,623.0,138.0,117.0,26.0,66.0,143.0,352.0,20
ANSUR2-M-15209,M,1.0,ansur2_2012,213.0,160.0,607.0,136.0,129.0,32.0,66.5,147.0,327.0,20
ANSUR2-M-15210,M,1.0,ansur2_2012,200.0,157.0,583.0,125.0,116.0,25.0,64.5,154.0,352.0,25
ANSUR2-M-15211,M,1.0,ansur2_2012,191.0,164.0,575.0,121.0,111.0,21.0,63.5,142.0,326.0,21
ANSUR2-M-15212,M,1.0,ansur2_2012,200.0,157.0,582.0,128.0,135.0,27.0,60.5,144.0,348.0,24
ANSUR2-M-15213,M,1.0,ansur2_2012,196.0,162.0,575.0,134.0,115.0,21.0,61.5,147.0,327.0,26
ANSUR2-M-15214,M,1.0,ansur2_2012,190.0,158.0,570.0,131.0,126.0,25.0,64.0,150.0,342.0,24
ANSUR2-M-15215,M,1.0,ansur2_2012,196.0,152.0,572.0,129.0,118.0,25.0,62.0,139.0,344.0,20
ANSUR2-M-15216,M,1.0,ansur2_2012,201.0,160.0,574.0,128.0,131.0,20.0,63.5,147.0,347.0,21
ANSUR2-M-15218,M,1.0,ansur2_2012,186.0,152.0,553.0,130.0,111.0,26.0,63.0,136.0,311.0,25
ANSUR2-M-15220,M,1.0,ansur2_2012,199.0,146.0,563.0,133.0,129.0,24.0,57.5,138.0,311.0,19
ANSUR2-M-15221,M,1.0,ansur2_2012,195.0,155.0,557.0,131.0,127.0,26.0,62.0,137.0,342.0,31
ANSUR2-M-15222,M,1.0,ansur2_2012,200.0,154.0,573.0,127.0,119.0,26.0,62.0,146.0,348.0,48
ANSUR2-M-15223,M,1.0,ansur2_2012,206.0,148.0,558.0,123.0,122.0,25.0,59.5,133.0,341.0,40
ANSUR2-M-15224,M,1.0,ansur2_2012,193.0,157.0,567.0,128.0,118.0,22.0,62.0,143.0,330.0,26
ANSUR2-M-15225,M,1.0,ansur2_2012,202.0,162.0,581.0,129.0,127.0,24.0,62.0,143.0,337.0,43
ANSUR2-M-15226,M,1.0,ansur2_2012,196.0,160.0,574.0,134.0,132.0,25.0,63.0,147.0,347.0,21
ANSUR2-M-15227,M,1.0,ansur2_2012,200.0,153.0,577.0,125.0,114.0,19.0,62.0,137.0,321.0,26
ANSUR2-M-15229,M,1.0,ansur2_2012,193.0,157.0,570.0,133.0,128.0,24.0,61.0,142.0,323.0,22
ANSUR2-M-15230,M,1.0,ansur2_2012,204.0,160.0,595.0,121.0,128.0,19.0,67.5,148.0,356.0,21
ANSUR2-M-15231,M,1.0,ansur2_2012,204.0,157.0,590.0,134.0,120.0,26.0,63.5,140.0,330.0,22
ANSUR2-M-15232,M,1.0,ansur2_2012,200.0,144.0,564.0,135.0,130.0,26.0,62.5,140.0,344.0,21
ANSUR2-M-15233,M,1.0,ansur2_2012,196.0,153.0,567.0,137.0,132.0,19.0,66.0,141.0,316.0,21
ANSUR2-M-15235,M,1.0,ansur2_2012,198.0,155.0,577.0,128.0,122.0,29.0,61.0,148.0,344.0,21
ANSUR2-M-15237,M,1.0,ansur2_2012,194.0,154.0,577.0,141.0,115.0,19.0,62.5,138.0,337.0,23
ANSUR2-M-15239,M,1.0,ansur2_2012,212.0,158.0,606.0,141.0,117.0,24.0,66.5,139.0,334.0,20
ANSUR2-M-15240,M,1.0,ansur2_2012,210.0,144.0,590.0,146.0,139.0,25.0,67.5,139.0,344.0,28
ANSUR2-M-15243,M,1.0,ansur2_2012,210.0,170.0,617.0,127.0,123.0,22.0,68.5,150.0,331.0,20
ANSUR2-M-15244,M,1.0,ansur2_2012,192.0,150.0,566.0,130.0,124.0,24.0,66.0,140.0,312.0,28
ANSUR2-M-15246,M,1.0,ansur2_2012,216.0,161.0,613.0,130.0,132.0,24.0,64.0,148.0,341.0,24
ANSUR2-M-15247,M,1.0,ansur2_2012,200.0,156.0,576.0,135.0,125.0,22.0,58.0,143.0,334.0,27
ANSUR2-M-15248,M,1.0,ansur2_2012,210.0,146.0,588.0,124.0,125.0,31.0,60.5,138.0,342.0,27
ANSUR2-M-15249,M,1.0,ansur2_2012,203.0,154.0,580.0,126.0,132.0,20.0,67.0,142.0,326.0,23
ANSUR2-M-15251,M,1.0,ansur2_2012,212.0,152.0,600.0,138.0,132.0,23.0,65.0,143.0,341.0,30
ANSUR2-M-15252,M,1.0,ansur2_2012,191.0,157.0,572.0,126.0,131.0,19.0,66.5,148.0,346.0,47
ANSUR2-M-15253,M,1.0,ansur2_2012,202.0,156.0,588.0,133.0,137.0,25.0,61.5,139.0,324.0,20
ANSUR2-M-15256,M,1.0,ansur2_2012,210.0,156.0,607.0,133.0,123.0,20.0,67.5,145.0,356.0,24
ANSUR2-M-15257,M,1.0,ansur2_2012,185.0,150.0,550.0,132.0,115.0,25.0,58.0,139.0,322.0,24
ANSUR2-M-15259,M,1.0,ansur2_2012,188.0,163.0,573.0,131.0,127.0,27.0,65.0,149.0,312.0,22
ANSUR2-M-15260,M,1.0,ansur2_2012,202.0,156.0,581.0,127.0,123.0,28.0,67.5,142.0,347.0,20
ANSUR2-M-15261,M,1.0,ansur2_2012,193.0,154.0,572.0,125.0,120.0,19.0,58.0,144.0,341.0,22
ANSUR2-M-15263,M,1.0,ansur2_2012,198.0,155.0,582.0,123.0,122.0,23.0,61.5,147.0,349.0,27
ANSUR2-M-15264,M,1.0,ansur2_2012,199.0,150.0,571.0,127.0,118.0,25.0,62.5,140.0,330.0,26
ANSUR2-M-15275,M,1.0,ansur2_2012,195.0,150.0,567.0,118.0,122.0,28.0,64.5,140.0,333.0,25
ANSUR2-M-15276,M,1.0,ansur2_2012,191.0,172.0,589.0,127.0,129.0,26.0,64.0,158.0,319.0,20
ANSUR2-M-15279,M,1.0,ansur2_2012,196.0,156.0,574.0,124.0,113.0,18.0,60.0,142.0,332.0,26
ANSUR2-M-15280,M,1.0,ansur2_2012,207.0,148.0,583.0,133.0,122.0,23.0,65.0,135.0,315.0,26
ANSUR2-M-15282,M,1.0,ansur2_2012,204.0,155.0,584.0,126.0,129.0,23.0,67.0,142.0,346.0,29
ANSUR2-M-15283,M,1.0,ansur2_2012,202.0,155.0,593.0,127.0,129.0,19.0,64.5,146.0,338.0,34
ANSUR2-M-15284,M,1.0,ansur2_2012,216.0,156.0,615.0,134.0,123.0,19.0,62.0,147.0,336.0,20
ANSUR2-M-15285,M,1.0,ansur2_2012,192.0,151.0,560.0,120.0,124.0,25.0,70.0,145.0,327.0,24
ANSUR2-M-15286,M,1.0,ansur2_2012,208.0,154.0,590.0,131.0,119.0,25.0,62.0,141.0,349.0,41
ANSUR2-M-15287,M,1.0,ansur2_2012,201.0,157.0,603.0,128.0,132.0,28.0,68.0,149.0,349.0,37
ANSUR2-M-15289,M,1.0,ansur2_2012,196.0,154.0,565.0,126.0,118.0,22.0,60.0,135.0,316.0,20
ANSUR2-M-15290,M,1.0,ansur2_2012,204.0,160.0,590.0,132.0,132.0,21.0,65.0,142.0,326.0,24
ANSUR2-M-15291,M,1.0,ansur2_2012,205.0,158.0,584.0,136.0,125.0,19.0,60.0,141.0,332.0,43
ANSUR2-M-15294,M,1.0,ansur2_2012,208.0,160.0,610.0,135.0,123.0,24.0,66.0,153.0,338.0,34
ANSUR2-M-15295,M,1.0,ansur2_2012,197.0,149.0,563.0,130.0,127.0,21.0,65.0,143.0,347.0,33
ANSUR2-M-15298,M,1.0,ansur2_2012,201.0,154.0,585.0,142.0,125.0,25.0,67.0,144.0,335.0,40
ANSUR2-M-15300,M,1.0,ansur2_2012,203.0,149.0,576.0,130.0,128.0,28.0,63.0,131.0,320.0,29
ANSUR2-M-15301,M,1.0,ansur2_2012,200.0,165.0,588.0,138.0,132.0,28.0,69.5,156.0,346.0,39
ANSUR2-M-15304,M,1.0,ansur2_2012,200.0,148.0,574.0,142.0,119.0,23.0,66.5,134.0,346.0,26
ANSUR2-M-15306,M,1.0,ansur2_2012,192.0,145.0,560.0,135.0,127.0,20.0,61.5,130.0,334.0,37
ANSUR2-M-15309,M,1.0,ansur2_2012,203.0,152.0,582.0,137.0,120.0,22.0,69.0,146.0,344.0,21
ANSUR2-M-15327,M,1.0,ansur2_2012,204.0,153.0,586.0,133.0,124.0,19.0,61.5,137.0,346.0,41
ANSUR2-M-15366,M,1.0,ansur2_2012,202.0,148.0,574.0,126.0,129.0,26.0,64.0,141.0,336.0,30
ANSUR2-M-15373,M,1.0,ansur2_2012,202.0,147.0,574.0,137.0,120.0,23.0,68.5,143.0,348.0,38
ANSUR2-M-15375,M,1.0,ansur2_2012,192.0,156.0,559.0,133.0,121.0,21.0,71.0,146.0,317.0,35
ANSUR2-M-15381,M,1.0,ansur2_2012,204.0,156.0,584.0,134.0,117.0,24.0,67.5,140.0,344.0,26
ANSUR2-M-15384,M,1.0,ansur2_2012,194.0,152.0,558.0,132.0,122.0,23.0,66.0,144.0,324.0,37
ANSUR2-M-15388,M,1.0,ansur2_2012,200.0,148.0,571.0,122.0,121.0,17.0,61.0,139.0,328.0,22
ANSUR2-M-15390,M,1.0,ansur2_2012,189.0,154.0,554.0,129.0,110.0,21.0,63.0,147.0,307.0,33
ANSUR2-M-15392,M,1.0,ansur2_2012,188.0,146.0,554.0,135.0,111.0,19.0,67.0,136.0,313.0,30
ANSUR2-M-15395,M,1.0,ansur2_2012,194.0,152.0,564.0,131.0,122.0,24.0,60.0,143.0,320.0,37
ANSUR2-M-15396,M,1.0,ansur2_2012,203.0,154.0,574.0,130.0,114.0,24.0,61.0,140.0,326.0,29
ANSUR2-M-15404,M,1.0,ansur2_2012,200.0,157.0,588.0,137.0,125.0,22.0,65.0,144.0,325.0,42
ANSUR2-M-15415,M,1.0,ansur2_2012,193.0,141.0,554.0,133.0,126.0,26.0,62.5,134.0,324.0,31
ANSUR2-M-15421,M,1.0,ansur2_2012,210.0,156.0,585.0,142.0,122.0,23.0,67.0,137.0,324.0,32
ANSUR2-M-15422,M,1.0,ansur2_2012,201.0,140.0,565.0,124.0,119.0,24.0,59.0,139.0,346.0,29
ANSUR2-M-15427,M,1.0,ansur2_2012,196.0,152.0,570.0,123.0,116.0,21.0,67.0,138.0,334.0,36
ANSUR2-M-15429,M,1.0,ansur2_2012,201.0,158.0,588.0,129.0,120.0,23.0,65.5,144.0,322.0,31
ANSUR2-M-15433,M,1.0,ansur2_2012,197.0,153.0,580.0,125.0,126.0,28.0,67.0,143.0,315.0,26
ANSUR2-M-15435,M,1.0,ansur2_2012,194.0,151.0,556.0,128.0,115.0,24.0,65.0,144.0,330.0,47
ANSUR2-M-15442,M,1.0,ansur2_2012,207.0,143.0,576.0,117.0,116.0,19.0,58.0,139.0,325.0,32
ANSUR2-M-15443,M,1.0,ansur2_2012,204.0,166.0,596.0,133.0,124.0,29.0,67.0,145.0,344.0,30
ANSUR2-M-15444,M,1.0,ansur2_2012,197.0,161.0,577.0,134.0,122.0,21.0,63.5,149.0,343.0,22
ANSUR2-M-15447,M,1.0,ansur2_2012,207.0,154.0,584.0,138.0,135.0,28.0,61.0,143.0,378.0,35
ANSUR2-M-15450,M,1.0,ansur2_2012,202.0,158.0,578.0,138.0,129.0,22.0,60.5,144.0,330.0,53
ANSUR2-M-15453,M,1.0,ansur2_2012,215.0,158.0,613.0,130.0,121.0,18.0,64.0,140.0,331.0,37
ANSUR2-M-15454,M,1.0,ansur2_2012,210.0,154.0,588.0,135.0,122.0,18.0,65.5,141.0,320.0,42
ANSUR2-M-15455,M,1.0,ansur2_2012,208.0,152.0,591.0,124.0,128.0,24.0,70.0,146.0,355.0,44
ANSUR2-M-15456,M,1.0,ansur2_2012,205.0,155.0,584.0,128.0,128.0,20.0,60.5,142.0,326.0,26
ANSUR2-M-15458,M,1.0,ansur2_2012,202.0,152.0,578.0,127.0,124.0,24.0,68.0,142.0,330.0,23
ANSUR2-M-15461,M,1.0,ansur2_2012,213.0,159.0,614.0,140.0,129.0,27.0,68.0,157.0,368.0,24
ANSUR2-M-15464,M,1.0,ansur2_2012,204.0,157.0,591.0,137.0,125.0,26.0,65.0,139.0,316.0,24
ANSUR2-M-15467,M,1.0,ansur2_2012,210.0,146.0,573.0,124.0,116.0,18.0,62.5,130.0,324.0,22
ANSUR2-M-15468,M,1.0,ansur2_2012,191.0,151.0,556.0,126.0,121.0,26.0,60.5,140.0,326.0,29
ANSUR2-M-15469,M,1.0,ansur2_2012,198.0,147.0,564.0,124.0,130.0,24.0,64.0,135.0,320.0,22
ANSUR2-M-15470,M,1.0,ansur2_2012,203.0,163.0,596.0,121.0,133.0,28.0,59.0,146.0,338.0,25
ANSUR2-M-15476,M,1.0,ansur2_2012,203.0,163.0,594.0,130.0,122.0,25.0,62.0,156.0,355.0,39
ANSUR2-M-15483,M,1.0,ansur2_2012,209.0,164.0,607.0,141.0,136.0,24.0,65.0,154.0,357.0,39
ANSUR2-M-15484,M,1.0,ansur2_2012,213.0,158.0,605.0,142.0,127.0,19.0,68.0,148.0,337.0,31
ANSUR2-M-15487,M,1.0,ansur2_2012,205.0,154.0,587.0,137.0,128.0,25.0,62.0,141.0,364.0,36
ANSUR2-M-15488,M,1.0,ansur2_2012,189.0,155.0,555.0,125.0,118.0,26.0,60.0,143.0,316.0,25
ANSUR2-M-15491,M,1.0,ansur2_2012,199.0,162.0,592.0,133.0,122.0,23.0,65.5,147.0,339.0,37
ANSUR2-M-15492,M,1.0,ansur2_2012,210.0,151.0,592.0,134.0,123.0,24.0,63.0,143.0,337.0,38
ANSUR2-M-15494,M,1.0,ansur2_2012,217.0,160.0,614.0,147.0,134.0,21.0,65.0,147.0,346.0,29
ANSUR2-M-15495,M,1.0,ansur2_2012,197.0,153.0,569.0,129.0,119.0,21.0,65.5,144.0,331.0,35
ANSUR2-M-15499,M,1.0,ansur2_2012,196.0,149.0,562.0,137.0,115.0,34.0,65.5,143.0,332.0,37
ANSUR2-M-15500,M,1.0,ansur2_2012,194.0,144.0,550.0,127.0,116.0,26.0,61.5,136.0,307.0,38
ANSUR2-M-15502,M,1.0,ansur2_2012,203.0,148.0,586.0,127.0,120.0,21.0,63.0,133.0,346.0,31
ANSUR2-M-15503,M,1.0,ansur2_2012,203.0,154.0,577.0,136.0,128.0,25.0,64.5,140.0,330.0,39
ANSUR2-M-15504,M,1.0,ansur2_2012,203.0,148.0,570.0,140.0,124.0,23.0,66.0,143.0,338.0,36
ANSUR2-M-15506,M,1.0,ansur2_2012,194.0,154.0,574.0,123.0,116.0,24.0,59.0,140.0,356.0,42
ANSUR2-M-15507,M,1.0,ansur2_2012,202.0,156.0,586.0,127.0,120.0,21.0,66.0,141.0,326.0,22
ANSUR2-M-15508,M,1.0,ansur2_2012,205.0,157.0,588.0,115.0,109.0,22.0,67.0,150.0,331.0,31
ANSUR2-M-15509,M,1.0,ansur2_2012,194.0,158.0,584.0,142.0,123.0,25.0,59.5,140.0,334.0,28
ANSUR2-M-15514,M,1.0,ansur2_2012,206.0,154.0,588.0,133.0,117.0,25.0,64.0,137.0,321.0,21
ANSUR2-M-15517,M,1.0,ansur2_2012,191.0,156.0,568.0,132.0,122.0,23.0,62.5,141.0,341.0,25
ANSUR2-M-15522,M,1.0,ansur2_2012,202.0,157.0,586.0,135.0,119.0,24.0,62.5,147.0,334.0,28
ANSUR2-M-15528,M,1.0,ansur2_2012,211.0,144.0,589.0,134.0,122.0,22.0,65.0,133.0,327.0,34
ANSUR2-M-15535,M,1.0,ansur2_2012,196.0,152.0,581.0,126.0,116.0,30.0,61.5,142.0,315.0,33
ANSUR2-M-15540,M,1.0,ansur2_2012,203.0,153.0,572.0,128.0,120.0,26.0,60.5,136.0,327.0,28
ANSUR2-M-15549,M,1.0,ansur2_2012,200.0,154.0,581.0,129.0,122.0,30.0,62.0,132.0,336.0,31
ANSUR2-M-15554,M,1.0,ansur2_2012,205.0,147.0,582.0,145.0,135.0,21.0,70.5,141.0,324.0,38
ANSUR2-M-15560,M,1.0,ansur2_2012,191.0,156.0,554.0,127.0,126.0,24.0,65.0,141.0,326.0,29
ANSUR2-M-15561,M,1.0,ansur2_2012,185.0,156.0,543.0,124.0,113.0,26.0,61.5,142.0,317.0,28
ANSUR2-M-15571,M,1.0,ansur2_2012,201.0,150.0,568.0,128.0,125.0,21.0,56.5,138.0,315.0,31
ANSUR2-M-15604,M,1.0,ansur2_2012,192.0,155.0,568.0,134.0,115.0,24.0,64.5,142.0,316.0,24
ANSUR2-M-15607,M,1.0,ansur2_2012,192.0,154.0,555.0,124.0,118.0,24.0,63.0,144.0,318.0,25
ANSUR2-M-15608,M,1.0,ansur2_2012,194.0,157.0,572.0,122.0,129.0,18.0,61.5,145.0,344.0,35
ANSUR2-M-15611,M,1.0,ansur2_2012,193.0,156.0,571.0,126.0,133.0,28.0,61.0,150.0,346.0,25
ANSUR2-M-15612,M,1.0,ansur2_2012,204.0,156.0,596.0,126.0,110.0,21.0,61.5,150.0,352.0,28
ANSUR2-M-15615,M,1.0,ansur2_2012,200.0,151.0,584.0,140.0,122.0,25.0,64.0,146.0,333.0,30
ANSUR2-M-15619,M,1.0,ansur2_2012,211.0,156.0,594.0,132.0,111.0,21.0,63.0,138.0,316.0,20
ANSUR2-M-15625,M,1.0,ansur2_2012,202.0,154.0,580.0,138.0,128.0,25.0,66.0,141.0,332.0,33
ANSUR2-M-15629,M,1.0,ansur2_2012,203.0,158.0,582.0,130.0,128.0,20.0,61.5,144.0,349.0,26
ANSUR2-M-15632,M,1.0,ansur2_2012,201.0,165.0,600.0,130.0,121.0,21.0,65.5,147.0,337.0,31
ANSUR2-M-15638,M,1.0,ansur2_2012,193.0,151.0,573.0,145.0,127.0,23.0,63.5,139.0,326.0,22
ANSUR2-M-15639,M,1.0,ansur2_2012,190.0,157.0,566.0,123.0,126.0,23.0,67.0,151.0,334.0,23
ANSUR2-M-15641,M,1.0,ansur2_2012,188.0,153.0,570.0,128.0,122.0,28.0,66.5,147.0,330.0,19
ANSUR2-M-15646,M,1.0,ansur2_2012,201.0,153.0,577.0,128.0,108.0,23.0,67.5,140.0,317.0,23
ANSUR2-M-15651,M,1.0,ansur2_2012,196.0,154.0,566.0,118.0,110.0,22.0,61.5,136.0,311.0,25
ANSUR2-M-15658,M,1.0,ansur2_2012,204.0,157.0,587.0,138.0,134.0,21.0,60.5,145.0,335.0,21
ANSUR2-M-15662,M,1.0,ansur2_2012,207.0,156.0,594.0,130.0,125.0,23.0,63.5,147.0,336.0,28
ANSUR2-M-15667,M,1.0,ansur2_2012,205.0,151.0,567.0,128.0,118.0,22.0,60.5,147.0,346.0,28
ANSUR2-M-15676,M,1.0,ansur2_2012,197.0,148.0,555.0,130.0,129.0,21.0,67.0,141.0,326.0,34
ANSUR2-M-15682,M,1.0,ansur2_2012,199.0,151.0,572.0,129.0,129.0,23.0,60.0,134.0,326.0,25
ANSUR2-M-15684,M,1.0,ansur2_2012,197.0,150.0,562.0,131.0,121.0,24.0,62.0,145.0,332.0,30
ANSUR2-M-15700,M,1.0,ansur2_2012,191.0,140.0,545.0,120.0,110.0,25.0,63.5,135.0,329.0,33
ANSUR2-M-15704,M,1.0,ansur2_2012,193.0,153.0,560.0,117.0,122.0,24.0,60.0,142.0,340.0,39
ANSUR2-M-15720,M,1.0,ansur2_2012,191.0,148.0,562.0,122.0,112.0,21.0,61.0,137.0,335.0,24
ANSUR2-M-15721,M,1.0,ansur2_2012,192.0,154.0,561.0,127.0,123.0,24.0,65.5,154.0,340.0,34
ANSUR2-M-15724,M,1.0,ansur2_2012,211.0,164.0,610.0,140.0,119.0,32.0,68.0,154.0,344.0,21
ANSUR2-M-15725,M,1.0,ansur2_2012,201.0,157.0,585.0,144.0,128.0,18.0,71.0,146.0,342.0,20
ANSUR2-M-15728,M,1.0,ansur2_2012,192.0,147.0,562.0,126.0,134.0,23.0,63.0,130.0,329.0,30
ANSUR2-M-15729,M,1.0,ansur2_2012,212.0,153.0,599.0,139.0,135.0,23.0,62.0,142.0,340.0,27
ANSUR2-M-15731,M,1.0,ansur2_2012,207.0,155.0,584.0,129.0,130.0,20.0,60.0,142.0,336.0,24
ANSUR2-M-15733,M,1.0,ansur2_2012,219.0,159.0,625.0,139.0,130.0,20.0,70.5,161.0,355.0,22
ANSUR2-M-15735,M,1.0,ansur2_2012,198.0,160.0,587.0,141.0,126.0,24.0,66.5,149.0,330.0,27
ANSUR2-M-15738,M,1.0,ansur2_2012,199.0,156.0,576.0,123.0,133.0,20.0,65.0,151.0,345.0,38
ANSUR2-M-15740,M,1.0,ansur2_2012,200.0,148.0,572.0,128.0,122.0,22.0,58.0,146.0,337.0,34
ANSUR2-M-15744,M,1.0,ansur2_2012,199.0,164.0,586.0,130.0,114.0,24.0,68.5,148.0,335.0,32
ANSUR2-M-15756,M,1.0,ansur2_2012,187.0,145.0,543.0,110.0,115.0,24.0,60.0,143.0,336.0,33
ANSUR2-M-15759,M,1.0,ansur2_2012,196.0,156.0,574.0,130.0,108.0,21.0,62.5,139.0,322.0,25
ANSUR2-M-15763,M,1.0,ansur2_2012,198.0,154.0,590.0,117.0,117.0,22.0,60.5,138.0,334.0,31
ANSUR2-M-15781,M,1.0,ansur2_2012,193.0,153.0,541.0,121.0,126.0,20.0,61.0,140.0,318.0,31
ANSUR2-M-15782,M,1.0,ansur2_2012,206.0,166.0,600.0,139.0,123.0,27.0,67.5,160.0,370.0,37
ANSUR2-M-15784,M,1.0,ansur2_2012,199.0,152.0,567.0,127.0,129.0,26.0,61.0,145.0,336.0,33
ANSUR2-M-15786,M,1.0,ansur2_2012,203.0,157.0,590.0,140.0,116.0,29.0,63.5,136.0,334.0,31
ANSUR2-M-15790,M,1.0,ansur2_2012,204.0,146.0,567.0,119.0,117.0,28.0,67.5,145.0,346.0,34
ANSUR2-M-15793,M,1.0,ansur2_2012,211.0,153.0,590.0,128.0,128.0,20.0,62.5,146.0,343.0,41
ANSUR2-M-15796,M,1.0,ansur2_2012,197.0,159.0,585.0,130.0,122.0,24.0,66.0,150.0,337.0,38
ANSUR2-M-15799,M,1.0,ansur2_2012,206.0,154.0,587.0,120.0,128.0,20.0,67.0,144.0,334.0,31
ANSUR2-M-15800,M,1.0,ansur2_2012,201.0,150.0,561.0,121.0,112.0,20.0,62.0,136.0,307.0,23
ANSUR2-M-15802,M,1.0,ansur2_2012,201.0,150.0,572.0,128.0,123.0,19.0,63.0,143.0,319.0,23
ANSUR2-M-15804,M,1.0,ansur2_2012,192.0,155.0,564.0,126.0,121.0,29.0,61.0,144.0,327.0,25
ANSUR2-M-15807,M,1.0,ansur2_2012,194.0,150.0,550.0,122.0,117.0,21.0,62.0,132.0,314.0,29
ANSUR2-M-15814,M,1.0,ansur2_2012,206.0,154.0,584.0,121.0,116.0,21.0,67.0,147.0,351.0,25
ANSUR2-M-15821,M,1.0,ansur2_2012,178.0,154.0,531.0,123.0,120.0,32.0,67.0,144.0,320.0,46
ANSUR2-M-15823,M,1.0,ansur2_2012,204.0,156.0,577.0,135.0,124.0,22.0,58.5,139.0,329.0,34
ANSUR2-M-15824,M,1.0,ansur2_2012,192.0,155.0,564.0,133.0,120.0,23.0,63.0,147.0,334.0,40
ANSUR2-M-15825,M,1.0,ansur2_2012,201.0,138.0,555.0,121.0,130.0,18.0,63.5,128.0,328.0,40
ANSUR2-M-15827,M,1.0,ansur2_2012,198.0,156.0,576.0,126.0,123.0,30.0,68.0,150.0,357.0,27
ANSUR2-M-15828,M,1.0,ansur2_2012,194.0,144.0,560.0,126.0,114.0,21.0,62.5,138.0,330.0,27
ANSUR2-M-15831,M,1.0,ansur2_2012,206.0,156.0,588.0,126.0,124.0,20.0,67.0,148.0,337.0,21
ANSUR2-M-15853,M,1.0,ansur2_2012,204.0,158.0,579.0,127.0,126.0,20.0,65.5,144.0,315.0,21
ANSUR2-M-15858,M,1.0,ansur2_2012,199.0,153.0,563.0,128.0,118.0,28.0,60.5,138.0,312.0,22
ANSUR2-M-15862,M,1.0,ansur2_2012,188.0,151.0,550.0,129.0,130.0,28.0,60.5,147.0,318.0,26
ANSUR2-M-15872,M,1.0,ansur2_2012,192.0,167.0,584.0,129.0,111.0,23.0,63.5,154.0,331.0,26
ANSUR2-M-15876,M,1.0,ansur2_2012,196.0,150.0,563.0,129.0,114.0,25.0,66.5,142.0,313.0,35
ANSUR2-M-15883,M,1.0,ansur2_2012,206.0,158.0,591.0,127.0,130.0,28.0,66.0,149.0,347.0,27
ANSUR2-M-15889,M,1.0,ansur2_2012,196.0,151.0,567.0,130.0,115.0,21.0,58.0,140.0,325.0,25
ANSUR2-M-15892,M,1.0,ansur2_2012,208.0,151.0,587.0,126.0,124.0,23.0,65.0,143.0,327.0,26
ANSUR2-M-15902,M,1.0,ansur2_2012,200.0,155.0,578.0,120.0,128.0,23.0,67.0,155.0,347.0,25
ANSUR2-M-15903,M,1.0,ansur2_2012,207.0,164.0,602.0,126.0,121.0,24.0,64.0,149.0,337.0,25
ANSUR2-M-15907,M,1.0,ansur2_2012,199.0,163.0,584.0,129.0,128.0,25.0,65.5,154.0,333.0,27
ANSUR2-M-15908,M,1.0,ansur2_2012,201.0,150.0,573.0,123.0,123.0,22.0,66.5,142.0,322.0,41
ANSUR2-M-15909,M,1.0,ansur2_2012,195.0,153.0,564.0,122.0,118.0,27.0,58.5,146.0,325.0,21
ANSUR2-M-15910,M,1.0,ansur2_2012,207.0,161.0,598.0,127.0,126.0,24.0,64.5,152.0,355.0,38
ANSUR2-M-15911,M,1.0,ansur2_2012,203.0,156.0,583.0,130.0,127.0,20.0,59.5,142.0,322.0,23
ANSUR2-M-15914,M,1.0,ansur2_2012,197.0,150.0,565.0,122.0,125.0,22.0,65.5,145.0,325.0,37
ANSUR2-M-15919,M,1.0,ansur2_2012,186.0,148.0,547.0,119.0,128.0,23.0,58.0,140.0,317.0,32
ANSUR2-M-15920,M,1.0,ansur2_2012,205.0,158.0,592.0,135.0,130.0,30.0,64.0,145.0,330.0,22
ANSUR2-M-15922,M,1.0,ansur2_2012,191.0,158.0,577.0,118.0,121.0,34.0,63.5,148.0,342.0,40
ANSUR2-M-15923,M,1.0,ansur2_2012,190.0,145.0,549.0,116.0,114.0,34.0,60.5,143.0,326.0,23
ANSUR2-M-15924,M,1.0,ansur2_2012,200.0,153.0,576.0,128.0,134.0,32.0,62.0,149.0,347.0,23
ANSUR2-M-15925,M,1.0,ansur2_2012,204.0,158.0,582.0,129.0,119.0,23.0,57.5,147.0,324.0,27
ANSUR2-M-15927,M,1.0,ansur2_2012,202.0,166.0,598.0,134.0,130.0,20.0,64.0,151.0,326.0,24
ANSUR2-M-15929,M,1.0,ansur2_2012,209.0,153.0,594.0,139.0,131.0,23.0,63.5,146.0,345.0,26
ANSUR2-M-15932,M,1.0,ansur2_2012,195.0,147.0,567.0,116.0,119.0,25.0,62.5,140.0,313.0,29
ANSUR2-M-15933,M,1.0,ansur2_2012,202.0,159.0,589.0,128.0,125.0,23.0,61.5,150.0,348.0,27
ANSUR2-M-15934,M,1.0,ansur2_2012,216.0,149.0,600.0,134.0,123.0,20.0,64.0,148.0,353.0,23
ANSUR2-M-15936,M,1.0,ansur2_2012,185.0,163.0,563.0,119.0,122.0,22.0,64.5,157.0,352.0,38
ANSUR2-M-15938,M,1.0,ansur2_2012,197.0,155.0,582.0,130.0,129.0,25.0,68.0,151.0,335.0,22
ANSUR2-M-15939,M,1.0,ansur2_2012,205.0,152.0,583.0,127.0,136.0,21.0,68.0,144.0,337.0,29
ANSUR2-M-15940,M,1.0,ansur2_2012,194.0,154.0,570.0,124.0,128.0,22.0,59.0,142.0,346.0,25
ANSUR2-M-15941,M,1.0,ansur2_2012,206.0,164.0,613.0,140.0,129.0,26.0,65.5,156.0,366.0,29
ANSUR2-M-15942,M,1.0,ansur2_2012,191.0,161.0,563.0,124.0,117.0,29.0,59.5,142.0,332.0,38
ANSUR2-M-15943,M,1.0,ansur2_2012,207.0,162.0,604.0,138.0,122.0,24.0,68.5,147.0,339.0,25
ANSUR2-M-15945,M,1.0,ansur2_2012,205.0,158.0,587.0,125.0,129.0,23.0,70.0,153.0,346.0,25
ANSUR2-M-15948,M,1.0,ansur2_2012,196.0,157.0,568.0,117.0,132.0,21.0,60.5,142.0,319.0,29
ANSUR2-M-15949,M,1.0,ansur2_2012,203.0,161.0,597.0,127.0,127.0,21.0,64.5,156.0,347.0,40
ANSUR2-M-15950,M,1.0,ansur2_2012,195.0,149.0,563.0,125.0,123.0,27.0,60.5,145.0,323.0,29
ANSUR2-M-15953,M,1.0,ansur2_2012,201.0,154.0,574.0,128.0,130.0,23.0,59.5,140.0,317.0,45
ANSUR2-M-15954,M,1.0,ansur2_2012,202.0,152.0,578.0,124.0,121.0,18.0,63.0,143.0,347.0,42
ANSUR2-M-15955,M,1.0,ansur2_2012,200.0,150.0,575.0,121.0,113.0,23.0,65.0,137.0,338.0,37
ANSUR2-M-15956,M,1.0,ansur2_2012,213.0,160.0,620.0,137.0,133.0,23.0,65.0,156.0,366.0,37
ANSUR2-M-15957,M,1.0,ansur2_2012,203.0,160.0,589.0,134.0,124.0,21.0,66.5,145.0,340.0,22
ANSUR2-M-15964,M,1.0,ansur2_2012,201.0,164.0,588.0,137.0,119.0,21.0,66.0,148.0,344.0,20
ANSUR2-M-15967,M,1.0,ansur2_2012,191.0,153.0,577.0,134.0,120.0,26.0,64.0,140.0,333.0,26
ANSUR2-M-15970,M,1.0,ansur2_2012,194.0,160.0,574.0,130.0,110.0,25.0,61.5,153.0,335.0,30
ANSUR2-M-15979,M,1.0,ansur2_2012,210.0,157.0,598.0,134.0,137.0,28.0,64.5,144.0,336.0,36
ANSUR2-M-15982,M,1.0,ansur2_2012,202.0,161.0,594.0,140.0,137.0,27.0,62.5,145.0,336.0,27
ANSUR2-M-15988,M,1.0,ansur2_2012,211.0,160.0,603.0,137.0,120.0,25.0,64.0,143.0,327.0,26
ANSUR2-M-15996,M,1.0,ansur2_2012,210.0,155.0,599.0,134.0,121.0,25.0,69.5,152.0,338.0,45
ANSUR2-M-15998,M,1.0,ansur2_2012,194.0,176.0,585.0,133.0,133.0,25.0,67.0,160.0,348.0,50
ANSUR2-M-16005,M,1.0,ansur2_2012,193.0,152.0,562.0,116.0,122.0,25.0,63.0,144.0,314.0,26
ANSUR2-M-16008,M,1.0,ansur2_2012,204.0,156.0,590.0,131.0,113.0,18.0,63.5,147.0,331.0,29
ANSUR2-M-16012,M,1.0,ansur2_2012,193.0,154.0,564.0,132.0,105.0,27.0,63.0,134.0,287.0,30
ANSUR2-M-16016,M,1.0,ansur2_2012,202.0,141.0,575.0,132.0,125.0,20.0,61.0,139.0,344.0,30
ANSUR2-M-16018,M,1.0,ansur2_2012,193.0,159.0,563.0,135.0,132.0,25.0,61.5,143.0,332.0,31
ANSUR2-M-16022,M,1.0,ansur2_2012,195.0,164.0,575.0,125.0,111.0,19.0,62.5,146.0,326.0,33
ANSUR2-M-16025,M,1.0,ansur2_2012,202.0,152.0,573.0,127.0,125.0,21.0,58.5,132.0,327.0,31
ANSUR2-M-16028,M,1.0,ansur2_2012,204.0,150.0,578.0,133.0,117.0,19.0,65.0,137.0,325.0,23
ANSUR2-M-16029,M,1.0,ansur2_2012,206.0,159.0,604.0,129.0,135.0,23.0,64.5,151.0,354.0,23
ANSUR2-M-16032,M,1.0,ansur2_2012,199.0,156.0,576.0,133.0,113.0,25.0,63.0,144.0,332.0,22
ANSUR2-M-16033,M,1.0,ansur2_2012,187.0,146.0,527.0,125.0,109.0,26.0,62.0,133.0,304.0,43
ANSUR2-M-16034,M,1.0,ansur2_2012,206.0,148.0,573.0,125.0,125.0,30.0,60.0,139.0,324.0,47
ANSUR2-M-16035,M,1.0,ansur2_2012,196.0,154.0,568.0,140.0,127.0,20.0,70.5,147.0,344.0,32
ANSUR2-M-16040,M,1.0,ansur2_2012,197.0,148.0,558.0,127.0,120.0,24.0,58.5,134.0,330.0,27
ANSUR2-M-16041,M,1.0,ansur2_2012,207.0,165.0,613.0,146.0,129.0,22.0,71.5,154.0,342.0,22
ANSUR2-M-16042,M,1.0,ansur2_2012,194.0,157.0,577.0,124.0,133.0,21.0,66.0,150.0,364.0,29
ANSUR2-M-16043,M,1.0,ansur2_2012,210.0,150.0,581.0,134.0,107.0,24.0,62.0,137.0,344.0,36
ANSUR2-M-16044,M,1.0,ansur2_2012,197.0,156.0,566.0,138.0,124.0,24.0,67.5,154.0,348.0,40
ANSUR2-M-16045,M,1.0,ansur2_2012,200.0,153.0,570.0,134.0,119.0,23.0,65.5,139.0,327.0,22
ANSUR2-M-16046,M,1.0,ansur2_2012,197.0,154.0,576.0,133.0,117.0,22.0,62.5,147.0,333.0,22
ANSUR2-M-16087,M,1.0,ansur2_2012,214.0,171.0,625.0,136.0,136.0,28.0,74.0,152.0,332.0,22
ANSUR2-M-16156,M,1.0,ansur2_2012,210.0,153.0,597.0,127.0,122.0,22.0,65.0,147.0,365.0,29
ANSUR2-M-16160,M,1.0,ansur2_2012,191.0,161.0,567.0,125.0,119.0,26.0,60.5,145.0,322.0,19
ANSUR2-M-16165,M,1.0,ansur2_2012,194.0,150.0,563.0,127.0,126.0,18.0,62.5,143.0,336.0,22
ANSUR2-M-16175,M,1.0,ansur2_2012,194.0,154.0,560.0,133.0,120.0,23.0,61.5,147.0,318.0,41
ANSUR2-M-16179,M,1.0,ansur2_2012,193.0,180.0,600.0,145.0,132.0,21.0,71.0,174.0,357.0,29
ANSUR2-M-16180,M,1.0,ansur2_2012,200.0,166.0,591.0,127.0,120.0,24.0,63.0,156.0,360.0,26
ANSUR2-M-16192,M,1.0,ansur2_2012,207.0,154.0,594.0,118.0,125.0,19.0,66.0,141.0,335.0,43
ANSUR2-M-16198,M,1.0,ansur2_2012,198.0,158.0,586.0,136.0,134.0,24.0,64.5,148.0,337.0,37
ANSUR2-M-16201,M,1.0,ansur2_2012,207.0,149.0,582.0,129.0,123.0,23.0,68.5,140.0,332.0,21
ANSUR2-M-16214,M,1.0,ansur2_2012,207.0,152.0,578.0,121.0,121.0,26.0,61.5,146.0,344.0,35
ANSUR2-M-16224,M,1.0,ansur2_2012,199.0,159.0,587.0,133.0,123.0,25.0,65.5,144.0,324.0,21
ANSUR2-M-16234,M,1.0,ansur2_2012,198.0,157.0,583.0,130.0,119.0,20.0,65.5,148.0,352.0,30
ANSUR2-M-16239,M,1.0,ansur2_2012,196.0,157.0,564.0,112.0,125.0,22.0,63.5,141.0,330.0,32
ANSUR2-M-16240,M,1.0,ansur2_2012,210.0,155.0,601.0,125.0,130.0,24.0,66.5,147.0,356.0,19
ANSUR2-M-16244,M,1.0,ansur2_2012,205.0,153.0,582.0,132.0,137.0,27.0,65.5,144.0,348.0,34
ANSUR2-M-16251,M,1.0,ansur2_2012,204.0,153.0,574.0,135.0,128.0,19.0,64.5,138.0,353.0,26
ANSUR2-M-16263,M,1.0,ansur2_2012,183.0,147.0,547.0,127.0,115.0,29.0,63.5,140.0,318.0,20
ANSUR2-M-16265,M,1.0,ansur2_2012,195.0,156.0,570.0,128.0,115.0,20.0,61.0,137.0,313.0,26
ANSUR2-M-16266,M,1.0,ansur2_2012,197.0,149.0,582.0,124.0,130.0,33.0,61.5,154.0,338.0,25
ANSUR2-M-16284,M,1.0,ansur2_2012,202.0,157.0,586.0,137.0,125.0,24.0,67.0,144.0,341.0,31
ANSUR2-M-16291,M,1.0,ansur2_2012,198.0,152.0,575.0,127.0,126.0,29.0,62.0,136.0,322.0,39
ANSUR2-M-16294,M,1.0,ansur2_2012,200.0,151.0,566.0,117.0,120.0,23.0,68.0,147.0,337.0,38
ANSUR2-M-16295,M,1.0,ansur2_2012,205.0,154.0,598.0,140.0,121.0,20.0,66.5,153.0,349.0,23
ANSUR2-M-16297,M,1.0,ansur2_2012,200.0,151.0,574.0,121.0,120.0,23.0,64.0,145.0,333.0,27
ANSUR2-M-16303,M,1.0,ansur2_2012,211.0,154.0,595.0,130.0,121.0,24.0,60.5,142.0,336.0,20
ANSUR2-M-16310,M,1.0,ansur2_2012,212.0,156.0,603.0,136.0,123.0,24.0,66.5,148.0,343.0,35
ANSUR2-M-16313,M,1.0,ansur2_2012,197.0,154.0,565.0,130.0,128.0,25.0,60.5,138.0,334.0,28
ANSUR2-M-16329,M,1.0,ansur2_2012,194.0,147.0,550.0,123.0,130.0,25.0,66.5,139.0,336.0,36
ANSUR2-M-16330,M,1.0,ansur2_2012,193.0,170.0,584.0,140.0,129.0,22.0,66.5,153.0,346.0,39
ANSUR2-M-16335,M,1.0,ansur2_2012,200.0,150.0,562.0,124.0,128.0,19.0,66.0,146.0,360.0,40
ANSUR2-M-16336,M,1.0,ansur2_2012,204.0,158.0,593.0,137.0,127.0,23.0,62.0,147.0,336.0,29
ANSUR2-M-16338,M,1.0,ansur2_2012,211.0,158.0,599.0,132.0,124.0,21.0,70.5,157.0,370.0,31
ANSUR2-M-16340,M,1.0,ansur2_2012,200.0,158.0,584.0,120.0,122.0,28.0,62.0,149.0,343.0,30
ANSUR2-M-16345,M,1.0,ansur2_2012,208.0,150.0,578.0,134.0,120.0,23.0,63.0,133.0,313.0,26
ANSUR2-M-16350,M,1.0,ansur2_2012,197.0,156.0,578.0,134.0,123.0,22.0,68.0,147.0,322.0,28
ANSUR2-M-16362,M,1.0,ansur2_2012,200.0,155.0,579.0,128.0,124.0,18.0,65.5,140.0,336.0,26
ANSUR2-M-16365,M,1.0,ansur2_2012,210.0,152.0,590.0,131.0,127.0,23.0,70.5,148.0,338.0,29
ANSUR2-M-16366,M,1.0,ansur2_2012,199.0,159.0,597.0,138.0,123.0,28.0,64.5,150.0,336.0,23
ANSUR2-M-16367,M,1.0,ansur2_2012,194.0,152.0,562.0,133.0,117.0,22.0,64.0,144.0,330.0,39
ANSUR2-M-16370,M,1.0,ansur2_2012,200.0,160.0,575.0,125.0,127.0,19.0,69.0,152.0,350.0,31
ANSUR2-M-16371,M,1.0,ansur2_2012,204.0,144.0,574.0,138.0,118.0,24.0,66.5,137.0,330.0,22
ANSUR2-M-16372,M,1.0,ansur2_2012,205.0,158.0,592.0,126.0,130.0,20.0,60.5,154.0,357.0,25
ANSUR2-M-16373,M,1.0,ansur2_2012,202.0,153.0,588.0,123.0,133.0,23.0,63.0,143.0,351.0,36
ANSUR2-M-16386,M,1.0,ansur2_2012,194.0,154.0,557.0,120.0,109.0,26.0,62.5,134.0,321.0,26
ANSUR2-M-16387,M,1.0,ansur2_2012,205.0,156.0,593.0,135.0,131.0,28.0,64.0,148.0,347.0,27
ANSUR2-M-16391,M,1.0,ansur2_2012,202.0,152.0,574.0,140.0,114.0,27.0,66.0,141.0,318.0,32
ANSUR2-M-16397,M,1.0,ansur2_2012,201.0,158.0,578.0,120.0,128.0,26.0,61.0,145.0,330.0,34
ANSUR2-M-16403,M,1.0,ansur2_2012,202.0,156.0,578.0,135.0,128.0,24.0,61.0,144.0,324.0,26
ANSUR2-M-16405,M,1.0,ansur2_2012,193.0,153.0,568.0,139.0,129.0,29.0,64.5,153.0,338.0,25
ANSUR2-M-16406,M,1.0,ansur2_2012,211.0,153.0,598.0,137.0,136.0,20.0,70.0,152.0,337.0,39
ANSUR2-M-16412,M,1.0,ansur2_2012,199.0,154.0,580.0,125.0,123.0,27.0,63.0,147.0,328.0,24
ANSUR2-M-16415,M,1.0,ansur2_2012,204.0,154.0,582.0,132.0,114.0,23.0,67.5,142.0,327.0,38
ANSUR2-M-16416,M,1.0,ansur2_2012,210.0,159.0,597.0,144.0,126.0,28.0,58.0,143.0,333.0,23
ANSUR2-M-16417,M,1.0,ansur2_2012,204.0,146.0,584.0,140.0,115.0,22.0,63.0,134.0,322.0,20
ANSUR2-M-16418,M,1.0,ansur2_2012,197.0,153.0,577.0,125.0,136.0,20.0,58.5,151.0,336.0,26
ANSUR2-M-16420,M,1.0,ansur2_2012,178.0,165.0,558.0,130.0,120.0,24.0,66.5,150.0,325.0,44
ANSUR2-M-16421,M,1.0,ansur2_2012,192.0,152.0,569.0,130.0,120.0,22.0,61.0,144.0,314.0,25
ANSUR2-M-16422,M,1.0,ansur2_2012,202.0,154.0,577.0,131.0,125.0,23.0,64.5,147.0,330.0,33
ANSUR2-M-16427,M,1.0,ansur2_2012,216.0,154.0,597.0,146.0,127.0,26.0,66.5,147.0,331.0,31
ANSUR2-M-16428,M,1.0,ansur2_2012,202.0,155.0,583.0,131.0,128.0,18.0,65.5,133.0,321.0,30
ANSUR2-M-16433,M,1.0,ansur2_2012,206.0,149.0,593.0,132.0,133.0,19.0,64.5,147.0,347.0,27
ANSUR2-M-16434,M,1.0,ansur2_2012,194.0,155.0,565.0,120.0,123.0,19.0,63.0,136.0,341.0,37
ANSUR2-M-16435,M,1.0,ansur2_2012,198.0,156.0,582.0,140.0,131.0,21.0,63.5,144.0,341.0,27
ANSUR2-M-16439,M,1.0,ansur2_2012,204.0,153.0,573.0,133.0,138.0,20.0,60.5,151.0,361.0,28
ANSUR2-M-16441,M,1.0,ansur2_2012,205.0,157.0,591.0,128.0,124.0,28.0,65.5,140.0,337.0,23
ANSUR2-M-16444,M,1.0,ansur2_2012,206.0,158.0,590.0,140.0,115.0,24.0,65.0,147.0,342.0,26
ANSUR2-M-16448,M,1.0,ansur2_2012,192.0,150.0,555.0,125.0,117.0,33.0,65.5,144.0,341.0,23
ANSUR2-M-16449,M,1.0,ansur2_2012,198.0,154.0,573.0,129.0,134.0,25.0,62.0,145.0,333.0,23
ANSUR2-M-16450,M,1.0,ansur2_2012,201.0,156.0,584.0,135.0,114.0,22.0,59.5,147.0,338.0,22
ANSUR2-M-16451,M,1.0,ansur2_2012,203.0,152.0,579.0,137.0,120.0,19.0,62.0,140.0,331.0,36
ANSUR2-M-16454,M,1.0,ansur2_2012,196.0,160.0,583.0,135.0,130.0,19.0,66.0,152.0,347.0,26
ANSUR2-M-16455,M,1.0,ansur2_2012,199.0,160.0,586.0,126.0,131.0,27.0,66.0,149.0,355.0,27
ANSUR2-M-16457,M,1.0,ansur2_2012,202.0,157.0,586.0,135.0,118.0,28.0,58.5,139.0,329.0,25
ANSUR2-M-16460,M,1.0,ansur2_2012,202.0,157.0,579.0,140.0,132.0,31.0,61.5,142.0,334.0,19
ANSUR2-M-16463,M,1.0,ansur2_2012,190.0,154.0,548.0,129.0,118.0,21.0,66.0,142.0,326.0,27
ANSUR2-M-16464,M,1.0,ansur2_2012,202.0,157.0,577.0,125.0,119.0,20.0,61.0,137.0,309.0,22
ANSUR2-M-16465,M,1.0,ansur2_2012,197.0,154.0,568.0,130.0,111.0,25.0,68.0,136.0,319.0,27
ANSUR2-M-16466,M,1.0,ansur2_2012,203.0,158.0,593.0,141.0,126.0,24.0,67.5,139.0,334.0,28
ANSUR2-M-16469,M,1.0,ansur2_2012,202.0,154.0,581.0,125.0,125.0,22.0,57.5,132.0,317.0,46
ANSUR2-M-16470,M,1.0,ansur2_2012,197.0,152.0,563.0,129.0,126.0,23.0,59.5,142.0,342.0,22
ANSUR2-M-16471,M,1.0,ansur2_2012,188.0,151.0,557.0,132.0,120.0,27.0,64.0,143.0,326.0,28
ANSUR2-M-16472,M,1.0,ansur2_2012,196.0,150.0,562.0,123.0,128.0,24.0,59.0,139.0,342.0,29
ANSUR2-M-16474,M,1.0,ansur2_2012,202.0,154.0,589.0,138.0,117.0,22.0,60.5,135.0,333.0,20
ANSUR2-M-16487,M,1.0,ansur2_2012,183.0,153.0,562.0,129.0,122.0,23.0,61.0,143.0,326.0,28
ANSUR2-M-16489,M,1.0,ansur2_2012,202.0,158.0,586.0,127.0,126.0,21.0,63.5,144.0,325.0,28
ANSUR2-M-16490,M,1.0,ansur2_2012,206.0,160.0,590.0,131.0,120.0,23.0,63.0,144.0,324.0,28
ANSUR2-M-16491,M,1.0,ansur2_2012,189.0,141.0,545.0,114.0,131.0,29.0,59.5,144.0,332.0,28
ANSUR2-M-16492,M,1.0,ansur2_2012,202.0,154.0,592.0,125.0,125.0,19.0,68.0,145.0,343.0,26
ANSUR2-M-16493,M,1.0,ansur2_2012,202.0,153.0,582.0,131.0,128.0,19.0,66.0,143.0,339.0,18
ANSUR2-M-16497,M,1.0,ansur2_2012,187.0,146.0,548.0,126.0,118.0,20.0,59.5,134.0,326.0,23
ANSUR2-M-16498,M,1.0,ansur2_2012,196.0,152.0,569.0,140.0,123.0,21.0,62.5,141.0,351.0,25
ANSUR2-M-16500,M,1.0,ansur2_2012,204.0,159.0,580.0,131.0,133.0,23.0,65.5,147.0,348.0,38
ANSUR2-M-16501,M,1.0,ansur2_2012,188.0,153.0,548.0,118.0,110.0,22.0,60.5,139.0,304.0,19
ANSUR2-M-16599,M,1.0,ansur2_2012,194.0,158.0,568.0,124.0,112.0,18.0,69.0,147.0,345.0,46
ANSUR2-M-16602,M,1.0,ansur2_2012,187.0,158.0,546.0,132.0,120.0,24.0,60.0,142.0,329.0,31
ANSUR2-M-16605,M,1.0,ansur2_2012,193.0,147.0,550.0,128.0,115.0,21.0,64.0,138.0,307.0,21
ANSUR2-M-16606,M,1.0,ansur2_2012,205.0,152.0,582.0,140.0,123.0,25.0,61.0,145.0,321.0,26
ANSUR2-M-16609,M,1.0,ansur2_2012,202.0,167.0,596.0,146.0,130.0,27.0,69.0,157.0,345.0,40
ANSUR2-M-16611,M,1.0,ansur2_2012,203.0,153.0,578.0,139.0,126.0,22.0,61.0,137.0,326.0,25
ANSUR2-M-16613,M,1.0,ansur2_2012,206.0,157.0,588.0,126.0,130.0,20.0,62.0,145.0,347.0,37
ANSUR2-M-16614,M,1.0,ansur2_2012,211.0,147.0,596.0,135.0,120.0,23.0,65.0,142.0,336.0,35
ANSUR2-M-16620,M,1.0,ansur2_2012,198.0,150.0,587.0,140.0,130.0,28.0,67.0,138.0,339.0,23
ANSUR2-M-16623,M,1.0,ansur2_2012,204.0,163.0,606.0,135.0,121.0,24.0,65.0,154.0,336.0,27
ANSUR2-M-16624,M,1.0,ansur2_2012,190.0,150.0,553.0,126.0,121.0,21.0,64.0,133.0,321.0,26
ANSUR2-M-16625,M,1.0,ansur2_2012,200.0,149.0,558.0,133.0,118.0,21.0,60.0,133.0,318.0,24
ANSUR2-M-16626,M,1.0,ansur2_2012,188.0,148.0,555.0,137.0,122.0,24.0,59.5,134.0,323.0,22
ANSUR2-M-16629,M,1.0,ansur2_2012,183.0,146.0,537.0,117.0,114.0,26.0,61.5,140.0,318.0,42
ANSUR2-M-16639,M,1.0,ansur2_2012,198.0,157.0,597.0,133.0,122.0,21.0,65.5,153.0,346.0,22
ANSUR2-M-16652,M,1.0,ansur2_2012,200.0,152.0,568.0,129.0,121.0,23.0,66.0,140.0,324.0,19
ANSUR2-M-16662,M,1.0,ansur2_2012,190.0,158.0,565.0,131.0,118.0,26.0,59.5,150.0,321.0,24
ANSUR2-M-16663,M,1.0,ansur2_2012,189.0,161.0,573.0,131.0,117.0,20.0,70.0,145.0,336.0,29
ANSUR2-M-16664,M,1.0,ansur2_2012,192.0,161.0,577.0,134.0,120.0,26.0,72.0,160.0,366.0,22
ANSUR2-M-16674,M,1.0,ansur2_2012,202.0,148.0,571.0,130.0,126.0,29.0,64.0,133.0,339.0,26
ANSUR2-M-16684,M,1.0,ansur2_2012,220.0,156.0,613.0,139.0,122.0,28.0,63.5,146.0,333.0,22
ANSUR2-M-16685,M,1.0,ansur2_2012,199.0,147.0,577.0,133.0,120.0,24.0,64.5,136.0,330.0,23
ANSUR2-M-16689,M,1.0,ansur2_2012,197.0,151.0,568.0,124.0,115.0,25.0,61.5,149.0,355.0,35
ANSUR2-M-16723,M,1.0,ansur2_2012,193.0,157.0,574.0,145.0,118.0,25.0,65.0,144.0,311.0,22
ANSUR2-M-16732,M,1.0,ansur2_2012,194.0,158.0,582.0,139.0,128.0,29.0,62.0,145.0,322.0,33
ANSUR2-M-16733,M,1.0,ansur2_2012,202.0,145.0,568.0,139.0,120.0,24.0,61.5,134.0,316.0,20
ANSUR2-M-16734,M,1.0,ansur2_2012,206.0,154.0,588.0,132.0,124.0,25.0,59.5,138.0,345.0,31
ANSUR2-M-16735,M,1.0,ansur2_2012,194.0,155.0,567.0,128.0,127.0,19.0,62.5,146.0,354.0,39
ANSUR2-M-16736,M,1.0,ansur2_2012,198.0,146.0,566.0,127.0,135.0,25.0,59.0,135.0,336.0,40
ANSUR2-M-16737,M,1.0,ansur2_2012,208.0,160.0,598.0,134.0,121.0,25.0,67.5,154.0,344.0,44
ANSUR2-M-16738,M,1.0,ansur2_2012,203.0,151.0,573.0,130.0,131.0,22.0,67.5,143.0,341.0,46
ANSUR2-M-16740,M,1.0,ansur2_2012,190.0,163.0,570.0,130.0,103.0,25.0,65.5,141.0,311.0,43
ANSUR2-M-16741,M,1.0,ansur2_2012,211.0,160.0,594.0,144.0,122.0,22.0,65.0,138.0,338.0,26
ANSUR2-M-16745,M,1.0,ansur2_2012,200.0,153.0,580.0,134.0,128.0,24.0,63.0,137.0,314.0,27
ANSUR2-M-16746,M,1.0,ansur2_2012,202.0,162.0,587.0,140.0,116.0,23.0,62.5,148.0,322.0,22
ANSUR2-M-16747,M,1.0,ansur2_2012,194.0,157.0,575.0,139.0,122.0,22.0,66.0,138.0,326.0,26
ANSUR2-M-16769,M,1.0,ansur2_2012,194.0,151.0,558.0,121.0,125.0,21.0,61.5,147.0,336.0,30
ANSUR2-M-16770,M,1.0,ansur2_2012,197.0,157.0,574.0,131.0,123.0,23.0,60.0,146.0,332.0,21
ANSUR2-M-16772,M,1.0,ansur2_2012,198.0,150.0,570.0,131.0,122.0,27.0,62.5,136.0,326.0,19
ANSUR2-M-16773,M,1.0,ansur2_2012,196.0,147.0,561.0,129.0,104.0,23.0,56.5,137.0,321.0,22
ANSUR2-M-16776,M,1.0,ansur2_2012,198.0,156.0,575.0,129.0,127.0,25.0,64.0,138.0,336.0,30
ANSUR2-M-16777,M,1.0,ansur2_2012,201.0,161.0,587.0,142.0,124.0,21.0,63.5,142.0,354.0,22
ANSUR2-M-16779,M,1.0,ansur2_2012,191.0,154.0,566.0,122.0,116.0,24.0,62.5,153.0,343.0,29
ANSUR2-M-16782,M,1.0,ansur2_2012,208.0,154.0,583.0,138.0,129.0,25.0,64.0,140.0,300.0,20
ANSUR2-M-16784,M,1.0,ansur2_2012,196.0,147.0,550.0,131.0,119.0,23.0,63.0,136.0,320.0,22
ANSUR2-M-16793,M,1.0,ansur2_2012,211.0,154.0,600.0,135.0,127.0,22.0,63.5,142.0,324.0,27
ANSUR2-M-16796,M,1.0,ansur2_2012,193.0,165.0,573.0,133.0,120.0,26.0,59.5,155.0,315.0,37
ANSUR2-M-16797,M,1.0,ansur2_2012,190.0,149.0,556.0,131.0,120.0,23.0,63.5,133.0,302.0,30
ANSUR2-M-16799,M,1.0,ansur2_2012,208.0,154.0,595.0,137.0,128.0,25.0,63.5,143.0,337.0,41
ANSUR2-M-16802,M,1.0,ansur2_2012,199.0,151.0,568.0,125.0,123.0,21.0,66.0,138.0,347.0,47
ANSUR2-M-16803,M,1.0,ansur2_2012,198.0,162.0,581.0,126.0,116.0,20.0,63.0,141.0,327.0,48
ANSUR2-M-16804,M,1.0,ansur2_2012,202.0,153.0,581.0,132.0,117.0,20.0,63.0,144.0,341.0,37
ANSUR2-M-16805,M,1.0,ansur2_2012,203.0,168.0,590.0,134.0,135.0,21.0,67.5,149.0,365.0,42
ANSUR2-M-16807,M,1.0,ansur2_2012,204.0,154.0,574.0,133.0,121.0,24.0,63.0,139.0,331.0,35
ANSUR2-M-16809,M,1.0,ansur2_2012,183.0,168.0,571.0,141.0,122.0,24.0,65.5,141.0,310.0,20
ANSUR2-M-16810,M,1.0,ansur2_2012,198.0,158.0,577.0,142.0,121.0,20.0,60.0,142.0,325.0,20
ANSUR2-M-16812,M,1.0,ansur2_2012,192.0,154.0,555.0,129.0,114.0,19.0,65.5,147.0,333.0,23
ANSUR2-M-16814,M,1.0,ansur2_2012,196.0,143.0,548.0,126.0,122.0,21.0,62.0,133.0,316.0,45
ANSUR2-M-16815,M,1.0,ansur2_2012,200.0,162.0,584.0,144.0,119.0,24.0,68.5,154.0,340.0,21
ANSUR2-M-16818,M,1.0,ansur2_2012,208.0,155.0,586.0,140.0,124.0,23.0,62.0,146.0,344.0,21
ANSUR2-M-16820,M,1.0,ansur2_2012,195.0,146.0,560.0,128.0,117.0,24.0,59.0,136.0,322.0,21
ANSUR2-M-16821,M,1.0,ansur2_2012,197.0,151.0,563.0,135.0,119.0,18.0,61.0,130.0,316.0,25
ANSUR2-M-16822,M,1.0,ansur2_2012,194.0,159.0,571.0,130.0,131.0,23.0,58.0,143.0,326.0,20
ANSUR2-M-16826,M,1.0,ansur2_2012,194.0,144.0,545.0,126.0,113.0,22.0,61.0,132.0,307.0,25
ANSUR2-M-16828,M,1.0,ansur2_2012,194.0,157.0,572.0,127.0,117.0,25.0,63.0,143.0,324.0,23
ANSUR2-M-16830,M,1.0,ansur2_2012,196.0,153.0,567.0,131.0,122.0,29.0,60.0,146.0,323.0,40
ANSUR2-M-16831,M,1.0,ansur2_2012,193.0,146.0,550.0,131.0,119.0,23.0,64.0,140.0,340.0,38
ANSUR2-M-16832,M,1.0,ansur2_2012,212.0,160.0,613.0,136.0,130.0,23.0,68.0,147.0,348.0,38
ANSUR2-M-16844,M,1.0,ansur2_2012,198.0,151.0,576.0,139.0,119.0,24.0,67.0,133.0,298.0,30
ANSUR2-M-16853,M,1.0,ansur2_2012,198.0,150.0,566.0,124.0,119.0,19.0,60.5,126.0,316.0,19
ANSUR2-M-16859,M,1.0,ansur2_2012,191.0,151.0,555.0,122.0,116.0,22.0,61.5,137.0,323.0,22
ANSUR2-M-16862,M,1.0,ansur2_2012,202.0,152.0,582.0,135.0,135.0,21.0,62.5,143.0,342.0,20
ANSUR2-M-16863,M,1.0,ansur2_2012,206.0,160.0,602.0,138.0,137.0,28.0,61.5,143.0,337.0,21
ANSUR2-M-16870,M,1.0,ansur2_2012,213.0,158.0,615.0,130.0,133.0,17.0,65.5,144.0,335.0,21
ANSUR2-M-16872,M,1.0,ansur2_2012,207.0,157.0,590.0,133.0,119.0,23.0,62.5,140.0,344.0,27
ANSUR2-M-16873,M,1.0,ansur2_2012,196.0,163.0,583.0,133.0,116.0,24.0,65.0,149.0,335.0,25
ANSUR2-M-16876,M,1.0,ansur2_2012,204.0,163.0,588.0,137.0,126.0,21.0,65.0,152.0,337.0,21
ANSUR2-M-16877,M,1.0,ansur2_2012,200.0,144.0,564.0,133.0,123.0,23.0,65.5,137.0,326.0,24
ANSUR2-M-16879,M,1.0,ansur2_2012,197.0,158.0,585.0,127.0,118.0,21.0,65.0,145.0,326.0,20
ANSUR2-M-16880,M,1.0,ansur2_2012,201.0,155.0,580.0,131.0,123.0,30.0,68.0,148.0,348.0,34
ANSUR2-M-16882,M,1.0,ansur2_2012,200.0,157.0,583.0,120.0,117.0,17.0,62.5,141.0,339.0,26
ANSUR2-M-16883,M,1.0,ansur2_2012,203.0,161.0,597.0,130.0,120.0,23.0,63.5,141.0,331.0,24
ANSUR2-M-16884,M,1.0,ansur2_2012,196.0,153.0,571.0,126.0,117.0,24.0,59.0,137.0,327.0,20
ANSUR2-M-16885,M,1.0,ansur2_2012,187.0,152.0,558.0,127.0,123.0,27.0,64.5,145.0,337.0,26
ANSUR2-M-16887,M,1.0,ansur2_2012,197.0,149.0,566.0,130.0,128.0,21.0,58.5,130.0,323.0,23
ANSUR2-M-16888,M,1.0,ansur2_2012,203.0,155.0,587.0,140.0,127.0,25.0,67.5,152.0,356.0,27
ANSUR2-M-16893,M,1.0,ansur2_2012,210.0,155.0,595.0,135.0,130.0,18.0,64.0,141.0,342.0,29
ANSUR2-M-16896,M,1.0,ansur2_2012,212.0,156.0,593.0,135.0,129.0,21.0,67.0,148.0,344.0,27
ANSUR2-M-16897,M,1.0,ansur2_2012,193.0,148.0,553.0,128.0,118.0,23.0,60.5,132.0,324.0,21
ANSUR2-M-16899,M,1.0,ansur2_2012,198.0,163.0,582.0,134.0,126.0,23.0,59.5,149.0,332.0,29
ANSUR2-M-16900,M,1.0,ansur2_2012,203.0,157.0,588.0,128.0,126.0,22.0,62.5,147.0,328.0,20
ANSUR2-M-16902,M,1.0,ansur2_2012,194.0,157.0,562.0,135.0,114.0,23.0,63.0,144.0,298.0,37
ANSUR2-M-16912,M,1.0,ansur2_2012,196.0,157.0,576.0,129.0,121.0,23.0,62.5,146.0,330.0,20
ANSUR2-M-16913,M,1.0,ansur2_2012,202.0,154.0,580.0,136.0,126.0,22.0,62.0,149.0,340.0,37
ANSUR2-M-16914,M,1.0,ansur2_2012,196.0,151.0,564.0,131.0,133.0,25.0,63.5,146.0,346.0,26
ANSUR2-M-16916,M,1.0,ansur2_2012,207.0,155.0,597.0,128.0,122.0,22.0,61.0,135.0,312.0,26
ANSUR2-M-16917,M,1.0,ansur2_2012,210.0,163.0,597.0,125.0,128.0,22.0,62.0,148.0,354.0,25
ANSUR2-M-16918,M,1.0,ansur2_2012,206.0,153.0,583.0,127.0,121.0,22.0,60.5,140.0,330.0,23
ANSUR2-M-16919,M,1.0,ansur2_2012,203.0,161.0,585.0,121.0,116.0,20.0,65.5,146.0,320.0,24
ANSUR2-M-16921,M,1.0,ansur2_2012,214.0,162.0,614.0,133.0,130.0,23.0,62.0,151.0,351.0,20
ANSUR2-M-16923,M,1.0,ansur2_2012,211.0,155.0,583.0,134.0,132.0,23.0,66.0,146.0,324.0,36
ANSUR2-M-16924,M,1.0,ansur2_2012,206.0,157.0,583.0,133.0,123.0,25.0,63.5,139.0,326.0,20
ANSUR2-M-16925,M,1.0,ansur2_2012,188.0,150.0,554.0,135.0,123.0,19.0,61.0,140.0,320.0,39
ANSUR2-M-16929,M,1.0,ansur2_2012,196.0,153.0,563.0,123.0,125.0,23.0,59.5,143.0,336.0,22
ANSUR2-M-16930,M,1.0,ansur2_2012,196.0,154.0,565.0,124.0,114.0,21.0,65.0,141.0,327.0,54
ANSUR2-M-16931,M,1.0,ansur2_2012,206.0,159.0,584.0,131.0,123.0,24.0,68.5,148.0,347.0,50
ANSUR2-M-16932,M,1.0,ansur2_2012,188.0,149.0,553.0,127.0,121.0,24.0,64.0,140.0,328.0,29
ANSUR2-M-16933,M,1.0,ansur2_2012,199.0,153.0,578.0,129.0,121.0,23.0,61.0,146.0,333.0,30
ANSUR2-M-16943,M,1.0,ansur2_2012,206.0,154.0,576.0,137.0,116.0,21.0,66.5,137.0,334.0,54
ANSUR2-M-16944,M,1.0,ansur2_2012,201.0,154.0,573.0,132.0,131.0,23.0,62.0,152.0,321.0,47
ANSUR2-M-16945,M,1.0,ansur2_2012,206.0,152.0,587.0,129.0,137.0,20.0,64.5,141.0,334.0,30
ANSUR2-M-16946,M,1.0,ansur2_2012,203.0,155.0,575.0,125.0,125.0,25.0,63.5,136.0,330.0,45
ANSUR2-M-16947,M,1.0,ansur2_2012,189.0,155.0,556.0,135.0,121.0,25.0,66.5,144.0,316.0,26
ANSUR2-M-16948,M,1.0,ansur2_2012,202.0,155.0,576.0,135.0,126.0,21.0,65.5,144.0,342.0,41
ANSUR2-M-16949,M,1.0,ansur2_2012,206.0,157.0,584.0,134.0,121.0,24.0,62.0,144.0,325.0,28
ANSUR2-M-16950,M,1.0,ansur2_2012,195.0,152.0,557.0,123.0,117.0,25.0,65.0,136.0,326.0,35
ANSUR2-M-16952,M,1.0,ansur2_2012,207.0,151.0,578.0,124.0,117.0,18.0,63.5,139.0,323.0,41
ANSUR2-M-16953,M,1.0,ansur2_2012,194.0,159.0,577.0,134.0,120.0,23.0,63.5,150.0,326.0,25
ANSUR2-M-16955,M,1.0,ansur2_2012,218.0,152.0,600.0,140.0,123.0,23.0,67.0,149.0,340.0,42
ANSUR2-M-16956,M,1.0,ansur2_2012,212.0,158.0,593.0,136.0,121.0,22.0,64.0,141.0,330.0,27
ANSUR2-M-16957,M,1.0,ansur2_2012,205.0,152.0,570.0,126.0,128.0,27.0,61.5,139.0,327.0,25
ANSUR2-M-16959,M,1.0,ansur2_2012,189.0,157.0,557.0,135.0,124.0,27.0,64.0,147.0,317.0,35
ANSUR2-M-16961,M,1.0,ansur2_2012,190.0,153.0,554.0,126.0,114.0,25.0,57.0,143.0,331.0,27
ANSUR2-M-16964,M,1.0,ansur2_2012,207.0,154.0,585.0,135.0,131.0,22.0,64.5,143.0,333.0,20
ANSUR2-M-16965,M,1.0,ansur2_2012,197.0,154.0,565.0,124.0,117.0,27.0,67.0,137.0,347.0,32
ANSUR2-M-16967,M,1.0,ansur2_2012,200.0,162.0,588.0,135.0,134.0,25.0,60.0,147.0,341.0,49
ANSUR2-M-16969,M,1.0,ansur2_2012,213.0,161.0,608.0,141.0,129.0,27.0,75.5,158.0,360.0,47
ANSUR2-M-16978,M,1.0,ansur2_2012,205.0,160.0,591.0,134.0,127.0,22.0,67.0,151.0,365.0,31
ANSUR2-M-16981,M,1.0,ansur2_2012,215.0,146.0,593.0,128.0,123.0,21.0,63.0,141.0,344.0,37
ANSUR2-M-16982,M,1.0,ansur2_2012,199.0,154.0,579.0,132.0,127.0,20.0,69.5,140.0,325.0,52
ANSUR2-M-16983,M,1.0,ansur2_2012,196.0,154.0,564.0,133.0,117.0,22.0,62.0,136.0,311.0,32
ANSUR2-M-16985,M,1.0,ansur2_2012,211.0,146.0,588.0,133.0,132.0,29.0,66.5,144.0,339.0,55
ANSUR2-M-16987,M,1.0,ansur2_2012,194.0,144.0,549.0,129.0,115.0,21.0,66.0,137.0,313.0,31
ANSUR2-M-16996,M,1.0,ansur2_2012,198.0,156.0,581.0,133.0,121.0,20.0,63.5,150.0,332.0,36
ANSUR2-M-16997,M,1.0,ansur2_2012,177.0,149.0,523.0,123.0,126.0,24.0,59.0,140.0,315.0,27
ANSUR2-M-16998,M,1.0,ansur2_2012,192.0,150.0,546.0,126.0,112.0,20.0,62.5,139.0,325.0,38
ANSUR2-M-17002,M,1.0,ansur2_2012,201.0,157.0,570.0,123.0,130.0,24.0,65.0,144.0,351.0,47
ANSUR2-M-17005,M,1.0,ansur2_2012,193.0,162.0,564.0,115.0,115.0,21.0,67.5,156.0,341.0,35
ANSUR2-M-17006,M,1.0,ansur2_2012,196.0,158.0,574.0,135.0,121.0,21.0,61.0,139.0,322.0,20
ANSUR2-M-17009,M,1.0,ansur2_2012,205.0,154.0,575.0,142.0,127.0,26.0,67.0,136.0,352.0,54
ANSUR2-M-17010,M,1.0,ansur2_2012,191.0,150.0,547.0,126.0,119.0,26.0,61.5,141.0,312.0,36
ANSUR2-M-17011,M,1.0,ansur2_2012,194.0,154.0,557.0,130.0,124.0,25.0,69.0,143.0,345.0,43
ANSUR2-M-17012,M,1.0,ansur2_2012,203.0,148.0,570.0,134.0,117.0,23.0,65.0,143.0,324.0,43
ANSUR2-M-17015,M,1.0,ansur2_2012,196.0,153.0,563.0,128.0,123.0,21.0,64.0,142.0,302.0,19
ANSUR2-M-17020,M,1.0,ansur2_2012,200.0,168.0,604.0,140.0,131.0,20.0,67.5,159.0,351.0,25
ANSUR2-M-17022,M,1.0,ansur2_2012,201.0,154.0,581.0,134.0,111.0,22.0,59.5,144.0,311.0,20
ANSUR2-M-17023,M,1.0,ansur2_2012,201.0,161.0,571.0,136.0,115.0,23.0,64.5,148.0,337.0,35
ANSUR2-M-17024,M,1.0,ansur2_2012,201.0,157.0,600.0,134.0,121.0,25.0,64.0,149.0,342.0,41
ANSUR2-M-17025,M,1.0,ansur2_2012,196.0,168.0,588.0,137.0,120.0,19.0,63.0,159.0,353.0,23
ANSUR2-M-17029,M,1.0,ansur2_2012,191.0,155.0,569.0,133.0,126.0,25.0,62.5,145.0,326.0,32
ANSUR2-M-17030,M,1.0,ansur2_2012,203.0,154.0,576.0,132.0,133.0,24.0,66.0,146.0,348.0,20
ANSUR2-M-17036,M,1.0,ansur2_2012,198.0,150.0,567.0,130.0,123.0,25.0,62.5,138.0,344.0,41
ANSUR2-M-17040,M,1.0,ansur2_2012,197.0,150.0,575.0,125.0,117.0,26.0,66.5,146.0,347.0,43
ANSUR2-M-17044,M,1.0,ansur2_2012,186.0,151.0,551.0,117.0,118.0,20.0,61.5,144.0,337.0,19
ANSUR2-M-17045,M,1.0,ansur2_2012,186.0,146.0,539.0,122.0,121.0,20.0,63.5,139.0,320.0,19
ANSUR2-M-17046,M,1.0,ansur2_2012,208.0,147.0,579.0,122.0,130.0,24.0,62.0,136.0,342.0,39
ANSUR2-M-17049,M,1.0,ansur2_2012,188.0,144.0,547.0,125.0,130.0,26.0,64.0,144.0,344.0,20
ANSUR2-M-17052,M,1.0,ansur2_2012,198.0,156.0,576.0,128.0,118.0,20.0,59.5,141.0,339.0,48
ANSUR2-M-17054,M,1.0,ansur2_2012,204.0,161.0,577.0,136.0,129.0,24.0,65.0,143.0,333.0,34
ANSUR2-M-17055,M,1.0,ansur2_2012,205.0,161.0,595.0,122.0,119.0,29.0,65.5,148.0,326.0,46
ANSUR2-M-17057,M,1.0,ansur2_2012,190.0,170.0,578.0,133.0,116.0,26.0,64.5,150.0,317.0,19
ANSUR2-M-17060,M,1.0,ansur2_2012,196.0,153.0,561.0,129.0,120.0,26.0,64.5,147.0,333.0,47
ANSUR2-M-17061,M,1.0,ansur2_2012,202.0,154.0,590.0,125.0,122.0,22.0,70.0,152.0,355.0,54
ANSUR2-M-17062,M,1.0,ansur2_2012,195.0,153.0,556.0,127.0,130.0,22.0,64.0,137.0,328.0,41
ANSUR2-M-17066,M,1.0,ansur2_2012,192.0,155.0,561.0,140.0,109.0,23.0,60.0,141.0,307.0,23
ANSUR2-M-17071,M,1.0,ansur2_2012,195.0,149.0,562.0,120.0,125.0,17.0,60.0,142.0,321.0,43
ANSUR2-M-17072,M,1.0,ansur2_2012,196.0,149.0,557.0,121.0,117.0,20.0,61.5,149.0,349.0,38
ANSUR2-M-17075,M,1.0,ansur2_2012,193.0,154.0,564.0,127.0,126.0,22.0,67.0,150.0,347.0,41
ANSUR2-M-17081,M,1.0,ansur2_2012,197.0,152.0,561.0,118.0,121.0,20.0,67.0,150.0,330.0,49
ANSUR2-M-17082,M,1.0,ansur2_2012,194.0,162.0,583.0,127.0,124.0,29.0,61.0,157.0,342.0,37
ANSUR2-M-17085,M,1.0,ansur2_2012,204.0,160.0,583.0,133.0,120.0,26.0,66.0,140.0,310.0,50
ANSUR2-M-17089,M,1.0,ansur2_2012,187.0,155.0,555.0,129.0,119.0,23.0,61.0,144.0,323.0,22
ANSUR2-M-17090,M,1.0,ansur2_2012,204.0,154.0,573.0,126.0,137.0,19.0,63.5,152.0,340.0,48
ANSUR2-M-17091,M,1.0,ansur2_2012,214.0,166.0,608.0,136.0,117.0,24.0,69.5,144.0,337.0,23
ANSUR2-M-17095,M,1.0,ansur2_2012,202.0,157.0,571.0,122.0,129.0,26.0,61.0,138.0,315.0,32
ANSUR2-M-17099,M,1.0,ansur2_2012,190.0,153.0,547.0,137.0,111.0,20.0,63.0,139.0,313.0,24
ANSUR2-M-17100,M,1.0,ansur2_2012,198.0,156.0,569.0,127.0,122.0,25.0,61.0,141.0,344.0,42
ANSUR2-M-17101,M,1.0,ansur2_2012,204.0,153.0,585.0,135.0,125.0,23.0,62.0,146.0,346.0,27
ANSUR2-M-17102,M,1.0,ansur2_2012,202.0,157.0,588.0,142.0,126.0,24.0,61.5,147.0,348.0,23
ANSUR2-M-17103,M,1.0,ansur2_2012,202.0,154.0,588.0,141.0,117.0,19.0,62.0,142.0,337.0,42
ANSUR2-M-17104,M,1.0,ansur2_2012,196.0,162.0,573.0,126.0,123.0,23.0,62.5,151.0,340.0,33
ANSUR2-M-17106,M,1.0,ansur2_2012,201.0,158.0,577.0,138.0,127.0,24.0,62.0,144.0,323.0,24
ANSUR2-M-17110,M,1.0,ansur2_2012,201.0,158.0,580.0,137.0,122.0,21.0,67.0,145.0,333.0,36
ANSUR2-M-17112,M,1.0,ansur2_2012,209.0,157.0,600.0,141.0,129.0,26.0,69.0,144.0,340.0,29
ANSUR2-M-17115,M,1.0,ansur2_2012,196.0,152.0,563.0,128.0,129.0,19.0,61.5,144.0,346.0,41
ANSUR2-M-17116,M,1.0,ansur2_2012,198.0,157.0,571.0,128.0,105.0,19.0,65.8,148.0,331.0,40
ANSUR2-M-17117,M,1.0,ansur2_2012,206.0,152.0,577.0,121.0,122.0,21.0,68.5,150.0,340.0,42
ANSUR2-M-17124,M,1.0,ansur2_2012,196.0,154.0,566.0,123.0,119.0,23.0,64.5,144.0,340.0,41
ANSUR2-M-17125,M,1.0,ansur2_2012,193.0,150.0,566.0,123.0,130.0,21.0,61.0,138.0,330.0,35
ANSUR2-M-17126,M,1.0,ansur2_2012,198.0,146.0,549.0,120.0,123.0,19.0,64.0,140.0,322.0,20
ANSUR2-M-17127,M,1.0,ansur2_2012,191.0,162.0,570.0,127.0,119.0,28.0,66.0,160.0,378.0,34
ANSUR2-M-17129,M,1.0,ansur2_2012,183.0,164.0,555.0,138.0,119.0,25.0,62.0,147.0,325.0,28
ANSUR2-M-17130,M,1.0,ansur2_2012,197.0,157.0,566.0,137.0,122.0,24.0,69.0,149.0,328.0,44
ANSUR2-M-17131,M,1.0,ansur2_2012,202.0,155.0,575.0,144.0,125.0,25.0,62.5,138.0,308.0,31
ANSUR2-M-17132,M,1.0,ansur2_2012,204.0,153.0,584.0,136.0,122.0,28.0,66.5,144.0,348.0,24
ANSUR2-M-17137,M,1.0,ansur2_2012,196.0,152.0,564.0,140.0,123.0,24.0,63.5,136.0,322.0,22
ANSUR2-M-17138,M,1.0,ansur2_2012,198.0,155.0,572.0,128.0,122.0,25.0,59.0,137.0,313.0,20
ANSUR2-M-17139,M,1.0,ansur2_2012,198.0,148.0,564.0,130.0,116.0,24.0,61.0,142.0,334.0,24
ANSUR2-M-17141,M,1.0,ansur2_2012,210.0,164.0,607.0,127.0,119.0,23.0,69.0,146.0,343.0,23
ANSUR2-M-17148,M,1.0,ansur2_2012,206.0,151.0,576.0,130.0,114.0,21.0,66.5,142.0,335.0,39
ANSUR2-M-17150,M,1.0,ansur2_2012,190.0,158.0,555.0,137.0,119.0,25.0,61.0,148.0,333.0,25
ANSUR2-M-17152,M,1.0,ansur2_2012,207.0,144.0,565.0,120.0,126.0,22.0,64.0,138.0,343.0,31
ANSUR2-M-17156,M,1.0,ansur2_2012,208.0,159.0,590.0,141.0,123.0,23.0,68.0,147.0,337.0,22
ANSUR2-M-17169,M,1.0,ansur2_2012,191.0,158.0,573.0,130.0,120.0,22.0,66.0,148.0,330.0,23
ANSUR2-M-17191,M,1.0,ansur2_2012,181.0,158.0,547.0,127.0,114.0,26.0,62.5,143.0,308.0,20
ANSUR2-M-17200,M,1.0,ansur2_2012,198.0,147.0,560.0,121.0,125.0,22.0,63.0,138.0,327.0,25
ANSUR2-M-17206,M,1.0,ansur2_2012,206.0,146.0,569.0,137.0,109.0,24.0,63.5,135.0,330.0,19
ANSUR2-M-17209,M,1.0,ansur2_2012,198.0,147.0,555.0,135.0,120.0,20.0,62.5,134.0,317.0,20
ANSUR2-M-17222,M,1.0,ansur2_2012,205.0,152.0,577.0,127.0,130.0,17.0,65.0,143.0,341.0,43
ANSUR2-M-17227,M,1.0,ansur2_2012,202.0,153.0,566.0,127.0,120.0,20.0,60.5,148.0,344.0,38
ANSUR2-M-17232,M,1.0,ansur2_2012,194.0,154.0,567.0,137.0,106.0,17.0,64.0,132.0,300.0,21
ANSUR2-M-17234,M,1.0,ansur2_2012,205.0,161.0,587.0,127.0,119.0,21.0,63.5,149.0,327.0,19
ANSUR2-M-17236,M,1.0,ansur2_2012,192.0,154.0,565.0,123.0,122.0,19.0,66.5,143.0,329.0,20
ANSUR2-M-17237,M,1.0,ansur2_2012,206.0,151.0,575.0,127.0,131.0,24.0,59.5,144.0,329.0,34
ANSUR2-M-17239,M,1.0,ansur2_2012,194.0,171.0,586.0,128.0,111.0,24.0,68.0,150.0,334.0,45
ANSUR2-M-17240,M,1.0,ansur2_2012,197.0,158.0,585.0,137.0,120.0,23.0,63.5,155.0,355.0,26
ANSUR2-M-17241,M,1.0,ansur2_2012,205.0,152.0,577.0,133.0,122.0,18.0,67.5,156.0,364.0,21
ANSUR2-M-17243,M,1.0,ansur2_2012,182.0,155.0,541.0,131.0,117.0,25.0,62.0,145.0,320.0,19
ANSUR2-M-17244,M,1.0,ansur2_2012,197.0,156.0,556.0,136.0,123.0,23.0,60.5,136.0,307.0,21
ANSUR2-M-17245,M,1.0,ansur2_2012,206.0,152.0,582.0,132.0,127.0,23.0,60.5,148.0,360.0,20
ANSUR2-M-17246,M,1.0,ansur2_2012,216.0,161.0,626.0,144.0,129.0,24.0,67.0,144.0,341.0,24
ANSUR2-M-17250,M,1.0,ansur2_2012,189.0,154.0,560.0,134.0,117.0,24.0,60.0,140.0,330.0,24
ANSUR2-M-17251,M,1.0,ansur2_2012,214.0,159.0,597.0,140.0,115.0,21.0,70.5,147.0,329.0,25
ANSUR2-M-17253,M,1.0,ansur2_2012,204.0,156.0,598.0,129.0,122.0,20.0,61.0,149.0,342.0,33
ANSUR2-M-17256,M,1.0,ansur2_2012,194.0,155.0,559.0,132.0,116.0,29.0,58.0,139.0,306.0,39
ANSUR2-M-17258,M,1.0,ansur2_2012,196.0,152.0,560.0,128.0,123.0,28.0,58.5,139.0,320.0,31
ANSUR2-M-17259,M,1.0,ansur2_2012,210.0,153.0,590.0,131.0,133.0,20.0,65.0,140.0,340.0,40
ANSUR2-M-17264,M,1.0,ansur2_2012,196.0,153.0,563.0,127.0,131.0,28.0,61.0,142.0,314.0,24
ANSUR2-M-17267,M,1.0,ansur2_2012,198.0,152.0,571.0,120.0,120.0,21.0,60.0,147.0,343.0,35
ANSUR2-M-17268,M,1.0,ansur2_2012,196.0,154.0,572.0,133.0,122.0,25.0,61.5,147.0,331.0,21
ANSUR2-M-17272,M,1.0,ansur2_2012,194.0,151.0,564.0,134.0,115.0,20.0,59.5,133.0,317.0,20
ANSUR2-M-17273,M,1.0,ansur2_2012,194.0,149.0,566.0,123.0,127.0,22.0,60.5,143.0,343.0,36
ANSUR2-M-17275,M,1.0,ansur2_2012,197.0,148.0,558.0,128.0,120.0,28.0,60.5,134.0,324.0,19
ANSUR2-M-17278,M,1.0,ansur2_2012,206.0,153.0,585.0,125.0,121.0,22.0,60.0,149.0,352.0,37
ANSUR2-M-17281,M,1.0,ansur2_2012,192.0,158.0,575.0,127.0,112.0,27.0,66.5,146.0,328.0,23
ANSUR2-M-17283,M,1.0,ansur2_2012,199.0,151.0,570.0,131.0,132.0,23.0,63.5,149.0,343.0,44
ANSUR2-M-17284,M,1.0,ansur2_2012,212.0,152.0,586.0,140.0,115.0,25.0,63.5,136.0,329.0,21
ANSUR2-M-17285,M,1.0,ansur2_2012,197.0,155.0,572.0,121.0,128.0,19.0,66.5,144.0,323.0,20
ANSUR2-M-17286,M,1.0,ansur2_2012,184.0,163.0,558.0,133.0,122.0,23.0,69.5,150.0,330.0,25
ANSUR2-M-17291,M,1.0,ansur2_2012,204.0,159.0,584.0,124.0,124.0,25.0,64.5,148.0,347.0,30
ANSUR2-M-17294,M,1.0,ansur2_2012,201.0,161.0,586.0,135.0,127.0,24.0,61.5,146.0,330.0,18
ANSUR2-M-17295,M,1.0,ansur2_2012,207.0,154.0,580.0,136.0,117.0,21.0,64.5,145.0,314.0,18
ANSUR2-M-17301,M,1.0,ansur2_2012,197.0,147.0,563.0,135.0,103.0,22.0,62.0,137.0,300.0,20
ANSUR2-M-17305,M,1.0,ansur2_2012,192.0,156.0,560.0,139.0,115.0,20.0,69.0,150.0,326.0,28
ANSUR2-M-17314,M,1.0,ansur2_2012,187.0,156.0,563.0,128.0,123.0,27.0,66.0,145.0,317.0,28
ANSUR2-M-17317,M,1.0,ansur2_2012,192.0,159.0,558.0,130.0,122.0,28.0,62.5,152.0,337.0,38
ANSUR2-M-17319,M,1.0,ansur2_2012,203.0,155.0,588.0,136.0,125.0,24.0,56.0,138.0,339.0,44
ANSUR2-M-17322,M,1.0,ansur2_2012,203.0,158.0,571.0,135.0,130.0,25.0,66.5,148.0,335.0,37
ANSUR2-M-17323,M,1.0,ansur2_2012,203.0,143.0,568.0,118.0,125.0,22.0,61.5,133.0,335.0,34
ANSUR2-M-17326,M,1.0,ansur2_2012,191.0,166.0,567.0,127.0,125.0,24.0,61.0,158.0,341.0,51
ANSUR2-M-17328,M,1.0,ansur2_2012,197.0,161.0,585.0,137.0,118.0,23.0,63.5,149.0,335.0,24
ANSUR2-M-17329,M,1.0,ansur2_2012,198.0,159.0,578.0,130.0,117.0,21.0,64.0,150.0,346.0,41
ANSUR2-M-17330,M,1.0,ansur2_2012,199.0,159.0,587.0,130.0,125.0,20.0,69.5,149.0,330.0,45
ANSUR2-M-17332,M,1.0,ansur2_2012,200.0,159.0,590.0,143.0,128.0,23.0,63.0,145.0,319.0,45
ANSUR2-M-17335,M,1.0,ansur2_2012,206.0,156.0,593.0,131.0,127.0,23.0,65.5,153.0,366.0,41
ANSUR2-M-17337,M,1.0,ansur2_2012,207.0,156.0,575.0,130.0,126.0,27.0,72.0,150.0,336.0,48
ANSUR2-M-17339,M,1.0,ansur2_2012,208.0,158.0,605.0,139.0,118.0,25.0,70.0,148.0,353.0,31
ANSUR2-M-17341,M,1.0,ansur2_2012,201.0,157.0,583.0,128.0,129.0,23.0,65.0,155.0,357.0,41
ANSUR2-M-17345,M,1.0,ansur2_2012,202.0,156.0,575.0,128.0,119.0,18.0,63.5,142.0,345.0,38
ANSUR2-M-17352,M,1.0,ansur2_2012,192.0,159.0,567.0,134.0,123.0,26.0,67.5,155.0,352.0,42
ANSUR2-M-17356,M,1.0,ansur2_2012,198.0,153.0,574.0,130.0,118.0,23.0,64.5,143.0,312.0,34
ANSUR2-M-17358,M,1.0,ansur2_2012,203.0,159.0,579.0,126.0,127.0,24.0,63.5,146.0,336.0,40
ANSUR2-M-17363,M,1.0,ansur2_2012,197.0,160.0,585.0,132.0,124.0,26.0,64.5,150.0,338.0,42
ANSUR2-M-17365,M,1.0,ansur2_2012,214.0,151.0,590.0,138.0,128.0,23.0,59.0,134.0,324.0,49
ANSUR2-M-17378,M,1.0,ansur2_2012,201.0,153.0,575.0,134.0,123.0,23.0,65.0,143.0,339.0,39
ANSUR2-M-17379,M,1.0,ansur2_2012,196.0,157.0,571.0,125.0,119.0,20.0,63.0,152.0,357.0,36
ANSUR2-M-17381,M,1.0,ansur2_2012,207.0,157.0,582.0,138.0,119.0,25.0,64.0,148.0,323.0,20
ANSUR2-M-17382,M,1.0,ansur2_2012,194.0,165.0,579.0,133.0,123.0,27.0,68.0,148.0,339.0,22
ANSUR2-M-17384,M,1.0,ansur2_2012,202.0,159.0,579.0,135.0,127.0,24.0,68.0,146.0,328.0,21
ANSUR2-M-17386,M,1.0,ansur2_2012,210.0,155.0,600.0,129.0,124.0,23.0,65.0,151.0,356.0,28
ANSUR2-M-17389,M,1.0,ansur2_2012,204.0,173.0,596.0,127.0,127.0,25.0,68.5,163.0,325.0,25
ANSUR2-M-17392,M,1.0,ansur2_2012,214.0,160.0,615.0,136.0,130.0,20.0,67.5,152.0,351.0,42
ANSUR2-M-17394,M,1.0,ansur2_2012,183.0,164.0,568.0,143.0,128.0,22.0,66.5,152.0,325.0,23
ANSUR2-M-17395,M,1.0,ansur2_2012,210.0,151.0,577.0,140.0,119.0,23.0,62.5,137.0,320.0,30
ANSUR2-M-17396,M,1.0,ansur2_2012,202.0,170.0,603.0,133.0,135.0,27.0,68.0,163.0,373.0,36
ANSUR2-M-17398,M,1.0,ansur2_2012,203.0,154.0,574.0,127.0,114.0,26.0,60.5,144.0,345.0,34
ANSUR2-M-17400,M,1.0,ansur2_2012,205.0,145.0,569.0,120.0,122.0,21.0,61.5,134.0,337.0,20
ANSUR2-M-17403,M,1.0,ansur2_2012,201.0,150.0,570.0,127.0,120.0,21.0,61.5,144.0,333.0,41
ANSUR2-M-17404,M,1.0,ansur2_2012,196.0,157.0,568.0,133.0,134.0,23.0,57.5,139.0,331.0,24
ANSUR2-M-17405,M,1.0,ansur2_2012,181.0,159.0,550.0,131.0,107.0,21.0,63.5,149.0,326.0,24
ANSUR2-M-17407,M,1.0,ansur2_2012,197.0,157.0,577.0,130.0,115.0,30.0,63.0,142.0,318.0,20
ANSUR2-M-17414,M,1.0,ansur2_2012,192.0,147.0,550.0,133.0,129.0,21.0,59.0,130.0,290.0,20
ANSUR2-M-17417,M,1.0,ansur2_2012,200.0,152.0,578.0,135.0,132.0,20.0,65.0,140.0,342.0,20
ANSUR2-M-17418,M,1.0,ansur2_2012,213.0,155.0,591.0,129.0,129.0,21.0,63.5,144.0,333.0,21
ANSUR2-M-17421,M,1.0,ansur2_2012,196.0,160.0,586.0,128.0,115.0,25.0,68.0,146.0,330.0,22
ANSUR2-M-17424,M,1.0,ansur2_2012,196.0,152.0,562.0,120.0,123.0,25.0,66.5,148.0,350.0,32
ANSUR2-M-17426,M,1.0,ansur2_2012,197.0,148.0,556.0,114.0,132.0,21.0,62.5,143.0,344.0,30
ANSUR2-M-17428,M,1.0,ansur2_2012,194.0,149.0,559.0,125.0,111.0,18.0,64.0,136.0,327.0,22
ANSUR2-M-17429,M,1.0,ansur2_2012,219.0,153.0,611.0,142.0,120.0,22.0,65.5,147.0,344.0,23
ANSUR2-M-17434,M,1.0,ansur2_2012,183.0,160.0,550.0,114.0,116.0,24.0,64.0,150.0,325.0,35
ANSUR2-M-17442,M,1.0,ansur2_2012,195.0,159.0,574.0,125.0,120.0,25.0,64.5,143.0,323.0,24
ANSUR2-M-17448,M,1.0,ansur2_2012,202.0,156.0,584.0,138.0,120.0,22.0,66.5,154.0,346.0,25
ANSUR2-M-17452,M,1.0,ansur2_2012,201.0,153.0,581.0,129.0,131.0,21.0,64.5,141.0,314.0,19
ANSUR2-M-17453,M,1.0,ansur2_2012,196.0,158.0,580.0,131.0,124.0,24.0,63.0,144.0,336.0,47
ANSUR2-M-17491,M,1.0,ansur2_2012,225.0,155.0,620.0,135.0,133.0,20.0,68.5,145.0,357.0,31
ANSUR2-M-17500,M,1.0,ansur2_2012,197.0,157.0,578.0,116.0,121.0,23.0,63.0,145.0,334.0,31
ANSUR2-M-17501,M,1.0,ansur2_2012,213.0,149.0,595.0,128.0,126.0,18.0,63.5,148.0,331.0,43
ANSUR2-M-17503,M,1.0,ansur2_2012,208.0,156.0,593.0,138.0,107.0,19.0,63.0,143.0,324.0,19
ANSUR2-M-17505,M,1.0,ansur2_2012,202.0,159.0,585.0,124.0,120.0,25.0,66.5,148.0,344.0,26
ANSUR2-M-17506,M,1.0,ansur2_2012,190.0,153.0,563.0,133.0,114.0,22.0,62.0,139.0,326.0,24
ANSUR2-M-17507,M,1.0,ansur2_2012,193.0,151.0,558.0,120.0,113.0,19.0,63.5,140.0,332.0,34
ANSUR2-M-17509,M,1.0,ansur2_2012,191.0,152.0,566.0,120.0,120.0,22.0,66.5,155.0,347.0,37
ANSUR2-M-17511,M,1.0,ansur2_2012,206.0,147.0,573.0,137.0,125.0,24.0,64.0,133.0,317.0,21
ANSUR2-M-17512,M,1.0,ansur2_2012,212.0,157.0,600.0,124.0,123.0,19.0,63.0,145.0,343.0,21
ANSUR2-M-17513,M,1.0,ansur2_2012,198.0,161.0,566.0,132.0,127.0,29.0,64.5,146.0,328.0,19
ANSUR2-M-17525,M,1.0,ansur2_2012,197.0,154.0,574.0,137.0,128.0,22.0,61.5,144.0,313.0,23
ANSUR2-M-17528,M,1.0,ansur2_2012,203.0,159.0,597.0,141.0,120.0,23.0,67.5,149.0,335.0,19
ANSUR2-M-17530,M,1.0,ansur2_2012,195.0,150.0,564.0,118.0,126.0,20.0,60.5,143.0,320.0,21
ANSUR2-M-17531,M,1.0,ansur2_2012,210.0,160.0,598.0,135.0,136.0,22.0,65.0,156.0,335.0,30
ANSUR2-M-17533,M,1.0,ansur2_2012,207.0,160.0,597.0,134.0,133.0,25.0,65.5,147.0,341.0,25
ANSUR2-M-17570,M,1.0,ansur2_2012,202.0,161.0,577.0,131.0,122.0,21.0,67.5,154.0,354.0,32
ANSUR2-M-17614,M,1.0,ansur2_2012,196.0,154.0,572.0,123.0,120.0,21.0,61.5,138.0,338.0,25
ANSUR2-M-17615,M,1.0,ansur2_2012,200.0,149.0,566.0,134.0,126.0,21.0,61.0,133.0,302.0,21
ANSUR2-M-17617,M,1.0,ansur2_2012,205.0,158.0,591.0,132.0,126.0,21.0,64.0,138.0,317.0,19
ANSUR2-M-17620,M,1.0,ansur2_2012,203.0,156.0,586.0,132.0,124.0,21.0,60.5,150.0,334.0,23
ANSUR2-M-17622,M,1.0,ansur2_2012,200.0,153.0,562.0,132.0,132.0,22.0,64.0,138.0,333.0,43
ANSUR2-M-17624,M,1.0,ansur2_2012,207.0,155.0,586.0,130.0,119.0,23.0,63.0,144.0,334.0,31
ANSUR2-M-17625,M,1.0,ansur2_2012,217.0,157.0,605.0,130.0,127.0,25.0,63.5,141.0,354.0,20
ANSUR2-M-17628,M,1.0,ansur2_2012,205.0,158.0,596.0,126.0,119.0,18.0,66.0,154.0,331.0,22
ANSUR2-M-17629,M,1.0,ansur2_2012,196.0,146.0,552.0,122.0,118.0,19.0,62.0,134.0,317.0,44
ANSUR2-M-17631,M,1.0,ansur2_2012,210.0,152.0,578.0,140.0,125.0,24.0,65.5,141.0,330.0,19
ANSUR2-M-17636,M,1.0,ansur2_2012,198.0,147.0,565.0,128.0,123.0,20.0,59.0,130.0,317.0,19
ANSUR2-M-17638,M,1.0,ansur2_2012,202.0,156.0,586.0,130.0,128.0,24.0,61.5,144.0,327.0,23
ANSUR2-M-20017,M,1.0,ansur2_2012,213.0,154.0,595.0,125.0,130.0,20.0,62.5,146.0,355.0,42
ANSUR2-M-20023,M,1.0,ansur2_2012,196.0,162.0,582.0,136.0,117.0,26.0,58.5,136.0,304.0,19
ANSUR2-M-20026,M,1.0,ansur2_2012,206.0,152.0,581.0,140.0,120.0,22.0,64.0,136.0,326.0,18
ANSUR2-M-20027,M,1.0,ansur2_2012,201.0,154.0,572.0,125.0,124.0,18.0,61.5,131.0,319.0,19
ANSUR2-M-20029,M,1.0,ansur2_2012,205.0,153.0,587.0,120.0,127.0,20.0,62.0,151.0,361.0,40
ANSUR2-M-20035,M,1.0,ansur2_2012,199.0,154.0,569.0,124.0,133.0,28.0,64.5,139.0,326.0,31
ANSUR2-M-20037,M,1.0,ansur2_2012,194.0,161.0,584.0,128.0,128.0,23.0,65.5,146.0,338.0,20
ANSUR2-M-20038,M,1.0,ansur2_2012,205.0,154.0,579.0,128.0,129.0,25.0,70.5,139.0,343.0,23
ANSUR2-M-20041,M,1.0,ansur2_2012,206.0,158.0,592.0,124.0,126.0,27.0,65.0,152.0,341.0,36
ANSUR2-M-20043,M,1.0,ansur2_2012,217.0,152.0,587.0,131.0,124.0,19.0,64.5,143.0,322.0,41
ANSUR2-M-20050,M,1.0,ansur2_2012,210.0,160.0,590.0,130.0,120.0,25.0,69.0,148.0,350.0,24
ANSUR2-M-20052,M,1.0,ansur2_2012,187.0,151.0,552.0,117.0,125.0,22.0,64.0,137.0,333.0,23
ANSUR2-M-20054,M,1.0,ansur2_2012,190.0,155.0,564.0,139.0,113.0,23.0,65.0,142.0,333.0,28
ANSUR2-M-20057,M,1.0,ansur2_2012,202.0,146.0,575.0,118.0,133.0,21.0,61.0,152.0,357.0,24
ANSUR2-M-20058,M,1.0,ansur2_2012,201.0,145.0,561.0,128.0,125.0,18.0,65.0,141.0,337.0,41
ANSUR2-M-20059,M,1.0,ansur2_2012,189.0,155.0,561.0,125.0,117.0,24.0,60.0,141.0,326.0,23
ANSUR2-M-20060,M,1.0,ansur2_2012,202.0,150.0,573.0,121.0,121.0,24.0,60.0,140.0,342.0,27
ANSUR2-M-20061,M,1.0,ansur2_2012,189.0,157.0,571.0,120.0,116.0,25.0,67.0,147.0,330.0,35
ANSUR2-M-20062,M,1.0,ansur2_2012,196.0,147.0,564.0,122.0,123.0,20.0,71.0,148.0,341.0,37
ANSUR2-M-20063,M,1.0,ansur2_2012,196.0,156.0,567.0,134.0,119.0,21.0,67.5,148.0,346.0,30
ANSUR2-M-20064,M,1.0,ansur2_2012,190.0,163.0,588.0,133.0,123.0,24.0,67.0,152.0,345.0,42
ANSUR2-M-20065,M,1.0,ansur2_2012,207.0,160.0,604.0,124.0,118.0,25.0,63.5,146.0,346.0,31
ANSUR2-M-20066,M,1.0,ansur2_2012,206.0,156.0,586.0,130.0,119.0,22.0,64.5,137.0,348.0,34
ANSUR2-M-20067,M,1.0,ansur2_2012,204.0,156.0,588.0,128.0,133.0,28.0,66.0,147.0,352.0,26
ANSUR2-M-20068,M,1.0,ansur2_2012,206.0,158.0,594.0,121.0,129.0,21.0,65.5,143.0,345.0,50
ANSUR2-M-20069,M,1.0,ansur2_2012,206.0,151.0,587.0,130.0,133.0,25.0,65.5,147.0,357.0,26
ANSUR2-M-20070,M,1.0,ansur2_2012,206.0,176.0,612.0,143.0,122.0,20.0,64.0,159.0,372.0,28
ANSUR2-M-20071,M,1.0,ansur2_2012,202.0,159.0,593.0,130.0,120.0,22.0,66.5,145.0,340.0,37
ANSUR2-M-20072,M,1.0,ansur2_2012,204.0,152.0,567.0,140.0,111.0,26.0,64.0,140.0,324.0,22
ANSUR2-M-20073,M,1.0,ansur2_2012,194.0,149.0,555.0,121.0,114.0,20.0,64.5,141.0,313.0,23
ANSUR2-M-20075,M,1.0,ansur2_2012,196.0,142.0,552.0,127.0,116.0,25.0,59.0,135.0,354.0,47
ANSUR2-M-20076,M,1.0,ansur2_2012,192.0,156.0,559.0,139.0,114.0,24.0,62.5,138.0,313.0,49
ANSUR2-M-20081,M,1.0,ansur2_2012,195.0,154.0,568.0,137.0,118.0,25.0,65.5,140.0,325.0,42
ANSUR2-M-20083,M,1.0,ansur2_2012,197.0,144.0,556.0,125.0,122.0,20.0,64.0,134.0,322.0,45
ANSUR2-M-20084,M,1.0,ansur2_2012,193.0,147.0,554.0,120.0,127.0,17.0,61.5,138.0,330.0,45
ANSUR2-M-20085,M,1.0,ansur2_2012,197.0,154.0,571.0,126.0,122.0,24.0,61.5,140.0,334.0,25
ANSUR2-M-20086,M,1.0,ansur2_2012,197.0,163.0,580.0,129.0,127.0,23.0,65.5,145.0,340.0,39
ANSUR2-M-20103,M,1.0,ansur2_2012,208.0,164.0,591.0,145.0,130.0,24.0,67.5,156.0,352.0,26
ANSUR2-M-20112,M,1.0,ansur2_2012,199.0,164.0,586.0,125.0,127.0,21.0,72.0,152.0,345.0,19
ANSUR2-M-20115,M,1.0,ansur2_2012,190.0,146.0,544.0,127.0,122.0,22.0,60.0,137.0,284.0,21
ANSUR2-M-20123,M,1.0,ansur2_2012,198.0,158.0,573.0,143.0,139.0,21.0,68.5,152.0,333.0,24
ANSUR2-M-20139,M,1.0,ansur2_2012,194.0,152.0,555.0,125.0,121.0,19.0,58.0,137.0,323.0,22
ANSUR2-M-20149,M,1.0,ansur2_2012,205.0,159.0,597.0,140.0,124.0,29.0,57.5,146.0,323.0,21
ANSUR2-M-20153,M,1.0,ansur2_2012,197.0,156.0,574.0,133.0,117.0,27.0,63.0,142.0,327.0,23
ANSUR2-M-20156,M,1.0,ansur2_2012,199.0,153.0,570.0,124.0,126.0,26.0,59.5,137.0,324.0,20
ANSUR2-M-20159,M,1.0,ansur2_2012,200.0,162.0,580.0,137.0,123.0,25.0,66.0,147.0,330.0,38
ANSUR2-M-20167,M,1.0,ansur2_2012,193.0,164.0,574.0,135.0,127.0,26.0,65.5,147.0,325.0,23
ANSUR2-M-20168,M,1.0,ansur2_2012,187.0,167.0,573.0,136.0,121.0,27.0,62.5,154.0,336.0,32
ANSUR2-M-20171,M,1.0,ansur2_2012,193.0,147.0,556.0,138.0,120.0,20.0,64.5,147.0,315.0,22
ANSUR2-M-20183,M,1.0,ansur2_2012,193.0,155.0,560.0,130.0,128.0,24.0,60.5,135.0,326.0,22
ANSUR2-M-20185,M,1.0,ansur2_2012,197.0,147.0,567.0,135.0,121.0,27.0,61.5,138.0,323.0,21
ANSUR2-M-20188,M,1.0,ansur2_2012,214.0,154.0,598.0,135.0,121.0,29.0,59.5,135.0,328.0,23
ANSUR2-M-20198,M,1.0,ansur2_2012,188.0,155.0,557.0,136.0,122.0,22.0,61.0,147.0,331.0,30
ANSUR2-M-20206,M,1.0,ansur2_2012,202.0,158.0,573.0,133.0,126.0,21.0,64.5,152.0,359.0,36
ANSUR2-M-20209,M,1.0,ansur2_2012,196.0,157.0,567.0,137.0,127.0,20.0,64.0,142.0,328.0,31
ANSUR2-M-20211,M,1.0,ansur2_2012,195.0,152.0,561.0,133.0,125.0,22.0,61.5,144.0,331.0,21
ANSUR2-M-20221,M,1.0,ansur2_2012,187.0,169.0,588.0,140.0,138.0,24.0,71.0,150.0,346.0,30
ANSUR2-M-20226,M,1.0,ansur2_2012,200.0,152.0,577.0,140.0,122.0,25.0,66.5,138.0,324.0,33
ANSUR2-M-20232,M,1.0,ansur2_2012,196.0,149.0,564.0,117.0,129.0,25.0,59.5,137.0,332.0,26
ANSUR2-M-20234,M,1.0,ansur2_2012,208.0,158.0,597.0,144.0,134.0,23.0,61.0,145.0,330.0,25
ANSUR2-M-20236,M,1.0,ansur2_2012,204.0,161.0,604.0,135.0,122.0,25.0,60.5,145.0,340.0,23
ANSUR2-M-20242,M,1.0,ansur2_2012,202.0,157.0,580.0,141.0,124.0,25.0,60.5,133.0,319.0,21
ANSUR2-M-20255,M,1.0,ansur2_2012,207.0,167.0,605.0,137.0,127.0,24.0,68.5,153.0,342.0,27
ANSUR2-M-20266,M,1.0,ansur2_2012,197.0,154.0,575.0,128.0,127.0,17.0,62.5,144.0,328.0,36
ANSUR2-M-20271,M,1.0,ansur2_2012,189.0,150.0,552.0,133.0,121.0,22.0,60.0,136.0,310.0,19
ANSUR2-M-20272,M,1.0,ansur2_2012,190.0,155.0,562.0,135.0,123.0,22.0,61.5,138.0,316.0,18
ANSUR2-M-20279,M,1.0,ansur2_2012,197.0,151.0,566.0,126.0,117.0,20.0,58.0,143.0,323.0,21
ANSUR2-M-20280,M,1.0,ansur2_2012,187.0,155.0,571.0,136.0,122.0,22.0,61.0,146.0,335.0,19
ANSUR2-M-20286,M,1.0,ansur2_2012,180.0,148.0,527.0,128.0,126.0,25.0,60.0,137.0,316.0,34
ANSUR2-M-20288,M,1.0,ansur2_2012,213.0,159.0,592.0,139.0,123.0,26.0,67.0,148.0,336.0,22
ANSUR2-M-20290,M,1.0,ansur2_2012,193.0,152.0,553.0,123.0,110.0,23.0,63.5,135.0,321.0,21
ANSUR2-M-20292,M,1.0,ansur2_2012,214.0,169.0,612.0,140.0,128.0,24.0,66.0,154.0,351.0,24
ANSUR2-M-20294,M,1.0,ansur2_2012,210.0,156.0,591.0,134.0,130.0,22.0,67.0,143.0,338.0,20
ANSUR2-M-20298,M,1.0,ansur2_2012,198.0,151.0,581.0,138.0,123.0,21.0,64.5,147.0,330.0,27
ANSUR2-M-20305,M,1.0,ansur2_2012,184.0,153.0,546.0,126.0,112.0,24.0,59.5,142.0,314.0,19
ANSUR2-M-20307,M,1.0,ansur2_2012,201.0,155.0,578.0,129.0,116.0,20.0,62.5,143.0,320.0,25
ANSUR2-M-20329,M,1.0,ansur2_2012,186.0,154.0,549.0,136.0,114.0,23.0,64.5,143.0,330.0,36
ANSUR2-M-20376,M,1.0,ansur2_2012,203.0,147.0,576.0,135.0,114.0,27.0,68.5,133.0,324.0,25
ANSUR2-M-20377,M,1.0,ansur2_2012,201.0,155.0,573.0,128.0,119.0,23.0,68.0,142.0,328.0,21
ANSUR2-M-20384,M,1.0,ansur2_2012,184.0,162.0,575.0,134.0,118.0,24.0,61.5,153.0,315.0,22
ANSUR2-M-20387,M,1.0,ansur2_2012,200.0,157.0,585.0,141.0,123.0,23.0,65.0,145.0,333.0,23
ANSUR2-M-20398,M,1.0,ansur2_2012,200.0,157.0,578.0,133.0,121.0,25.0,58.5,145.0,325.0,20
ANSUR2-M-20399,M,1.0,ansur2_2012,207.0,155.0,594.0,140.0,117.0,26.0,67.5,146.0,346.0,25
ANSUR2-M-20406,M,1.0,ansur2_2012,209.0,154.0,591.0,126.0,126.0,25.0,68.5,148.0,373.0,26
ANSUR2-M-20411,M,1.0,ansur2_2012,206.0,161.0,596.0,139.0,123.0,24.0,65.5,144.0,326.0,19
ANSUR2-M-20454,M,1.0,ansur2_2012,189.0,151.0,556.0,126.0,111.0,23.0,63.0,133.0,317.0,21
ANSUR2-M-20468,M,1.0,ansur2_2012,189.0,154.0,546.0,132.0,119.0,21.0,61.5,146.0,326.0,35
ANSUR2-M-20483,M,1.0,ansur2_2012,207.0,150.0,585.0,129.0,132.0,22.0,67.5,136.0,325.0,19
ANSUR2-M-20528,M,1.0,ansur2_2012,187.0,148.0,565.0,133.0,131.0,23.0,62.0,144.0,344.0,20
ANSUR2-M-20533,M,1.0,ansur2_2012,201.0,152.0,581.0,134.0,117.0,20.0,62.0,142.0,330.0,28
ANSUR2-M-20537,M,1.0,ansur2_2012,206.0,164.0,584.0,130.0,126.0,22.0,66.5,145.0,332.0,19
ANSUR2-M-20550,M,1.0,ansur2_2012,207.0,160.0,597.0,127.0,129.0,23.0,67.0,144.0,346.0,28
ANSUR2-M-20570,M,1.0,ansur2_2012,191.0,154.0,560.0,132.0,119.0,28.0,61.0,150.0,339.0,24
ANSUR2-M-20573,M,1.0,ansur2_2012,199.0,167.0,587.0,130.0,120.0,24.0,65.5,150.0,332.0,29
ANSUR2-M-20598,M,1.0,ansur2_2012,201.0,154.0,587.0,135.0,132.0,20.0,67.5,151.0,338.0,28
ANSUR2-M-20601,M,1.0,ansur2_2012,203.0,159.0,592.0,136.0,115.0,20.0,69.0,150.0,357.0,33
ANSUR2-M-20615,M,1.0,ansur2_2012,190.0,156.0,564.0,131.0,121.0,17.0,60.0,139.0,330.0,37
ANSUR2-M-20616,M,1.0,ansur2_2012,208.0,153.0,572.0,133.0,121.0,25.0,64.5,140.0,315.0,22
ANSUR2-M-20625,M,1.0,ansur2_2012,193.0,150.0,563.0,127.0,126.0,25.0,61.5,137.0,326.0,37
ANSUR2-M-20626,M,1.0,ansur2_2012,206.0,161.0,596.0,128.0,122.0,19.0,73.0,156.0,354.0,27
ANSUR2-M-20629,M,1.0,ansur2_2012,191.0,158.0,571.0,133.0,118.0,27.0,68.5,146.0,321.0,28
ANSUR2-M-20630,M,1.0,ansur2_2012,199.0,155.0,575.0,129.0,119.0,20.0,67.0,149.0,336.0,48
ANSUR2-M-20638,M,1.0,ansur2_2012,211.0,162.0,603.0,139.0,118.0,22.0,70.5,155.0,346.0,35
ANSUR2-M-20652,M,1.0,ansur2_2012,204.0,156.0,572.0,136.0,123.0,20.0,72.5,146.0,356.0,30
ANSUR2-M-20702,M,1.0,ansur2_2012,197.0,152.0,568.0,130.0,117.0,21.0,60.5,139.0,326.0,19
ANSUR2-M-20714,M,1.0,ansur2_2012,193.0,155.0,560.0,137.0,127.0,21.0,60.5,140.0,332.0,35
ANSUR2-M-20715,M,1.0,ansur2_2012,210.0,159.0,592.0,141.0,123.0,23.0,63.5,136.0,318.0,24
ANSUR2-M-20719,M,1.0,ansur2_2012,197.0,148.0,558.0,127.0,128.0,22.0,62.0,135.0,335.0,29
ANSUR2-M-20729,M,1.0,ansur2_2012,195.0,147.0,564.0,135.0,124.0,28.0,56.5,135.0,318.0,29
ANSUR2-M-20731,M,1.0,ansur2_2012,200.0,155.0,583.0,131.0,119.0,21.0,66.0,149.0,336.0,26
ANSUR2-M-20732,M,1.0,ansur2_2012,204.0,152.0,584.0,135.0,118.0,19.0,63.0,144.0,309.0,23
ANSUR2-M-20734,M,1.0,ansur2_2012,197.0,158.0,583.0,135.0,117.0,23.0,65.5,146.0,327.0,31
ANSUR2-M-20741,M,1.0,ansur2_2012,213.0,156.0,592.0,140.0,124.0,24.0,64.5,142.0,340.0,20
ANSUR2-M-20745,M,1.0,ansur2_2012,188.0,147.0,553.0,132.0,118.0,19.0,57.5,140.0,312.0,33
ANSUR2-M-20746,M,1.0,ansur2_2012,198.0,148.0,567.0,132.0,116.0,23.0,67.0,142.0,347.0,31
ANSUR2-M-20753,M,1.0,ansur2_2012,195.0,158.0,573.0,142.0,123.0,29.0,68.0,144.0,322.0,26
ANSUR2-M-20755,M,1.0,ansur2_2012,192.0,147.0,560.0,126.0,114.0,22.0,64.0,146.0,339.0,22
ANSUR2-M-20758,M,1.0,ansur2_2012,197.0,161.0,577.0,141.0,122.0,26.0,64.5,138.0,311.0,21
ANSUR2-M-20777,M,1.0,ansur2_2012,211.0,163.0,603.0,135.0,135.0,22.0,63.5,153.0,353.0,25
ANSUR2-M-20784,M,1.0,ansur2_2012,195.0,147.0,555.0,128.0,126.0,26.0,67.0,143.0,330.0,27
ANSUR2-M-20795,M,1.0,ansur2_2012,199.0,160.0,582.0,133.0,117.0,25.0,63.0,150.0,345.0,24
ANSUR2-M-20799,M,1.0,ansur2_2012,194.0,150.0,567.0,130.0,123.0,22.0,67.0,146.0,328.0,27
ANSUR2-M-20800,M,1.0,ansur2_2012,187.0,148.0,545.0,125.0,122.0,20.0,61.0,136.0,332.0,32
ANSUR2-M-20803,M,1.0,ansur2_2012,201.0,147.0,558.0,134.0,122.0,20.0,65.0,143.0,316.0,26
ANSUR2-M-20804,M,1.0,ansur2_2012,197.0,150.0,560.0,134.0,125.0,24.0,62.0,138.0,342.0,26
ANSUR2-M-20812,M,1.0,ansur2_2012,202.0,158.0,585.0,130.0,127.0,25.0,62.5,146.0,350.0,39
ANSUR2-M-20824,M,1.0,ansur2_2012,196.0,154.0,575.0,129.0,118.0,25.0,63.0,149.0,326.0,24
ANSUR2-M-20829,M,1.0,ansur2_2012,194.0,151.0,570.0,121.0,122.0,30.0,60.5,130.0,325.0,24
ANSUR2-M-20830,M,1.0,ansur2_2012,198.0,157.0,577.0,135.0,125.0,25.0,64.5,147.0,324.0,20
ANSUR2-M-20841,M,1.0,ansur2_2012,203.0,148.0,572.0,136.0,122.0,20.0,61.5,131.0,320.0,23
ANSUR2-M-20843,M,1.0,ansur2_2012,198.0,150.0,570.0,129.0,128.0,19.0,64.0,138.0,342.0,41
ANSUR2-M-20845,M,1.0,ansur2_2012,202.0,153.0,576.0,128.0,115.0,20.0,65.5,137.0,325.0,22
ANSUR2-M-20847,M,1.0,ansur2_2012,188.0,150.0,548.0,123.0,126.0,22.0,60.5,132.0,301.0,31
ANSUR2-M-20851,M,1.0,ansur2_2012,187.0,148.0,553.0,127.0,122.0,27.0,65.5,138.0,312.0,21
ANSUR2-M-20866,M,1.0,ansur2_2012,209.0,150.0,586.0,127.0,116.0,21.0,67.0,137.0,334.0,30
ANSUR2-M-20869,M,1.0,ansur2_2012,212.0,162.0,603.0,140.0,124.0,23.0,68.0,145.0,336.0,23
ANSUR2-M-20878,M,1.0,ansur2_2012,206.0,151.0,588.0,139.0,126.0,26.0,61.5,144.0,328.0,20
ANSUR2-M-20885,M,1.0,ansur2_2012,198.0,157.0,588.0,135.0,121.0,20.0,61.5,142.0,335.0,21
ANSUR2-M-20891,M,1.0,ansur2_2012,192.0,152.0,553.0,133.0,114.0,20.0,60.5,141.0,316.0,21
ANSUR2-M-20893,M,1.0,ansur2_2012,200.0,154.0,578.0,135.0,116.0,24.0,70.0,143.0,337.0,21
ANSUR2-M-20896,M,1.0,ansur2_2012,200.0,149.0,577.0,130.0,117.0,19.0,63.5,142.0,331.0,21
ANSUR2-M-20902,M,1.0,ansur2_2012,206.0,160.0,596.0,134.0,137.0,21.0,65.5,149.0,350.0,24
ANSUR2-M-20903,M,1.0,ansur2_2012,206.0,157.0,587.0,135.0,122.0,28.0,62.5,144.0,326.0,22
ANSUR2-M-20912,M,1.0,ansur2_2012,190.0,157.0,555.0,121.0,117.0,20.0,61.0,142.0,333.0,21
ANSUR2-M-20935,M,1.0,ansur2_2012,211.0,158.0,605.0,138.0,114.0,28.0,67.0,144.0,331.0,21
ANSUR2-M-20943,M,1.0,ansur2_2012,192.0,155.0,560.0,133.0,115.0,22.0,58.5,136.0,298.0,27
ANSUR2-M-20945,M,1.0,ansur2_2012,195.0,156.0,557.0,134.0,108.0,23.0,60.0,143.0,299.0,19
ANSUR2-M-20955,M,1.0,ansur2_2012,188.0,158.0,550.0,127.0,116.0,27.0,62.5,141.0,321.0,22
ANSUR2-M-20958,M,1.0,ansur2_2012,204.0,154.0,589.0,142.0,137.0,25.0,63.0,137.0,328.0,19
ANSUR2-M-20965,M,1.0,ansur2_2012,199.0,149.0,555.0,139.0,116.0,23.0,64.5,133.0,320.0,27
ANSUR2-M-20971,M,1.0,ansur2_2012,207.0,156.0,586.0,127.0,115.0,24.0,65.0,142.0,316.0,23
ANSUR2-M-20977,M,1.0,ansur2_2012,197.0,158.0,583.0,136.0,117.0,25.0,65.0,145.0,320.0,26
ANSUR2-M-20992,M,1.0,ansur2_2012,201.0,154.0,582.0,143.0,111.0,22.0,73.0,148.0,320.0,20
ANSUR2-M-21002,M,1.0,ansur2_2012,196.0,161.0,567.0,142.0,117.0,26.0,61.5,152.0,346.0,19
ANSUR2-M-21013,M,1.0,ansur2_2012,201.0,148.0,566.0,120.0,117.0,23.0,62.5,135.0,325.0,26
ANSUR2-M-21015,M,1.0,ansur2_2012,203.0,148.0,581.0,129.0,126.0,20.0,61.0,139.0,333.0,26
ANSUR2-M-21032,M,1.0,ansur2_2012,211.0,157.0,598.0,143.0,126.0,24.0,65.5,134.0,310.0,20
ANSUR2-M-21041,M,1.0,ansur2_2012,204.0,154.0,582.0,137.0,123.0,29.0,62.5,147.0,325.0,22
ANSUR2-M-21049,M,1.0,ansur2_2012,203.0,160.0,602.0,132.0,112.0,23.0,69.5,156.0,344.0,23
ANSUR2-M-21054,M,1.0,ansur2_2012,197.0,156.0,573.0,137.0,116.0,22.0,58.0,143.0,323.0,20
ANSUR2-M-21078,M,1.0,ansur2_2012,200.0,159.0,584.0,139.0,117.0,29.0,61.0,143.0,344.0,22
ANSUR2-M-21079,M,1.0,ansur2_2012,204.0,165.0,599.0,132.0,120.0,23.0,65.5,150.0,337.0,23
ANSUR2-M-21104,M,1.0,ansur2_2012,197.0,150.0,562.0,120.0,124.0,19.0,69.5,141.0,337.0,39
ANSUR2-M-21126,M,1.0,ansur2_2012,193.0,157.0,562.0,134.0,125.0,29.0,64.5,145.0,322.0,21
ANSUR2-M-21130,M,1.0,ansur2_2012,193.0,158.0,567.0,127.0,120.0,24.0,66.5,148.0,346.0,21
ANSUR2-M-21141,M,1.0,ansur2_2012,204.0,158.0,594.0,131.0,111.0,23.0,71.0,148.0,346.0,33
ANSUR2-M-21147,M,1.0,ansur2_2012,195.0,160.0,577.0,138.0,115.0,27.0,69.5,150.0,328.0,32
ANSUR2-M-21152,M,1.0,ansur2_2012,193.0,166.0,570.0,142.0,127.0,18.0,65.0,142.0,337.0,40
ANSUR2-M-21169,M,1.0,ansur2_2012,205.0,155.0,588.0,131.0,137.0,27.0,67.0,145.0,343.0,21
ANSUR2-M-21270,M,1.0,ansur2_2012,199.0,157.0,574.0,134.0,106.0,22.0,63.5,144.0,304.0,20
ANSUR2-M-21272,M,1.0,ansur2_2012,187.0,157.0,560.0,134.0,116.0,29.0,63.5,143.0,334.0,26
ANSUR2-M-21300,M,1.0,ansur2_2012,201.0,150.0,576.0,130.0,117.0,18.0,63.5,133.0,323.0,24
ANSUR2-M-21321,M,1.0,ansur2_2012,198.0,154.0,592.0,143.0,117.0,26.0,63.5,136.0,334.0,23
ANSUR2-M-21332,M,1.0,ansur2_2012,204.0,152.0,582.0,134.0,124.0,24.0,63.0,143.0,326.0,34
ANSUR2-M-21337,M,1.0,ansur2_2012,205.0,157.0,588.0,137.0,128.0,27.0,68.0,148.0,344.0,28
ANSUR2-M-21339,M,1.0,ansur2_2012,196.0,151.0,561.0,127.0,115.0,26.0,65.5,141.0,328.0,26
ANSUR2-M-21347,M,1.0,ansur2_2012,213.0,154.0,597.0,143.0,130.0,19.0,69.5,138.0,320.0,26
ANSUR2-M-21348,M,1.0,ansur2_2012,205.0,159.0,580.0,129.0,124.0,21.0,69.5,146.0,345.0,27
ANSUR2-M-21351,M,1.0,ansur2_2012,204.0,155.0,582.0,138.0,115.0,27.0,63.0,142.0,325.0,22
ANSUR2-M-21352,M,1.0,ansur2_2012,190.0,161.0,576.0,126.0,114.0,25.0,67.5,142.0,339.0,30
ANSUR2-M-21364,M,1.0,ansur2_2012,196.0,146.0,564.0,126.0,124.0,19.0,70.5,137.0,337.0,40
ANSUR2-M-21365,M,1.0,ansur2_2012,201.0,159.0,585.0,126.0,128.0,20.0,67.0,144.0,327.0,23
ANSUR2-M-21366,M,1.0,ansur2_2012,191.0,156.0,556.0,140.0,130.0,25.0,68.0,156.0,356.0,24
ANSUR2-M-21371,M,1.0,ansur2_2012,197.0,154.0,567.0,135.0,123.0,23.0,62.5,144.0,329.0,22
ANSUR2-M-21379,M,1.0,ansur2_2012,197.0,160.0,580.0,133.0,120.0,22.0,64.0,156.0,337.0,26
ANSUR2-M-21390,M,1.0,ansur2_2012,200.0,156.0,568.0,143.0,127.0,25.0,68.0,148.0,337.0,21
ANSUR2-M-21393,M,1.0,ansur2_2012,211.0,160.0,603.0,136.0,125.0,17.0,71.0,150.0,343.0,29
ANSUR2-M-21438,M,1.0,ansur2_2012,199.0,149.0,561.0,124.0,111.0,22.0,61.5,137.0,321.0,23
ANSUR2-M-21606,M,1.0,ansur2_2012,204.0,158.0,588.0,140.0,124.0,24.0,66.5,150.0,341.0,38
ANSUR2-M-21607,M,1.0,ansur2_2012,191.0,153.0,555.0,131.0,121.0,25.0,59.0,135.0,317.0,28
ANSUR2-M-21610,M,1.0,ansur2_2012,189.0,158.0,560.0,136.0,112.0,19.0,71.5,158.0,354.0,31
ANSUR2-M-21614,M,1.0,ansur2_2012,204.0,156.0,584.0,129.0,123.0,19.0,67.0,144.0,355.0,29
ANSUR2-M-21626,M,1.0,ansur2_2012,200.0,154.0,571.0,126.0,121.0,18.0,67.5,149.0,337.0,30
ANSUR2-M-21627,M,1.0,ansur2_2012,199.0,168.0,593.0,127.0,120.0,22.0,67.0,150.0,340.0,36
ANSUR2-M-21628,M,1.0,ansur2_2012,205.0,160.0,590.0,127.0,128.0,25.0,64.5,152.0,350.0,26
ANSUR2-M-21656,M,1.0,ansur2_2012,208.0,154.0,579.0,135.0,119.0,22.0,72.0,144.0,340.0,27
ANSUR2-M-21659,M,1.0,ansur2_2012,202.0,169.0,594.0,136.0,126.0,24.0,71.5,155.0,345.0,39
ANSUR2-M-21676,M,1.0,ansur2_2012,216.0,163.0,613.0,138.0,126.0,20.0,77.0,156.0,342.0,31
ANSUR2-M-21738,M,1.0,ansur2_2012,192.0,153.0,560.0,136.0,122.0,26.0,66.5,144.0,314.0,30
ANSUR2-M-21742,M,1.0,ansur2_2012,191.0,155.0,560.0,135.0,124.0,25.0,70.0,151.0,330.0,26
ANSUR2-M-21746,M,1.0,ansur2_2012,195.0,165.0,577.0,125.0,120.0,27.0,66.5,152.0,347.0,40
ANSUR2-M-21748,M,1.0,ansur2_2012,196.0,155.0,566.0,131.0,123.0,17.0,67.5,138.0,327.0,30
ANSUR2-M-21756,M,1.0,ansur2_2012,204.0,154.0,574.0,127.0,120.0,25.0,64.0,142.0,318.0,19
ANSUR2-M-21759,M,1.0,ansur2_2012,190.0,148.0,544.0,120.0,124.0,14.0,62.5,142.0,315.0,26
ANSUR2-M-21764,M,1.0,ansur2_2012,201.0,155.0,574.0,126.0,115.0,22.0,66.5,145.0,318.0,26
ANSUR2-M-21765,M,1.0,ansur2_2012,185.0,147.0,558.0,130.0,117.0,23.0,68.5,150.0,342.0,37
ANSUR2-M-21776,M,1.0,ansur2_2012,202.0,150.0,560.0,131.0,123.0,21.0,69.0,143.0,331.0,22
ANSUR2-M-21804,M,1.0,ansur2_2012,198.0,156.0,571.0,127.0,126.0,20.0,64.5,138.0,316.0,22
ANSUR2-M-21812,M,1.0,ansur2_2012,200.0,146.0,569.0,129.0,114.0,20.0,66.0,139.0,322.0,31
ANSUR2-M-21816,M,1.0,ansur2_2012,201.0,153.0,578.0,133.0,123.0,19.0,62.5,141.0,335.0,28
ANSUR2-M-21828,M,1.0,ansur2_2012,192.0,147.0,558.0,126.0,126.0,24.0,62.0,137.0,335.0,34
ANSUR2-M-21831,M,1.0,ansur2_2012,206.0,157.0,585.0,130.0,128.0,25.0,68.0,147.0,336.0,28
ANSUR2-M-21838,M,1.0,ansur2_2012,196.0,152.0,575.0,138.0,120.0,21.0,67.5,140.0,320.0,27
ANSUR2-M-21841,M,1.0,ansur2_2012,196.0,151.0,566.0,132.0,118.0,21.0,70.5,144.0,326.0,27
ANSUR2-M-21850,M,1.0,ansur2_2012,202.0,154.0,570.0,126.0,131.0,23.0,66.0,144.0,345.0,49
ANSUR2-M-21870,M,1.0,ansur2_2012,186.0,140.0,535.0,132.0,124.0,25.0,64.0,140.0,333.0,31
ANSUR2-M-21896,M,1.0,ansur2_2012,194.0,154.0,548.0,125.0,113.0,19.0,67.0,146.0,341.0,29
ANSUR2-M-21898,M,1.0,ansur2_2012,207.0,154.0,588.0,129.0,122.0,23.0,65.0,150.0,344.0,36
ANSUR2-M-21917,M,1.0,ansur2_2012,201.0,158.0,588.0,145.0,118.0,22.0,63.5,143.0,320.0,20
ANSUR2-M-21930,M,1.0,ansur2_2012,188.0,158.0,568.0,137.0,119.0,24.0,66.0,145.0,317.0,29
ANSUR2-M-21938,M,1.0,ansur2_2012,188.0,152.0,557.0,126.0,112.0,19.0,60.0,133.0,310.0,23
ANSUR2-M-21967,M,1.0,ansur2_2012,199.0,158.0,585.0,136.0,115.0,22.0,63.0,149.0,334.0,20
ANSUR2-M-21992,M,1.0,ansur2_2012,199.0,157.0,576.0,127.0,129.0,20.0,62.5,145.0,330.0,24
ANSUR2-M-22103,M,1.0,ansur2_2012,178.0,156.0,544.0,120.0,116.0,16.0,63.0,146.0,326.0,28
ANSUR2-M-22106,M,1.0,ansur2_2012,200.0,157.0,584.0,122.0,112.0,26.0,59.0,146.0,328.0,21
ANSUR2-M-22107,M,1.0,ansur2_2012,206.0,162.0,598.0,124.0,124.0,22.0,66.5,152.0,356.0,21
ANSUR2-M-22108,M,1.0,ansur2_2012,190.0,153.0,562.0,130.0,116.0,22.0,61.5,136.0,314.0,18
ANSUR2-M-22109,M,1.0,ansur2_2012,194.0,146.0,556.0,133.0,128.0,22.0,62.5,134.0,296.0,19
ANSUR2-M-22110,M,1.0,ansur2_2012,201.0,155.0,577.0,118.0,122.0,21.0,64.5,130.0,333.0,48
ANSUR2-M-22111,M,1.0,ansur2_2012,200.0,158.0,594.0,130.0,110.0,24.0,72.0,148.0,342.0,35
ANSUR2-M-22112,M,1.0,ansur2_2012,206.0,152.0,600.0,130.0,124.0,30.0,64.5,140.0,334.0,20
ANSUR2-M-22113,M,1.0,ansur2_2012,196.0,152.0,560.0,130.0,116.0,22.0,63.0,144.0,328.0,33
ANSUR2-M-22114,M,1.0,ansur2_2012,196.0,144.0,558.0,129.0,122.0,20.0,66.5,138.0,330.0,38
ANSUR2-M-22115,M,1.0,ansur2_2012,194.0,160.0,575.0,132.0,123.0,22.0,68.0,148.0,354.0,34
ANSUR2-M-22116,M,1.0,ansur2_2012,207.0,155.0,587.0,134.0,122.0,20.0,66.5,137.0,345.0,25
ANSUR2-M-22117,M,1.0,ansur2_2012,194.0,156.0,562.0,127.0,119.0,25.0,66.0,144.0,316.0,33
ANSUR2-M-22118,M,1.0,ansur2_2012,205.0,157.0,585.0,135.0,129.0,23.0,66.0,147.0,346.0,20
ANSUR2-M-22119,M,1.0,ansur2_2012,203.0,163.0,596.0,133.0,124.0,19.0,67.0,148.0,357.0,33
ANSUR2-M-22120,M,1.0,ansur2_2012,200.0,148.0,574.0,138.0,120.0,30.0,66.0,132.0,326.0,30
ANSUR2-M-22121,M,1.0,ansur2_2012,196.0,160.0,572.0,125.0,112.0,21.0,68.5,148.0,336.0,34
ANSUR2-M-22122,M,1.0,ansur2_2012,206.0,156.0,588.0,130.0,118.0,20.0,62.5,144.0,336.0,22
ANSUR2-M-22123,M,1.0,ansur2_2012,198.0,153.0,573.0,134.0,116.0,26.0,59.5,136.0,304.0,21
ANSUR2-M-22124,M,1.0,ansur2_2012,192.0,150.0,558.0,130.0,110.0,22.0,64.5,130.0,310.0,25
ANSUR2-M-22127,M,1.0,ansur2_2012,201.0,160.0,580.0,134.0,130.0,25.0,60.5,140.0,338.0,33
ANSUR2-M-22128,M,1.0,ansur2_2012,204.0,163.0,593.0,141.0,118.0,24.0,62.5,138.0,315.0,19
ANSUR2-M-22129,M,1.0,ansur2_2012,203.0,148.0,576.0,127.0,125.0,28.0,63.0,143.0,333.0,44
ANSUR2-M-22131,M,1.0,ansur2_2012,193.0,144.0,557.0,135.0,114.0,24.0,55.0,135.0,300.0,37
ANSUR2-M-22132,M,1.0,ansur2_2012,209.0,154.0,598.0,144.0,117.0,24.0,63.5,146.0,340.0,22
ANSUR2-M-22133,M,1.0,ansur2_2012,197.0,147.0,565.0,128.0,117.0,20.0,63.0,138.0,316.0,21
ANSUR2-M-22134,M,1.0,ansur2_2012,199.0,152.0,578.0,125.0,123.0,22.0,63.0,144.0,326.0,41
ANSUR2-M-22135,M,1.0,ansur2_2012,200.0,157.0,579.0,130.0,119.0,24.0,67.5,145.0,350.0,22
ANSUR2-M-22136,M,1.0,ansur2_2012,207.0,148.0,579.0,139.0,140.0,19.0,60.5,134.0,325.0,51
ANSUR2-M-22139,M,1.0,ansur2_2012,186.0,154.0,548.0,127.0,104.0,23.0,64.5,145.0,306.0,20
ANSUR2-M-22140,M,1.0,ansur2_2012,204.0,143.0,585.0,129.0,120.0,22.0,65.5,140.0,313.0,41
ANSUR2-M-22142,M,1.0,ansur2_2012,208.0,163.0,600.0,137.0,117.0,23.0,67.5,149.0,333.0,47
ANSUR2-M-22594,M,1.0,ansur2_2012,205.0,150.0,584.0,130.0,120.0,24.0,62.0,137.0,339.0,32
ANSUR2-M-23176,M,1.0,ansur2_2012,204.0,158.0,586.0,137.0,117.0,22.0,65.0,144.0,338.0,25
ANSUR2-M-23182,M,1.0,ansur2_2012,202.0,158.0,587.0,130.0,129.0,24.0,63.5,154.0,360.0,25
ANSUR2-M-23191,M,1.0,ansur2_2012,190.0,153.0,549.0,133.0,122.0,23.0,61.0,138.0,313.0,26
ANSUR2-M-23192,M,1.0,ansur2_2012,199.0,157.0,578.0,127.0,134.0,23.0,76.5,152.0,343.0,37
ANSUR2-M-23204,M,1.0,ansur2_2012,213.0,152.0,596.0,138.0,131.0,22.0,68.5,148.0,358.0,39
ANSUR2-M-23208,M,1.0,ansur2_2012,206.0,148.0,575.0,131.0,114.0,25.0,64.0,139.0,337.0,29
ANSUR2-M-23215,M,1.0,ansur2_2012,206.0,158.0,589.0,130.0,122.0,19.0,59.5,140.0,335.0,22
ANSUR2-M-23227,M,1.0,ansur2_2012,208.0,160.0,599.0,136.0,130.0,20.0,63.0,150.0,363.0,22
ANSUR2-M-23231,M,1.0,ansur2_2012,207.0,150.0,574.0,131.0,134.0,23.0,72.5,141.0,336.0,24
ANSUR2-M-23237,M,1.0,ansur2_2012,205.0,150.0,572.0,117.0,120.0,18.0,67.5,132.0,326.0,36
ANSUR2-M-23246,M,1.0,ansur2_2012,190.0,159.0,572.0,129.0,122.0,22.0,64.5,151.0,329.0,24
ANSUR2-M-23247,M,1.0,ansur2_2012,208.0,160.0,593.0,133.0,113.0,18.0,66.0,150.0,339.0,31
ANSUR2-M-23250,M,1.0,ansur2_2012,201.0,149.0,567.0,129.0,127.0,23.0,66.5,140.0,333.0,24
ANSUR2-M-23261,M,1.0,ansur2_2012,203.0,148.0,569.0,133.0,120.0,21.0,59.5,139.0,322.0,28
ANSUR2-M-23270,M,1.0,ansur2_2012,202.0,156.0,595.0,135.0,136.0,19.0,62.0,154.0,327.0,25
ANSUR2-M-23279,M,1.0,ansur2_2012,193.0,149.0,555.0,130.0,120.0,25.0,66.5,143.0,334.0,29
ANSUR2-M-23280,M,1.0,ansur2_2012,196.0,141.0,553.0,124.0,112.0,21.0,64.5,140.0,339.0,27
ANSUR2-M-23283,M,1.0,ansur2_2012,200.0,160.0,574.0,138.0,117.0,19.0,70.0,154.0,348.0,39
ANSUR2-M-23287,M,1.0,ansur2_2012,198.0,143.0,558.0,117.0,118.0,20.0,58.5,133.0,313.0,19
ANSUR2-M-23298,M,1.0,ansur2_2012,194.0,150.0,560.0,122.0,125.0,22.0,61.5,141.0,333.0,26
ANSUR2-M-23303,M,1.0,ansur2_2012,207.0,154.0,588.0,129.0,126.0,19.0,66.0,154.0,345.0,27
ANSUR2-M-23304,M,1.0,ansur2_2012,194.0,150.0,565.0,138.0,123.0,25.0,63.5,142.0,324.0,31
ANSUR2-M-23305,M,1.0,ansur2_2012,200.0,160.0,582.0,125.0,129.0,26.0,61.5,149.0,342.0,28
ANSUR2-M-23310,M,1.0,ansur2_2012,211.0,158.0,596.0,131.0,122.0,26.0,64.5,133.0,336.0,21
ANSUR2-M-23313,M,1.0,ansur2_2012,199.0,161.0,577.0,140.0,130.0,23.0,63.0,147.0,335.0,23
ANSUR2-M-23315,M,1.0,ansur2_2012,199.0,148.0,571.0,117.0,112.0,22.0,66.5,140.0,318.0,26
ANSUR2-M-23319,M,1.0,ansur2_2012,194.0,163.0,583.0,132.0,126.0,21.0,64.5,153.0,326.0,24
ANSUR2-M-23320,M,1.0,ansur2_2012,208.0,163.0,597.0,137.0,124.0,27.0,68.5,149.0,336.0,25
ANSUR2-M-23321,M,1.0,ansur2_2012,190.0,158.0,563.0,130.0,128.0,20.0,59.0,143.0,332.0,27
ANSUR2-M-23322,M,1.0,ansur2_2012,195.0,159.0,577.0,143.0,121.0,25.0,66.0,151.0,328.0,29
ANSUR2-M-23325,M,1.0,ansur2_2012,199.0,158.0,570.0,138.0,127.0,26.0,62.5,145.0,314.0,25
ANSUR2-M-23327,M,1.0,ansur2_2012,180.0,163.0,553.0,129.0,120.0,20.0,60.5,150.0,326.0,34
ANSUR2-M-23337,M,1.0,ansur2_2012,210.0,156.0,603.0,140.0,121.0,20.0,64.0,140.0,332.0,25
ANSUR2-M-23338,M,1.0,ansur2_2012,193.0,146.0,564.0,132.0,122.0,22.0,65.0,127.0,314.0,22
ANSUR2-M-23340,M,1.0,ansur2_2012,198.0,149.0,546.0,133.0,121.0,22.0,66.5,135.0,309.0,25
ANSUR2-M-23342,M,1.0,ansur2_2012,191.0,154.0,567.0,138.0,123.0,22.0,63.5,140.0,327.0,30
ANSUR2-M-23362,M,1.0,ansur2_2012,207.0,153.0,576.0,129.0,122.0,22.0,63.5,140.0,322.0,26
ANSUR2-M-23369,M,1.0,ansur2_2012,203.0,157.0,579.0,132.0,128.0,21.0,64.0,144.0,337.0,22
ANSUR2-M-23379,M,1.0,ansur2_2012,197.0,150.0,570.0,138.0,121.0,24.0,65.5,134.0,330.0,26
ANSUR2-M-23382,M,1.0,ansur2_2012,206.0,154.0,583.0,132.0,120.0,19.0,62.5,142.0,327.0,21
ANSUR2-M-23408,M,1.0,ansur2_2012,211.0,150.0,587.0,130.0,125.0,24.0,63.5,141.0,324.0,19
ANSUR2-M-23413,M,1.0,ansur2_2012,209.0,146.0,573.0,130.0,128.0,23.0,65.5,136.0,336.0,20
ANSUR2-M-23415,M,1.0,ansur2_2012,196.0,154.0,564.0,136.0,121.0,24.0,63.5,140.0,320.0,24
ANSUR2-M-23420,M,1.0,ansur2_2012,181.0,161.0,559.0,141.0,128.0,26.0,64.5,150.0,323.0,24
ANSUR2-M-23423,M,1.0,ansur2_2012,207.0,156.0,586.0,133.0,120.0,24.0,62.0,133.0,324.0,20
ANSUR2-M-23424,M,1.0,ansur2_2012,198.0,151.0,555.0,122.0,117.0,24.0,62.5,144.0,352.0,42
ANSUR2-M-23425,M,1.0,ansur2_2012,200.0,152.0,582.0,137.0,112.0,25.0,63.0,133.0,314.0,25
ANSUR2-M-23427,M,1.0,ansur2_2012,198.0,155.0,577.0,129.0,124.0,20.0,60.5,148.0,328.0,20
ANSUR2-M-23428,M,1.0,ansur2_2012,206.0,150.0,588.0,142.0,126.0,18.0,66.0,138.0,320.0,22
ANSUR2-M-23431,M,1.0,ansur2_2012,202.0,160.0,583.0,130.0,125.0,21.0,61.5,147.0,339.0,23
ANSUR2-M-23447,M,1.0,ansur2_2012,194.0,155.0,570.0,140.0,126.0,30.0,59.0,136.0,317.0,21
ANSUR2-M-23450,M,1.0,ansur2_2012,208.0,149.0,590.0,135.0,123.0,20.0,61.0,133.0,324.0,21
ANSUR2-M-23455,M,1.0,ansur2_2012,199.0,163.0,596.0,138.0,115.0,26.0,68.5,150.0,342.0,24
ANSUR2-M-23458,M,1.0,ansur2_2012,200.0,161.0,587.0,140.0,125.0,24.0,65.0,150.0,350.0,44
ANSUR2-M-23459,M,1.0,ansur2_2012,202.0,157.0,597.0,129.0,130.0,26.0,70.0,148.0,371.0,37
ANSUR2-M-23473,M,1.0,ansur2_2012,202.0,154.0,578.0,134.0,123.0,27.0,66.0,137.0,322.0,21
ANSUR2-M-23477,M,1.0,ansur2_2012,201.0,150.0,578.0,121.0,127.0,20.0,63.5,142.0,354.0,31
ANSUR2-M-23479,M,1.0,ansur2_2012,199.0,154.0,582.0,136.0,116.0,22.0,69.0,136.0,317.0,30
ANSUR2-M-23484,M,1.0,ansur2_2012,201.0,156.0,574.0,129.0,113.0,25.0,68.5,151.0,326.0,23
ANSUR2-M-23496,M,1.0,ansur2_2012,193.0,157.0,576.0,123.0,113.0,18.0,70.5,143.0,320.0,34
ANSUR2-M-23502,M,1.0,ansur2_2012,199.0,158.0,588.0,131.0,123.0,24.0,61.0,136.0,329.0,20
ANSUR2-M-23506,M,1.0,ansur2_2012,198.0,154.0,575.0,132.0,115.0,23.0,70.0,138.0,326.0,33
ANSUR2-M-23512,M,1.0,ansur2_2012,198.0,148.0,566.0,127.0,114.0,27.0,69.0,140.0,318.0,20
ANSUR2-M-23535,M,1.0,ansur2_2012,210.0,159.0,595.0,130.0,124.0,28.0,67.0,143.0,347.0,32
ANSUR2-M-23545,M,1.0,ansur2_2012,193.0,156.0,567.0,135.0,123.0,23.0,65.5,145.0,343.0,26
ANSUR2-M-23551,M,1.0,ansur2_2012,197.0,152.0,567.0,121.0,120.0,23.0,61.5,143.0,342.0,34
ANSUR2-M-23562,M,1.0,ansur2_2012,211.0,158.0,601.0,134.0,130.0,24.0,66.0,142.0,320.0,20
ANSUR2-M-23566,M,1.0,ansur2_2012,201.0,154.0,588.0,140.0,115.0,24.0,62.0,138.0,336.0,22
ANSUR2-M-23571,M,1.0,ansur2_2012,203.0,147.0,577.0,140.0,119.0,18.0,61.0,136.0,311.0,21
ANSUR2-M-23579,M,1.0,ansur2_2012,194.0,148.0,562.0,133.0,106.0,23.0,55.5,133.0,328.0,22
ANSUR2-M-23586,M,1.0,ansur2_2012,194.0,164.0,572.0,138.0,120.0,23.0,60.5,153.0,336.0,22
ANSUR2-M-23604,M,1.0,ansur2_2012,199.0,146.0,564.0,126.0,128.0,25.0,62.5,138.0,344.0,32
ANSUR2-M-23606,M,1.0,ansur2_2012,203.0,141.0,569.0,129.0,122.0,27.0,54.0,131.0,323.0,36
ANSUR2-M-23610,M,1.0,ansur2_2012,203.0,153.0,576.0,133.0,117.0,18.0,62.5,138.0,330.0,19
ANSUR2-M-23616,M,1.0,ansur2_2012,202.0,155.0,585.0,140.0,127.0,19.0,64.0,140.0,327.0,25
ANSUR2-M-23625,M,1.0,ansur2_2012,196.0,161.0,579.0,129.0,123.0,25.0,62.0,141.0,328.0,21
ANSUR2-M-23681,M,1.0,ansur2_2012,197.0,156.0,567.0,133.0,113.0,27.0,69.0,146.0,317.0,21
ANSUR2-M-23682,M,1.0,ansur2_2012,194.0,151.0,561.0,128.0,112.0,24.0,63.0,141.0,303.0,21
ANSUR2-M-23689,M,1.0,ansur2_2012,190.0,149.0,561.0,133.0,117.0,24.0,62.5,137.0,304.0,23
ANSUR2-M-23690,M,1.0,ansur2_2012,204.0,144.0,567.0,130.0,120.0,27.0,61.0,132.0,322.0,27
ANSUR2-M-23692,M,1.0,ansur2_2012,192.0,154.0,559.0,124.0,119.0,19.0,63.0,142.0,319.0,21
ANSUR2-M-23701,M,1.0,ansur2_2012,197.0,156.0,568.0,133.0,115.0,22.0,63.0,144.0,330.0,22
ANSUR2-M-23702,M,1.0,ansur2_2012,197.0,150.0,567.0,124.0,108.0,17.0,60.5,135.0,322.0,26
ANSUR2-M-23711,M,1.0,ansur2_2012,190.0,146.0,543.0,130.0,119.0,22.0,63.5,131.0,301.0,28
ANSUR2-M-23721,M,1.0,ansur2_2012,208.0,154.0,584.0,140.0,129.0,19.0,65.5,143.0,350.0,21
ANSUR2-M-23723,M,1.0,ansur2_2012,216.0,146.0,596.0,138.0,133.0,20.0,64.0,144.0,354.0,32
ANSUR2-M-23724,M,1.0,ansur2_2012,198.0,151.0,574.0,140.0,122.0,23.0,62.0,138.0,337.0,33
ANSUR2-M-23731,M,1.0,ansur2_2012,199.0,157.0,589.0,128.0,120.0,22.0,62.5,147.0,336.0,22
ANSUR2-M-23733,M,1.0,ansur2_2012,213.0,159.0,598.0,131.0,125.0,25.0,65.0,151.0,353.0,24
ANSUR2-M-23735,M,1.0,ansur2_2012,203.0,157.0,578.0,128.0,121.0,22.0,61.0,132.0,321.0,28
ANSUR2-M-23739,M,1.0,ansur2_2012,198.0,148.0,584.0,130.0,130.0,23.0,61.5,146.0,344.0,24
ANSUR2-M-23742,M,1.0,ansur2_2012,202.0,157.0,585.0,136.0,125.0,22.0,60.0,143.0,336.0,24
ANSUR2-M-23754,M,1.0,ansur2_2012,206.0,158.0,592.0,134.0,126.0,26.0,67.5,143.0,362.0,25
ANSUR2-M-23761,M,1.0,ansur2_2012,194.0,151.0,564.0,135.0,118.0,24.0,68.0,146.0,331.0,32
ANSUR2-M-23770,M,1.0,ansur2_2012,194.0,154.0,568.0,137.0,110.0,24.0,60.5,148.0,328.0,20
ANSUR2-M-23771,M,1.0,ansur2_2012,203.0,160.0,589.0,136.0,123.0,22.0,68.5,140.0,324.0,22
ANSUR2-M-23775,M,1.0,ansur2_2012,191.0,148.0,553.0,124.0,124.0,27.0,60.5,137.0,317.0,38
ANSUR2-M-23778,M,1.0,ansur2_2012,201.0,157.0,586.0,138.0,128.0,27.0,62.0,141.0,321.0,32
ANSUR2-M-23786,M,1.0,ansur2_2012,203.0,157.0,578.0,144.0,132.0,20.0,65.5,144.0,330.0,29
ANSUR2-M-23788,M,1.0,ansur2_2012,189.0,150.0,547.0,137.0,124.0,26.0,58.5,143.0,322.0,45
ANSUR2-M-23791,M,1.0,ansur2_2012,211.0,159.0,601.0,147.0,126.0,27.0,65.0,139.0,324.0,27
ANSUR2-M-23793,M,1.0,ansur2_2012,187.0,164.0,570.0,131.0,118.0,24.0,67.5,148.0,330.0,19
ANSUR2-M-23795,M,1.0,ansur2_2012,188.0,148.0,540.0,124.0,117.0,24.0,57.0,129.0,320.0,29
ANSUR2-M-23803,M,1.0,ansur2_2012,206.0,158.0,577.0,125.0,133.0,24.0,64.0,144.0,339.0,26
ANSUR2-M-23810,M,1.0,ansur2_2012,194.0,154.0,572.0,136.0,123.0,26.0,64.0,135.0,329.0,23
ANSUR2-M-23813,M,1.0,ansur2_2012,211.0,162.0,600.0,133.0,132.0,21.0,65.0,146.0,356.0,21
ANSUR2-M-23827,M,1.0,ansur2_2012,202.0,161.0,592.0,144.0,126.0,24.0,65.0,142.0,354.0,30
ANSUR2-M-24012,M,1.0,ansur2_2012,196.0,144.0,546.0,121.0,121.0,20.0,69.5,135.0,318.0,24
ANSUR2-M-24037,M,1.0,ansur2_2012,211.0,152.0,593.0,137.0,119.0,27.0,62.0,150.0,348.0,30
ANSUR2-M-24065,M,1.0,ansur2_2012,198.0,157.0,577.0,143.0,123.0,19.0,60.0,137.0,325.0,26
ANSUR2-M-24091,M,1.0,ansur2_2012,204.0,147.0,581.0,135.0,120.0,18.0,61.5,133.0,328.0,21
ANSUR2-M-24120,M,1.0,ansur2_2012,202.0,158.0,585.0,129.0,118.0,27.0,62.0,141.0,312.0,19
ANSUR2-M-24122,M,1.0,ansur2_2012,197.0,152.0,569.0,127.0,127.0,22.0,64.0,143.0,323.0,23
ANSUR2-M-24123,M,1.0,ansur2_2012,203.0,143.0,571.0,134.0,120.0,18.0,61.0,134.0,326.0,26
ANSUR2-M-24127,M,1.0,ansur2_2012,193.0,147.0,551.0,135.0,121.0,22.0,57.5,135.0,312.0,24
ANSUR2-M-24130,M,1.0,ansur2_2012,208.0,160.0,594.0,129.0,114.0,22.0,67.0,151.0,340.0,25
ANSUR2-M-24136,M,1.0,ansur2_2012,190.0,146.0,537.0,127.0,99.0,23.0,60.5,135.0,302.0,24
ANSUR2-M-24139,M,1.0,ansur2_2012,210.0,151.0,585.0,134.0,124.0,20.0,63.5,142.0,328.0,30
ANSUR2-M-24163,M,1.0,ansur2_2012,202.0,153.0,577.0,134.0,123.0,26.0,63.5,148.0,311.0,20
ANSUR2-M-24168,M,1.0,ansur2_2012,198.0,165.0,568.0,127.0,110.0,23.0,63.0,146.0,329.0,43
ANSUR2-M-24169,M,1.0,ansur2_2012,193.0,161.0,573.0,137.0,120.0,25.0,69.5,152.0,328.0,29
ANSUR2-M-24171,M,1.0,ansur2_2012,209.0,158.0,597.0,133.0,133.0,20.0,71.0,140.0,337.0,28
ANSUR2-M-24175,M,1.0,ansur2_2012,197.0,154.0,566.0,140.0,128.0,29.0,66.5,139.0,316.0,26
ANSUR2-M-24198,M,1.0,ansur2_2012,190.0,145.0,547.0,122.0,111.0,23.0,61.5,134.0,306.0,22
ANSUR2-M-24201,M,1.0,ansur2_2012,203.0,150.0,584.0,124.0,128.0,24.0,67.5,142.0,342.0,27
ANSUR2-M-24207,M,1.0,ansur2_2012,191.0,145.0,548.0,130.0,119.0,24.0,59.0,140.0,326.0,31
ANSUR2-M-24213,M,1.0,ansur2_2012,199.0,154.0,577.0,140.0,130.0,21.0,62.5,143.0,317.0,30
ANSUR2-M-24223,M,1.0,ansur2_2012,202.0,154.0,570.0,133.0,128.0,24.0,65.0,144.0,346.0,26
ANSUR2-M-24227,M,1.0,ansur2_2012,188.0,144.0,555.0,130.0,128.0,22.0,63.5,133.0,337.0,25
ANSUR2-M-24237,M,1.0,ansur2_2012,189.0,151.0,556.0,127.0,118.0,22.0,61.5,144.0,335.0,19
ANSUR2-M-24245,M,1.0,ansur2_2012,199.0,156.0,575.0,131.0,127.0,24.0,63.0,144.0,330.0,23
ANSUR2-M-24246,M,1.0,ansur2_2012,206.0,160.0,593.0,138.0,118.0,26.0,62.5,147.0,317.0,24
ANSUR2-M-24249,M,1.0,ansur2_2012,199.0,144.0,565.0,126.0,116.0,23.0,59.0,135.0,314.0,24
ANSUR2-M-24253,M,1.0,ansur2_2012,199.0,158.0,581.0,130.0,112.0,24.0,69.5,150.0,327.0,33
ANSUR2-M-24254,M,1.0,ansur2_2012,204.0,156.0,588.0,135.0,132.0,22.0,65.5,142.0,333.0,21
ANSUR2-M-24257,M,1.0,ansur2_2012,205.0,160.0,595.0,132.0,119.0,20.0,63.5,153.0,340.0,32
ANSUR2-M-24258,M,1.0,ansur2_2012,198.0,153.0,569.0,127.0,115.0,24.0,65.0,138.0,326.0,23
ANSUR2-M-24264,M,1.0,ansur2_2012,199.0,151.0,570.0,132.0,123.0,21.0,63.5,132.0,319.0,24
ANSUR2-M-24265,M,1.0,ansur2_2012,204.0,154.0,586.0,134.0,118.0,21.0,66.5,152.0,342.0,22
ANSUR2-M-24266,M,1.0,ansur2_2012,187.0,157.0,562.0,122.0,123.0,22.0,63.0,147.0,330.0,21
ANSUR2-M-24270,M,1.0,ansur2_2012,211.0,151.0,585.0,138.0,122.0,24.0,61.0,137.0,324.0,26
ANSUR2-M-24272,M,1.0,ansur2_2012,201.0,141.0,571.0,126.0,124.0,23.0,66.0,134.0,333.0,28
ANSUR2-M-24273,M,1.0,ansur2_2012,207.0,161.0,597.0,128.0,119.0,21.0,63.5,139.0,330.0,19
ANSUR2-M-24274,M,1.0,ansur2_2012,195.0,153.0,557.0,131.0,120.0,20.0,61.5,139.0,319.0,25
ANSUR2-M-24277,M,1.0,ansur2_2012,192.0,148.0,554.0,126.0,114.0,24.0,62.5,143.0,303.0,27
ANSUR2-M-24285,M,1.0,ansur2_2012,184.0,148.0,538.0,127.0,117.0,24.0,64.0,138.0,307.0,27
ANSUR2-M-24286,M,1.0,ansur2_2012,206.0,156.0,592.0,125.0,127.0,22.0,64.0,148.0,348.0,23
ANSUR2-M-24287,M,1.0,ansur2_2012,192.0,145.0,548.0,120.0,122.0,22.0,56.0,146.0,327.0,24
ANSUR2-M-24290,M,1.0,ansur2_2012,193.0,159.0,568.0,121.0,117.0,21.0,59.5,141.0,324.0,20
ANSUR2-M-24294,M,1.0,ansur2_2012,199.0,168.0,588.0,139.0,119.0,27.0,66.0,158.0,354.0,22
ANSUR2-M-24295,M,1.0,ansur2_2012,194.0,158.0,571.0,138.0,117.0,23.0,63.5,140.0,315.0,23
ANSUR2-M-24300,M,1.0,ansur2_2012,206.0,168.0,617.0,144.0,122.0,22.0,67.0,156.0,349.0,23
ANSUR2-M-24301,M,1.0,ansur2_2012,201.0,146.0,566.0,130.0,119.0,16.0,61.0,134.0,295.0,25
ANSUR2-M-24303,M,1.0,ansur2_2012,193.0,147.0,564.0,133.0,130.0,21.0,61.5,143.0,318.0,24
ANSUR2-M-24305,M,1.0,ansur2_2012,206.0,164.0,597.0,142.0,125.0,20.0,67.5,154.0,352.0,22
ANSUR2-M-24319,M,1.0,ansur2_2012,188.0,157.0,552.0,135.0,124.0,23.0,57.5,142.0,330.0,26
ANSUR2-M-24324,M,1.0,ansur2_2012,206.0,144.0,577.0,130.0,140.0,23.0,66.0,138.0,354.0,28
ANSUR2-M-24328,M,1.0,ansur2_2012,202.0,159.0,583.0,130.0,131.0,23.0,61.5,148.0,351.0,37
ANSUR2-M-24331,M,1.0,ansur2_2012,193.0,158.0,562.0,131.0,121.0,23.0,62.0,147.0,327.0,29
ANSUR2-M-24334,M,1.0,ansur2_2012,212.0,158.0,615.0,142.0,134.0,21.0,65.5,146.0,353.0,31
ANSUR2-M-24335,M,1.0,ansur2_2012,193.0,149.0,574.0,127.0,142.0,24.0,67.5,147.0,355.0,23
ANSUR2-M-24337,M,1.0,ansur2_2012,210.0,155.0,595.0,136.0,121.0,24.0,60.5,144.0,333.0,23
ANSUR2-M-24338,M,1.0,ansur2_2012,205.0,157.0,590.0,134.0,124.0,22.0,63.0,145.0,345.0,30
ANSUR2-M-24343,M,1.0,ansur2_2012,201.0,160.0,573.0,129.0,125.0,22.0,70.0,145.0,320.0,30
ANSUR2-M-24344,M,1.0,ansur2_2012,199.0,153.0,578.0,130.0,125.0,23.0,61.5,139.0,311.0,22
ANSUR2-M-24358,M,1.0,ansur2_2012,201.0,157.0,587.0,139.0,124.0,22.0,63.5,140.0,307.0,21
ANSUR2-M-24361,M,1.0,ansur2_2012,209.0,154.0,591.0,142.0,122.0,21.0,65.0,147.0,336.0,27
ANSUR2-M-24373,M,1.0,ansur2_2012,204.0,159.0,587.0,138.0,119.0,17.0,65.5,139.0,320.0,24
ANSUR2-M-24375,M,1.0,ansur2_2012,206.0,157.0,578.0,140.0,124.0,24.0,65.5,142.0,330.0,24
ANSUR2-M-24381,M,1.0,ansur2_2012,208.0,158.0,598.0,137.0,115.0,22.0,63.5,142.0,341.0,24
ANSUR2-M-24399,M,1.0,ansur2_2012,199.0,151.0,574.0,134.0,128.0,22.0,63.0,145.0,326.0,23
ANSUR2-M-24403,M,1.0,ansur2_2012,197.0,152.0,562.0,122.0,119.0,23.0,63.0,141.0,323.0,21
ANSUR2-M-24404,M,1.0,ansur2_2012,191.0,150.0,551.0,127.0,118.0,25.0,60.5,131.0,304.0,19
ANSUR2-M-24411,M,1.0,ansur2_2012,208.0,152.0,577.0,140.0,111.0,27.0,65.0,146.0,322.0,28
ANSUR2-M-24415,M,1.0,ansur2_2012,201.0,153.0,571.0,136.0,111.0,24.0,66.0,147.0,346.0,23
ANSUR2-M-24422,M,1.0,ansur2_2012,206.0,160.0,585.0,133.0,121.0,24.0,65.5,145.0,336.0,23
ANSUR2-M-24429,M,1.0,ansur2_2012,204.0,157.0,592.0,137.0,130.0,22.0,58.0,146.0,335.0,21
ANSUR2-M-24432,M,1.0,ansur2_2012,189.0,154.0,544.0,128.0,117.0,22.0,63.0,145.0,327.0,31
ANSUR2-M-24433,M,1.0,ansur2_2012,200.0,148.0,568.0,126.0,118.0,28.0,65.0,138.0,321.0,28
ANSUR2-M-24437,M,1.0,ansur2_2012,202.0,162.0,582.0,128.0,122.0,20.0,68.5,141.0,330.0,29
ANSUR2-M-24439,M,1.0,ansur2_2012,194.0,148.0,564.0,130.0,117.0,24.0,54.5,128.0,307.0,24
ANSUR2-M-24446,M,1.0,ansur2_2012,201.0,159.0,589.0,142.0,131.0,20.0,62.0,144.0,324.0,35
ANSUR2-M-24449,M,1.0,ansur2_2012,199.0,149.0,562.0,130.0,130.0,24.0,60.0,141.0,336.0,20
ANSUR2-M-24459,M,1.0,ansur2_2012,203.0,155.0,582.0,133.0,121.0,18.0,65.0,147.0,328.0,20
ANSUR2-M-24467,M,1.0,ansur2_2012,198.0,151.0,566.0,135.0,120.0,22.0,57.5,139.0,322.0,22
ANSUR2-M-24468,M,1.0,ansur2_2012,184.0,155.0,552.0,126.0,109.0,24.0,59.5,137.0,319.0,30
ANSUR2-M-24483,M,1.0,ansur2_2012,211.0,162.0,598.0,133.0,131.0,27.0,72.0,146.0,352.0,30
ANSUR2-M-24487,M,1.0,ansur2_2012,212.0,154.0,591.0,133.0,117.0,23.0,62.5,145.0,341.0,26
ANSUR2-M-24488,M,1.0,ansur2_2012,195.0,162.0,565.0,132.0,112.0,22.0,60.5,148.0,331.0,24
ANSUR2-M-24489,M,1.0,ansur2_2012,194.0,154.0,555.0,134.0,119.0,27.0,64.5,138.0,307.0,20
ANSUR2-M-24491,M,1.0,ansur2_2012,195.0,158.0,564.0,133.0,129.0,28.0,61.0,146.0,322.0,25
ANSUR2-M-24502,M,1.0,ansur2_2012,212.0,155.0,594.0,133.0,129.0,21.0,66.5,146.0,351.0,36
ANSUR2-M-24509,M,1.0,ansur2_2012,199.0,161.0,576.0,137.0,131.0,19.0,62.0,142.0,345.0,32
ANSUR2-M-24529,M,1.0,ansur2_2012,195.0,150.0,570.0,133.0,122.0,28.0,66.5,138.0,314.0,26
ANSUR2-M-24535,M,1.0,ansur2_2012,187.0,162.0,556.0,132.0,130.0,21.0,64.5,144.0,323.0,22
ANSUR2-M-24537,M,1.0,ansur2_2012,197.0,152.0,565.0,133.0,113.0,22.0,69.0,142.0,323.0,28
ANSUR2-M-24538,M,1.0,ansur2_2012,203.0,150.0,573.0,132.0,122.0,25.0,61.5,141.0,331.0,31
ANSUR2-M-24541,M,1.0,ansur2_2012,196.0,155.0,568.0,129.0,122.0,22.0,67.0,138.0,324.0,35
ANSUR2-M-24544,M,1.0,ansur2_2012,179.0,141.0,524.0,127.0,117.0,17.0,59.5,138.0,334.0,24
ANSUR2-M-24545,M,1.0,ansur2_2012,202.0,146.0,563.0,130.0,111.0,22.0,60.5,128.0,293.0,19
ANSUR2-M-24549,M,1.0,ansur2_2012,211.0,152.0,593.0,129.0,134.0,23.0,65.5,141.0,357.0,39
ANSUR2-M-24559,M,1.0,ansur2_2012,194.0,160.0,580.0,140.0,121.0,26.0,62.5,136.0,314.0,19
ANSUR2-M-24563,M,1.0,ansur2_2012,199.0,155.0,571.0,142.0,117.0,22.0,62.5,142.0,321.0,21
ANSUR2-M-24564,M,1.0,ansur2_2012,196.0,152.0,571.0,133.0,113.0,20.0,62.5,138.0,322.0,22
ANSUR2-M-24568,M,1.0,ansur2_2012,200.0,152.0,574.0,134.0,126.0,22.0,66.0,140.0,336.0,27
ANSUR2-M-24584,M,1.0,ansur2_2012,190.0,150.0,548.0,131.0,125.0,18.0,59.5,136.0,307.0,24
ANSUR2-M-24586,M,1.0,ansur2_2012,201.0,155.0,580.0,129.0,126.0,26.0,62.5,142.0,336.0,20
ANSUR2-M-24612,M,1.0,ansur2_2012,201.0,150.0,577.0,130.0,126.0,24.0,65.0,143.0,340.0,23
ANSUR2-M-24615,M,1.0,ansur2_2012,200.0,159.0,584.0,133.0,119.0,22.0,63.5,148.0,346.0,28
ANSUR2-M-24619,M,1.0,ansur2_2012,194.0,145.0,567.0,136.0,114.0,23.0,61.5,132.0,333.0,22
ANSUR2-M-24620,M,1.0,ansur2_2012,183.0,142.0,537.0,125.0,107.0,22.0,55.5,128.0,290.0,26
ANSUR2-M-24625,M,1.0,ansur2_2012,204.0,156.0,580.0,137.0,118.0,18.0,63.5,135.0,303.0,18
ANSUR2-M-24626,M,1.0,ansur2_2012,198.0,149.0,565.0,127.0,117.0,23.0,64.0,136.0,311.0,24
ANSUR2-M-24630,M,1.0,ansur2_2012,201.0,150.0,578.0,131.0,123.0,26.0,59.5,139.0,308.0,20
ANSUR2-M-24649,M,1.0,ansur2_2012,201.0,152.0,570.0,131.0,115.0,22.0,59.5,140.0,338.0,20
ANSUR2-M-24653,M,1.0,ansur2_2012,206.0,159.0,592.0,130.0,126.0,21.0,63.5,146.0,355.0,21
ANSUR2-M-24661,M,1.0,ansur2_2012,192.0,148.0,555.0,130.0,118.0,22.0,56.5,137.0,318.0,28
ANSUR2-M-24665,M,1.0,ansur2_2012,180.0,153.0,543.0,128.0,109.0,21.0,61.0,146.0,326.0,32
ANSUR2-M-24671,M,1.0,ansur2_2012,199.0,151.0,568.0,131.0,122.0,25.0,59.5,136.0,316.0,23
ANSUR2-M-24681,M,1.0,ansur2_2012,213.0,156.0,593.0,132.0,127.0,27.0,68.0,160.0,363.0,32
ANSUR2-M-24684,M,1.0,ansur2_2012,196.0,150.0,573.0,135.0,120.0,24.0,59.5,144.0,314.0,23
ANSUR2-M-24698,M,1.0,ansur2_2012,199.0,152.0,584.0,127.0,134.0,22.0,63.5,135.0,324.0,22
ANSUR2-M-24707,M,1.0,ansur2_2012,210.0,158.0,600.0,135.0,120.0,25.0,66.5,150.0,347.0,20
ANSUR2-M-24708,M,1.0,ansur2_2012,199.0,148.0,562.0,133.0,116.0,24.0,63.0,138.0,336.0,20
ANSUR2-M-24712,M,1.0,ansur2_2012,202.0,157.0,581.0,126.0,122.0,22.0,63.5,144.0,336.0,27
ANSUR2-M-24718,M,1.0,ansur2_2012,197.0,153.0,566.0,131.0,111.0,24.0,63.5,138.0,312.0,26
ANSUR2-M-24721,M,1.0,ansur2_2012,200.0,153.0,568.0,132.0,119.0,25.0,62.5,141.0,328.0,25
ANSUR2-M-24724,M,1.0,ansur2_2012,200.0,167.0,594.0,129.0,125.0,20.0,67.5,150.0,337.0,28
ANSUR2-M-24764,M,1.0,ansur2_2012,199.0,141.0,553.0,134.0,130.0,19.0,62.0,136.0,324.0,31
ANSUR2-M-24766,M,1.0,ansur2_2012,205.0,148.0,574.0,126.0,122.0,28.0,61.0,136.0,334.0,40
ANSUR2-M-24767,M,1.0,ansur2_2012,192.0,147.0,554.0,128.0,128.0,20.0,62.0,140.0,337.0,22
ANSUR2-M-24779,M,1.0,ansur2_2012,184.0,160.0,547.0,123.0,125.0,21.0,63.0,143.0,328.0,36
ANSUR2-M-24797,M,1.0,ansur2_2012,197.0,154.0,578.0,138.0,122.0,24.0,65.0,148.0,336.0,24
ANSUR2-M-24804,M,1.0,ansur2_2012,207.0,152.0,579.0,134.0,124.0,24.0,59.0,142.0,331.0,30
ANSUR2-M-24817,M,1.0,ansur2_2012,199.0,151.0,563.0,131.0,108.0,20.0,60.5,135.0,303.0,40
ANSUR2-M-24818,M,1.0,ansur2_2012,186.0,161.0,553.0,139.0,118.0,30.0,64.0,151.0,329.0,34
ANSUR2-M-24827,M,1.0,ansur2_2012,190.0,153.0,553.0,134.0,121.0,21.0,61.5,143.0,328.0,25
ANSUR2-M-24829,M,1.0,ansur2_2012,198.0,152.0,567.0,127.0,116.0,21.0,61.5,152.0,336.0,32
ANSUR2-M-24838,M,1.0,ansur2_2012,192.0,150.0,558.0,136.0,127.0,26.0,67.0,144.0,326.0,41
ANSUR2-M-24852,M,1.0,ansur2_2012,199.0,150.0,567.0,136.0,116.0,20.0,61.5,137.0,326.0,20
ANSUR2-M-24855,M,1.0,ansur2_2012,194.0,153.0,558.0,129.0,122.0,24.0,62.0,145.0,340.0,22
ANSUR2-M-24862,M,1.0,ansur2_2012,202.0,154.0,582.0,131.0,115.0,18.0,69.5,142.0,330.0,28
ANSUR2-M-24868,M,1.0,ansur2_2012,183.0,158.0,547.0,135.0,122.0,28.0,64.5,145.0,321.0,22
ANSUR2-M-24870,M,1.0,ansur2_2012,196.0,148.0,564.0,133.0,118.0,25.0,62.5,147.0,326.0,44
ANSUR2-M-24874,M,1.0,ansur2_2012,211.0,162.0,614.0,130.0,131.0,22.0,67.0,144.0,373.0,21
ANSUR2-M-24876,M,1.0,ansur2_2012,203.0,152.0,568.0,137.0,114.0,26.0,61.5,138.0,302.0,33
ANSUR2-M-24881,M,1.0,ansur2_2012,191.0,154.0,563.0,125.0,122.0,20.0,60.5,143.0,328.0,34
ANSUR2-M-24886,M,1.0,ansur2_2012,198.0,152.0,551.0,131.0,127.0,26.0,63.5,135.0,326.0,31
ANSUR2-M-24892,M,1.0,ansur2_2012,196.0,149.0,558.0,126.0,127.0,22.0,60.0,138.0,345.0,24
ANSUR2-M-24894,M,1.0,ansur2_2012,200.0,147.0,584.0,126.0,121.0,21.0,59.5,137.0,314.0,28
ANSUR2-M-24896,M,1.0,ansur2_2012,207.0,156.0,587.0,130.0,130.0,21.0,64.0,142.0,337.0,33
ANSUR2-M-24898,M,1.0,ansur2_2012,215.0,155.0,603.0,131.0,134.0,19.0,68.0,143.0,349.0,40
ANSUR2-M-24901,M,1.0,ansur2_2012,194.0,152.0,558.0,134.0,122.0,22.0,64.0,136.0,316.0,20
ANSUR2-M-24912,M,1.0,ansur2_2012,201.0,154.0,587.0,135.0,111.0,25.0,65.0,140.0,315.0,25
ANSUR2-M-24922,M,1.0,ansur2_2012,204.0,154.0,584.0,123.0,134.0,26.0,60.0,146.0,346.0,37
ANSUR2-M-24925,M,1.0,ansur2_2012,192.0,158.0,562.0,132.0,114.0,24.0,67.0,144.0,345.0,34
ANSUR2-M-24934,M,1.0,ansur2_2012,193.0,153.0,583.0,133.0,125.0,22.0,61.5,145.0,333.0,21
ANSUR2-M-24940,M,1.0,ansur2_2012,207.0,154.0,597.0,144.0,127.0,25.0,68.5,150.0,322.0,28
ANSUR2-M-24941,M,1.0,ansur2_2012,200.0,154.0,586.0,130.0,132.0,29.0,62.5,145.0,336.0,27
ANSUR2-M-24943,M,1.0,ansur2_2012,197.0,147.0,564.0,133.0,128.0,19.0,57.0,137.0,319.0,21
ANSUR2-M-24946,M,1.0,ansur2_2012,200.0,152.0,572.0,127.0,127.0,24.0,63.5,142.0,352.0,27
ANSUR2-M-24949,M,1.0,ansur2_2012,197.0,155.0,566.0,134.0,118.0,23.0,63.0,148.0,326.0,21
ANSUR2-M-24957,M,1.0,ansur2_2012,196.0,152.0,566.0,133.0,122.0,21.0,64.0,129.0,302.0,21
ANSUR2-M-24965,M,1.0,ansur2_2012,197.0,157.0,573.0,130.0,123.0,27.0,66.0,145.0,327.0,23
ANSUR2-M-24979,M,1.0,ansur2_2012,207.0,167.0,594.0,140.0,129.0,27.0,66.5,150.0,345.0,27
ANSUR2-M-24981,M,1.0,ansur2_2012,194.0,158.0,572.0,133.0,114.0,18.0,69.0,144.0,334.0,23
ANSUR2-M-24982,M,1.0,ansur2_2012,197.0,153.0,572.0,137.0,124.0,22.0,64.5,138.0,342.0,22
ANSUR2-M-24984,M,1.0,ansur2_2012,193.0,163.0,568.0,128.0,118.0,20.0,65.0,149.0,331.0,33
ANSUR2-M-24988,M,1.0,ansur2_2012,199.0,155.0,574.0,136.0,125.0,19.0,58.5,131.0,316.0,21
ANSUR2-M-24991,M,1.0,ansur2_2012,193.0,157.0,560.0,127.0,121.0,22.0,65.0,147.0,332.0,25
ANSUR2-M-24995,M,1.0,ansur2_2012,202.0,152.0,579.0,118.0,124.0,23.0,65.0,133.0,314.0,24
ANSUR2-M-24997,M,1.0,ansur2_2012,198.0,163.0,578.0,143.0,121.0,22.0,60.0,147.0,335.0,28
ANSUR2-M-25000,M,1.0,ansur2_2012,211.0,150.0,595.0,136.0,117.0,17.0,65.0,149.0,344.0,41
ANSUR2-M-25006,M,1.0,ansur2_2012,198.0,152.0,574.0,127.0,118.0,25.0,62.0,135.0,313.0,22
ANSUR2-M-25007,M,1.0,ansur2_2012,207.0,160.0,587.0,122.0,136.0,17.0,66.0,148.0,354.0,39
ANSUR2-M-25008,M,1.0,ansur2_2012,199.0,147.0,564.0,127.0,120.0,21.0,62.0,133.0,320.0,21
ANSUR2-M-25013,M,1.0,ansur2_2012,200.0,156.0,583.0,135.0,111.0,20.0,66.5,139.0,315.0,26
ANSUR2-M-25014,M,1.0,ansur2_2012,205.0,152.0,581.0,129.0,117.0,22.0,64.0,143.0,344.0,28
ANSUR2-M-25136,M,1.0,ansur2_2012,197.0,151.0,560.0,140.0,117.0,22.0,64.0,137.0,312.0,26
ANSUR2-M-25141,M,1.0,ansur2_2012,209.0,158.0,600.0,140.0,138.0,24.0,62.0,148.0,363.0,37
ANSUR2-M-25142,M,1.0,ansur2_2012,204.0,152.0,590.0,137.0,127.0,26.0,68.0,142.0,327.0,27
ANSUR2-M-25145,M,1.0,ansur2_2012,194.0,149.0,561.0,132.0,117.0,22.0,59.0,135.0,317.0,30
ANSUR2-M-25149,M,1.0,ansur2_2012,199.0,149.0,575.0,132.0,131.0,27.0,63.5,148.0,344.0,22
ANSUR2-M-25154,M,1.0,ansur2_2012,205.0,157.0,588.0,133.0,131.0,22.0,65.0,146.0,339.0,31
ANSUR2-M-25158,M,1.0,ansur2_2012,201.0,152.0,580.0,128.0,134.0,22.0,66.5,140.0,330.0,40
ANSUR2-M-25164,M,1.0,ansur2_2012,206.0,155.0,585.0,135.0,129.0,22.0,63.5,144.0,312.0,33
ANSUR2-M-25167,M,1.0,ansur2_2012,201.0,149.0,563.0,128.0,123.0,22.0,59.0,138.0,343.0,31
ANSUR2-M-25168,M,1.0,ansur2_2012,210.0,163.0,605.0,135.0,120.0,25.0,72.0,154.0,355.0,27
ANSUR2-M-25173,M,1.0,ansur2_2012,185.0,157.0,547.0,131.0,126.0,27.0,70.5,153.0,358.0,26
ANSUR2-M-25176,M,1.0,ansur2_2012,209.0,152.0,592.0,140.0,130.0,24.0,68.0,142.0,333.0,38
ANSUR2-M-25185,M,1.0,ansur2_2012,192.0,160.0,571.0,138.0,121.0,26.0,64.5,150.0,339.0,47
ANSUR2-M-25187,M,1.0,ansur2_2012,201.0,144.0,569.0,131.0,117.0,20.0,63.0,134.0,350.0,28
ANSUR2-M-25196,M,1.0,ansur2_2012,209.0,148.0,586.0,136.0,121.0,19.0,62.0,136.0,343.0,41
ANSUR2-M-26147,M,1.0,ansur2_2012,186.0,159.0,560.0,127.0,125.0,23.0,65.0,145.0,306.0,18
ANSUR2-M-26148,M,1.0,ansur2_2012,202.0,156.0,576.0,137.0,121.0,24.0,62.0,143.0,313.0,19
ANSUR2-M-26151,M,1.0,ansur2_2012,200.0,155.0,571.0,128.0,126.0,23.0,61.0,145.0,333.0,25
ANSUR2-M-26152,M,1.0,ansur2_2012,190.0,152.0,548.0,127.0,114.0,23.0,58.5,135.0,302.0,23
ANSUR2-M-26154,M,1.0,ansur2_2012,199.0,150.0,563.0,131.0,119.0,21.0,65.5,139.0,318.0,21
ANSUR2-M-26155,M,1.0,ansur2_2012,195.0,148.0,552.0,130.0,125.0,25.0,59.5,130.0,302.0,18
ANSUR2-M-26157,M,1.0,ansur2_2012,196.0,150.0,558.0,132.0,115.0,30.0,64.0,138.0,306.0,25
ANSUR2-M-26158,M,1.0,ansur2_2012,203.0,148.0,572.0,139.0,128.0,24.0,58.0,133.0,322.0,19
ANSUR2-M-26159,M,1.0,ansur2_2012,207.0,150.0,572.0,138.0,115.0,25.0,60.0,140.0,324.0,20
ANSUR2-M-26160,M,1.0,ansur2_2012,185.0,157.0,549.0,129.0,121.0,23.0,64.0,151.0,323.0,23
ANSUR2-M-26164,M,1.0,ansur2_2012,198.0,155.0,573.0,126.0,122.0,18.0,59.5,143.0,332.0,19
ANSUR2-M-26165,M,1.0,ansur2_2012,193.0,146.0,543.0,131.0,105.0,19.0,61.0,133.0,330.0,26
ANSUR2-M-26168,M,1.0,ansur2_2012,198.0,151.0,578.0,130.0,134.0,21.0,65.5,135.0,322.0,19
ANSUR2-M-26169,M,1.0,ansur2_2012,196.0,149.0,558.0,128.0,117.0,20.0,57.5,137.0,322.0,18
ANSUR2-M-26170,M,1.0,ansur2_2012,191.0,156.0,569.0,135.0,121.0,21.0,64.0,149.0,343.0,18
ANSUR2-M-26173,M,1.0,ansur2_2012,199.0,150.0,560.0,131.0,129.0,22.0,69.5,138.0,343.0,21
ANSUR2-M-26185,M,1.0,ansur2_2012,195.0,158.0,571.0,131.0,131.0,20.0,65.5,148.0,343.0,20
ANSUR2-M-26187,M,1.0,ansur2_2012,193.0,151.0,553.0,128.0,127.0,24.0,67.5,143.0,346.0,27
ANSUR2-M-26188,M,1.0,ansur2_2012,183.0,151.0,539.0,126.0,118.0,27.0,62.5,128.0,300.0,19
ANSUR2-M-26189,M,1.0,ansur2_2012,206.0,155.0,590.0,134.0,128.0,21.0,71.0,144.0,351.0,20
ANSUR2-M-26190,M,1.0,ansur2_2012,192.0,150.0,553.0,130.0,121.0,19.0,58.0,133.0,329.0,18
ANSUR2-M-26192,M,1.0,ansur2_2012,200.0,154.0,575.0,136.0,128.0,22.0,65.5,146.0,337.0,23
ANSUR2-M-26193,M,1.0,ansur2_2012,199.0,158.0,578.0,129.0,126.0,25.0,63.5,144.0,319.0,22
ANSUR2-M-26195,M,1.0,ansur2_2012,200.0,147.0,562.0,130.0,133.0,23.0,61.0,130.0,327.0,23
ANSUR2-M-26197,M,1.0,ansur2_2012,196.0,153.0,573.0,131.0,139.0,18.0,66.0,130.0,337.0,26
ANSUR2-M-26200,M,1.0,ansur2_2012,204.0,158.0,593.0,125.0,126.0,25.0,67.0,154.0,360.0,19
ANSUR2-M-26207,M,1.0,ansur2_2012,181.0,152.0,536.0,132.0,116.0,22.0,67.5,138.0,312.0,20
ANSUR2-M-26208,M,1.0,ansur2_2012,187.0,154.0,553.0,137.0,126.0,26.0,66.0,142.0,325.0,18
ANSUR2-M-26214,M,1.0,ansur2_2012,206.0,153.0,578.0,138.0,127.0,21.0,68.0,141.0,336.0,34
ANSUR2-M-26602,M,1.0,ansur2_2012,209.0,155.0,593.0,132.0,121.0,22.0,60.5,145.0,359.0,20
ANSUR2-M-26604,M,1.0,ansur2_2012,204.0,151.0,572.0,136.0,125.0,18.0,62.0,135.0,306.0,20
ANSUR2-M-26607,M,1.0,ansur2_2012,208.0,162.0,598.0,143.0,134.0,21.0,61.5,152.0,348.0,18
ANSUR2-M-26608,M,1.0,ansur2_2012,207.0,158.0,588.0,131.0,126.0,20.0,69.0,152.0,348.0,19
ANSUR2-M-26609,M,1.0,ansur2_2012,184.0,157.0,561.0,132.0,120.0,25.0,68.0,150.0,344.0,19
ANSUR2-M-26613,M,1.0,ansur2_2012,193.0,149.0,552.0,123.0,118.0,18.0,68.0,141.0,324.0,25
ANSUR2-M-26615,M,1.0,ansur2_2012,207.0,147.0,576.0,138.0,128.0,23.0,63.0,132.0,312.0,20
ANSUR2-M-26616,M,1.0,ansur2_2012,181.0,159.0,559.0,138.0,123.0,23.0,67.0,148.0,323.0,19
ANSUR2-M-26617,M,1.0,ansur2_2012,198.0,154.0,581.0,139.0,124.0,21.0,61.5,140.0,330.0,21
ANSUR2-M-26621,M,1.0,ansur2_2012,186.0,159.0,563.0,132.0,117.0,26.0,60.5,145.0,315.0,18
ANSUR2-M-26624,M,1.0,ansur2_2012,187.0,151.0,546.0,134.0,118.0,27.0,64.0,145.0,337.0,22
ANSUR2-M-26625,M,1.0,ansur2_2012,202.0,163.0,582.0,125.0,121.0,20.0,68.5,143.0,338.0,28
ANSUR2-M-26626,M,1.0,ansur2_2012,203.0,154.0,573.0,127.0,123.0,19.0,57.5,139.0,322.0,20
ANSUR2-M-26628,M,1.0,ansur2_2012,207.0,152.0,594.0,133.0,138.0,16.0,62.0,134.0,329.0,25
ANSUR2-M-26630,M,1.0,ansur2_2012,193.0,151.0,551.0,132.0,114.0,23.0,57.5,138.0,316.0,23
ANSUR2-M-26633,M,1.0,ansur2_2012,201.0,147.0,566.0,135.0,132.0,22.0,63.5,140.0,324.0,18
ANSUR2-M-26634,M,1.0,ansur2_2012,217.0,160.0,619.0,140.0,128.0,23.0,69.5,145.0,341.0,19
ANSUR2-M-26636,M,1.0,ansur2_2012,196.0,153.0,565.0,137.0,118.0,21.0,67.5,145.0,331.0,18
ANSUR2-M-26637,M,1.0,ansur2_2012,197.0,157.0,570.0,121.0,122.0,26.0,61.5,135.0,327.0,19
ANSUR2-M-26638,M,1.0,ansur2_2012,198.0,145.0,564.0,133.0,118.0,22.0,63.5,137.0,322.0,28
ANSUR2-M-26639,M,1.0,ansur2_2012,200.0,147.0,572.0,122.0,124.0,24.0,62.5,138.0,322.0,18
ANSUR2-M-26640,M,1.0,ansur2_2012,200.0,150.0,568.0,130.0,124.0,19.0,60.0,135.0,324.0,23
ANSUR2-M-26646,M,1.0,ansur2_2012,199.0,151.0,568.0,137.0,134.0,24.0,63.0,137.0,319.0,19
ANSUR2-M-26647,M,1.0,ansur2_2012,210.0,157.0,596.0,133.0,137.0,20.0,65.0,153.0,350.0,20
ANSUR2-M-26649,M,1.0,ansur2_2012,191.0,160.0,583.0,137.0,126.0,25.0,61.5,143.0,326.0,19
ANSUR2-M-26651,M,1.0,ansur2_2012,198.0,163.0,583.0,133.0,120.0,20.0,62.0,149.0,327.0,18
ANSUR2-M-26654,M,1.0,ansur2_2012,205.0,155.0,584.0,130.0,116.0,24.0,66.0,145.0,335.0,19
ANSUR2-M-26655,M,1.0,ansur2_2012,197.0,152.0,563.0,129.0,130.0,20.0,55.5,145.0,336.0,23
ANSUR2-M-26657,M,1.0,ansur2_2012,204.0,150.0,584.0,132.0,121.0,22.0,67.5,139.0,337.0,21
ANSUR2-M-26663,M,1.0,ansur2_2012,210.0,155.0,590.0,135.0,125.0,30.0,65.5,140.0,340.0,21
ANSUR2-M-26664,M,1.0,ansur2_2012,197.0,151.0,567.0,131.0,110.0,22.0,64.0,140.0,313.0,21
ANSUR2-M-26665,M,1.0,ansur2_2012,205.0,146.0,576.0,131.0,120.0,24.0,62.5,134.0,329.0,19
ANSUR2-M-26666,M,1.0,ansur2_2012,198.0,150.0,560.0,134.0,128.0,23.0,62.5,139.0,323.0,20
ANSUR2-M-26668,M,1.0,ansur2_2012,205.0,153.0,584.0,139.0,122.0,22.0,63.5,140.0,337.0,19
ANSUR2-M-26669,M,1.0,ansur2_2012,190.0,155.0,554.0,133.0,128.0,20.0,62.0,141.0,318.0,22
ANSUR2-M-26671,M,1.0,ansur2_2012,206.0,159.0,578.0,135.0,132.0,27.0,63.5,145.0,340.0,25
ANSUR2-M-26673,M,1.0,ansur2_2012,196.0,150.0,569.0,128.0,117.0,25.0,62.0,141.0,322.0,20
ANSUR2-M-26674,M,1.0,ansur2_2012,200.0,153.0,570.0,133.0,130.0,24.0,59.0,136.0,316.0,29
ANSUR2-M-26676,M,1.0,ansur2_2012,204.0,157.0,589.0,131.0,125.0,18.0,64.0,144.0,336.0,23
ANSUR2-M-26677,M,1.0,ansur2_2012,205.0,159.0,593.0,133.0,124.0,29.0,66.0,145.0,319.0,27
ANSUR2-M-26680,M,1.0,ansur2_2012,201.0,152.0,565.0,126.0,133.0,24.0,66.5,140.0,324.0,36
ANSUR2-M-26682,M,1.0,ansur2_2012,202.0,161.0,594.0,130.0,123.0,25.0,65.0,155.0,363.0,22
ANSUR2-M-26684,M,1.0,ansur2_2012,203.0,162.0,583.0,132.0,120.0,29.0,59.5,142.0,312.0,21
ANSUR2-M-26686,M,1.0,ansur2_2012,202.0,148.0,563.0,132.0,131.0,22.0,60.0,131.0,316.0,29
ANSUR2-M-26687,M,1.0,ansur2_2012,197.0,147.0,562.0,124.0,117.0,21.0,62.5,137.0,322.0,35
ANSUR2-M-26689,M,1.0,ansur2_2012,205.0,161.0,596.0,138.0,129.0,21.0,67.0,144.0,322.0,23
ANSUR2-M-26690,M,1.0,ansur2_2012,197.0,145.0,556.0,120.0,127.0,20.0,59.5,132.0,323.0,18
ANSUR2-M-26694,M,1.0,ansur2_2012,192.0,163.0,571.0,136.0,117.0,25.0,64.0,143.0,321.0,18
ANSUR2-M-26695,M,1.0,ansur2_2012,206.0,158.0,593.0,136.0,127.0,22.0,63.5,140.0,324.0,19
ANSUR2-M-26702,M,1.0,ansur2_2012,191.0,151.0,560.0,134.0,110.0,19.0,63.5,142.0,317.0,27
ANSUR2-M-26703,M,1.0,ansur2_2012,215.0,159.0,607.0,140.0,118.0,21.0,62.5,140.0,327.0,24
ANSUR2-M-26704,M,1.0,ansur2_2012,192.0,154.0,567.0,131.0,132.0,22.0,61.5,140.0,328.0,26
ANSUR2-M-26706,M,1.0,ansur2_2012,210.0,153.0,584.0,131.0,119.0,18.0,63.0,139.0,325.0,18
ANSUR2-M-26707,M,1.0,ansur2_2012,191.0,153.0,555.0,129.0,141.0,26.0,61.5,143.0,307.0,18
ANSUR2-M-26708,M,1.0,ansur2_2012,192.0,144.0,552.0,132.0,121.0,20.0,61.0,140.0,323.0,21
ANSUR2-M-26709,M,1.0,ansur2_2012,185.0,147.0,537.0,126.0,121.0,23.0,59.0,133.0,306.0,29
ANSUR2-M-26714,M,1.0,ansur2_2012,196.0,164.0,580.0,141.0,123.0,30.0,66.0,153.0,332.0,17
ANSUR2-M-26720,M,1.0,ansur2_2012,208.0,149.0,584.0,133.0,127.0,23.0,65.5,138.0,328.0,20
ANSUR2-M-26726,M,1.0,ansur2_2012,205.0,154.0,580.0,135.0,133.0,23.0,63.5,136.0,343.0,33
ANSUR2-M-26727,M,1.0,ansur2_2012,213.0,153.0,602.0,140.0,138.0,20.0,64.5,137.0,323.0,19
ANSUR2-M-26729,M,1.0,ansur2_2012,203.0,153.0,577.0,132.0,126.0,20.0,67.0,148.0,346.0,23
ANSUR2-M-26730,M,1.0,ansur2_2012,197.0,148.0,556.0,133.0,121.0,20.0,64.0,137.0,312.0,20
ANSUR2-M-26733,M,1.0,ansur2_2012,195.0,139.0,547.0,135.0,113.0,20.0,55.5,134.0,309.0,20
ANSUR2-M-26735,M,1.0,ansur2_2012,206.0,153.0,587.0,136.0,129.0,22.0,65.5,151.0,371.0,28
ANSUR2-M-26736,M,1.0,ansur2_2012,195.0,150.0,561.0,129.0,124.0,20.0,61.0,133.0,316.0,22
ANSUR2-M-26737,M,1.0,ansur2_2012,201.0,158.0,585.0,142.0,114.0,18.0,62.5,149.0,339.0,24
ANSUR2-M-26738,M,1.0,ansur2_2012,189.0,149.0,550.0,129.0,115.0,30.0,59.0,136.0,294.0,19
ANSUR2-M-26740,M,1.0,ansur2_2012,206.0,149.0,584.0,133.0,130.0,24.0,68.0,140.0,321.0,22
ANSUR2-M-26746,M,1.0,ansur2_2012,202.0,166.0,596.0,144.0,123.0,26.0,59.5,148.0,338.0,20
ANSUR2-M-26748,M,1.0,ansur2_2012,200.0,149.0,560.0,132.0,127.0,22.0,58.5,143.0,327.0,21
ANSUR2-M-26750,M,1.0,ansur2_2012,194.0,162.0,574.0,138.0,121.0,24.0,65.0,140.0,321.0,19
ANSUR2-M-26751,M,1.0,ansur2_2012,201.0,152.0,578.0,133.0,139.0,20.0,65.5,143.0,336.0,25
ANSUR2-M-26753,M,1.0,ansur2_2012,200.0,150.0,568.0,142.0,131.0,25.0,63.5,134.0,308.0,18
ANSUR2-M-26755,M,1.0,ansur2_2012,189.0,150.0,546.0,125.0,111.0,28.0,61.0,135.0,312.0,27
ANSUR2-M-26756,M,1.0,ansur2_2012,200.0,157.0,577.0,139.0,125.0,25.0,62.5,136.0,322.0,27
ANSUR2-M-26757,M,1.0,ansur2_2012,199.0,149.0,562.0,130.0,120.0,19.0,64.0,140.0,325.0,19
ANSUR2-M-26758,M,1.0,ansur2_2012,205.0,157.0,581.0,134.0,122.0,23.0,64.0,143.0,314.0,18
ANSUR2-M-26764,M,1.0,ansur2_2012,204.0,153.0,574.0,129.0,130.0,20.0,64.5,137.0,337.0,20
ANSUR2-M-26765,M,1.0,ansur2_2012,194.0,162.0,571.0,136.0,125.0,29.0,62.0,143.0,319.0,18
ANSUR2-M-26766,M,1.0,ansur2_2012,199.0,154.0,561.0,123.0,111.0,23.0,56.5,141.0,317.0,20
ANSUR2-M-26768,M,1.0,ansur2_2012,205.0,156.0,578.0,133.0,130.0,22.0,62.0,144.0,346.0,22
ANSUR2-M-26769,M,1.0,ansur2_2012,198.0,145.0,562.0,137.0,119.0,32.0,55.0,133.0,317.0,26
ANSUR2-M-26770,M,1.0,ansur2_2012,203.0,150.0,574.0,138.0,122.0,21.0,66.0,140.0,320.0,18
ANSUR2-M-26772,M,1.0,ansur2_2012,199.0,152.0,571.0,133.0,124.0,22.0,61.5,139.0,333.0,25
ANSUR2-M-26774,M,1.0,ansur2_2012,196.0,156.0,577.0,129.0,117.0,29.0,60.5,145.0,326.0,42
ANSUR2-M-26775,M,1.0,ansur2_2012,203.0,162.0,593.0,134.0,128.0,29.0,66.5,148.0,337.0,21
ANSUR2-M-26777,M,1.0,ansur2_2012,193.0,153.0,556.0,125.0,123.0,22.0,63.0,145.0,334.0,25
ANSUR2-M-26781,M,1.0,ansur2_2012,205.0,150.0,578.0,132.0,122.0,21.0,64.5,136.0,330.0,18
ANSUR2-M-26782,M,1.0,ansur2_2012,199.0,158.0,575.0,131.0,119.0,20.0,59.0,135.0,307.0,18
ANSUR2-M-26784,M,1.0,ansur2_2012,197.0,154.0,575.0,135.0,118.0,20.0,70.0,147.0,336.0,19
ANSUR2-M-26785,M,1.0,ansur2_2012,198.0,150.0,566.0,139.0,118.0,24.0,62.5,140.0,316.0,42
ANSUR2-M-26786,M,1.0,ansur2_2012,191.0,144.0,542.0,129.0,126.0,22.0,60.0,131.0,316.0,38
ANSUR2-M-26789,M,1.0,ansur2_2012,198.0,155.0,580.0,134.0,125.0,25.0,59.5,138.0,313.0,25
ANSUR2-M-26792,M,1.0,ansur2_2012,206.0,165.0,593.0,145.0,130.0,24.0,64.5,152.0,356.0,29
ANSUR2-M-26796,M,1.0,ansur2_2012,196.0,148.0,555.0,128.0,125.0,28.0,61.5,134.0,322.0,51
ANSUR2-M-26797,M,1.0,ansur2_2012,197.0,161.0,575.0,141.0,125.0,24.0,62.5,146.0,312.0,28
ANSUR2-M-26799,M,1.0,ansur2_2012,193.0,163.0,568.0,137.0,125.0,24.0,63.5,152.0,336.0,25
ANSUR2-M-26800,M,1.0,ansur2_2012,203.0,150.0,575.0,134.0,123.0,23.0,65.0,138.0,322.0,42
ANSUR2-M-26803,M,1.0,ansur2_2012,208.0,164.0,613.0,143.0,140.0,28.0,71.5,155.0,351.0,23
ANSUR2-M-26806,M,1.0,ansur2_2012,212.0,151.0,600.0,141.0,124.0,15.0,64.5,144.0,332.0,22
ANSUR2-M-26808,M,1.0,ansur2_2012,210.0,160.0,598.0,137.0,128.0,25.0,65.5,148.0,319.0,36
ANSUR2-M-26809,M,1.0,ansur2_2012,211.0,146.0,584.0,128.0,130.0,25.0,70.0,143.0,331.0,25
ANSUR2-M-26812,M,1.0,ansur2_2012,205.0,163.0,593.0,136.0,123.0,32.0,69.0,161.0,352.0,30
ANSUR2-M-26814,M,1.0,ansur2_2012,208.0,154.0,593.0,127.0,120.0,25.0,64.5,149.0,352.0,26
ANSUR2-M-26818,M,1.0,ansur2_2012,200.0,155.0,576.0,129.0,123.0,24.0,61.5,148.0,341.0,23
ANSUR2-M-26819,M,1.0,ansur2_2012,200.0,148.0,561.0,128.0,120.0,20.0,64.0,139.0,321.0,19
ANSUR2-M-26826,M,1.0,ansur2_2012,203.0,153.0,573.0,136.0,140.0,23.0,65.0,143.0,344.0,30
ANSUR2-M-26827,M,1.0,ansur2_2012,191.0,154.0,558.0,130.0,121.0,30.0,67.0,148.0,324.0,21
ANSUR2-M-26828,M,1.0,ansur2_2012,200.0,154.0,574.0,133.0,119.0,20.0,63.0,140.0,320.0,19
ANSUR2-M-26829,M,1.0,ansur2_2012,203.0,148.0,574.0,126.0,128.0,21.0,67.0,145.0,329.0,21
ANSUR2-M-26831,M,1.0,ansur2_2012,190.0,153.0,557.0,130.0,127.0,23.0,61.5,144.0,331.0,25
ANSUR2-M-26832,M,1.0,ansur2_2012,199.0,153.0,574.0,143.0,121.0,28.0,63.0,136.0,313.0,24
ANSUR2-M-26836,M,1.0,ansur2_2012,209.0,148.0,583.0,132.0,130.0,23.0,60.0,136.0,323.0,30
ANSUR2-M-26838,M,1.0,ansur2_2012,197.0,155.0,569.0,132.0,134.0,26.0,62.0,148.0,328.0,21
ANSUR2-M-26839,M,1.0,ansur2_2012,204.0,150.0,584.0,135.0,114.0,20.0,63.5,144.0,328.0,21
ANSUR2-M-26842,M,1.0,ansur2_2012,194.0,157.0,573.0,139.0,120.0,26.0,66.5,150.0,327.0,32
ANSUR2-M-26843,M,1.0,ansur2_2012,203.0,156.0,586.0,135.0,124.0,19.0,60.5,141.0,322.0,24
ANSUR2-M-26844,M,1.0,ansur2_2012,206.0,155.0,587.0,136.0,132.0,22.0,63.0,145.0,331.0,32
ANSUR2-M-26845,M,1.0,ansur2_2012,196.0,158.0,576.0,136.0,108.0,23.0,64.5,150.0,326.0,25
ANSUR2-M-26847,M,1.0,ansur2_2012,202.0,149.0,568.0,124.0,133.0,22.0,74.0,141.0,350.0,31
ANSUR2-M-26852,M,1.0,ansur2_2012,196.0,151.0,568.0,129.0,135.0,19.0,69.0,145.0,347.0,22
ANSUR2-M-26855,M,1.0,ansur2_2012,215.0,161.0,612.0,133.0,133.0,23.0,71.5,151.0,326.0,38
ANSUR2-M-26857,M,1.0,ansur2_2012,206.0,158.0,587.0,139.0,131.0,23.0,66.0,144.0,341.0,33
ANSUR2-M-26858,M,1.0,ansur2_2012,212.0,167.0,614.0,131.0,120.0,32.0,67.0,154.0,348.0,30
ANSUR2-M-26860,M,1.0,ansur2_2012,199.0,152.0,573.0,131.0,126.0,22.0,66.0,143.0,337.0,20
ANSUR2-M-26861,M,1.0,ansur2_2012,200.0,150.0,574.0,141.0,118.0,19.0,63.5,137.0,311.0,19
ANSUR2-M-26862,M,1.0,ansur2_2012,199.0,157.0,576.0,140.0,123.0,26.0,63.0,148.0,332.0,20
ANSUR2-M-26865,M,1.0,ansur2_2012,201.0,156.0,573.0,136.0,126.0,28.0,67.0,142.0,323.0,21
ANSUR2-M-26867,M,1.0,ansur2_2012,200.0,152.0,572.0,136.0,120.0,22.0,63.5,137.0,306.0,33
ANSUR2-M-26869,M,1.0,ansur2_2012,180.0,162.0,549.0,137.0,121.0,25.0,59.0,150.0,335.0,28
ANSUR2-M-26870,M,1.0,ansur2_2012,196.0,160.0,572.0,134.0,126.0,22.0,63.5,145.0,331.0,21
ANSUR2-M-26871,M,1.0,ansur2_2012,205.0,155.0,584.0,127.0,126.0,24.0,61.0,139.0,331.0,21
ANSUR2-M-26872,M,1.0,ansur2_2012,190.0,154.0,558.0,131.0,121.0,21.0,63.5,140.0,322.0,27
ANSUR2-M-26874,M,1.0,ansur2_2012,203.0,155.0,580.0,134.0,138.0,23.0,60.5,137.0,336.0,37
ANSUR2-M-26878,M,1.0,ansur2_2012,196.0,158.0,567.0,132.0,129.0,22.0,68.0,147.0,341.0,45
ANSUR2-M-26881,M,1.0,ansur2_2012,204.0,156.0,587.0,131.0,125.0,23.0,70.0,144.0,339.0,31
ANSUR2-M-26883,M,1.0,ansur2_2012,187.0,144.0,535.0,126.0,109.0,28.0,62.5,138.0,317.0,49
ANSUR2-M-26884,M,1.0,ansur2_2012,206.0,160.0,592.0,137.0,112.0,20.0,61.5,155.0,344.0,27
ANSUR2-M-26885,M,1.0,ansur2_2012,200.0,161.0,581.0,136.0,118.0,22.0,65.0,150.0,325.0,28
ANSUR2-M-26886,M,1.0,ansur2_2012,200.0,148.0,572.0,133.0,119.0,18.0,64.0,135.0,326.0,31
ANSUR2-M-26887,M,1.0,ansur2_2012,202.0,145.0,569.0,132.0,138.0,23.0,62.0,144.0,340.0,24
ANSUR2-M-26888,M,1.0,ansur2_2012,207.0,163.0,603.0,145.0,126.0,23.0,63.5,145.0,301.0,22
ANSUR2-M-26893,M,1.0,ansur2_2012,185.0,150.0,549.0,132.0,122.0,27.0,66.5,146.0,332.0,53
ANSUR2-M-26895,M,1.0,ansur2_2012,200.0,154.0,580.0,142.0,132.0,25.0,64.5,141.0,326.0,38
ANSUR2-M-26898,M,1.0,ansur2_2012,195.0,156.0,568.0,127.0,117.0,20.0,62.0,141.0,324.0,33
ANSUR2-M-26899,M,1.0,ansur2_2012,194.0,148.0,557.0,137.0,122.0,25.0,64.0,142.0,307.0,19
ANSUR2-M-26901,M,1.0,ansur2_2012,204.0,156.0,585.0,133.0,130.0,22.0,62.0,145.0,338.0,24
ANSUR2-M-26904,M,1.0,ansur2_2012,207.0,162.0,607.0,139.0,122.0,19.0,63.0,149.0,348.0,24
ANSUR2-M-26907,M,1.0,ansur2_2012,207.0,159.0,598.0,127.0,129.0,25.0,65.0,147.0,346.0,37
ANSUR2-M-26913,M,1.0,ansur2_2012,192.0,153.0,562.0,125.0,124.0,26.0,62.5,146.0,336.0,19
ANSUR2-M-26916,M,1.0,ansur2_2012,196.0,155.0,575.0,133.0,134.0,20.0,70.0,146.0,337.0,38
ANSUR2-M-26917,M,1.0,ansur2_2012,212.0,162.0,616.0,137.0,115.0,22.0,68.0,156.0,361.0,24
ANSUR2-M-26918,M,1.0,ansur2_2012,202.0,153.0,576.0,131.0,131.0,17.0,64.5,149.0,351.0,32
ANSUR2-M-26919,M,1.0,ansur2_2012,200.0,153.0,568.0,130.0,124.0,21.0,65.5,145.0,317.0,42
ANSUR2-M-26921,M,1.0,ansur2_2012,195.0,152.0,560.0,133.0,118.0,22.0,62.0,145.0,335.0,27
ANSUR2-M-26922,M,1.0,ansur2_2012,198.0,158.0,574.0,126.0,123.0,24.0,61.5,143.0,323.0,40
ANSUR2-M-26925,M,1.0,ansur2_2012,200.0,161.0,579.0,126.0,130.0,20.0,63.5,151.0,341.0,40
ANSUR2-M-26928,M,1.0,ansur2_2012,191.0,147.0,552.0,125.0,120.0,19.0,63.0,140.0,323.0,23
ANSUR2-M-26931,M,1.0,ansur2_2012,208.0,157.0,589.0,134.0,128.0,23.0,68.0,148.0,346.0,26
ANSUR2-M-26932,M,1.0,ansur2_2012,207.0,154.0,601.0,143.0,126.0,23.0,71.0,146.0,343.0,32
ANSUR2-M-26934,M,1.0,ansur2_2012,199.0,160.0,579.0,128.0,121.0,20.0,62.5,148.0,345.0,20
ANSUR2-M-26936,M,1.0,ansur2_2012,190.0,155.0,555.0,126.0,125.0,25.0,64.5,143.0,320.0,20
ANSUR2-M-26938,M,1.0,ansur2_2012,193.0,170.0,583.0,138.0,126.0,25.0,69.0,156.0,330.0,26
ANSUR2-M-26942,M,1.0,ansur2_2012,206.0,148.0,584.0,134.0,119.0,22.0,66.5,146.0,343.0,38
ANSUR2-M-26944,M,1.0,ansur2_2012,199.0,166.0,598.0,142.0,119.0,23.0,62.0,150.0,333.0,23
ANSUR2-M-26946,M,1.0,ansur2_2012,197.0,158.0,573.0,135.0,123.0,24.0,64.0,148.0,316.0,31
ANSUR2-M-26949,M,1.0,ansur2_2012,200.0,146.0,567.0,127.0,125.0,21.0,62.0,140.0,340.0,35
ANSUR2-M-26953,M,1.0,ansur2_2012,201.0,147.0,566.0,127.0,129.0,22.0,67.0,140.0,342.0,22
ANSUR2-M-26954,M,1.0,ansur2_2012,199.0,153.0,570.0,132.0,116.0,23.0,64.5,140.0,331.0,37
ANSUR2-M-26955,M,1.0,ansur2_2012,202.0,150.0,570.0,130.0,129.0,21.0,64.5,133.0,302.0,26
ANSUR2-M-26959,M,1.0,ansur2_2012,208.0,155.0,592.0,124.0,120.0,23.0,66.0,148.0,324.0,38
ANSUR2-M-26962,M,1.0,ansur2_2012,190.0,151.0,547.0,126.0,116.0,19.0,61.0,134.0,315.0,23
ANSUR2-M-26964,M,1.0,ansur2_2012,200.0,151.0,572.0,124.0,129.0,23.0,62.0,142.0,336.0,39
ANSUR2-M-26965,M,1.0,ansur2_2012,207.0,159.0,604.0,136.0,128.0,17.0,72.5,152.0,355.0,40
ANSUR2-M-26967,M,1.0,ansur2_2012,197.0,145.0,556.0,123.0,117.0,20.0,57.5,131.0,316.0,29
ANSUR2-M-26970,M,1.0,ansur2_2012,184.0,154.0,546.0,133.0,120.0,21.0,60.5,143.0,321.0,35
ANSUR2-M-26975,M,1.0,ansur2_2012,200.0,147.0,567.0,128.0,125.0,23.0,65.5,136.0,341.0,29
ANSUR2-M-26976,M,1.0,ansur2_2012,203.0,156.0,579.0,129.0,127.0,27.0,70.0,150.0,342.0,22
ANSUR2-M-26977,M,1.0,ansur2_2012,204.0,149.0,571.0,132.0,121.0,24.0,62.0,137.0,320.0,19
ANSUR2-M-26978,M,1.0,ansur2_2012,188.0,157.0,562.0,132.0,119.0,24.0,64.5,153.0,332.0,20
ANSUR2-M-26985,M,1.0,ansur2_2012,198.0,142.0,557.0,122.0,112.0,23.0,63.0,126.0,300.0,18
ANSUR2-M-26986,M,1.0,ansur2_2012,212.0,150.0,574.0,138.0,134.0,24.0,67.5,142.0,364.0,48
ANSUR2-M-26987,M,1.0,ansur2_2012,204.0,153.0,578.0,123.0,122.0,27.0,63.0,137.0,322.0,30
ANSUR2-M-26989,M,1.0,ansur2_2012,189.0,147.0,551.0,121.0,116.0,21.0,60.0,133.0,330.0,28
ANSUR2-M-26993,M,1.0,ansur2_2012,218.0,150.0,605.0,127.0,121.0,20.0,66.5,149.0,346.0,44
ANSUR2-M-26996,M,1.0,ansur2_2012,201.0,152.0,575.0,128.0,120.0,26.0,64.0,141.0,331.0,22
ANSUR2-M-26997,M,1.0,ansur2_2012,195.0,145.0,555.0,130.0,115.0,22.0,64.5,136.0,320.0,28
ANSUR2-M-26998,M,1.0,ansur2_2012,200.0,154.0,569.0,121.0,119.0,26.0,61.5,144.0,306.0,21
ANSUR2-M-26999,M,1.0,ansur2_2012,202.0,155.0,575.0,140.0,113.0,23.0,66.5,142.0,323.0,20
ANSUR2-M-27004,M,1.0,ansur2_2012,195.0,157.0,567.0,141.0,111.0,22.0,65.0,142.0,338.0,22
ANSUR2-M-27005,M,1.0,ansur2_2012,203.0,161.0,588.0,136.0,128.0,24.0,61.5,150.0,338.0,21
ANSUR2-M-27006,M,1.0,ansur2_2012,209.0,149.0,586.0,144.0,121.0,22.0,63.5,145.0,317.0,33
ANSUR2-M-27007,M,1.0,ansur2_2012,203.0,148.0,568.0,127.0,122.0,22.0,57.5,131.0,317.0,24
ANSUR2-M-27008,M,1.0,ansur2_2012,208.0,164.0,598.0,134.0,125.0,20.0,67.0,145.0,325.0,41
ANSUR2-M-27009,M,1.0,ansur2_2012,195.0,157.0,571.0,139.0,114.0,24.0,62.5,143.0,322.0,19
ANSUR2-M-27010,M,1.0,ansur2_2012,201.0,151.0,570.0,128.0,115.0,24.0,63.0,138.0,310.0,21
ANSUR2-M-27011,M,1.0,ansur2_2012,201.0,153.0,589.0,137.0,126.0,21.0,63.5,141.0,333.0,22
ANSUR2-M-27016,M,1.0,ansur2_2012,188.0,152.0,556.0,129.0,112.0,24.0,60.5,136.0,315.0,19
ANSUR2-M-27017,M,1.0,ansur2_2012,192.0,153.0,565.0,133.0,114.0,27.0,59.5,138.0,316.0,19
ANSUR2-M-27022,M,1.0,ansur2_2012,194.0,152.0,565.0,136.0,125.0,23.0,63.5,143.0,327.0,22
ANSUR2-M-27023,M,1.0,ansur2_2012,205.0,163.0,601.0,147.0,122.0,26.0,61.0,140.0,321.0,19
ANSUR2-M-27024,M,1.0,ansur2_2012,209.0,157.0,604.0,134.0,124.0,23.0,66.5,135.0,332.0,23
ANSUR2-M-27027,M,1.0,ansur2_2012,203.0,148.0,574.0,126.0,115.0,25.0,64.5,136.0,316.0,19
ANSUR2-M-27028,M,1.0,ansur2_2012,206.0,155.0,586.0,134.0,123.0,20.0,64.0,136.0,325.0,31
ANSUR2-M-27029,M,1.0,ansur2_2012,198.0,149.0,560.0,126.0,112.0,17.0,66.5,133.0,321.0,30
ANSUR2-M-27030,M,1.0,ansur2_2012,211.0,160.0,595.0,135.0,115.0,20.0,70.0,152.0,313.0,30
ANSUR2-M-27031,M,1.0,ansur2_2012,197.0,148.0,565.0,123.0,122.0,19.0,61.5,141.0,329.0,32
ANSUR2-M-27032,M,1.0,ansur2_2012,190.0,149.0,552.0,127.0,115.0,23.0,56.5,132.0,314.0,23
ANSUR2-M-27034,M,1.0,ansur2_2012,198.0,156.0,573.0,132.0,126.0,20.0,62.5,146.0,329.0,22
ANSUR2-M-27038,M,1.0,ansur2_2012,201.0,156.0,577.0,125.0,135.0,22.0,65.0,138.0,339.0,37
ANSUR2-M-27039,M,1.0,ansur2_2012,191.0,148.0,549.0,135.0,122.0,21.0,55.0,121.0,301.0,26
ANSUR2-M-27041,M,1.0,ansur2_2012,210.0,147.0,575.0,136.0,130.0,21.0,59.0,139.0,322.0,24
ANSUR2-M-27046,M,1.0,ansur2_2012,201.0,144.0,569.0,125.0,122.0,20.0,61.5,131.0,322.0,22
ANSUR2-M-27047,M,1.0,ansur2_2012,194.0,144.0,548.0,119.0,105.0,21.0,67.0,140.0,308.0,20
ANSUR2-M-27051,M,1.0,ansur2_2012,208.0,163.0,599.0,129.0,128.0,28.0,61.5,148.0,342.0,23
ANSUR2-M-27052,M,1.0,ansur2_2012,196.0,155.0,568.0,129.0,116.0,18.0,62.5,143.0,321.0,34
ANSUR2-M-27054,M,1.0,ansur2_2012,204.0,152.0,569.0,134.0,125.0,32.0,61.0,145.0,336.0,19
ANSUR2-M-27057,M,1.0,ansur2_2012,212.0,161.0,604.0,135.0,128.0,22.0,68.5,145.0,360.0,24
ANSUR2-M-27062,M,1.0,ansur2_2012,206.0,160.0,575.0,126.0,130.0,22.0,62.0,154.0,340.0,27
ANSUR2-M-27063,M,1.0,ansur2_2012,215.0,162.0,606.0,136.0,131.0,24.0,66.5,153.0,346.0,25
ANSUR2-M-27065,M,1.0,ansur2_2012,190.0,145.0,540.0,118.0,114.0,22.0,61.0,135.0,316.0,25
ANSUR2-M-27110,M,1.0,ansur2_2012,196.0,148.0,562.0,128.0,122.0,21.0,63.0,132.0,335.0,32
ANSUR2-M-27111,M,1.0,ansur2_2012,200.0,154.0,563.0,129.0,126.0,22.0,65.0,149.0,340.0,22
ANSUR2-M-27112,M,1.0,ansur2_2012,210.0,155.0,585.0,129.0,130.0,25.0,66.0,147.0,335.0,19
ANSUR2-M-27114,M,1.0,ansur2_2012,209.0,156.0,587.0,135.0,134.0,19.0,63.0,135.0,312.0,18
ANSUR2-M-27115,M,1.0,ansur2_2012,195.0,150.0,561.0,124.0,112.0,25.0,61.5,145.0,325.0,24
ANSUR2-M-27119,M,1.0,ansur2_2012,199.0,147.0,562.0,127.0,127.0,17.0,66.5,140.0,339.0,24
ANSUR2-M-27120,M,1.0,ansur2_2012,190.0,148.0,549.0,131.0,119.0,22.0,56.5,130.0,327.0,24
ANSUR2-M-27122,M,1.0,ansur2_2012,188.0,155.0,559.0,129.0,115.0,23.0,57.0,138.0,302.0,18
ANSUR2-M-27123,M,1.0,ansur2_2012,199.0,159.0,581.0,140.0,125.0,26.0,69.0,152.0,317.0,40
ANSUR2-M-27124,M,1.0,ansur2_2012,207.0,157.0,587.0,124.0,130.0,24.0,66.0,149.0,355.0,25
ANSUR2-M-27125,M,1.0,ansur2_2012,194.0,147.0,556.0,132.0,118.0,20.0,66.0,142.0,320.0,27
ANSUR2-M-27126,M,1.0,ansur2_2012,190.0,162.0,579.0,136.0,119.0,23.0,65.5,145.0,327.0,27
ANSUR2-M-27127,M,1.0,ansur2_2012,211.0,158.0,605.0,136.0,138.0,22.0,71.0,154.0,342.0,23
ANSUR2-M-27130,M,1.0,ansur2_2012,189.0,154.0,557.0,133.0,122.0,29.0,62.5,134.0,307.0,26
ANSUR2-M-27133,M,1.0,ansur2_2012,197.0,153.0,569.0,127.0,122.0,22.0,64.5,141.0,336.0,30
ANSUR2-M-27135,M,1.0,ansur2_2012,191.0,155.0,542.0,133.0,120.0,22.0,61.5,133.0,314.0,22
ANSUR2-M-27136,M,1.0,ansur2_2012,195.0,152.0,562.0,131.0,121.0,30.0,62.5,136.0,319.0,26
ANSUR2-M-27138,M,1.0,ansur2_2012,207.0,157.0,585.0,126.0,132.0,26.0,66.0,152.0,348.0,31
ANSUR2-M-27141,M,1.0,ansur2_2012,184.0,153.0,547.0,127.0,118.0,24.0,61.0,131.0,290.0,19
ANSUR2-M-27142,M,1.0,ansur2_2012,198.0,157.0,586.0,131.0,135.0,20.0,57.5,144.0,330.0,26
ANSUR2-M-27143,M,1.0,ansur2_2012,200.0,155.0,574.0,138.0,136.0,25.0,61.0,138.0,348.0,23
ANSUR2-M-27147,M,1.0,ansur2_2012,198.0,156.0,577.0,121.0,127.0,19.0,64.5,145.0,327.0,20
ANSUR2-M-27148,M,1.0,ansur2_2012,202.0,157.0,581.0,129.0,124.0,21.0,63.0,140.0,331.0,21
ANSUR2-M-27149,M,1.0,ansur2_2012,209.0,156.0,591.0,139.0,127.0,22.0,58.0,147.0,336.0,27
ANSUR2-M-27150,M,1.0,ansur2_2012,215.0,169.0,614.0,149.0,142.0,25.0,68.5,157.0,369.0,22
ANSUR2-M-27152,M,1.0,ansur2_2012,203.0,151.0,580.0,130.0,121.0,21.0,56.0,140.0,330.0,22
ANSUR2-M-27155,M,1.0,ansur2_2012,208.0,158.0,590.0,140.0,122.0,23.0,63.0,151.0,351.0,22
ANSUR2-M-27156,M,1.0,ansur2_2012,201.0,159.0,583.0,133.0,129.0,29.0,62.0,145.0,334.0,21
ANSUR2-M-27157,M,1.0,ansur2_2012,193.0,147.0,548.0,120.0,107.0,18.0,55.0,133.0,305.0,21
ANSUR2-M-27158,M,1.0,ansur2_2012,191.0,147.0,548.0,132.0,123.0,23.0,63.5,135.0,298.0,24
ANSUR2-M-27160,M,1.0,ansur2_2012,199.0,163.0,588.0,137.0,136.0,22.0,60.5,148.0,346.0,23
ANSUR2-M-27161,M,1.0,ansur2_2012,204.0,156.0,579.0,131.0,124.0,20.0,64.0,141.0,313.0,19
ANSUR2-M-27162,M,1.0,ansur2_2012,208.0,151.0,585.0,132.0,136.0,29.0,66.0,141.0,342.0,24
ANSUR2-M-27163,M,1.0,ansur2_2012,207.0,156.0,596.0,136.0,121.0,28.0,56.5,142.0,317.0,19
ANSUR2-M-27164,M,1.0,ansur2_2012,201.0,160.0,579.0,139.0,120.0,23.0,62.0,153.0,340.0,19
ANSUR2-M-27166,M,1.0,ansur2_2012,195.0,151.0,561.0,136.0,125.0,20.0,64.0,141.0,326.0,18
ANSUR2-M-27167,M,1.0,ansur2_2012,199.0,165.0,577.0,118.0,117.0,25.0,71.5,153.0,325.0,18
ANSUR2-M-27168,M,1.0,ansur2_2012,220.0,155.0,603.0,134.0,138.0,23.0,65.5,155.0,378.0,35
ANSUR2-M-27169,M,1.0,ansur2_2012,200.0,153.0,577.0,130.0,121.0,23.0,63.5,148.0,346.0,47
ANSUR2-M-27170,M,1.0,ansur2_2012,191.0,151.0,556.0,126.0,115.0,22.0,62.0,145.0,343.0,47
ANSUR2-M-27173,M,1.0,ansur2_2012,210.0,159.0,600.0,128.0,117.0,23.0,65.0,149.0,331.0,31
ANSUR2-M-27175,M,1.0,ansur2_2012,193.0,155.0,568.0,122.0,115.0,22.0,68.5,147.0,334.0,25
ANSUR2-M-27178,M,1.0,ansur2_2012,209.0,154.0,589.0,131.0,125.0,28.0,60.5,146.0,321.0,26
ANSUR2-M-27181,M,1.0,ansur2_2012,200.0,148.0,563.0,129.0,124.0,21.0,62.0,136.0,335.0,21
ANSUR2-M-27182,M,1.0,ansur2_2012,200.0,154.0,565.0,127.0,120.0,23.0,67.0,143.0,339.0,23
ANSUR2-M-27184,M,1.0,ansur2_2012,200.0,150.0,565.0,131.0,124.0,24.0,65.5,138.0,340.0,21
ANSUR2-M-27185,M,1.0,ansur2_2012,201.0,164.0,580.0,142.0,117.0,22.0,62.0,150.0,332.0,22
ANSUR2-M-27187,M,1.0,ansur2_2012,196.0,151.0,548.0,122.0,120.0,22.0,69.0,140.0,327.0,22
ANSUR2-M-27188,M,1.0,ansur2_2012,193.0,160.0,569.0,127.0,121.0,21.0,63.5,145.0,316.0,20
ANSUR2-M-27191,M,1.0,ansur2_2012,197.0,153.0,578.0,128.0,110.0,25.0,71.0,148.0,332.0,19
ANSUR2-M-27196,M,1.0,ansur2_2012,210.0,161.0,595.0,136.0,125.0,20.0,67.5,149.0,320.0,21
ANSUR2-M-27198,M,1.0,ansur2_2012,188.0,158.0,560.0,129.0,124.0,22.0,64.0,149.0,325.0,25
ANSUR2-M-27199,M,1.0,ansur2_2012,211.0,155.0,598.0,137.0,128.0,17.0,63.0,148.0,343.0,23
ANSUR2-M-27200,M,1.0,ansur2_2012,205.0,149.0,578.0,127.0,134.0,23.0,64.5,144.0,353.0,21
ANSUR2-M-27206,M,1.0,ansur2_2012,200.0,155.0,573.0,135.0,120.0,22.0,61.5,143.0,309.0,27
ANSUR2-M-27207,M,1.0,ansur2_2012,194.0,151.0,559.0,130.0,124.0,19.0,55.5,131.0,294.0,25
ANSUR2-M-27210,M,1.0,ansur2_2012,202.0,150.0,579.0,131.0,123.0,26.0,59.5,142.0,338.0,27
ANSUR2-M-27247,M,1.0,ansur2_2012,209.0,161.0,599.0,132.0,126.0,30.0,67.5,146.0,355.0,28
ANSUR2-M-27248,M,1.0,ansur2_2012,205.0,158.0,580.0,135.0,123.0,24.0,65.0,148.0,363.0,42
ANSUR2-M-27249,M,1.0,ansur2_2012,200.0,158.0,578.0,133.0,137.0,25.0,63.5,146.0,338.0,22
ANSUR2-M-27250,M,1.0,ansur2_2012,198.0,161.0,587.0,127.0,127.0,27.0,66.5,147.0,346.0,29
ANSUR2-M-27251,M,1.0,ansur2_2012,201.0,155.0,570.0,141.0,123.0,21.0,68.0,143.0,315.0,35
ANSUR2-M-27252,M,1.0,ansur2_2012,215.0,156.0,604.0,135.0,136.0,22.0,63.0,140.0,336.0,31
ANSUR2-M-27254,M,1.0,ansur2_2012,201.0,155.0,567.0,128.0,130.0,23.0,58.5,143.0,329.0,51
ANSUR2-M-27257,M,1.0,ansur2_2012,200.0,149.0,567.0,123.0,126.0,20.0,67.0,143.0,341.0,33
ANSUR2-M-27258,M,1.0,ansur2_2012,198.0,155.0,579.0,127.0,120.0,17.0,67.0,154.0,347.0,47
ANSUR2-M-27260,M,1.0,ansur2_2012,194.0,151.0,558.0,129.0,129.0,18.0,67.0,139.0,337.0,40
ANSUR2-M-27261,M,1.0,ansur2_2012,201.0,154.0,576.0,138.0,119.0,25.0,64.0,137.0,312.0,34
ANSUR2-M-27262,M,1.0,ansur2_2012,198.0,153.0,556.0,131.0,120.0,20.0,60.5,139.0,332.0,31
ANSUR2-M-27264,M,1.0,ansur2_2012,205.0,158.0,569.0,136.0,130.0,27.0,65.5,147.0,341.0,26
ANSUR2-M-27265,M,1.0,ansur2_2012,209.0,147.0,578.0,136.0,119.0,21.0,61.5,128.0,317.0,28
ANSUR2-M-27266,M,1.0,ansur2_2012,198.0,144.0,558.0,121.0,115.0,20.0,59.5,134.0,332.0,51
ANSUR2-M-27268,M,1.0,ansur2_2012,213.0,165.0,610.0,141.0,129.0,20.0,71.5,153.0,341.0,24
ANSUR2-M-27269,M,1.0,ansur2_2012,205.0,153.0,581.0,128.0,114.0,27.0,67.0,144.0,322.0,36
ANSUR2-M-27270,M,1.0,ansur2_2012,194.0,151.0,561.0,125.0,118.0,21.0,65.5,144.0,338.0,32
ANSUR2-M-27271,M,1.0,ansur2_2012,199.0,152.0,562.0,143.0,136.0,20.0,63.0,145.0,327.0,41
ANSUR2-M-27272,M,1.0,ansur2_2012,196.0,154.0,554.0,135.0,137.0,20.0,72.5,145.0,330.0,41
ANSUR2-M-27273,M,1.0,ansur2_2012,195.0,147.0,567.0,127.0,122.0,21.0,65.5,143.0,338.0,26
ANSUR2-M-27274,M,1.0,ansur2_2012,194.0,173.0,580.0,136.0,130.0,23.0,66.5,165.0,366.0,53
ANSUR2-M-27275,M,1.0,ansur2_2012,190.0,153.0,550.0,126.0,119.0,30.0,60.5,142.0,315.0,48
ANSUR2-M-27276,M,1.0,ansur2_2012,204.0,158.0,580.0,140.0,115.0,23.0,64.5,143.0,314.0,32
ANSUR2-M-27278,M,1.0,ansur2_2012,201.0,150.0,563.0,136.0,120.0,21.0,62.5,144.0,346.0,34
ANSUR2-M-27279,M,1.0,ansur2_2012,200.0,155.0,570.0,135.0,125.0,23.0,65.0,147.0,336.0,28
ANSUR2-M-27280,M,1.0,ansur2_2012,204.0,155.0,573.0,139.0,123.0,20.0,61.0,147.0,327.0,42
ANSUR2-M-27281,M,1.0,ansur2_2012,199.0,150.0,559.0,133.0,126.0,27.0,60.0,140.0,329.0,25
ANSUR2-M-27283,M,1.0,ansur2_2012,207.0,153.0,597.0,138.0,117.0,25.0,67.5,147.0,353.0,45
ANSUR2-M-27284,M,1.0,ansur2_2012,199.0,153.0,564.0,136.0,115.0,24.0,55.5,142.0,319.0,43
ANSUR2-M-27285,M,1.0,ansur2_2012,200.0,157.0,577.0,133.0,126.0,18.0,65.0,141.0,353.0,48
ANSUR2-M-27286,M,1.0,ansur2_2012,200.0,157.0,576.0,130.0,125.0,16.0,67.5,144.0,336.0,42
ANSUR2-M-27287,M,1.0,ansur2_2012,203.0,158.0,589.0,140.0,129.0,23.0,59.0,141.0,337.0,46
ANSUR2-M-27288,M,1.0,ansur2_2012,200.0,158.0,578.0,138.0,113.0,25.0,57.5,136.0,321.0,26
ANSUR2-M-27289,M,1.0,ansur2_2012,201.0,153.0,577.0,131.0,126.0,16.0,63.0,143.0,318.0,37
ANSUR2-M-27290,M,1.0,ansur2_2012,199.0,158.0,583.0,139.0,128.0,31.0,61.0,141.0,327.0,27
ANSUR2-M-27291,M,1.0,ansur2_2012,200.0,150.0,561.0,145.0,124.0,27.0,64.5,136.0,330.0,23
ANSUR2-M-27292,M,1.0,ansur2_2012,207.0,160.0,583.0,133.0,125.0,24.0,65.0,148.0,343.0,29
ANSUR2-M-27293,M,1.0,ansur2_2012,207.0,152.0,580.0,132.0,117.0,25.0,65.5,145.0,315.0,30
ANSUR2-M-27294,M,1.0,ansur2_2012,204.0,152.0,592.0,141.0,129.0,24.0,65.0,142.0,330.0,29
ANSUR2-M-27296,M,1.0,ansur2_2012,211.0,158.0,588.0,135.0,125.0,24.0,70.5,145.0,337.0,25
ANSUR2-M-27297,M,1.0,ansur2_2012,195.0,160.0,578.0,140.0,118.0,28.0,65.5,147.0,338.0,23
ANSUR2-M-27298,M,1.0,ansur2_2012,203.0,149.0,580.0,139.0,122.0,19.0,54.5,133.0,303.0,27
ANSUR2-M-27299,M,1.0,ansur2_2012,209.0,150.0,587.0,132.0,127.0,25.0,59.0,145.0,332.0,28
ANSUR2-M-27300,M,1.0,ansur2_2012,198.0,157.0,576.0,132.0,123.0,20.0,64.5,143.0,355.0,22
ANSUR2-M-27301,M,1.0,ansur2_2012,203.0,155.0,585.0,136.0,122.0,20.0,73.0,148.0,341.0,41
ANSUR2-M-27302,M,1.0,ansur2_2012,201.0,144.0,564.0,137.0,130.0,20.0,57.5,132.0,329.0,35
ANSUR2-M-27304,M,1.0,ansur2_2012,190.0,155.0,562.0,134.0,133.0,22.0,62.5,144.0,311.0,30
ANSUR2-M-27305,M,1.0,ansur2_2012,191.0,151.0,551.0,127.0,120.0,17.0,59.0,139.0,331.0,39
ANSUR2-M-27306,M,1.0,ansur2_2012,203.0,158.0,576.0,138.0,123.0,20.0,65.0,142.0,337.0,38
ANSUR2-M-27311,M,1.0,ansur2_2012,200.0,151.0,558.0,130.0,124.0,22.0,61.5,135.0,346.0,37
ANSUR2-M-27312,M,1.0,ansur2_2012,216.0,157.0,605.0,140.0,124.0,23.0,61.0,144.0,334.0,24
ANSUR2-M-27314,M,1.0,ansur2_2012,195.0,157.0,568.0,140.0,124.0,24.0,59.5,144.0,343.0,23
ANSUR2-M-27315,M,1.0,ansur2_2012,200.0,148.0,561.0,132.0,125.0,23.0,67.0,143.0,324.0,23
ANSUR2-M-27316,M,1.0,ansur2_2012,208.0,159.0,595.0,143.0,144.0,28.0,66.0,145.0,351.0,31
ANSUR2-M-27319,M,1.0,ansur2_2012,208.0,147.0,578.0,133.0,130.0,20.0,75.5,143.0,335.0,23
ANSUR2-M-27320,M,1.0,ansur2_2012,211.0,153.0,600.0,140.0,130.0,22.0,66.0,148.0,353.0,26
ANSUR2-M-27322,M,1.0,ansur2_2012,200.0,152.0,571.0,141.0,117.0,23.0,59.5,141.0,332.0,43
ANSUR2-M-27324,M,1.0,ansur2_2012,188.0,148.0,543.0,129.0,111.0,28.0,60.5,137.0,308.0,36
ANSUR2-M-27325,M,1.0,ansur2_2012,205.0,162.0,595.0,130.0,126.0,20.0,63.5,143.0,326.0,28
ANSUR2-M-27327,M,1.0,ansur2_2012,201.0,151.0,583.0,138.0,132.0,18.0,65.5,146.0,338.0,51
ANSUR2-M-27328,M,1.0,ansur2_2012,210.0,146.0,572.0,131.0,134.0,22.0,64.0,140.0,333.0,28
ANSUR2-M-27329,M,1.0,ansur2_2012,199.0,148.0,564.0,134.0,140.0,20.0,61.5,138.0,319.0,41
ANSUR2-M-27330,M,1.0,ansur2_2012,204.0,164.0,591.0,143.0,128.0,23.0,69.0,155.0,332.0,25
ANSUR2-M-27331,M,1.0,ansur2_2012,194.0,151.0,559.0,132.0,124.0,24.0,61.0,141.0,321.0,25
ANSUR2-M-27334,M,1.0,ansur2_2012,189.0,152.0,556.0,135.0,126.0,24.0,61.5,141.0,333.0,23
ANSUR2-M-27336,M,1.0,ansur2_2012,207.0,159.0,590.0,137.0,128.0,24.0,62.0,140.0,341.0,26
ANSUR2-M-27339,M,1.0,ansur2_2012,193.0,151.0,562.0,126.0,126.0,28.0,59.5,140.0,320.0,31
ANSUR2-M-27340,M,1.0,ansur2_2012,214.0,157.0,603.0,141.0,135.0,25.0,68.5,149.0,347.0,21
ANSUR2-M-27341,M,1.0,ansur2_2012,213.0,153.0,585.0,131.0,119.0,22.0,59.5,136.0,329.0,20
ANSUR2-M-27347,M,1.0,ansur2_2012,192.0,148.0,554.0,128.0,128.0,22.0,62.5,139.0,330.0,24
ANSUR2-M-27349,M,1.0,ansur2_2012,194.0,159.0,575.0,128.0,123.0,19.0,66.0,147.0,335.0,25
ANSUR2-M-27350,M,1.0,ansur2_2012,188.0,147.0,543.0,123.0,116.0,20.0,61.0,138.0,309.0,22
ANSUR2-M-27351,M,1.0,ansur2_2012,201.0,162.0,586.0,137.0,125.0,20.0,68.5,150.0,334.0,30
ANSUR2-M-27352,M,1.0,ansur2_2012,203.0,158.0,583.0,136.0,125.0,23.0,59.0,144.0,331.0,25
ANSUR2-M-27354,M,1.0,ansur2_2012,190.0,151.0,553.0,135.0,120.0,27.0,63.5,142.0,325.0,31
ANSUR2-M-27355,M,1.0,ansur2_2012,194.0,159.0,579.0,130.0,137.0,22.0,67.5,148.0,337.0,32
ANSUR2-M-27360,M,1.0,ansur2_2012,192.0,150.0,547.0,130.0,119.0,28.0,66.0,137.0,307.0,22
ANSUR2-M-27361,M,1.0,ansur2_2012,197.0,153.0,566.0,130.0,123.0,23.0,63.0,140.0,331.0,21
ANSUR2-M-27362,M,1.0,ansur2_2012,208.0,153.0,586.0,130.0,113.0,26.0,56.0,136.0,338.0,26
ANSUR2-M-27365,M,1.0,ansur2_2012,195.0,160.0,583.0,126.0,128.0,26.0,70.5,151.0,343.0,23
ANSUR2-M-27366,M,1.0,ansur2_2012,197.0,153.0,568.0,127.0,119.0,22.0,67.5,134.0,331.0,23
ANSUR2-M-27367,M,1.0,ansur2_2012,191.0,153.0,562.0,138.0,123.0,21.0,61.0,137.0,322.0,24
ANSUR2-M-27369,M,1.0,ansur2_2012,201.0,150.0,573.0,130.0,124.0,25.0,65.0,148.0,331.0,29
ANSUR2-M-27370,M,1.0,ansur2_2012,187.0,153.0,558.0,125.0,120.0,24.0,57.5,140.0,327.0,30
ANSUR2-M-27371,M,1.0,ansur2_2012,186.0,162.0,557.0,134.0,119.0,21.0,60.5,149.0,318.0,23
ANSUR2-M-27372,M,1.0,ansur2_2012,191.0,154.0,558.0,131.0,121.0,22.0,69.0,141.0,317.0,26
ANSUR2-M-27373,M,1.0,ansur2_2012,203.0,160.0,590.0,139.0,134.0,23.0,63.0,149.0,336.0,23
ANSUR2-M-27375,M,1.0,ansur2_2012,203.0,140.0,569.0,129.0,128.0,19.0,65.5,139.0,308.0,26
ANSUR2-M-27379,M,1.0,ansur2_2012,200.0,160.0,588.0,126.0,126.0,27.0,62.5,148.0,332.0,20
ANSUR2-M-27380,M,1.0,ansur2_2012,202.0,161.0,597.0,136.0,122.0,25.0,66.0,142.0,325.0,25
ANSUR2-M-27383,M,1.0,ansur2_2012,209.0,169.0,614.0,136.0,137.0,24.0,70.5,156.0,360.0,32
ANSUR2-M-27384,M,1.0,ansur2_2012,200.0,155.0,576.0,136.0,133.0,27.0,63.0,150.0,343.0,37
ANSUR2-M-27390,M,1.0,ansur2_2012,208.0,154.0,586.0,132.0,109.0,23.0,67.5,138.0,335.0,25
ANSUR2-M-27391,M,1.0,ansur2_2012,205.0,168.0,600.0,137.0,128.0,24.0,67.5,152.0,340.0,24
ANSUR2-M-27393,M,1.0,ansur2_2012,189.0,152.0,551.0,133.0,115.0,26.0,61.5,144.0,321.0,21
ANSUR2-M-27395,M,1.0,ansur2_2012,202.0,169.0,583.0,141.0,134.0,24.0,74.5,156.0,345.0,21
ANSUR2-M-27396,M,1.0,ansur2_2012,208.0,156.0,585.0,136.0,131.0,19.0,61.5,141.0,323.0,25
ANSUR2-M-27400,M,1.0,ansur2_2012,207.0,156.0,588.0,133.0,124.0,21.0,63.5,142.0,331.0,29
ANSUR2-M-27402,M,1.0,ansur2_2012,191.0,156.0,561.0,132.0,120.0,24.0,65.0,152.0,329.0,26
ANSUR2-M-27404,M,1.0,ansur2_2012,202.0,140.0,564.0,132.0,115.0,22.0,63.5,132.0,331.0,28
ANSUR2-M-27405,M,1.0,ansur2_2012,204.0,153.0,573.0,129.0,111.0,23.0,67.0,138.0,318.0,51
ANSUR2-M-27407,M,1.0,ansur2_2012,181.0,147.0,535.0,127.0,113.0,29.0,62.0,133.0,303.0,33
ANSUR2-M-27410,M,1.0,ansur2_2012,199.0,160.0,580.0,130.0,130.0,24.0,66.5,147.0,346.0,48
ANSUR2-M-27411,M,1.0,ansur2_2012,189.0,151.0,549.0,130.0,125.0,22.0,63.0,138.0,323.0,48
ANSUR2-M-27412,M,1.0,ansur2_2012,203.0,158.0,580.0,137.0,120.0,19.0,64.5,146.0,338.0,49
ANSUR2-M-27415,M,1.0,ansur2_2012,194.0,142.0,543.0,135.0,115.0,18.0,64.5,139.0,325.0,41
ANSUR2-M-27416,M,1.0,ansur2_2012,196.0,161.0,578.0,138.0,125.0,25.0,66.0,145.0,330.0,49
ANSUR2-M-27417,M,1.0,ansur2_2012,204.0,155.0,594.0,133.0,121.0,22.0,65.0,150.0,336.0,43
ANSUR2-M-27418,M,1.0,ansur2_2012,199.0,152.0,570.0,135.0,126.0,25.0,65.5,141.0,338.0,35
ANSUR2-M-27419,M,1.0,ansur2_2012,202.0,154.0,579.0,132.0,124.0,19.0,61.0,133.0,342.0,43
ANSUR2-M-27421,M,1.0,ansur2_2012,209.0,160.0,589.0,137.0,134.0,24.0,60.0,149.0,355.0,32
ANSUR2-M-27422,M,1.0,ansur2_2012,196.0,146.0,551.0,128.0,127.0,25.0,62.0,143.0,330.0,43
ANSUR2-M-27425,M,1.0,ansur2_2012,207.0,154.0,583.0,134.0,118.0,24.0,61.0,137.0,321.0,20
ANSUR2-M-27426,M,1.0,ansur2_2012,192.0,149.0,559.0,136.0,129.0,23.0,63.5,138.0,314.0,22
ANSUR2-M-27427,M,1.0,ansur2_2012,192.0,152.0,563.0,127.0,115.0,32.0,62.5,137.0,302.0,18
ANSUR2-M-27428,M,1.0,ansur2_2012,197.0,151.0,562.0,135.0,120.0,22.0,62.5,132.0,300.0,19
ANSUR2-M-27429,M,1.0,ansur2_2012,215.0,148.0,603.0,128.0,129.0,20.0,67.5,136.0,336.0,25
ANSUR2-M-27430,M,1.0,ansur2_2012,189.0,150.0,542.0,124.0,118.0,25.0,62.0,138.0,316.0,29
ANSUR2-M-27431,M,1.0,ansur2_2012,202.0,158.0,586.0,135.0,131.0,25.0,65.5,150.0,345.0,28
ANSUR2-M-27432,M,1.0,ansur2_2012,193.0,158.0,570.0,135.0,122.0,21.0,64.5,145.0,323.0,34
ANSUR2-M-27433,M,1.0,ansur2_2012,181.0,174.0,555.0,136.0,125.0,25.0,66.0,150.0,339.0,46
ANSUR2-M-27434,M,1.0,ansur2_2012,205.0,160.0,585.0,139.0,137.0,24.0,66.5,148.0,346.0,32
ANSUR2-M-27436,M,1.0,ansur2_2012,205.0,155.0,580.0,120.0,116.0,19.0,68.5,143.0,340.0,37
ANSUR2-M-27485,M,1.0,ansur2_2012,201.0,153.0,572.0,126.0,128.0,22.0,65.0,140.0,330.0,23
ANSUR2-M-27487,M,1.0,ansur2_2012,201.0,152.0,574.0,134.0,130.0,29.0,62.5,142.0,336.0,33
ANSUR2-M-27489,M,1.0,ansur2_2012,204.0,153.0,588.0,123.0,122.0,24.0,64.0,140.0,320.0,27
ANSUR2-M-27490,M,1.0,ansur2_2012,196.0,156.0,572.0,121.0,122.0,25.0,61.5,138.0,336.0,28
ANSUR2-M-27492,M,1.0,ansur2_2012,203.0,164.0,587.0,130.0,125.0,20.0,70.5,152.0,343.0,25
ANSUR2-M-27495,M,1.0,ansur2_2012,192.0,160.0,568.0,138.0,127.0,22.0,61.0,145.0,323.0,24
ANSUR2-M-27496,M,1.0,ansur2_2012,198.0,153.0,564.0,138.0,118.0,27.0,64.5,140.0,316.0,29
ANSUR2-M-27497,M,1.0,ansur2_2012,213.0,159.0,607.0,145.0,128.0,22.0,62.5,149.0,350.0,32
ANSUR2-M-27499,M,1.0,ansur2_2012,199.0,164.0,583.0,139.0,137.0,26.0,64.5,152.0,338.0,25
ANSUR2-M-27504,M,1.0,ansur2_2012,197.0,155.0,564.0,132.0,121.0,28.0,65.0,149.0,337.0,33
ANSUR2-M-27505,M,1.0,ansur2_2012,204.0,157.0,575.0,134.0,121.0,21.0,69.0,144.0,324.0,54
ANSUR2-M-27506,M,1.0,ansur2_2012,205.0,153.0,583.0,130.0,124.0,25.0,64.5,142.0,335.0,46
ANSUR2-M-27508,M,1.0,ansur2_2012,195.0,151.0,558.0,132.0,127.0,26.0,62.5,137.0,341.0,38
ANSUR2-M-27509,M,1.0,ansur2_2012,189.0,155.0,549.0,124.0,123.0,30.0,68.5,152.0,346.0,36
ANSUR2-M-27512,M,1.0,ansur2_2012,193.0,143.0,553.0,136.0,121.0,27.0,54.0,138.0,306.0,29
ANSUR2-M-27513,M,1.0,ansur2_2012,204.0,150.0,567.0,128.0,133.0,27.0,65.5,150.0,355.0,42
ANSUR2-M-27514,M,1.0,ansur2_2012,203.0,158.0,584.0,138.0,127.0,28.0,66.0,150.0,336.0,23
ANSUR2-M-27515,M,1.0,ansur2_2012,197.0,158.0,565.0,141.0,126.0,23.0,64.5,146.0,348.0,44
ANSUR2-M-27516,M,1.0,ansur2_2012,217.0,158.0,609.0,136.0,130.0,22.0,70.0,151.0,342.0,26
ANSUR2-M-27517,M,1.0,ansur2_2012,195.0,144.0,553.0,128.0,126.0,26.0,63.0,141.0,336.0,26
ANSUR2-M-27519,M,1.0,ansur2_2012,200.0,151.0,569.0,119.0,132.0,21.0,67.5,149.0,353.0,48
ANSUR2-M-27522,M,1.0,ansur2_2012,203.0,154.0,570.0,131.0,129.0,23.0,64.0,147.0,337.0,43
ANSUR2-M-27523,M,1.0,ansur2_2012,205.0,153.0,580.0,124.0,120.0,19.0,65.0,144.0,346.0,37
ANSUR2-M-27524,M,1.0,ansur2_2012,197.0,163.0,583.0,137.0,117.0,24.0,66.5,151.0,334.0,44
ANSUR2-M-27525,M,1.0,ansur2_2012,197.0,156.0,559.0,125.0,130.0,22.0,63.5,141.0,342.0,43
ANSUR2-M-27530,M,1.0,ansur2_2012,209.0,155.0,595.0,123.0,118.0,23.0,62.0,145.0,329.0,26
ANSUR2-M-27531,M,1.0,ansur2_2012,200.0,165.0,583.0,130.0,130.0,26.0,68.0,156.0,350.0,33
ANSUR2-M-27535,M,1.0,ansur2_2012,186.0,158.0,558.0,140.0,128.0,19.0,63.0,147.0,346.0,47
ANSUR2-M-27536,M,1.0,ansur2_2012,204.0,167.0,597.0,141.0,122.0,19.0,71.0,155.0,363.0,40
ANSUR2-M-27537,M,1.0,ansur2_2012,205.0,161.0,593.0,146.0,127.0,25.0,68.5,155.0,353.0,36
ANSUR2-M-27538,M,1.0,ansur2_2012,188.0,147.0,543.0,133.0,115.0,25.0,72.5,137.0,302.0,41
ANSUR2-M-27539,M,1.0,ansur2_2012,206.0,153.0,573.0,137.0,143.0,22.0,61.0,139.0,330.0,28
ANSUR2-M-27540,M,1.0,ansur2_2012,207.0,161.0,581.0,134.0,126.0,20.0,64.0,142.0,325.0,28
ANSUR2-M-27541,M,1.0,ansur2_2012,208.0,156.0,595.0,146.0,125.0,20.0,64.5,138.0,329.0,25
ANSUR2-M-27544,M,1.0,ansur2_2012,207.0,153.0,579.0,131.0,123.0,24.0,61.5,146.0,329.0,34
ANSUR2-M-27546,M,1.0,ansur2_2012,198.0,152.0,564.0,133.0,128.0,21.0,62.5,136.0,333.0,26
ANSUR2-M-27547,M,1.0,ansur2_2012,208.0,148.0,576.0,130.0,125.0,23.0,66.0,135.0,330.0,28
ANSUR2-M-27548,M,1.0,ansur2_2012,207.0,157.0,601.0,142.0,134.0,24.0,64.5,144.0,336.0,28
ANSUR2-M-27550,M,1.0,ansur2_2012,195.0,157.0,560.0,134.0,122.0,30.0,64.5,146.0,321.0,26
ANSUR2-M-27551,M,1.0,ansur2_2012,198.0,166.0,589.0,146.0,122.0,27.0,59.0,160.0,361.0,40
ANSUR2-M-27555,M,1.0,ansur2_2012,199.0,151.0,567.0,134.0,128.0,19.0,61.0,133.0,321.0,28
ANSUR2-M-27557,M,1.0,ansur2_2012,203.0,147.0,575.0,134.0,124.0,20.0,72.0,143.0,346.0,27
ANSUR2-M-27560,M,1.0,ansur2_2012,206.0,159.0,580.0,134.0,123.0,21.0,61.0,148.0,350.0,25
ANSUR2-M-27563,M,1.0,ansur2_2012,195.0,151.0,567.0,131.0,121.0,23.0,62.0,133.0,311.0,28
ANSUR2-M-27564,M,1.0,ansur2_2012,197.0,158.0,573.0,136.0,128.0,26.0,64.5,144.0,312.0,26
ANSUR2-M-27566,M,1.0,ansur2_2012,211.0,155.0,594.0,138.0,132.0,27.0,68.0,141.0,339.0,28
ANSUR2-M-27568,M,1.0,ansur2_2012,198.0,155.0,565.0,139.0,123.0,20.0,66.0,145.0,320.0,29
ANSUR2-M-27569,M,1.0,ansur2_2012,199.0,162.0,573.0,132.0,123.0,20.0,66.5,150.0,344.0,29
ANSUR2-M-27571,M,1.0,ansur2_2012,206.0,156.0,580.0,133.0,120.0,24.0,63.0,145.0,338.0,29
ANSUR2-M-27572,M,1.0,ansur2_2012,198.0,153.0,572.0,127.0,127.0,19.0,62.0,137.0,322.0,22
ANSUR2-M-27573,M,1.0,ansur2_2012,204.0,150.0,577.0,141.0,130.0,25.0,61.0,135.0,328.0,27
ANSUR2-M-27574,M,1.0,ansur2_2012,198.0,160.0,575.0,133.0,120.0,21.0,68.0,144.0,340.0,34
ANSUR2-M-27575,M,1.0,ansur2_2012,206.0,145.0,575.0,146.0,119.0,21.0,58.5,129.0,295.0,18
ANSUR2-M-27577,M,1.0,ansur2_2012,200.0,155.0,573.0,135.0,120.0,22.0,68.5,145.0,330.0,19
ANSUR2-M-27583,M,1.0,ansur2_2012,200.0,142.0,552.0,132.0,129.0,22.0,64.5,131.0,327.0,20
ANSUR2-M-27585,M,1.0,ansur2_2012,203.0,153.0,576.0,135.0,115.0,21.0,64.5,145.0,325.0,21
ANSUR2-M-27586,M,1.0,ansur2_2012,193.0,151.0,570.0,132.0,114.0,22.0,61.5,136.0,324.0,21
ANSUR2-M-27587,M,1.0,ansur2_2012,204.0,155.0,582.0,137.0,118.0,23.0,67.0,145.0,317.0,19
ANSUR2-M-27588,M,1.0,ansur2_2012,203.0,155.0,583.0,136.0,127.0,23.0,68.0,148.0,338.0,30
ANSUR2-M-27590,M,1.0,ansur2_2012,197.0,153.0,557.0,135.0,127.0,27.0,75.0,148.0,363.0,34
ANSUR2-M-27591,M,1.0,ansur2_2012,198.0,163.0,573.0,137.0,121.0,20.0,69.5,147.0,330.0,31
ANSUR2-M-27592,M,1.0,ansur2_2012,202.0,169.0,598.0,134.0,123.0,21.0,65.0,147.0,321.0,22
ANSUR2-M-27594,M,1.0,ansur2_2012,212.0,165.0,603.0,138.0,137.0,23.0,72.0,160.0,355.0,38
ANSUR2-M-27595,M,1.0,ansur2_2012,209.0,158.0,590.0,134.0,120.0,19.0,64.5,144.0,330.0,24
ANSUR2-M-27597,M,1.0,ansur2_2012,194.0,156.0,573.0,132.0,124.0,21.0,62.0,145.0,348.0,30
ANSUR2-M-27598,M,1.0,ansur2_2012,191.0,149.0,542.0,116.0,106.0,26.0,58.5,130.0,311.0,22
ANSUR2-M-27600,M,1.0,ansur2_2012,187.0,152.0,552.0,128.0,111.0,21.0,65.5,143.0,318.0,35
ANSUR2-M-27601,M,1.0,ansur2_2012,200.0,153.0,564.0,129.0,121.0,20.0,56.5,140.0,330.0,24
ANSUR2-M-27602,M,1.0,ansur2_2012,197.0,154.0,555.0,127.0,130.0,22.0,61.5,140.0,325.0,23
ANSUR2-M-27603,M,1.0,ansur2_2012,196.0,155.0,564.0,129.0,118.0,28.0,64.5,141.0,316.0,41
ANSUR2-M-27604,M,1.0,ansur2_2012,219.0,151.0,603.0,134.0,133.0,21.0,63.5,140.0,343.0,36
ANSUR2-M-27605,M,1.0,ansur2_2012,186.0,152.0,545.0,128.0,121.0,20.0,61.5,140.0,327.0,31
ANSUR2-M-27606,M,1.0,ansur2_2012,205.0,150.0,585.0,134.0,119.0,23.0,64.0,140.0,328.0,23
ANSUR2-M-27607,M,1.0,ansur2_2012,204.0,155.0,573.0,123.0,126.0,21.0,70.0,150.0,350.0,30
ANSUR2-M-27641,M,1.0,ansur2_2012,185.0,171.0,577.0,142.0,133.0,27.0,61.0,150.0,320.0,31
ANSUR2-M-27642,M,1.0,ansur2_2012,207.0,155.0,583.0,130.0,117.0,18.0,65.5,152.0,348.0,43
ANSUR2-M-27643,M,1.0,ansur2_2012,213.0,160.0,600.0,131.0,115.0,21.0,65.5,151.0,343.0,38
ANSUR2-M-27645,M,1.0,ansur2_2012,200.0,148.0,564.0,123.0,117.0,25.0,64.5,138.0,316.0,36
ANSUR2-M-27646,M,1.0,ansur2_2012,205.0,153.0,586.0,138.0,122.0,26.0,66.5,144.0,343.0,28
ANSUR2-M-27647,M,1.0,ansur2_2012,206.0,161.0,590.0,136.0,132.0,25.0,61.0,141.0,333.0,56
ANSUR2-M-27649,M,1.0,ansur2_2012,206.0,157.0,578.0,126.0,125.0,18.0,62.0,145.0,345.0,39
ANSUR2-M-27651,M,1.0,ansur2_2012,184.0,156.0,544.0,132.0,118.0,22.0,70.0,139.0,308.0,29
ANSUR2-M-27655,M,1.0,ansur2_2012,187.0,143.0,537.0,132.0,117.0,20.0,63.5,135.0,327.0,30
ANSUR2-M-27656,M,1.0,ansur2_2012,187.0,158.0,557.0,137.0,133.0,27.0,63.5,151.0,333.0,28
ANSUR2-M-27657,M,1.0,ansur2_2012,192.0,145.0,545.0,120.0,127.0,24.0,59.5,133.0,314.0,23
ANSUR2-M-27661,M,1.0,ansur2_2012,190.0,161.0,568.0,140.0,113.0,28.0,64.0,142.0,327.0,22
ANSUR2-M-27662,M,1.0,ansur2_2012,189.0,146.0,537.0,125.0,115.0,20.0,59.5,134.0,324.0,28
ANSUR2-M-27668,M,1.0,ansur2_2012,199.0,150.0,565.0,130.0,123.0,23.0,64.5,139.0,301.0,23
ANSUR2-M-27670,M,1.0,ansur2_2012,194.0,146.0,553.0,129.0,125.0,20.0,62.0,139.0,323.0,22
ANSUR2-M-27674,M,1.0,ansur2_2012,203.0,160.0,587.0,133.0,125.0,23.0,70.0,150.0,358.0,22
ANSUR2-M-27675,M,1.0,ansur2_2012,189.0,153.0,542.0,126.0,112.0,24.0,63.5,146.0,328.0,35
ANSUR2-M-27676,M,1.0,ansur2_2012,189.0,159.0,551.0,132.0,122.0,27.0,65.5,138.0,310.0,31
ANSUR2-M-27679,M,1.0,ansur2_2012,199.0,153.0,568.0,131.0,117.0,21.0,63.5,138.0,315.0,23
ANSUR2-M-27680,M,1.0,ansur2_2012,215.0,144.0,585.0,141.0,116.0,19.0,64.5,143.0,357.0,37
ANSUR2-M-27681,M,1.0,ansur2_2012,193.0,141.0,545.0,130.0,119.0,23.0,59.5,131.0,323.0,25
ANSUR2-M-27682,M,1.0,ansur2_2012,202.0,154.0,584.0,126.0,126.0,21.0,64.5,142.0,346.0,49
ANSUR2-M-27684,M,1.0,ansur2_2012,208.0,150.0,582.0,141.0,120.0,29.0,62.5,141.0,328.0,30
ANSUR2-M-27686,M,1.0,ansur2_2012,198.0,154.0,571.0,130.0,116.0,21.0,61.5,135.0,315.0,28
ANSUR2-M-27690,M,1.0,ansur2_2012,197.0,154.0,563.0,118.0,115.0,23.0,60.5,143.0,325.0,37
ANSUR2-M-27693,M,1.0,ansur2_2012,203.0,153.0,581.0,136.0,125.0,29.0,66.5,147.0,347.0,22
ANSUR2-M-27694,M,1.0,ansur2_2012,182.0,157.0,545.0,130.0,112.0,21.0,63.5,143.0,317.0,23
ANSUR2-M-27695,M,1.0,ansur2_2012,202.0,159.0,581.0,133.0,123.0,22.0,64.0,153.0,333.0,33
ANSUR2-M-27698,M,1.0,ansur2_2012,196.0,156.0,570.0,125.0,122.0,20.0,67.5,144.0,335.0,50
ANSUR2-M-27700,M,1.0,ansur2_2012,196.0,149.0,559.0,131.0,127.0,24.0,66.5,143.0,317.0,46
ANSUR2-M-27701,M,1.0,ansur2_2012,211.0,159.0,600.0,128.0,125.0,20.0,65.0,147.0,348.0,52
ANSUR2-M-27703,M,1.0,ansur2_2012,196.0,153.0,563.0,134.0,115.0,24.0,57.5,140.0,331.0,26
ANSUR2-M-27704,M,1.0,ansur2_2012,196.0,160.0,580.0,135.0,118.0,20.0,65.0,150.0,320.0,40
ANSUR2-M-27706,M,1.0,ansur2_2012,204.0,160.0,573.0,136.0,123.0,21.0,67.5,148.0,341.0,35
ANSUR2-M-27707,M,1.0,ansur2_2012,195.0,152.0,553.0,130.0,127.0,20.0,67.5,147.0,341.0,43
ANSUR2-M-27708,M,1.0,ansur2_2012,203.0,151.0,578.0,127.0,124.0,20.0,63.0,138.0,320.0,23
ANSUR2-M-27709,M,1.0,ansur2_2012,181.0,162.0,545.0,142.0,126.0,23.0,54.5,150.0,332.0,21
ANSUR2-M-27710,M,1.0,ansur2_2012,193.0,152.0,547.0,129.0,123.0,20.0,62.5,130.0,325.0,23
ANSUR2-M-27711,M,1.0,ansur2_2012,194.0,157.0,564.0,142.0,119.0,25.0,63.5,147.0,337.0,22
ANSUR2-M-27714,M,1.0,ansur2_2012,206.0,158.0,578.0,133.0,139.0,22.0,64.0,143.0,335.0,22
ANSUR2-M-27715,M,1.0,ansur2_2012,207.0,155.0,585.0,141.0,130.0,22.0,62.5,145.0,330.0,33
ANSUR2-M-27716,M,1.0,ansur2_2012,195.0,164.0,579.0,135.0,121.0,27.0,68.5,154.0,345.0,28
ANSUR2-M-27717,M,1.0,ansur2_2012,202.0,153.0,568.0,134.0,126.0,23.0,61.0,135.0,286.0,23
ANSUR2-M-27718,M,1.0,ansur2_2012,197.0,152.0,563.0,128.0,125.0,22.0,63.0,143.0,316.0,30
ANSUR2-M-27721,M,1.0,ansur2_2012,188.0,157.0,557.0,126.0,127.0,18.0,62.0,147.0,333.0,39
ANSUR2-M-27722,M,1.0,ansur2_2012,210.0,158.0,594.0,136.0,130.0,25.0,64.0,148.0,330.0,43
ANSUR2-M-27725,M,1.0,ansur2_2012,190.0,142.0,538.0,124.0,118.0,24.0,55.5,135.0,315.0,37
ANSUR2-M-27727,M,1.0,ansur2_2012,194.0,155.0,568.0,130.0,126.0,20.0,67.5,147.0,320.0,30
ANSUR2-M-27728,M,1.0,ansur2_2012,199.0,155.0,568.0,131.0,121.0,19.0,62.0,139.0,332.0,53
ANSUR2-M-27732,M,1.0,ansur2_2012,195.0,151.0,561.0,130.0,117.0,20.0,63.5,135.0,332.0,29
ANSUR2-M-27733,M,1.0,ansur2_2012,200.0,148.0,573.0,140.0,124.0,21.0,65.0,143.0,333.0,26
ANSUR2-M-27735,M,1.0,ansur2_2012,201.0,148.0,579.0,140.0,114.0,25.0,61.0,135.0,331.0,37
ANSUR2-M-27739,M,1.0,ansur2_2012,200.0,163.0,587.0,142.0,125.0,27.0,66.5,149.0,343.0,58
ANSUR2-M-27740,M,1.0,ansur2_2012,201.0,153.0,564.0,133.0,125.0,23.0,63.0,145.0,335.0,46
ANSUR2-M-27741,M,1.0,ansur2_2012,203.0,150.0,572.0,138.0,127.0,23.0,64.0,137.0,332.0,26
ANSUR2-M-27743,M,1.0,ansur2_2012,209.0,158.0,585.0,133.0,129.0,23.0,63.5,151.0,350.0,42
ANSUR2-M-27744,M,1.0,ansur2_2012,191.0,156.0,555.0,129.0,116.0,23.0,64.0,142.0,330.0,47
ANSUR2-M-27746,M,1.0,ansur2_2012,205.0,151.0,575.0,128.0,130.0,22.0,72.0,143.0,327.0,47
ANSUR2-M-27747,M,1.0,ansur2_2012,190.0,146.0,543.0,131.0,121.0,24.0,60.0,136.0,311.0,28
ANSUR2-M-27748,M,1.0,ansur2_2012,194.0,158.0,565.0,129.0,120.0,23.0,65.5,138.0,306.0,31
ANSUR2-M-27751,M,1.0,ansur2_2012,191.0,161.0,565.0,137.0,131.0,27.0,66.5,153.0,345.0,43
ANSUR2-M-27752,M,1.0,ansur2_2012,199.0,153.0,576.0,135.0,117.0,21.0,63.5,139.0,317.0,42
ANSUR2-M-27753,M,1.0,ansur2_2012,200.0,157.0,572.0,137.0,121.0,22.0,62.5,153.0,355.0,31
ANSUR2-M-27756,M,1.0,ansur2_2012,193.0,140.0,546.0,127.0,121.0,25.0,63.0,138.0,342.0,19
ANSUR2-M-27758,M,1.0,ansur2_2012,207.0,153.0,575.0,129.0,117.0,22.0,63.0,132.0,316.0,19
ANSUR2-M-27759,M,1.0,ansur2_2012,187.0,170.0,567.0,138.0,133.0,23.0,70.5,160.0,346.0,23
ANSUR2-M-27760,M,1.0,ansur2_2012,199.0,150.0,562.0,133.0,125.0,20.0,61.5,143.0,325.0,23
ANSUR2-M-27762,M,1.0,ansur2_2012,193.0,141.0,548.0,126.0,114.0,28.0,62.0,126.0,310.0,33
ANSUR2-M-27764,M,1.0,ansur2_2012,189.0,151.0,555.0,133.0,117.0,20.0,61.5,136.0,318.0,23
ANSUR2-M-27766,M,1.0,ansur2_2012,198.0,164.0,581.0,138.0,125.0,19.0,59.5,145.0,322.0,27
ANSUR2-M-27769,M,1.0,ansur2_2012,198.0,148.0,557.0,127.0,124.0,20.0,65.5,142.0,327.0,23
ANSUR2-M-27772,M,1.0,ansur2_2012,201.0,163.0,590.0,133.0,131.0,25.0,65.0,148.0,333.0,25
ANSUR2-M-27773,M,1.0,ansur2_2012,193.0,153.0,555.0,131.0,123.0,28.0,56.0,145.0,331.0,23
ANSUR2-M-27778,M,1.0,ansur2_2012,188.0,151.0,548.0,127.0,112.0,23.0,65.0,152.0,329.0,34
ANSUR2-M-27779,M,1.0,ansur2_2012,196.0,152.0,563.0,132.0,122.0,23.0,63.5,137.0,324.0,28
ANSUR2-M-27780,M,1.0,ansur2_2012,198.0,150.0,563.0,127.0,129.0,24.0,61.5,140.0,334.0,24
ANSUR2-M-27781,M,1.0,ansur2_2012,190.0,151.0,547.0,125.0,113.0,21.0,54.0,134.0,316.0,19
ANSUR2-M-27782,M,1.0,ansur2_2012,199.0,158.0,577.0,132.0,131.0,23.0,63.0,148.0,350.0,35
ANSUR2-M-27783,M,1.0,ansur2_2012,208.0,159.0,594.0,129.0,130.0,20.0,61.0,142.0,337.0,21
ANSUR2-M-27784,M,1.0,ansur2_2012,203.0,157.0,583.0,132.0,119.0,22.0,63.5,142.0,334.0,20
ANSUR2-M-27786,M,1.0,ansur2_2012,200.0,150.0,563.0,134.0,123.0,25.0,60.5,142.0,324.0,28
ANSUR2-M-27790,M,1.0,ansur2_2012,192.0,149.0,554.0,123.0,129.0,25.0,60.5,138.0,316.0,23
ANSUR2-M-27791,M,1.0,ansur2_2012,201.0,154.0,580.0,150.0,125.0,29.0,67.0,149.0,341.0,53
ANSUR2-M-27794,M,1.0,ansur2_2012,209.0,155.0,598.0,141.0,121.0,19.0,68.5,144.0,355.0,23
ANSUR2-M-27798,M,1.0,ansur2_2012,210.0,163.0,605.0,126.0,129.0,25.0,60.0,149.0,319.0,30
ANSUR2-M-27799,M,1.0,ansur2_2012,194.0,160.0,580.0,140.0,131.0,22.0,62.0,146.0,345.0,45
ANSUR2-M-27800,M,1.0,ansur2_2012,199.0,155.0,564.0,133.0,124.0,23.0,64.0,150.0,325.0,40
ANSUR2-M-27801,M,1.0,ansur2_2012,205.0,167.0,598.0,142.0,119.0,23.0,69.0,147.0,337.0,49
ANSUR2-M-27802,M,1.0,ansur2_2012,198.0,153.0,565.0,136.0,127.0,28.0,62.5,139.0,325.0,31
ANSUR2-M-27803,M,1.0,ansur2_2012,197.0,153.0,570.0,126.0,125.0,24.0,61.0,145.0,335.0,23
ANSUR2-M-27804,M,1.0,ansur2_2012,210.0,141.0,581.0,128.0,116.0,22.0,63.5,137.0,334.0,47
ANSUR2-M-27807,M,1.0,ansur2_2012,203.0,148.0,569.0,132.0,130.0,22.0,63.0,141.0,332.0,32
ANSUR2-M-27810,M,1.0,ansur2_2012,200.0,147.0,570.0,117.0,124.0,24.0,66.5,137.0,333.0,34
ANSUR2-M-27811,M,1.0,ansur2_2012,195.0,144.0,554.0,127.0,115.0,19.0,60.5,136.0,320.0,26
ANSUR2-M-27812,M,1.0,ansur2_2012,200.0,150.0,564.0,134.0,126.0,20.0,63.5,140.0,330.0,40
ANSUR2-M-27814,M,1.0,ansur2_2012,204.0,153.0,577.0,131.0,137.0,23.0,60.5,142.0,348.0,25
ANSUR2-M-27817,M,1.0,ansur2_2012,200.0,157.0,574.0,126.0,114.0,22.0,65.5,151.0,325.0,22
ANSUR2-M-27818,M,1.0,ansur2_2012,192.0,152.0,552.0,124.0,131.0,23.0,62.5,145.0,346.0,41
ANSUR2-M-27822,M,1.0,ansur2_2012,198.0,143.0,557.0,129.0,132.0,21.0,59.5,126.0,312.0,30
ANSUR2-M-27823,M,1.0,ansur2_2012,203.0,148.0,573.0,138.0,128.0,24.0,63.0,140.0,332.0,39
ANSUR2-M-27826,M,1.0,ansur2_2012,201.0,160.0,577.0,134.0,120.0,23.0,64.0,150.0,340.0,32
ANSUR2-M-27828,M,1.0,ansur2_2012,194.0,153.0,566.0,138.0,120.0,23.0,57.5,141.0,331.0,32
ANSUR2-M-27830,M,1.0,ansur2_2012,208.0,156.0,596.0,142.0,134.0,25.0,68.0,143.0,353.0,30
ANSUR2-M-27832,M,1.0,ansur2_2012,206.0,157.0,588.0,143.0,118.0,20.0,59.5,142.0,331.0,29
ANSUR2-M-27833,M,1.0,ansur2_2012,198.0,153.0,566.0,123.0,120.0,23.0,66.5,142.0,347.0,26
ANSUR2-M-27854,M,1.0,ansur2_2012,194.0,143.0,547.0,124.0,123.0,22.0,57.0,132.0,310.0,27
ANSUR2-M-27857,M,1.0,ansur2_2012,200.0,150.0,565.0,123.0,122.0,25.0,60.5,135.0,303.0,26
ANSUR2-M-27859,M,1.0,ansur2_2012,210.0,151.0,585.0,141.0,123.0,21.0,65.0,138.0,336.0,27
ANSUR2-M-27860,M,1.0,ansur2_2012,200.0,153.0,562.0,133.0,124.0,20.0,66.0,140.0,315.0,25
ANSUR2-M-27861,M,1.0,ansur2_2012,201.0,155.0,567.0,128.0,130.0,20.0,67.5,150.0,335.0,23
ANSUR2-M-27863,M,1.0,ansur2_2012,194.0,143.0,548.0,114.0,125.0,20.0,62.5,140.0,350.0,26
ANSUR2-M-27867,M,1.0,ansur2_2012,205.0,148.0,573.0,128.0,119.0,21.0,66.0,133.0,325.0,23
ANSUR2-M-27870,M,1.0,ansur2_2012,200.0,151.0,570.0,125.0,131.0,25.0,63.0,138.0,311.0,20
ANSUR2-M-27874,M,1.0,ansur2_2012,190.0,155.0,557.0,132.0,126.0,22.0,64.0,142.0,332.0,23
ANSUR2-M-27875,M,1.0,ansur2_2012,196.0,161.0,571.0,123.0,126.0,23.0,65.5,150.0,333.0,29
ANSUR2-M-27876,M,1.0,ansur2_2012,200.0,152.0,567.0,116.0,113.0,24.0,63.0,143.0,336.0,38
ANSUR2-M-27877,M,1.0,ansur2_2012,203.0,163.0,585.0,138.0,119.0,20.0,69.0,155.0,350.0,33
ANSUR2-M-27879,M,1.0,ansur2_2012,201.0,167.0,585.0,139.0,119.0,24.0,63.5,147.0,319.0,20
ANSUR2-M-27881,M,1.0,ansur2_2012,197.0,153.0,565.0,128.0,125.0,29.0,66.5,142.0,319.0,22
ANSUR2-M-27882,M,1.0,ansur2_2012,199.0,156.0,572.0,130.0,117.0,26.0,62.5,144.0,323.0,21
ANSUR2-M-27884,M,1.0,ansur2_2012,205.0,152.0,583.0,136.0,124.0,19.0,65.5,140.0,324.0,31
ANSUR2-M-27885,M,1.0,ansur2_2012,199.0,145.0,563.0,138.0,118.0,25.0,63.0,134.0,319.0,21
ANSUR2-M-27886,M,1.0,ansur2_2012,198.0,160.0,583.0,127.0,132.0,26.0,64.0,150.0,342.0,23
ANSUR2-M-27889,M,1.0,ansur2_2012,197.0,156.0,571.0,121.0,112.0,18.0,64.0,137.0,315.0,24
ANSUR2-M-27890,M,1.0,ansur2_2012,196.0,158.0,566.0,128.0,135.0,23.0,62.5,149.0,346.0,28
ANSUR2-M-27892,M,1.0,ansur2_2012,200.0,151.0,579.0,137.0,131.0,23.0,60.5,145.0,336.0,22
ANSUR2-M-27893,M,1.0,ansur2_2012,193.0,148.0,555.0,133.0,108.0,26.0,63.0,140.0,322.0,28
ANSUR2-M-27896,M,1.0,ansur2_2012,201.0,152.0,575.0,115.0,128.0,17.0,65.5,145.0,322.0,22
ANSUR2-M-27898,M,1.0,ansur2_2012,189.0,153.0,557.0,126.0,111.0,23.0,61.5,135.0,311.0,19
ANSUR2-M-27904,M,1.0,ansur2_2012,192.0,155.0,557.0,125.0,119.0,20.0,65.0,146.0,345.0,51
ANSUR2-M-27905,M,1.0,ansur2_2012,194.0,156.0,563.0,131.0,114.0,18.0,58.0,141.0,306.0,26
ANSUR2-M-27907,M,1.0,ansur2_2012,206.0,154.0,588.0,135.0,127.0,24.0,63.5,144.0,343.0,39
ANSUR2-M-27910,M,1.0,ansur2_2012,196.0,147.0,557.0,131.0,113.0,20.0,56.5,131.0,292.0,21
ANSUR2-M-27911,M,1.0,ansur2_2012,206.0,158.0,580.0,127.0,126.0,21.0,69.5,146.0,364.0,37
ANSUR2-M-27913,M,1.0,ansur2_2012,198.0,157.0,578.0,131.0,120.0,27.0,68.5,143.0,326.0,24
ANSUR2-M-27915,M,1.0,ansur2_2012,191.0,153.0,547.0,127.0,108.0,21.0,65.5,135.0,329.0,35
ANSUR2-M-27916,M,1.0,ansur2_2012,204.0,155.0,575.0,133.0,126.0,25.0,59.0,142.0,330.0,27
ANSUR2-M-27917,M,1.0,ansur2_2012,193.0,150.0,558.0,126.0,130.0,22.0,63.5,142.0,327.0,32
ANSUR2-M-27918,M,1.0,ansur2_2012,198.0,158.0,576.0,135.0,126.0,25.0,61.5,154.0,350.0,21
ANSUR2-M-27919,M,1.0,ansur2_2012,207.0,166.0,600.0,131.0,119.0,23.0,72.0,157.0,328.0,22
ANSUR2-M-27926,M,1.0,ansur2_2012,195.0,152.0,554.0,131.0,120.0,19.0,59.5,139.0,323.0,21
ANSUR2-M-27927,M,1.0,ansur2_2012,194.0,158.0,567.0,127.0,117.0,24.0,57.0,146.0,333.0,20
ANSUR2-M-27929,M,1.0,ansur2_2012,200.0,160.0,582.0,126.0,126.0,22.0,66.0,150.0,340.0,26
ANSUR2-M-27931,M,1.0,ansur2_2012,200.0,160.0,593.0,140.0,125.0,25.0,66.0,150.0,347.0,32
ANSUR2-M-27933,M,1.0,ansur2_2012,202.0,155.0,570.0,115.0,131.0,22.0,63.5,138.0,341.0,52
ANSUR2-M-27934,M,1.0,ansur2_2012,196.0,148.0,562.0,124.0,112.0,23.0,63.5,142.0,337.0,37
ANSUR2-M-27935,M,1.0,ansur2_2012,190.0,157.0,563.0,133.0,120.0,27.0,64.0,145.0,325.0,30
ANSUR2-M-27936,M,1.0,ansur2_2012,204.0,155.0,583.0,137.0,128.0,25.0,65.5,143.0,326.0,29
ANSUR2-M-27937,M,1.0,ansur2_2012,196.0,150.0,560.0,130.0,129.0,25.0,57.5,133.0,336.0,32
ANSUR2-M-27938,M,1.0,ansur2_2012,193.0,150.0,563.0,134.0,118.0,25.0,64.0,138.0,330.0,50
ANSUR2-M-27939,M,1.0,ansur2_2012,195.0,146.0,553.0,125.0,117.0,22.0,63.0,138.0,313.0,43
ANSUR2-M-27941,M,1.0,ansur2_2012,200.0,159.0,571.0,129.0,116.0,26.0,66.5,145.0,330.0,51
ANSUR2-M-27942,M,1.0,ansur2_2012,204.0,155.0,586.0,133.0,113.0,22.0,70.0,155.0,357.0,31
ANSUR2-M-27943,M,1.0,ansur2_2012,199.0,150.0,566.0,130.0,120.0,19.0,55.5,144.0,326.0,31
ANSUR2-M-27944,M,1.0,ansur2_2012,212.0,153.0,600.0,131.0,132.0,16.0,66.5,150.0,366.0,33
ANSUR2-M-27945,M,1.0,ansur2_2012,198.0,150.0,570.0,137.0,119.0,20.0,65.0,139.0,320.0,47
ANSUR2-M-27946,M,1.0,ansur2_2012,198.0,153.0,564.0,135.0,120.0,26.0,60.5,140.0,314.0,23
ANSUR2-M-27947,M,1.0,ansur2_2012,201.0,152.0,575.0,135.0,121.0,15.0,69.5,149.0,355.0,48
ANSUR2-M-27948,M,1.0,ansur2_2012,197.0,154.0,565.0,127.0,120.0,19.0,64.0,144.0,333.0,50
ANSUR2-M-27949,M,1.0,ansur2_2012,197.0,155.0,565.0,131.0,125.0,21.0,60.0,135.0,315.0,46
ANSUR2-M-27951,M,1.0,ansur2_2012,191.0,158.0,568.0,131.0,121.0,20.0,64.0,144.0,338.0,23
ANSUR2-M-27953,M,1.0,ansur2_2012,194.0,155.0,562.0,132.0,119.0,22.0,57.5,145.0,326.0,41
ANSUR2-M-27955,M,1.0,ansur2_2012,201.0,152.0,568.0,128.0,115.0,24.0,64.5,147.0,338.0,29
ANSUR2-M-27956,M,1.0,ansur2_2012,207.0,163.0,593.0,134.0,126.0,20.0,63.0,142.0,311.0,25
ANSUR2-M-27959,M,1.0,ansur2_2012,206.0,160.0,600.0,130.0,129.0,24.0,67.5,148.0,333.0,48
ANSUR2-M-27961,M,1.0,ansur2_2012,193.0,145.0,559.0,134.0,119.0,22.0,63.0,138.0,316.0,30
ANSUR2-M-27962,M,1.0,ansur2_2012,204.0,160.0,580.0,139.0,134.0,25.0,60.5,155.0,360.0,37
ANSUR2-M-27964,M,1.0,ansur2_2012,199.0,149.0,555.0,135.0,126.0,20.0,61.0,135.0,322.0,26
ANSUR2-M-27965,M,1.0,ansur2_2012,199.0,160.0,581.0,129.0,124.0,21.0,63.5,143.0,332.0,21
ANSUR2-M-27967,M,1.0,ansur2_2012,205.0,160.0,595.0,134.0,129.0,24.0,64.0,144.0,335.0,19
ANSUR2-M-27971,M,1.0,ansur2_2012,200.0,155.0,574.0,130.0,119.0,25.0,66.0,146.0,333.0,21
ANSUR2-M-27973,M,1.0,ansur2_2012,208.0,160.0,610.0,131.0,123.0,20.0,68.0,148.0,336.0,24
ANSUR2-M-27974,M,1.0,ansur2_2012,200.0,146.0,566.0,129.0,121.0,22.0,69.5,135.0,312.0,31
ANSUR2-M-27976,M,1.0,ansur2_2012,199.0,151.0,567.0,141.0,136.0,22.0,61.5,135.0,311.0,30
ANSUR2-M-27981,M,1.0,ansur2_2012,192.0,148.0,548.0,133.0,126.0,23.0,60.5,136.0,309.0,28
ANSUR2-M-27985,M,1.0,ansur2_2012,204.0,159.0,587.0,133.0,131.0,22.0,68.5,144.0,335.0,24
ANSUR2-M-27986,M,1.0,ansur2_2012,197.0,147.0,557.0,122.0,115.0,20.0,61.5,134.0,314.0,23
ANSUR2-M-27987,M,1.0,ansur2_2012,202.0,148.0,568.0,136.0,125.0,22.0,59.5,128.0,329.0,21
ANSUR2-M-27989,M,1.0,ansur2_2012,204.0,156.0,587.0,140.0,126.0,25.0,67.0,150.0,331.0,22
ANSUR2-M-27990,M,1.0,ansur2_2012,198.0,155.0,574.0,127.0,118.0,19.0,64.5,143.0,334.0,20
ANSUR2-M-27991,M,1.0,ansur2_2012,194.0,157.0,562.0,131.0,122.0,22.0,62.0,137.0,316.0,30
ANSUR2-M-27992,M,1.0,ansur2_2012,210.0,155.0,607.0,134.0,124.0,24.0,69.5,145.0,336.0,25
ANSUR2-M-27996,M,1.0,ansur2_2012,191.0,151.0,557.0,133.0,122.0,24.0,62.0,141.0,333.0,42
ANSUR2-M-27997,M,1.0,ansur2_2012,197.0,157.0,567.0,130.0,117.0,26.0,68.0,145.0,336.0,37
ANSUR2-M-28001,M,1.0,ansur2_2012,186.0,145.0,532.0,125.0,115.0,22.0,53.5,125.0,296.0,21
ANSUR2-M-28003,M,1.0,ansur2_2012,202.0,145.0,570.0,130.0,115.0,24.0,69.0,134.0,325.0,21
ANSUR2-M-28004,M,1.0,ansur2_2012,199.0,153.0,565.0,137.0,125.0,28.0,60.5,140.0,325.0,19
ANSUR2-M-28006,M,1.0,ansur2_2012,206.0,158.0,598.0,131.0,113.0,27.0,72.0,150.0,348.0,30
ANSUR2-M-28007,M,1.0,ansur2_2012,196.0,161.0,580.0,117.0,110.0,21.0,56.0,152.0,341.0,33
ANSUR2-M-28010,M,1.0,ansur2_2012,205.0,159.0,591.0,131.0,125.0,17.0,65.5,145.0,329.0,42
ANSUR2-M-28011,M,1.0,ansur2_2012,204.0,148.0,572.0,126.0,119.0,24.0,67.5,133.0,316.0,23
ANSUR2-M-28012,M,1.0,ansur2_2012,200.0,147.0,561.0,120.0,129.0,21.0,66.0,135.0,330.0,43
ANSUR2-M-28013,M,1.0,ansur2_2012,200.0,158.0,581.0,136.0,128.0,30.0,58.0,140.0,336.0,22
ANSUR2-M-28014,M,1.0,ansur2_2012,196.0,158.0,573.0,141.0,129.0,23.0,59.0,145.0,347.0,39
ANSUR2-M-28016,M,1.0,ansur2_2012,210.0,150.0,584.0,131.0,131.0,29.0,62.0,134.0,326.0,39
ANSUR2-M-28017,M,1.0,ansur2_2012,204.0,148.0,572.0,131.0,119.0,21.0,63.5,136.0,338.0,23
ANSUR2-M-28018,M,1.0,ansur2_2012,209.0,160.0,595.0,134.0,130.0,23.0,66.5,139.0,340.0,25
ANSUR2-M-28019,M,1.0,ansur2_2012,199.0,153.0,557.0,125.0,123.0,18.0,66.5,135.0,333.0,35
ANSUR2-M-28020,M,1.0,ansur2_2012,202.0,152.0,573.0,129.0,122.0,25.0,72.0,140.0,340.0,27
ANSUR2-M-28021,M,1.0,ansur2_2012,195.0,167.0,576.0,139.0,128.0,21.0,64.5,160.0,360.0,38
ANSUR2-M-28022,M,1.0,ansur2_2012,204.0,168.0,608.0,123.0,124.0,25.0,73.5,156.0,361.0,30
ANSUR2-M-28023,M,1.0,ansur2_2012,191.0,163.0,565.0,121.0,126.0,23.0,63.5,148.0,335.0,40
ANSUR2-M-28025,M,1.0,ansur2_2012,210.0,164.0,594.0,138.0,137.0,28.0,72.5,154.0,355.0,30
ANSUR2-M-28026,M,1.0,ansur2_2012,195.0,157.0,570.0,132.0,130.0,24.0,67.0,146.0,336.0,20
ANSUR2-M-28027,M,1.0,ansur2_2012,194.0,149.0,550.0,130.0,120.0,22.0,65.0,131.0,304.0,22
ANSUR2-M-28028,M,1.0,ansur2_2012,202.0,156.0,585.0,130.0,126.0,20.0,70.0,153.0,366.0,42
ANSUR2-M-28029,M,1.0,ansur2_2012,201.0,146.0,566.0,117.0,117.0,16.0,66.5,133.0,343.0,26
ANSUR2-M-28035,M,1.0,ansur2_2012,197.0,156.0,571.0,127.0,127.0,22.0,63.0,134.0,326.0,41
ANSUR2-M-28037,M,1.0,ansur2_2012,199.0,150.0,564.0,123.0,118.0,23.0,63.5,140.0,349.0,43
ANSUR2-M-28038,M,1.0,ansur2_2012,198.0,146.0,561.0,128.0,111.0,20.0,63.0,129.0,313.0,25
ANSUR2-M-28039,M,1.0,ansur2_2012,196.0,159.0,568.0,135.0,121.0,29.0,66.0,157.0,340.0,23
ANSUR2-M-28040,M,1.0,ansur2_2012,194.0,160.0,558.0,125.0,120.0,23.0,69.0,150.0,330.0,30
ANSUR2-M-28041,M,1.0,ansur2_2012,193.0,149.0,557.0,128.0,120.0,21.0,66.5,148.0,316.0,49
ANSUR2-M-28042,M,1.0,ansur2_2012,204.0,155.0,583.0,111.0,125.0,24.0,63.5,148.0,340.0,50
ANSUR2-M-28043,M,1.0,ansur2_2012,192.0,153.0,550.0,119.0,114.0,24.0,63.0,139.0,328.0,52
ANSUR2-M-28044,M,1.0,ansur2_2012,194.0,153.0,568.0,133.0,123.0,19.0,66.0,145.0,335.0,32
ANSUR2-M-28045,M,1.0,ansur2_2012,189.0,158.0,558.0,130.0,118.0,23.0,68.5,149.0,317.0,36
ANSUR2-M-28046,M,1.0,ansur2_2012,202.0,151.0,584.0,128.0,125.0,18.0,67.5,148.0,341.0,35
ANSUR2-M-28048,M,1.0,ansur2_2012,196.0,150.0,569.0,132.0,117.0,15.0,69.5,138.0,323.0,38
ANSUR2-M-28050,M,1.0,ansur2_2012,195.0,155.0,573.0,127.0,124.0,25.0,66.5,144.0,311.0,22
ANSUR2-M-28051,M,1.0,ansur2_2012,196.0,149.0,565.0,125.0,114.0,22.0,70.0,145.0,330.0,50
ANSUR2-M-28052,M,1.0,ansur2_2012,181.0,168.0,560.0,130.0,115.0,22.0,67.5,147.0,335.0,39
ANSUR2-M-28053,M,1.0,ansur2_2012,202.0,150.0,577.0,124.0,114.0,19.0,63.0,146.0,345.0,26
ANSUR2-M-28054,M,1.0,ansur2_2012,195.0,153.0,563.0,135.0,134.0,20.0,74.0,145.0,327.0,28
ANSUR2-M-28056,M,1.0,ansur2_2012,196.0,157.0,577.0,130.0,125.0,19.0,70.5,145.0,359.0,40
ANSUR2-M-28057,M,1.0,ansur2_2012,195.0,152.0,560.0,122.0,128.0,19.0,71.0,146.0,329.0,56
ANSUR2-M-28058,M,1.0,ansur2_2012,199.0,158.0,576.0,126.0,124.0,26.0,68.5,140.0,316.0,56
ANSUR2-M-28059,M,1.0,ansur2_2012,194.0,148.0,560.0,129.0,123.0,24.0,64.0,134.0,327.0,49
ANSUR2-M-28060,M,1.0,ansur2_2012,204.0,153.0,576.0,129.0,120.0,28.0,55.0,144.0,342.0,31
ANSUR2-M-28061,M,1.0,ansur2_2012,197.0,163.0,566.0,135.0,119.0,20.0,64.5,143.0,334.0,48
ANSUR2-M-28062,M,1.0,ansur2_2012,198.0,152.0,575.0,131.0,117.0,25.0,67.0,138.0,346.0,24
ANSUR2-M-28065,M,1.0,ansur2_2012,198.0,155.0,570.0,138.0,118.0,22.0,63.5,143.0,331.0,22
ANSUR2-M-28066,M,1.0,ansur2_2012,210.0,150.0,583.0,131.0,137.0,21.0,69.0,149.0,353.0,37
ANSUR2-M-28067,M,1.0,ansur2_2012,198.0,147.0,559.0,122.0,131.0,21.0,60.5,139.0,350.0,51
ANSUR2-M-28069,M,1.0,ansur2_2012,199.0,156.0,575.0,144.0,130.0,20.0,61.0,138.0,304.0,21
ANSUR2-M-28073,M,1.0,ansur2_2012,195.0,153.0,565.0,130.0,121.0,24.0,61.0,145.0,357.0,26
ANSUR2-M-28074,M,1.0,ansur2_2012,191.0,150.0,558.0,137.0,125.0,22.0,62.0,139.0,315.0,21
ANSUR2-M-28075,M,1.0,ansur2_2012,204.0,160.0,595.0,131.0,126.0,24.0,67.5,152.0,350.0,33
ANSUR2-M-28076,M,1.0,ansur2_2012,190.0,147.0,546.0,126.0,126.0,22.0,59.5,140.0,318.0,25
ANSUR2-M-28077,M,1.0,ansur2_2012,206.0,153.0,580.0,133.0,140.0,18.0,64.5,145.0,346.0,39
ANSUR2-M-28078,M,1.0,ansur2_2012,204.0,163.0,593.0,136.0,123.0,21.0,66.5,145.0,326.0,19
ANSUR2-M-28080,M,1.0,ansur2_2012,204.0,158.0,581.0,132.0,120.0,22.0,69.5,144.0,323.0,20
ANSUR2-M-28082,M,1.0,ansur2_2012,206.0,163.0,595.0,133.0,129.0,18.0,70.0,154.0,350.0,26
ANSUR2-M-28083,M,1.0,ansur2_2012,204.0,155.0,576.0,130.0,127.0,29.0,69.5,150.0,340.0,46
ANSUR2-M-28084,M,1.0,ansur2_2012,198.0,160.0,579.0,132.0,139.0,29.0,66.5,145.0,343.0,22
ANSUR2-M-28085,M,1.0,ansur2_2012,200.0,157.0,570.0,142.0,122.0,20.0,66.0,145.0,325.0,27
ANSUR2-M-28100,M,1.0,ansur2_2012,192.0,161.0,570.0,136.0,128.0,24.0,69.5,154.0,347.0,42
ANSUR2-M-28102,M,1.0,ansur2_2012,199.0,158.0,581.0,116.0,123.0,22.0,65.0,150.0,355.0,23
ANSUR2-M-28103,M,1.0,ansur2_2012,189.0,155.0,556.0,129.0,122.0,24.0,64.0,135.0,324.0,25
ANSUR2-M-28104,M,1.0,ansur2_2012,202.0,155.0,587.0,132.0,129.0,21.0,68.0,145.0,341.0,48
ANSUR2-M-28105,M,1.0,ansur2_2012,194.0,140.0,540.0,110.0,115.0,30.0,60.0,133.0,315.0,42
ANSUR2-M-28106,M,1.0,ansur2_2012,195.0,159.0,573.0,132.0,120.0,22.0,63.5,150.0,319.0,22
ANSUR2-M-28108,M,1.0,ansur2_2012,202.0,161.0,581.0,132.0,125.0,18.0,67.5,141.0,338.0,52
ANSUR2-M-28109,M,1.0,ansur2_2012,208.0,159.0,593.0,139.0,125.0,19.0,64.0,147.0,327.0,32
ANSUR2-M-28110,M,1.0,ansur2_2012,203.0,153.0,578.0,132.0,132.0,21.0,70.0,143.0,327.0,31
ANSUR2-M-28111,M,1.0,ansur2_2012,195.0,158.0,574.0,139.0,127.0,21.0,67.0,149.0,351.0,41
ANSUR2-M-28113,M,1.0,ansur2_2012,210.0,162.0,588.0,132.0,132.0,22.0,59.5,154.0,365.0,29
ANSUR2-M-28114,M,1.0,ansur2_2012,192.0,147.0,554.0,127.0,131.0,21.0,60.5,146.0,347.0,31
ANSUR2-M-28115,M,1.0,ansur2_2012,192.0,150.0,557.0,117.0,124.0,24.0,65.5,143.0,321.0,19
ANSUR2-M-28116,M,1.0,ansur2_2012,202.0,152.0,575.0,136.0,125.0,26.0,63.5,135.0,313.0,20
ANSUR2-M-28117,M,1.0,ansur2_2012,202.0,158.0,583.0,136.0,130.0,27.0,63.5,145.0,332.0,23
ANSUR2-M-28118,M,1.0,ansur2_2012,186.0,148.0,543.0,123.0,116.0,20.0,58.5,141.0,316.0,25
ANSUR2-M-28120,M,1.0,ansur2_2012,214.0,150.0,598.0,142.0,128.0,21.0,65.0,137.0,338.0,29
ANSUR2-M-28121,M,1.0,ansur2_2012,199.0,153.0,575.0,131.0,136.0,24.0,70.0,147.0,347.0,21
ANSUR2-M-28122,M,1.0,ansur2_2012,210.0,152.0,581.0,134.0,117.0,24.0,65.0,143.0,334.0,25
ANSUR2-M-28123,M,1.0,ansur2_2012,200.0,156.0,586.0,133.0,132.0,16.0,64.5,157.0,356.0,26
ANSUR2-M-28124,M,1.0,ansur2_2012,203.0,165.0,598.0,140.0,120.0,26.0,70.0,153.0,334.0,23
ANSUR2-M-28125,M,1.0,ansur2_2012,195.0,151.0,558.0,136.0,127.0,27.0,67.5,146.0,341.0,28
ANSUR2-M-28128,M,1.0,ansur2_2012,205.0,167.0,599.0,127.0,112.0,24.0,70.5,160.0,341.0,37
ANSUR2-M-28129,M,1.0,ansur2_2012,198.0,138.0,558.0,127.0,113.0,20.0,62.5,130.0,317.0,30
ANSUR2-M-28130,M,1.0,ansur2_2012,206.0,153.0,588.0,140.0,124.0,23.0,64.0,150.0,335.0,31
ANSUR2-M-28131,M,1.0,ansur2_2012,200.0,143.0,561.0,126.0,124.0,22.0,63.0,138.0,323.0,34
ANSUR2-M-28133,M,1.0,ansur2_2012,199.0,154.0,574.0,124.0,119.0,25.0,63.0,143.0,326.0,20
ANSUR2-M-28135,M,1.0,ansur2_2012,204.0,155.0,581.0,130.0,124.0,24.0,57.0,141.0,341.0,31
ANSUR2-M-28136,M,1.0,ansur2_2012,205.0,155.0,585.0,124.0,125.0,23.0,60.5,151.0,318.0,33
ANSUR2-M-28139,M,1.0,ansur2_2012,210.0,152.0,592.0,139.0,132.0,24.0,65.0,149.0,333.0,42
ANSUR2-M-28140,M,1.0,ansur2_2012,203.0,158.0,581.0,133.0,113.0,25.0,68.0,148.0,327.0,24
ANSUR2-M-28142,M,1.0,ansur2_2012,197.0,166.0,578.0,128.0,114.0,25.0,65.0,155.0,339.0,32
ANSUR2-M-28145,M,1.0,ansur2_2012,197.0,153.0,568.0,125.0,110.0,21.0,62.5,141.0,323.0,32
ANSUR2-M-28146,M,1.0,ansur2_2012,180.0,153.0,546.0,120.0,122.0,22.0,65.5,145.0,350.0,36
ANSUR2-M-28147,M,1.0,ansur2_2012,192.0,153.0,556.0,125.0,121.0,29.0,62.0,142.0,314.0,21
ANSUR2-M-28149,M,1.0,ansur2_2012,208.0,168.0,600.0,139.0,124.0,23.0,69.5,150.0,341.0,21
ANSUR2-M-28150,M,1.0,ansur2_2012,195.0,162.0,573.0,133.0,124.0,24.0,68.0,150.0,333.0,21
ANSUR2-M-28151,M,1.0,ansur2_2012,206.0,160.0,590.0,132.0,122.0,23.0,68.0,145.0,329.0,26
ANSUR2-M-28152,M,1.0,ansur2_2012,192.0,145.0,553.0,121.0,112.0,24.0,59.5,130.0,309.0,30
ANSUR2-M-28184,M,1.0,ansur2_2012,196.0,152.0,563.0,133.0,121.0,21.0,67.0,137.0,312.0,22
ANSUR2-M-28185,M,1.0,ansur2_2012,207.0,153.0,587.0,132.0,121.0,25.0,65.0,137.0,337.0,21
ANSUR2-M-28186,M,1.0,ansur2_2012,190.0,153.0,550.0,126.0,119.0,18.0,59.0,135.0,287.0,21
ANSUR2-M-28188,M,1.0,ansur2_2012,197.0,149.0,560.0,123.0,123.0,20.0,61.5,136.0,330.0,26
ANSUR2-M-28190,M,1.0,ansur2_2012,213.0,173.0,622.0,134.0,117.0,25.0,71.5,154.0,339.0,22
ANSUR2-M-28192,M,1.0,ansur2_2012,198.0,144.0,553.0,128.0,117.0,22.0,62.5,135.0,329.0,19
ANSUR2-M-28196,M,1.0,ansur2_2012,193.0,154.0,560.0,128.0,127.0,28.0,64.0,152.0,341.0,30
ANSUR2-M-28198,M,1.0,ansur2_2012,199.0,154.0,570.0,135.0,125.0,23.0,70.5,145.0,329.0,24
ANSUR2-M-28200,M,1.0,ansur2_2012,200.0,153.0,566.0,124.0,123.0,24.0,60.5,139.0,330.0,30
ANSUR2-M-28201,M,1.0,ansur2_2012,198.0,153.0,567.0,134.0,117.0,20.0,63.0,141.0,337.0,18
ANSUR2-M-28202,M,1.0,ansur2_2012,195.0,151.0,556.0,135.0,125.0,25.0,61.0,140.0,320.0,35
ANSUR2-M-28205,M,1.0,ansur2_2012,205.0,155.0,580.0,125.0,125.0,29.0,68.0,150.0,328.0,25
ANSUR2-M-28206,M,1.0,ansur2_2012,200.0,156.0,573.0,133.0,124.0,23.0,67.5,145.0,329.0,20
ANSUR2-M-28207,M,1.0,ansur2_2012,210.0,159.0,600.0,131.0,123.0,25.0,63.5,145.0,335.0,27
ANSUR2-M-28208,M,1.0,ansur2_2012,205.0,160.0,593.0,130.0,119.0,22.0,64.5,150.0,330.0,19
ANSUR2-M-28209,M,1.0,ansur2_2012,200.0,152.0,568.0,132.0,117.0,20.0,66.5,140.0,317.0,26
ANSUR2-M-28210,M,1.0,ansur2_2012,195.0,144.0,544.0,136.0,124.0,19.0,61.5,140.0,330.0,33
ANSUR2-M-28213,M,1.0,ansur2_2012,206.0,150.0,573.0,138.0,118.0,23.0,63.5,135.0,325.0,31
ANSUR2-M-28214,M,1.0,ansur2_2012,189.0,151.0,555.0,132.0,114.0,17.0,60.0,140.0,321.0,26
ANSUR2-M-28215,M,1.0,ansur2_2012,203.0,156.0,580.0,125.0,130.0,22.0,67.5,144.0,341.0,27
ANSUR2-M-28219,M,1.0,ansur2_2012,193.0,160.0,572.0,139.0,131.0,19.0,63.0,149.0,340.0,29
ANSUR2-M-28220,M,1.0,ansur2_2012,199.0,149.0,572.0,130.0,132.0,24.0,66.0,141.0,331.0,37
ANSUR2-M-28222,M,1.0,ansur2_2012,198.0,157.0,574.0,132.0,135.0,22.0,64.5,153.0,336.0,43
ANSUR2-M-28224,M,1.0,ansur2_2012,190.0,161.0,564.0,129.0,122.0,29.0,67.0,148.0,331.0,34
ANSUR2-M-28231,M,1.0,ansur2_2012,201.0,157.0,578.0,133.0,121.0,26.0,64.0,148.0,350.0,47
ANSUR2-M-28235,M,1.0,ansur2_2012,204.0,160.0,585.0,126.0,127.0,30.0,67.5,150.0,330.0,42
ANSUR2-M-28237,M,1.0,ansur2_2012,201.0,155.0,587.0,133.0,119.0,21.0,63.0,144.0,340.0,47
ANSUR2-M-28314,M,1.0,ansur2_2012,201.0,152.0,572.0,129.0,133.0,24.0,66.0,143.0,352.0,20
ANSUR2-M-28316,M,1.0,ansur2_2012,200.0,151.0,573.0,131.0,122.0,16.0,63.5,134.0,330.0,25
ANSUR2-M-28317,M,1.0,ansur2_2012,202.0,157.0,577.0,133.0,131.0,23.0,64.5,141.0,336.0,23
ANSUR2-M-28319,M,1.0,ansur2_2012,200.0,155.0,583.0,133.0,136.0,18.0,63.0,141.0,350.0,40
ANSUR2-M-28320,M,1.0,ansur2_2012,204.0,158.0,583.0,134.0,128.0,25.0,61.5,141.0,335.0,30
ANSUR2-M-28321,M,1.0,ansur2_2012,215.0,160.0,607.0,137.0,129.0,27.0,68.5,144.0,338.0,40
ANSUR2-M-28322,M,1.0,ansur2_2012,198.0,154.0,570.0,132.0,127.0,22.0,65.5,148.0,336.0,27
ANSUR2-M-28323,M,1.0,ansur2_2012,195.0,162.0,576.0,135.0,121.0,20.0,63.0,147.0,317.0,43
ANSUR2-M-28324,M,1.0,ansur2_2012,194.0,157.0,575.0,129.0,118.0,30.0,64.0,148.0,340.0,55
ANSUR2-M-28325,M,1.0,ansur2_2012,199.0,156.0,583.0,121.0,110.0,23.0,68.5,146.0,330.0,24
ANSUR2-M-28326,M,1.0,ansur2_2012,208.0,161.0,601.0,132.0,124.0,20.0,66.0,150.0,335.0,50
ANSUR2-M-28327,M,1.0,ansur2_2012,204.0,154.0,585.0,127.0,126.0,21.0,71.0,147.0,351.0,57
ANSUR2-M-28328,M,1.0,ansur2_2012,199.0,149.0,564.0,134.0,119.0,25.0,63.0,143.0,326.0,48
ANSUR2-M-28330,M,1.0,ansur2_2012,196.0,154.0,565.0,127.0,119.0,18.0,62.0,140.0,341.0,23
ANSUR2-M-28332,M,1.0,ansur2_2012,201.0,150.0,566.0,136.0,110.0,29.0,62.0,145.0,327.0,51
ANSUR2-M-28333,M,1.0,ansur2_2012,204.0,153.0,585.0,135.0,121.0,26.0,63.5,140.0,322.0,50
ANSUR2-M-28335,M,1.0,ansur2_2012,193.0,153.0,562.0,130.0,128.0,20.0,58.5,140.0,317.0,28
ANSUR2-M-28336,M,1.0,ansur2_2012,194.0,147.0,554.0,123.0,121.0,26.0,64.0,144.0,344.0,25
ANSUR2-M-28337,M,1.0,ansur2_2012,196.0,142.0,554.0,124.0,123.0,22.0,63.0,128.0,300.0,41
ANSUR2-M-28339,M,1.0,ansur2_2012,203.0,153.0,581.0,129.0,111.0,22.0,65.0,142.0,323.0,55
ANSUR2-M-28340,M,1.0,ansur2_2012,197.0,153.0,566.0,116.0,125.0,20.0,63.5,144.0,334.0,49
ANSUR2-M-28341,M,1.0,ansur2_2012,192.0,153.0,551.0,125.0,129.0,21.0,59.0,142.0,330.0,35
ANSUR2-M-28342,M,1.0,ansur2_2012,202.0,153.0,572.0,130.0,129.0,19.0,61.0,145.0,338.0,35
ANSUR2-M-28343,M,1.0,ansur2_2012,189.0,155.0,557.0,128.0,120.0,25.0,61.5,148.0,334.0,44
ANSUR2-M-28344,M,1.0,ansur2_2012,199.0,149.0,567.0,134.0,122.0,22.0,60.5,140.0,322.0,26
ANSUR2-M-28345,M,1.0,ansur2_2012,198.0,158.0,575.0,119.0,128.0,18.0,72.0,156.0,376.0,51
ANSUR2-M-28348,M,1.0,ansur2_2012,190.0,148.0,556.0,127.0,127.0,24.0,66.0,140.0,315.0,29
ANSUR2-M-28349,M,1.0,ansur2_2012,202.0,150.0,580.0,125.0,125.0,24.0,62.0,144.0,332.0,22
ANSUR2-M-28351,M,1.0,ansur2_2012,199.0,155.0,574.0,120.0,128.0,21.0,70.0,149.0,344.0,34
ANSUR2-M-28352,M,1.0,ansur2_2012,201.0,158.0,583.0,133.0,129.0,23.0,66.5,153.0,351.0,36
ANSUR2-M-28353,M,1.0,ansur2_2012,194.0,149.0,562.0,128.0,130.0,24.0,64.5,149.0,339.0,23
ANSUR2-M-28355,M,1.0,ansur2_2012,195.0,146.0,561.0,122.0,120.0,24.0,54.5,130.0,309.0,33
ANSUR2-M-28356,M,1.0,ansur2_2012,186.0,161.0,569.0,133.0,124.0,22.0,60.5,146.0,314.0,46
ANSUR2-M-28358,M,1.0,ansur2_2012,203.0,156.0,578.0,139.0,116.0,25.0,68.0,148.0,329.0,19
ANSUR2-M-28359,M,1.0,ansur2_2012,198.0,152.0,566.0,121.0,117.0,18.0,67.5,146.0,343.0,41
ANSUR2-M-28360,M,1.0,ansur2_2012,209.0,158.0,598.0,134.0,126.0,26.0,69.0,148.0,340.0,33
ANSUR2-M-28362,M,1.0,ansur2_2012,197.0,155.0,568.0,132.0,124.0,27.0,61.0,140.0,331.0,26
ANSUR2-M-28363,M,1.0,ansur2_2012,186.0,161.0,560.0,123.0,119.0,19.0,62.5,148.0,326.0,38
ANSUR2-M-28365,M,1.0,ansur2_2012,204.0,152.0,586.0,134.0,127.0,23.0,63.5,140.0,331.0,37
ANSUR2-M-28366,M,1.0,ansur2_2012,209.0,159.0,595.0,123.0,121.0,18.0,65.0,146.0,340.0,42
ANSUR2-M-28367,M,1.0,ansur2_2012,200.0,157.0,580.0,119.0,118.0,19.0,74.5,149.0,353.0,42
ANSUR2-M-28368,M,1.0,ansur2_2012,186.0,153.0,551.0,129.0,120.0,24.0,63.0,140.0,320.0,43
ANSUR2-M-28369,M,1.0,ansur2_2012,193.0,155.0,563.0,124.0,122.0,25.0,65.0,150.0,324.0,38
ANSUR2-M-28370,M,1.0,ansur2_2012,199.0,151.0,565.0,126.0,127.0,27.0,64.5,143.0,330.0,29
ANSUR2-M-28372,M,1.0,ansur2_2012,194.0,158.0,570.0,128.0,120.0,25.0,62.0,141.0,323.0,47
ANSUR2-M-28373,M,1.0,ansur2_2012,212.0,158.0,605.0,131.0,135.0,25.0,70.5,145.0,335.0,41
ANSUR2-M-28374,M,1.0,ansur2_2012,209.0,175.0,615.0,133.0,133.0,19.0,69.0,166.0,363.0,50
ANSUR2-M-28375,M,1.0,ansur2_2012,192.0,160.0,570.0,133.0,130.0,20.0,63.5,144.0,335.0,31
ANSUR2-M-28376,M,1.0,ansur2_2012,204.0,157.0,582.0,130.0,140.0,23.0,70.5,144.0,357.0,42
ANSUR2-M-28377,M,1.0,ansur2_2012,192.0,160.0,572.0,130.0,130.0,20.0,68.5,147.0,344.0,33
ANSUR2-M-28379,M,1.0,ansur2_2012,193.0,156.0,569.0,131.0,124.0,28.0,63.0,150.0,343.0,49
ANSUR2-M-28380,M,1.0,ansur2_2012,200.0,168.0,595.0,122.0,126.0,20.0,72.5,159.0,360.0,52
ANSUR2-M-28381,M,1.0,ansur2_2012,193.0,152.0,570.0,130.0,130.0,19.0,64.5,140.0,332.0,29
ANSUR2-M-28382,M,1.0,ansur2_2012,200.0,150.0,569.0,123.0,118.0,20.0,63.5,136.0,326.0,46
ANSUR2-M-28383,M,1.0,ansur2_2012,199.0,156.0,570.0,132.0,107.0,20.0,63.5,144.0,316.0,33
ANSUR2-M-28384,M,1.0,ansur2_2012,204.0,159.0,590.0,133.0,131.0,24.0,69.5,148.0,352.0,28
ANSUR2-M-28385,M,1.0,ansur2_2012,195.0,153.0,567.0,134.0,122.0,20.0,61.5,140.0,331.0,48
ANSUR2-M-28389,M,1.0,ansur2_2012,190.0,154.0,557.0,124.0,121.0,15.0,61.5,138.0,316.0,36
ANSUR2-M-28390,M,1.0,ansur2_2012,193.0,151.0,557.0,127.0,137.0,26.0,68.0,148.0,342.0,53
ANSUR2-M-28391,M,1.0,ansur2_2012,200.0,155.0,575.0,126.0,125.0,21.0,64.5,145.0,354.0,36
ANSUR2-M-28392,M,1.0,ansur2_2012,200.0,160.0,580.0,125.0,127.0,22.0,64.0,143.0,343.0,39
ANSUR2-M-28393,M,1.0,ansur2_2012,201.0,165.0,585.0,133.0,133.0,23.0,67.0,155.0,345.0,47
ANSUR2-M-28394,M,1.0,ansur2_2012,200.0,152.0,567.0,137.0,122.0,23.0,61.5,136.0,316.0,21
ANSUR2-M-28395,M,1.0,ansur2_2012,197.0,150.0,570.0,134.0,116.0,24.0,61.5,138.0,306.0,20
ANSUR2-M-28396,M,1.0,ansur2_2012,193.0,149.0,547.0,127.0,120.0,20.0,61.0,138.0,321.0,29
ANSUR2-M-28398,M,1.0,ansur2_2012,188.0,148.0,543.0,127.0,111.0,23.0,57.0,134.0,318.0,43
ANSUR2-M-28399,M,1.0,ansur2_2012,195.0,151.0,565.0,129.0,131.0,25.0,64.0,149.0,330.0,29
ANSUR2-M-28400,M,1.0,ansur2_2012,198.0,166.0,585.0,130.0,126.0,26.0,66.0,157.0,356.0,44
ANSUR2-M-28401,M,1.0,ansur2_2012,210.0,152.0,592.0,134.0,133.0,23.0,67.0,146.0,336.0,55
ANSUR2-M-28404,M,1.0,ansur2_2012,196.0,146.0,556.0,120.0,118.0,20.0,61.5,140.0,346.0,40
ANSUR2-M-28405,M,1.0,ansur2_2012,200.0,157.0,568.0,136.0,119.0,22.0,60.0,141.0,315.0,30
ANSUR2-M-28406,M,1.0,ansur2_2012,193.0,146.0,552.0,129.0,124.0,19.0,63.5,133.0,342.0,31
ANSUR2-M-28408,M,1.0,ansur2_2012,203.0,155.0,581.0,133.0,119.0,22.0,61.0,139.0,322.0,27
ANSUR2-M-28410,M,1.0,ansur2_2012,188.0,155.0,552.0,121.0,121.0,21.0,63.0,146.0,341.0,40
ANSUR2-M-28411,M,1.0,ansur2_2012,194.0,154.0,567.0,131.0,112.0,25.0,65.5,145.0,324.0,29
ANSUR2-M-28413,M,1.0,ansur2_2012,186.0,158.0,561.0,131.0,130.0,20.0,67.0,150.0,350.0,25
ANSUR2-M-28414,M,1.0,ansur2_2012,191.0,151.0,542.0,126.0,120.0,20.0,59.5,138.0,310.0,32
ANSUR2-M-28416,M,1.0,ansur2_2012,206.0,165.0,600.0,133.0,130.0,22.0,68.0,155.0,334.0,24
ANSUR2-M-28419,M,1.0,ansur2_2012,200.0,156.0,575.0,129.0,126.0,19.0,67.5,148.0,360.0,42
ANSUR2-M-28420,M,1.0,ansur2_2012,182.0,143.0,534.0,132.0,120.0,27.0,64.0,141.0,319.0,44
ANSUR2-M-28421,M,1.0,ansur2_2012,208.0,159.0,600.0,137.0,129.0,23.0,63.0,148.0,344.0,30
ANSUR2-M-28422,M,1.0,ansur2_2012,195.0,147.0,553.0,124.0,122.0,22.0,59.0,142.0,326.0,31
ANSUR2-M-28423,M,1.0,ansur2_2012,202.0,157.0,580.0,130.0,129.0,27.0,66.5,152.0,332.0,19
ANSUR2-M-28424,M,1.0,ansur2_2012,203.0,155.0,574.0,126.0,125.0,24.0,63.5,144.0,325.0,32
ANSUR2-M-28425,M,1.0,ansur2_2012,213.0,164.0,615.0,140.0,123.0,23.0,65.0,153.0,336.0,24
ANSUR2-M-28427,M,1.0,ansur2_2012,193.0,142.0,538.0,121.0,120.0,22.0,60.0,132.0,317.0,32
ANSUR2-M-28428,M,1.0,ansur2_2012,191.0,140.0,540.0,124.0,130.0,19.0,62.5,128.0,322.0,26
ANSUR2-M-28429,M,1.0,ansur2_2012,200.0,162.0,580.0,134.0,123.0,21.0,62.5,145.0,332.0,19
ANSUR2-M-28431,M,1.0,ansur2_2012,206.0,158.0,584.0,125.0,117.0,21.0,66.0,145.0,346.0,32
ANSUR2-M-28432,M,1.0,ansur2_2012,200.0,150.0,562.0,125.0,120.0,24.0,63.5,145.0,325.0,27
ANSUR2-M-28433,M,1.0,ansur2_2012,198.0,151.0,567.0,128.0,131.0,25.0,62.0,141.0,335.0,34
ANSUR2-M-28435,M,1.0,ansur2_2012,205.0,154.0,575.0,127.0,124.0,22.0,63.5,135.0,329.0,53
ANSUR2-M-28437,M,1.0,ansur2_2012,199.0,164.0,582.0,130.0,136.0,23.0,59.5,158.0,356.0,30
ANSUR2-M-28438,M,1.0,ansur2_2012,190.0,168.0,572.0,137.0,120.0,21.0,66.5,158.0,324.0,28
ANSUR2-M-28439,M,1.0,ansur2_2012,197.0,141.0,555.0,130.0,114.0,30.0,56.0,135.0,332.0,26
ANSUR2-M-28440,M,1.0,ansur2_2012,195.0,148.0,568.0,132.0,125.0,25.0,64.0,139.0,337.0,35
ANSUR2-M-28443,M,1.0,ansur2_2012,202.0,146.0,568.0,125.0,122.0,21.0,60.0,135.0,317.0,20
ANSUR2-M-28448,M,1.0,ansur2_2012,200.0,156.0,573.0,131.0,118.0,21.0,66.5,140.0,318.0,21
ANSUR2-M-28449,M,1.0,ansur2_2012,201.0,150.0,567.0,129.0,119.0,26.0,64.0,130.0,336.0,19
ANSUR2-M-28450,M,1.0,ansur2_2012,185.0,144.0,530.0,123.0,123.0,23.0,60.5,138.0,322.0,22
ANSUR2-M-28451,M,1.0,ansur2_2012,194.0,153.0,567.0,132.0,131.0,22.0,64.0,140.0,331.0,21
ANSUR2-M-28454,M,1.0,ansur2_2012,194.0,159.0,576.0,134.0,129.0,30.0,66.5,144.0,353.0,49
ANSUR2-M-28456,M,1.0,ansur2_2012,198.0,144.0,560.0,130.0,116.0,21.0,62.5,135.0,325.0,25
ANSUR2-M-28458,M,1.0,ansur2_2012,211.0,165.0,608.0,128.0,123.0,18.0,72.5,158.0,369.0,50
ANSUR2-M-28459,M,1.0,ansur2_2012,202.0,160.0,587.0,135.0,129.0,20.0,67.5,156.0,347.0,31
ANSUR2-M-28460,M,1.0,ansur2_2012,200.0,154.0,572.0,132.0,122.0,20.0,62.5,141.0,326.0,20
ANSUR2-M-28461,M,1.0,ansur2_2012,198.0,158.0,567.0,134.0,122.0,18.0,60.0,152.0,342.0,23
ANSUR2-M-28463,M,1.0,ansur2_2012,193.0,149.0,555.0,132.0,121.0,22.0,63.5,134.0,324.0,28
ANSUR2-M-28464,M,1.0,ansur2_2012,209.0,160.0,603.0,143.0,145.0,15.0,70.0,145.0,335.0,28
ANSUR2-M-28466,M,1.0,ansur2_2012,207.0,155.0,588.0,125.0,132.0,26.0,65.0,146.0,333.0,29
ANSUR2-M-28469,M,1.0,ansur2_2012,213.0,151.0,588.0,138.0,141.0,16.0,67.5,143.0,350.0,27
ANSUR2-M-28470,M,1.0,ansur2_2012,214.0,153.0,600.0,133.0,120.0,20.0,69.0,143.0,345.0,46
ANSUR2-M-28471,M,1.0,ansur2_2012,199.0,146.0,563.0,131.0,137.0,22.0,68.5,138.0,341.0,46
ANSUR2-M-28472,M,1.0,ansur2_2012,200.0,155.0,581.0,131.0,126.0,27.0,64.5,136.0,321.0,21
ANSUR2-M-28473,M,1.0,ansur2_2012,201.0,152.0,566.0,136.0,118.0,24.0,62.5,136.0,308.0,21
ANSUR2-M-28474,M,1.0,ansur2_2012,198.0,156.0,577.0,129.0,126.0,21.0,74.0,148.0,353.0,25
ANSUR2-M-28476,M,1.0,ansur2_2012,202.0,158.0,578.0,133.0,131.0,21.0,63.5,146.0,329.0,29
ANSUR2-M-28477,M,1.0,ansur2_2012,196.0,157.0,575.0,128.0,133.0,30.0,67.5,149.0,338.0,47
ANSUR2-M-28478,M,1.0,ansur2_2012,193.0,145.0,548.0,115.0,120.0,26.0,56.0,136.0,311.0,25
ANSUR2-M-28479,M,1.0,ansur2_2012,188.0,158.0,559.0,131.0,110.0,26.0,63.0,155.0,334.0,23
ANSUR2-M-28480,M,1.0,ansur2_2012,197.0,159.0,576.0,130.0,121.0,25.0,67.5,140.0,332.0,24
ANSUR2-M-28483,M,1.0,ansur2_2012,199.0,155.0,574.0,123.0,123.0,23.0,63.5,144.0,334.0,31
ANSUR2-M-28484,M,1.0,ansur2_2012,195.0,148.0,550.0,131.0,121.0,24.0,67.5,144.0,336.0,23
ANSUR2-M-28485,M,1.0,ansur2_2012,205.0,152.0,579.0,138.0,121.0,25.0,68.0,141.0,321.0,36
ANSUR2-M-28486,M,1.0,ansur2_2012,205.0,156.0,585.0,139.0,132.0,24.0,70.5,145.0,346.0,38
ANSUR2-M-28488,M,1.0,ansur2_2012,190.0,153.0,558.0,130.0,123.0,21.0,62.0,138.0,328.0,22
ANSUR2-M-28489,M,1.0,ansur2_2012,198.0,160.0,586.0,123.0,133.0,20.0,61.5,144.0,330.0,31
ANSUR2-M-28490,M,1.0,ansur2_2012,200.0,162.0,581.0,138.0,116.0,26.0,61.0,147.0,326.0,28
ANSUR2-M-28491,M,1.0,ansur2_2012,198.0,157.0,577.0,131.0,120.0,19.0,65.5,145.0,336.0,20
ANSUR2-M-28492,M,1.0,ansur2_2012,203.0,154.0,581.0,125.0,129.0,20.0,73.5,139.0,329.0,21
ANSUR2-M-28493,M,1.0,ansur2_2012,207.0,160.0,591.0,136.0,115.0,20.0,62.5,149.0,339.0,23
ANSUR2-M-28495,M,1.0,ansur2_2012,200.0,154.0,567.0,134.0,120.0,21.0,66.0,141.0,322.0,20
ANSUR2-M-28496,M,1.0,ansur2_2012,200.0,155.0,572.0,125.0,125.0,24.0,61.5,142.0,330.0,21
ANSUR2-M-28497,M,1.0,ansur2_2012,193.0,153.0,555.0,125.0,110.0,21.0,55.0,140.0,326.0,52
ANSUR2-M-28498,M,1.0,ansur2_2012,188.0,153.0,550.0,128.0,122.0,24.0,65.0,142.0,326.0,25
ANSUR2-M-28526,M,1.0,ansur2_2012,205.0,148.0,582.0,127.0,114.0,18.0,63.5,142.0,321.0,31
ANSUR2-M-28527,M,1.0,ansur2_2012,186.0,141.0,534.0,122.0,122.0,23.0,62.0,134.0,310.0,48
ANSUR2-M-28528,M,1.0,ansur2_2012,195.0,155.0,574.0,122.0,119.0,23.0,63.0,144.0,337.0,47
ANSUR2-M-28529,M,1.0,ansur2_2012,203.0,155.0,575.0,124.0,123.0,20.0,70.5,149.0,325.0,45
ANSUR2-M-28530,M,1.0,ansur2_2012,197.0,159.0,574.0,129.0,114.0,20.0,64.0,147.0,325.0,47
ANSUR2-M-28532,M,1.0,ansur2_2012,198.0,163.0,570.0,142.0,129.0,20.0,66.5,146.0,346.0,42
ANSUR2-M-28533,M,1.0,ansur2_2012,191.0,151.0,548.0,124.0,105.0,24.0,62.0,140.0,312.0,38
ANSUR2-M-28534,M,1.0,ansur2_2012,199.0,156.0,582.0,137.0,130.0,24.0,62.0,145.0,336.0,39
ANSUR2-M-28535,M,1.0,ansur2_2012,192.0,154.0,560.0,123.0,113.0,22.0,59.0,139.0,320.0,41
ANSUR2-M-28536,M,1.0,ansur2_2012,199.0,143.0,560.0,124.0,119.0,19.0,60.0,131.0,324.0,45
ANSUR2-M-28538,M,1.0,ansur2_2012,195.0,159.0,570.0,123.0,118.0,20.0,62.0,148.0,341.0,49
ANSUR2-M-28539,M,1.0,ansur2_2012,218.0,166.0,625.0,146.0,126.0,16.0,73.0,158.0,348.0,51
ANSUR2-M-28540,M,1.0,ansur2_2012,206.0,153.0,580.0,132.0,131.0,22.0,68.0,144.0,340.0,50
ANSUR2-M-28541,M,1.0,ansur2_2012,196.0,153.0,569.0,132.0,121.0,21.0,65.5,146.0,336.0,32
ANSUR2-M-28542,M,1.0,ansur2_2012,189.0,153.0,543.0,114.0,125.0,24.0,61.5,141.0,316.0,55
ANSUR2-M-28543,M,1.0,ansur2_2012,201.0,158.0,585.0,130.0,132.0,21.0,70.5,151.0,352.0,56
ANSUR2-M-28544,M,1.0,ansur2_2012,201.0,150.0,565.0,128.0,128.0,17.0,67.0,140.0,360.0,55
ANSUR2-M-28546,M,1.0,ansur2_2012,195.0,142.0,553.0,128.0,121.0,22.0,60.5,139.0,337.0,45
ANSUR2-M-28547,M,1.0,ansur2_2012,191.0,150.0,560.0,126.0,116.0,24.0,65.5,141.0,346.0,58
ANSUR2-M-28549,M,1.0,ansur2_2012,199.0,149.0,556.0,129.0,122.0,17.0,65.5,138.0,328.0,37
ANSUR2-M-28551,M,1.0,ansur2_2012,203.0,157.0,581.0,126.0,117.0,17.0,68.0,148.0,340.0,41
ANSUR2-M-28552,M,1.0,ansur2_2012,194.0,160.0,569.0,133.0,119.0,17.0,64.0,144.0,336.0,47
ANSUR2-M-28554,M,1.0,ansur2_2012,197.0,162.0,591.0,133.0,107.0,26.0,70.0,152.0,317.0,24
ANSUR2-M-28555,M,1.0,ansur2_2012,200.0,154.0,578.0,120.0,125.0,24.0,61.5,143.0,332.0,42
ANSUR2-M-28556,M,1.0,ansur2_2012,197.0,148.0,560.0,126.0,116.0,25.0,65.5,142.0,312.0,38
ANSUR2-M-28558,M,1.0,ansur2_2012,201.0,166.0,588.0,130.0,125.0,21.0,67.0,148.0,330.0,30
ANSUR2-M-28559,M,1.0,ansur2_2012,202.0,146.0,571.0,127.0,122.0,18.0,63.5,140.0,342.0,37
ANSUR2-M-28575,M,1.0,ansur2_2012,188.0,148.0,535.0,117.0,112.0,22.0,58.0,133.0,318.0,21
ANSUR2-M-28576,M,1.0,ansur2_2012,220.0,154.0,610.0,140.0,148.0,20.0,67.0,145.0,330.0,27
ANSUR2-M-28577,M,1.0,ansur2_2012,205.0,153.0,583.0,144.0,123.0,19.0,63.0,145.0,340.0,27
ANSUR2-M-28578,M,1.0,ansur2_2012,205.0,154.0,585.0,126.0,124.0,30.0,64.5,149.0,344.0,42
ANSUR2-M-28580,M,1.0,ansur2_2012,198.0,151.0,555.0,127.0,123.0,18.0,62.0,140.0,330.0,21
ANSUR2-M-28582,M,1.0,ansur2_2012,199.0,150.0,560.0,125.0,132.0,26.0,67.5,144.0,333.0,39
ANSUR2-M-28585,M,1.0,ansur2_2012,203.0,160.0,580.0,127.0,121.0,20.0,63.5,141.0,320.0,26
ANSUR2-M-28586,M,1.0,ansur2_2012,204.0,153.0,575.0,126.0,127.0,25.0,57.5,142.0,339.0,23
ANSUR2-M-28587,M,1.0,ansur2_2012,201.0,156.0,582.0,135.0,118.0,19.0,61.0,141.0,337.0,34
ANSUR2-M-28617,M,1.0,ansur2_2012,210.0,152.0,588.0,133.0,133.0,21.0,65.0,142.0,326.0,28
ANSUR2-M-28618,M,1.0,ansur2_2012,199.0,141.0,559.0,127.0,111.0,20.0,59.5,136.0,330.0,38
ANSUR2-M-28620,M,1.0,ansur2_2012,200.0,150.0,575.0,125.0,116.0,26.0,63.0,146.0,326.0,29
ANSUR2-M-28621,M,1.0,ansur2_2012,192.0,146.0,547.0,125.0,124.0,23.0,63.0,138.0,345.0,47
ANSUR2-M-28622,M,1.0,ansur2_2012,197.0,143.0,557.0,130.0,115.0,21.0,61.0,139.0,335.0,25
ANSUR2-M-28623,M,1.0,ansur2_2012,202.0,154.0,574.0,129.0,116.0,21.0,64.0,145.0,326.0,56
ANSUR2-M-28624,M,1.0,ansur2_2012,197.0,153.0,574.0,126.0,117.0,24.0,64.0,145.0,332.0,27
ANSUR2-M-28626,M,1.0,ansur2_2012,194.0,150.0,565.0,133.0,116.0,19.0,60.5,138.0,312.0,32
ANSUR2-M-28627,M,1.0,ansur2_2012,202.0,146.0,565.0,142.0,125.0,25.0,61.0,138.0,332.0,41
ANSUR2-M-28628,M,1.0,ansur2_2012,215.0,162.0,612.0,142.0,120.0,22.0,67.5,154.0,351.0,26
ANSUR2-M-28629,M,1.0,ansur2_2012,192.0,150.0,536.0,125.0,112.0,22.0,60.5,139.0,320.0,30
ANSUR2-M-28630,M,1.0,ansur2_2012,204.0,159.0,590.0,134.0,115.0,22.0,64.5,149.0,325.0,27
ANSUR2-M-28631,M,1.0,ansur2_2012,207.0,158.0,585.0,130.0,125.0,20.0,62.0,145.0,326.0,39
ANSUR2-M-28632,M,1.0,ansur2_2012,201.0,159.0,580.0,131.0,112.0,20.0,65.5,146.0,351.0,32
ANSUR2-M-28633,M,1.0,ansur2_2012,207.0,150.0,592.0,139.0,134.0,20.0,70.0,145.0,369.0,41
ANSUR2-M-28634,M,1.0,ansur2_2012,200.0,152.0,575.0,126.0,123.0,17.0,64.5,149.0,351.0,38
ANSUR2-M-28635,M,1.0,ansur2_2012,200.0,162.0,595.0,130.0,114.0,23.0,64.5,147.0,347.0,41
ANSUR2-M-28639,M,1.0,ansur2_2012,199.0,150.0,568.0,128.0,120.0,22.0,60.5,128.0,313.0,22
ANSUR2-M-28640,M,1.0,ansur2_2012,195.0,161.0,575.0,124.0,121.0,24.0,68.5,151.0,331.0,40
ANSUR2-M-28641,M,1.0,ansur2_2012,205.0,157.0,585.0,128.0,124.0,20.0,67.5,154.0,350.0,41
ANSUR2-M-28642,M,1.0,ansur2_2012,195.0,166.0,585.0,128.0,120.0,18.0,66.0,145.0,346.0,43
ANSUR2-M-28643,M,1.0,ansur2_2012,190.0,160.0,573.0,135.0,124.0,24.0,63.0,153.0,343.0,35
ANSUR2-M-28644,M,1.0,ansur2_2012,193.0,153.0,560.0,131.0,115.0,21.0,65.0,140.0,299.0,49
ANSUR2-M-28646,M,1.0,ansur2_2012,196.0,158.0,571.0,119.0,129.0,20.0,70.5,150.0,344.0,41
ANSUR2-M-28647,M,1.0,ansur2_2012,202.0,162.0,592.0,133.0,114.0,26.0,65.0,141.0,327.0,37
ANSUR2-M-28648,M,1.0,ansur2_2012,191.0,154.0,557.0,121.0,114.0,22.0,70.0,140.0,330.0,31
ANSUR2-M-28652,M,1.0,ansur2_2012,190.0,160.0,565.0,126.0,127.0,30.0,67.0,142.0,326.0,24
ANSUR2-M-28653,M,1.0,ansur2_2012,207.0,154.0,587.0,144.0,123.0,20.0,57.5,143.0,318.0,26
ANSUR2-M-28654,M,1.0,ansur2_2012,201.0,154.0,592.0,122.0,117.0,23.0,65.5,147.0,355.0,42
ANSUR2-M-28655,M,1.0,ansur2_2012,196.0,152.0,569.0,133.0,121.0,20.0,62.0,140.0,341.0,23
ANSUR2-M-28656,M,1.0,ansur2_2012,198.0,155.0,577.0,135.0,115.0,20.0,68.0,147.0,341.0,39
ANSUR2-M-28657,M,1.0,ansur2_2012,213.0,152.0,600.0,132.0,123.0,19.0,67.0,145.0,334.0,39
ANSUR2-M-28659,M,1.0,ansur2_2012,194.0,156.0,568.0,132.0,127.0,25.0,64.5,144.0,316.0,20
ANSUR2-M-28661,M,1.0,ansur2_2012,199.0,151.0,567.0,135.0,127.0,22.0,63.0,137.0,306.0,21
ANSUR2-M-28663,M,1.0,ansur2_2012,197.0,150.0,560.0,134.0,121.0,22.0,62.5,140.0,313.0,40
ANSUR2-M-28664,M,1.0,ansur2_2012,195.0,154.0,563.0,130.0,122.0,20.0,67.0,149.0,342.0,37
ANSUR2-M-28665,M,1.0,ansur2_2012,199.0,153.0,573.0,125.0,124.0,22.0,65.5,134.0,323.0,49
ANSUR2-M-28667,M,1.0,ansur2_2012,180.0,158.0,550.0,129.0,118.0,25.0,57.5,139.0,308.0,27
ANSUR2-M-28669,M,1.0,ansur2_2012,198.0,151.0,568.0,134.0,125.0,20.0,61.5,141.0,322.0,20
ANSUR2-M-28670,M,1.0,ansur2_2012,196.0,149.0,550.0,129.0,116.0,22.0,62.5,140.0,341.0,29
ANSUR2-M-28671,M,1.0,ansur2_2012,198.0,151.0,567.0,127.0,129.0,17.0,64.5,149.0,340.0,48
ANSUR2-M-28673,M,1.0,ansur2_2012,195.0,163.0,580.0,124.0,125.0,24.0,63.0,149.0,339.0,23
ANSUR2-M-28674,M,1.0,ansur2_2012,198.0,152.0,563.0,128.0,109.0,23.0,61.5,132.0,309.0,25
ANSUR2-M-28675,M,1.0,ansur2_2012,190.0,165.0,570.0,122.0,112.0,24.0,69.0,146.0,333.0,28
ANSUR2-M-28677,M,1.0,ansur2_2012,203.0,159.0,592.0,130.0,132.0,21.0,63.5,146.0,347.0,53
ANSUR2-M-28700,M,1.0,ansur2_2012,186.0,149.0,545.0,124.0,126.0,24.0,61.5,131.0,327.0,25
ANSUR2-M-28701,M,1.0,ansur2_2012,200.0,154.0,576.0,127.0,122.0,27.0,64.0,140.0,328.0,24
ANSUR2-M-28702,M,1.0,ansur2_2012,208.0,155.0,583.0,136.0,120.0,24.0,70.0,149.0,356.0,31
ANSUR2-M-28703,M,1.0,ansur2_2012,193.0,150.0,557.0,127.0,116.0,19.0,66.0,140.0,324.0,25
ANSUR2-M-28707,M,1.0,ansur2_2012,196.0,156.0,573.0,139.0,117.0,19.0,67.0,135.0,313.0,22
ANSUR2-M-28708,M,1.0,ansur2_2012,214.0,155.0,600.0,135.0,135.0,20.0,62.5,144.0,337.0,47
ANSUR2-M-28709,M,1.0,ansur2_2012,205.0,152.0,572.0,127.0,120.0,23.0,64.5,140.0,335.0,39
ANSUR2-M-28710,M,1.0,ansur2_2012,192.0,150.0,558.0,135.0,137.0,25.0,61.5,138.0,328.0,25
ANSUR2-M-28712,M,1.0,ansur2_2012,200.0,151.0,565.0,126.0,122.0,21.0,68.0,145.0,336.0,28
ANSUR2-M-28714,M,1.0,ansur2_2012,209.0,161.0,602.0,140.0,125.0,25.0,62.0,143.0,327.0,24
ANSUR2-M-28715,M,1.0,ansur2_2012,207.0,161.0,590.0,146.0,118.0,22.0,69.0,150.0,336.0,53
ANSUR2-M-28717,M,1.0,ansur2_2012,207.0,149.0,572.0,134.0,119.0,25.0,62.5,143.0,322.0,21
ANSUR2-M-28718,M,1.0,ansur2_2012,207.0,155.0,589.0,132.0,122.0,22.0,68.5,141.0,325.0,22
ANSUR2-M-28752,M,1.0,ansur2_2012,195.0,158.0,573.0,132.0,117.0,25.0,62.0,149.0,345.0,29
ANSUR2-M-28753,M,1.0,ansur2_2012,193.0,157.0,560.0,126.0,111.0,21.0,62.5,140.0,304.0,25
ANSUR2-M-28754,M,1.0,ansur2_2012,200.0,165.0,585.0,130.0,117.0,23.0,62.5,150.0,340.0,22
ANSUR2-M-28756,M,1.0,ansur2_2012,196.0,140.0,548.0,122.0,126.0,22.0,62.0,131.0,313.0,23
ANSUR2-M-28757,M,1.0,ansur2_2012,185.0,158.0,565.0,129.0,121.0,25.0,65.0,143.0,333.0,42
ANSUR2-M-28759,M,1.0,ansur2_2012,205.0,151.0,576.0,129.0,126.0,20.0,61.5,143.0,327.0,25
ANSUR2-M-28760,M,1.0,ansur2_2012,200.0,160.0,581.0,138.0,123.0,24.0,62.5,144.0,335.0,23
ANSUR2-M-28761,M,1.0,ansur2_2012,203.0,149.0,570.0,135.0,115.0,19.0,66.5,140.0,320.0,22
ANSUR2-M-28762,M,1.0,ansur2_2012,189.0,155.0,550.0,114.0,125.0,23.0,64.0,144.0,333.0,22
ANSUR2-M-28765,M,1.0,ansur2_2012,178.0,158.0,546.0,131.0,124.0,21.0,66.5,151.0,319.0,31
ANSUR2-M-28767,M,1.0,ansur2_2012,187.0,148.0,545.0,130.0,118.0,21.0,61.0,135.0,317.0,39
ANSUR2-M-28768,M,1.0,ansur2_2012,205.0,157.0,580.0,134.0,134.0,24.0,63.0,142.0,345.0,21
ANSUR2-M-28769,M,1.0,ansur2_2012,195.0,146.0,555.0,130.0,123.0,21.0,59.0,137.0,332.0,26
ANSUR2-M-28770,M,1.0,ansur2_2012,201.0,159.0,578.0,130.0,128.0,21.0,61.5,151.0,335.0,24
ANSUR2-M-28771,M,1.0,ansur2_2012,199.0,144.0,557.0,132.0,125.0,26.0,63.5,130.0,330.0,25
ANSUR2-M-28772,M,1.0,ansur2_2012,214.0,157.0,595.0,140.0,121.0,20.0,62.5,140.0,315.0,25
ANSUR2-M-28773,M,1.0,ansur2_2012,198.0,153.0,563.0,134.0,115.0,19.0,62.0,145.0,339.0,32
ANSUR2-M-28774,M,1.0,ansur2_2012,193.0,149.0,555.0,132.0,126.0,19.0,61.5,131.0,293.0,29
ANSUR2-M-28775,M,1.0,ansur2_2012,205.0,156.0,577.0,130.0,127.0,24.0,63.5,152.0,361.0,38
ANSUR2-M-28777,M,1.0,ansur2_2012,202.0,151.0,567.0,131.0,112.0,19.0,64.5,145.0,333.0,26
ANSUR2-M-28780,M,1.0,ansur2_2012,195.0,153.0,564.0,122.0,128.0,26.0,65.0,148.0,336.0,30
ANSUR2-M-28783,M,1.0,ansur2_2012,195.0,155.0,560.0,130.0,117.0,24.0,62.5,144.0,324.0,35
ANSUR2-M-28784,M,1.0,ansur2_2012,190.0,160.0,550.0,137.0,133.0,25.0,68.5,148.0,312.0,54
ANSUR2-M-28785,M,1.0,ansur2_2012,190.0,148.0,555.0,122.0,117.0,25.0,60.5,137.0,296.0,23
ANSUR2-M-28788,M,1.0,ansur2_2012,193.0,148.0,562.0,122.0,127.0,16.0,61.5,136.0,332.0,28
ANSUR2-M-28789,M,1.0,ansur2_2012,192.0,150.0,552.0,132.0,105.0,21.0,56.5,131.0,302.0,20
ANSUR2-M-28792,M,1.0,ansur2_2012,195.0,150.0,558.0,120.0,103.0,20.0,59.0,135.0,310.0,33
ANSUR2-M-28793,M,1.0,ansur2_2012,200.0,147.0,561.0,137.0,118.0,22.0,54.5,131.0,314.0,25
ANSUR2-M-28794,M,1.0,ansur2_2012,189.0,159.0,565.0,125.0,132.0,21.0,62.0,147.0,333.0,33
ANSUR2-M-28795,M,1.0,ansur2_2012,204.0,150.0,585.0,138.0,139.0,20.0,60.5,144.0,339.0,42
ANSUR2-M-28799,M,1.0,ansur2_2012,191.0,152.0,553.0,135.0,118.0,22.0,64.5,140.0,312.0,20
ANSUR2-M-28802,M,1.0,ansur2_2012,195.0,158.0,570.0,122.0,124.0,24.0,64.5,152.0,338.0,23
ANSUR2-M-28805,M,1.0,ansur2_2012,205.0,152.0,573.0,133.0,120.0,23.0,67.0,138.0,319.0,30
ANSUR2-M-28806,M,1.0,ansur2_2012,198.0,153.0,570.0,135.0,120.0,23.0,62.5,139.0,322.0,31
ANSUR2-M-28808,M,1.0,ansur2_2012,199.0,150.0,563.0,127.0,123.0,19.0,59.5,134.0,320.0,25
ANSUR2-M-28809,M,1.0,ansur2_2012,196.0,143.0,549.0,130.0,108.0,25.0,60.0,136.0,311.0,39
ANSUR2-M-28810,M,1.0,ansur2_2012,196.0,160.0,578.0,127.0,122.0,24.0,63.5,144.0,326.0,21
ANSUR2-M-28814,M,1.0,ansur2_2012,206.0,160.0,590.0,134.0,128.0,24.0,67.0,145.0,336.0,21
ANSUR2-M-28859,M,1.0,ansur2_2012,191.0,155.0,560.0,125.0,126.0,22.0,62.0,144.0,330.0,26
ANSUR2-M-28860,M,1.0,ansur2_2012,195.0,144.0,548.0,125.0,126.0,27.0,62.5,140.0,304.0,30
ANSUR2-M-28864,M,1.0,ansur2_2012,195.0,153.0,569.0,131.0,125.0,19.0,67.5,139.0,331.0,39
ANSUR2-M-28865,M,1.0,ansur2_2012,206.0,159.0,596.0,129.0,131.0,22.0,65.5,144.0,350.0,31
ANSUR2-M-28867,M,1.0,ansur2_2012,201.0,152.0,574.0,132.0,127.0,25.0,61.5,139.0,316.0,29
ANSUR2-M-28868,M,1.0,ansur2_2012,199.0,153.0,572.0,127.0,127.0,31.0,64.5,146.0,327.0,23
ANSUR2-M-28870,M,1.0,ansur2_2012,196.0,148.0,560.0,135.0,114.0,24.0,64.0,140.0,309.0,28
ANSUR2-M-28871,M,1.0,ansur2_2012,196.0,163.0,588.0,128.0,131.0,26.0,61.5,144.0,343.0,22
ANSUR2-M-28874,M,1.0,ansur2_2012,199.0,154.0,567.0,124.0,119.0,22.0,67.0,139.0,327.0,24
ANSUR2-M-28878,M,1.0,ansur2_2012,210.0,155.0,587.0,133.0,121.0,21.0,62.0,146.0,337.0,43
ANSUR2-M-28879,M,1.0,ansur2_2012,190.0,156.0,562.0,132.0,114.0,23.0,61.5,145.0,325.0,28
ANSUR2-M-28880,M,1.0,ansur2_2012,202.0,159.0,580.0,137.0,129.0,25.0,61.5,144.0,340.0,27
ANSUR2-M-28881,M,1.0,ansur2_2012,190.0,158.0,573.0,134.0,123.0,26.0,65.0,148.0,316.0,27
ANSUR2-M-28882,M,1.0,ansur2_2012,208.0,157.0,593.0,132.0,128.0,20.0,65.0,148.0,330.0,32
ANSUR2-M-28884,M,1.0,ansur2_2012,197.0,157.0,569.0,136.0,129.0,21.0,61.0,146.0,323.0,35
ANSUR2-M-28886,M,1.0,ansur2_2012,222.0,171.0,633.0,140.0,120.0,22.0,64.0,148.0,333.0,28
ANSUR2-M-28887,M,1.0,ansur2_2012,200.0,153.0,578.0,136.0,113.0,28.0,65.5,143.0,317.0,23
ANSUR2-M-28891,M,1.0,ansur2_2012,197.0,155.0,573.0,131.0,110.0,20.0,64.0,150.0,331.0,32
ANSUR2-M-28892,M,1.0,ansur2_2012,199.0,150.0,565.0,132.0,106.0,25.0,62.0,133.0,310.0,20
ANSUR2-M-28896,M,1.0,ansur2_2012,198.0,156.0,571.0,113.0,123.0,22.0,62.0,144.0,348.0,29
ANSUR2-M-28898,M,1.0,ansur2_2012,195.0,150.0,557.0,129.0,112.0,21.0,60.0,147.0,316.0,19
ANSUR2-M-28899,M,1.0,ansur2_2012,203.0,145.0,575.0,128.0,132.0,22.0,59.0,131.0,321.0,24
ANSUR2-M-28900,M,1.0,ansur2_2012,187.0,157.0,559.0,136.0,117.0,25.0,62.0,143.0,327.0,22
ANSUR2-M-28901,M,1.0,ansur2_2012,214.0,158.0,609.0,131.0,126.0,24.0,70.5,145.0,340.0,31
ANSUR2-M-28902,M,1.0,ansur2_2012,208.0,154.0,585.0,131.0,120.0,29.0,61.5,144.0,326.0,24
ANSUR2-M-28904,M,1.0,ansur2_2012,208.0,156.0,594.0,139.0,133.0,28.0,64.5,136.0,326.0,32
ANSUR2-M-28907,M,1.0,ansur2_2012,198.0,148.0,564.0,134.0,131.0,26.0,63.0,138.0,326.0,19
ANSUR2-M-28910,M,1.0,ansur2_2012,196.0,151.0,565.0,125.0,128.0,22.0,61.0,128.0,293.0,20
ANSUR2-M-28911,M,1.0,ansur2_2012,199.0,151.0,565.0,144.0,127.0,20.0,64.5,136.0,323.0,21
ANSUR2-M-28912,M,1.0,ansur2_2012,198.0,153.0,567.0,130.0,121.0,23.0,65.5,139.0,322.0,21
ANSUR2-M-28913,M,1.0,ansur2_2012,204.0,153.0,585.0,133.0,135.0,18.0,67.0,139.0,326.0,21
ANSUR2-M-28915,M,1.0,ansur2_2012,200.0,155.0,580.0,123.0,126.0,20.0,65.5,143.0,320.0,33
ANSUR2-M-28916,M,1.0,ansur2_2012,203.0,155.0,579.0,133.0,130.0,22.0,61.5,139.0,340.0,22
ANSUR2-M-28917,M,1.0,ansur2_2012,206.0,155.0,580.0,130.0,121.0,28.0,59.5,140.0,332.0,27
ANSUR2-M-28918,M,1.0,ansur2_2012,203.0,148.0,567.0,132.0,124.0,20.0,62.0,143.0,352.0,33
ANSUR2-M-28919,M,1.0,ansur2_2012,190.0,153.0,558.0,129.0,132.0,25.0,64.0,142.0,325.0,34
ANSUR2-M-28920,M,1.0,ansur2_2012,191.0,149.0,558.0,123.0,129.0,26.0,64.0,140.0,326.0,21
ANSUR2-M-28922,M,1.0,ansur2_2012,204.0,162.0,584.0,130.0,129.0,22.0,66.5,146.0,337.0,20
ANSUR2-M-28923,M,1.0,ansur2_2012,198.0,152.0,563.0,131.0,114.0,22.0,63.0,135.0,311.0,22
ANSUR2-M-28925,M,1.0,ansur2_2012,191.0,150.0,558.0,120.0,112.0,19.0,63.0,146.0,337.0,23
ANSUR2-M-28926,M,1.0,ansur2_2012,190.0,153.0,555.0,116.0,124.0,25.0,61.5,148.0,352.0,28
ANSUR2-M-28927,M,1.0,ansur2_2012,184.0,158.0,551.0,127.0,111.0,24.0,62.5,143.0,307.0,27
ANSUR2-M-28928,M,1.0,ansur2_2012,199.0,170.0,595.0,135.0,123.0,23.0,65.0,149.0,329.0,22
ANSUR2-M-28930,M,1.0,ansur2_2012,194.0,150.0,553.0,135.0,124.0,24.0,59.5,134.0,305.0,25
ANSUR2-M-28931,M,1.0,ansur2_2012,193.0,151.0,554.0,130.0,116.0,19.0,65.0,140.0,322.0,44
ANSUR2-M-28932,M,1.0,ansur2_2012,196.0,162.0,580.0,129.0,128.0,28.0,64.5,147.0,356.0,24
ANSUR2-M-28933,M,1.0,ansur2_2012,196.0,148.0,557.0,134.0,120.0,22.0,64.0,141.0,337.0,29
ANSUR2-M-28936,M,1.0,ansur2_2012,203.0,154.0,578.0,121.0,129.0,21.0,63.0,143.0,345.0,30
ANSUR2-M-28937,M,1.0,ansur2_2012,201.0,155.0,578.0,135.0,125.0,21.0,62.5,134.0,326.0,25
ANSUR2-M-28944,M,1.0,ansur2_2012,196.0,150.0,565.0,130.0,123.0,24.0,61.5,138.0,316.0,23
ANSUR2-M-28945,M,1.0,ansur2_2012,196.0,151.0,563.0,122.0,112.0,24.0,62.5,130.0,333.0,34
ANSUR2-M-28948,M,1.0,ansur2_2012,198.0,160.0,584.0,131.0,126.0,25.0,66.0,143.0,353.0,40
ANSUR2-M-28949,M,1.0,ansur2_2012,204.0,158.0,597.0,135.0,127.0,20.0,62.5,150.0,351.0,37
ANSUR2-M-28952,M,1.0,ansur2_2012,199.0,155.0,577.0,130.0,124.0,20.0,65.5,140.0,315.0,24
ANSUR2-M-28953,M,1.0,ansur2_2012,206.0,154.0,581.0,133.0,125.0,26.0,70.0,147.0,353.0,40
ANSUR2-M-28955,M,1.0,ansur2_2012,206.0,160.0,580.0,131.0,126.0,24.0,58.5,140.0,312.0,20
ANSUR2-M-28957,M,1.0,ansur2_2012,189.0,160.0,562.0,139.0,119.0,25.0,64.5,141.0,293.0,21
ANSUR2-M-28964,M,1.0,ansur2_2012,195.0,150.0,563.0,133.0,126.0,33.0,60.0,144.0,330.0,41
ANSUR2-M-28966,M,1.0,ansur2_2012,197.0,167.0,584.0,128.0,131.0,26.0,62.5,146.0,334.0,28
ANSUR2-M-28968,M,1.0,ansur2_2012,204.0,163.0,596.0,137.0,122.0,18.0,66.5,153.0,338.0,26
ANSUR2-M-28970,M,1.0,ansur2_2012,194.0,160.0,557.0,129.0,123.0,21.0,61.5,141.0,336.0,38
ANSUR2-M-28971,M,1.0,ansur2_2012,194.0,150.0,562.0,129.0,134.0,25.0,59.5,139.0,319.0,20
ANSUR2-M-28972,M,1.0,ansur2_2012,200.0,157.0,578.0,133.0,124.0,20.0,64.0,141.0,335.0,42
ANSUR2-M-28973,M,1.0,ansur2_2012,190.0,155.0,563.0,132.0,119.0,21.0,64.5,147.0,331.0,24
ANSUR2-M-28974,M,1.0,ansur2_2012,204.0,150.0,580.0,122.0,122.0,18.0,64.0,143.0,341.0,54
ANSUR2-M-28975,M,1.0,ansur2_2012,203.0,148.0,565.0,132.0,134.0,22.0,56.5,141.0,335.0,23
ANSUR2-M-28976,M,1.0,ansur2_2012,206.0,156.0,585.0,120.0,122.0,24.0,56.5,148.0,353.0,22
ANSUR2-M-28977,M,1.0,ansur2_2012,194.0,158.0,563.0,128.0,121.0,27.0,67.5,147.0,326.0,22
ANSUR2-M-28978,M,1.0,ansur2_2012,201.0,152.0,573.0,120.0,122.0,25.0,65.5,143.0,332.0,41
ANSUR2-M-28979,M,1.0,ansur2_2012,195.0,146.0,547.0,131.0,115.0,24.0,61.5,133.0,325.0,20
ANSUR2-M-28980,M,1.0,ansur2_2012,196.0,146.0,558.0,130.0,119.0,25.0,58.5,138.0,332.0,23
ANSUR2-M-28981,M,1.0,ansur2_2012,209.0,148.0,581.0,134.0,131.0,24.0,65.0,138.0,322.0,25
ANSUR2-M-28982,M,1.0,ansur2_2012,198.0,154.0,577.0,132.0,126.0,24.0,62.0,141.0,337.0,24
ANSUR2-M-28983,M,1.0,ansur2_2012,209.0,153.0,593.0,141.0,131.0,23.0,65.0,141.0,326.0,28
ANSUR2-M-28987,M,1.0,ansur2_2012,200.0,153.0,558.0,126.0,128.0,21.0,62.5,144.0,336.0,28
ANSUR2-M-28988,M,1.0,ansur2_2012,200.0,161.0,589.0,133.0,126.0,21.0,63.5,145.0,340.0,23
ANSUR2-M-28989,M,1.0,ansur2_2012,204.0,158.0,576.0,136.0,122.0,27.0,61.5,141.0,332.0,24
ANSUR2-M-28990,M,1.0,ansur2_2012,204.0,150.0,580.0,136.0,113.0,26.0,65.5,139.0,321.0,24
ANSUR2-M-28991,M,1.0,ansur2_2012,197.0,147.0,561.0,128.0,125.0,22.0,59.5,138.0,333.0,25
ANSUR2-M-28992,M,1.0,ansur2_2012,194.0,153.0,565.0,135.0,134.0,22.0,66.5,145.0,343.0,25
ANSUR2-M-28993,M,1.0,ansur2_2012,193.0,163.0,575.0,132.0,113.0,22.0,66.5,153.0,333.0,27
ANSUR2-M-28994,M,1.0,ansur2_2012,194.0,151.0,556.0,126.0,119.0,22.0,60.5,136.0,312.0,23
ANSUR2-M-28995,M,1.0,ansur2_2012,195.0,158.0,578.0,128.0,114.0,18.0,58.5,140.0,315.0,22
ANSUR2-M-28996,M,1.0,ansur2_2012,190.0,159.0,576.0,130.0,133.0,21.0,67.5,154.0,355.0,24
ANSUR2-M-28999,M,1.0,ansur2_2012,208.0,160.0,599.0,140.0,124.0,19.0,63.5,151.0,332.0,24
ANSUR2-M-29002,M,1.0,ansur2_2012,196.0,151.0,557.0,128.0,105.0,21.0,63.0,140.0,310.0,23
ANSUR2-M-29005,M,1.0,ansur2_2012,203.0,147.0,573.0,131.0,116.0,22.0,61.5,133.0,308.0,22
ANSUR2-M-29007,M,1.0,ansur2_2012,200.0,153.0,569.0,128.0,127.0,21.0,60.5,141.0,333.0,25
ANSUR2-M-29008,M,1.0,ansur2_2012,192.0,156.0,561.0,133.0,119.0,20.0,62.0,133.0,311.0,22
ANSUR2-M-29010,M,1.0,ansur2_2012,197.0,155.0,569.0,136.0,126.0,25.0,60.0,134.0,317.0,24
ANSUR2-M-29028,M,1.0,ansur2_2012,196.0,159.0,576.0,130.0,120.0,27.0,62.0,139.0,326.0,24
ANSUR2-M-29030,M,1.0,ansur2_2012,191.0,137.0,532.0,129.0,121.0,19.0,62.0,131.0,308.0,30
ANSUR2-M-29033,M,1.0,ansur2_2012,193.0,160.0,572.0,129.0,126.0,25.0,67.5,152.0,344.0,34
ANSUR2-M-29034,M,1.0,ansur2_2012,198.0,153.0,570.0,136.0,127.0,18.0,71.0,142.0,327.0,24
ANSUR2-M-29036,M,1.0,ansur2_2012,194.0,166.0,575.0,133.0,112.0,21.0,63.5,147.0,338.0,45
ANSUR2-M-29037,M,1.0,ansur2_2012,195.0,150.0,572.0,127.0,116.0,25.0,64.5,145.0,336.0,43
ANSUR2-M-29038,M,1.0,ansur2_2012,195.0,157.0,566.0,136.0,122.0,19.0,68.0,145.0,321.0,25
ANSUR2-M-29039,M,1.0,ansur2_2012,197.0,153.0,561.0,130.0,117.0,18.0,65.0,139.0,322.0,28
ANSUR2-M-29042,M,1.0,ansur2_2012,201.0,150.0,570.0,127.0,125.0,27.0,59.5,141.0,333.0,28
ANSUR2-M-29044,M,1.0,ansur2_2012,213.0,163.0,612.0,128.0,123.0,26.0,70.0,145.0,335.0,24
ANSUR2-M-29045,M,1.0,ansur2_2012,205.0,150.0,573.0,124.0,115.0,33.0,60.5,134.0,313.0,23
ANSUR2-M-29046,M,1.0,ansur2_2012,196.0,153.0,566.0,125.0,127.0,28.0,61.5,139.0,317.0,24
ANSUR2-M-29047,M,1.0,ansur2_2012,208.0,146.0,575.0,140.0,123.0,22.0,60.0,133.0,336.0,25
ANSUR2-M-29049,M,1.0,ansur2_2012,205.0,156.0,584.0,136.0,129.0,24.0,64.0,140.0,319.0,25
ANSUR2-M-29052,M,1.0,ansur2_2012,214.0,162.0,603.0,133.0,131.0,20.0,66.0,150.0,351.0,35
ANSUR2-M-29055,M,1.0,ansur2_2012,196.0,151.0,560.0,132.0,116.0,20.0,57.0,140.0,319.0,43
ANSUR2-M-29056,M,1.0,ansur2_2012,220.0,163.0,620.0,147.0,127.0,18.0,70.5,143.0,338.0,44
ANSUR2-M-29057,M,1.0,ansur2_2012,195.0,152.0,560.0,128.0,119.0,20.0,68.5,149.0,309.0,29
ANSUR2-M-29059,M,1.0,ansur2_2012,206.0,161.0,595.0,131.0,125.0,22.0,64.5,146.0,336.0,21
ANSUR2-M-29060,M,1.0,ansur2_2012,211.0,156.0,589.0,129.0,125.0,23.0,66.0,149.0,321.0,41
ANSUR2-M-29061,M,1.0,ansur2_2012,203.0,153.0,569.0,132.0,114.0,19.0,64.5,140.0,315.0,37
ANSUR2-M-29062,M,1.0,ansur2_2012,192.0,153.0,558.0,131.0,128.0,20.0,63.5,143.0,337.0,24
ANSUR2-M-29065,M,1.0,ansur2_2012,194.0,152.0,564.0,123.0,127.0,23.0,60.0,143.0,343.0,27
ANSUR2-M-29076,M,1.0,ansur2_2012,200.0,158.0,582.0,127.0,113.0,19.0,64.0,141.0,327.0,26
ANSUR2-M-29077,M,1.0,ansur2_2012,199.0,165.0,585.0,130.0,115.0,30.0,68.0,146.0,334.0,46
ANSUR2-M-29079,M,1.0,ansur2_2012,193.0,148.0,559.0,132.0,125.0,27.0,62.0,139.0,330.0,28
ANSUR2-M-29080,M,1.0,ansur2_2012,207.0,148.0,575.0,133.0,115.0,24.0,68.5,141.0,332.0,20
ANSUR2-M-29081,M,1.0,ansur2_2012,191.0,160.0,557.0,123.0,124.0,30.0,65.0,150.0,338.0,38
ANSUR2-M-29082,M,1.0,ansur2_2012,204.0,150.0,578.0,132.0,131.0,21.0,62.5,132.0,325.0,56
ANSUR2-M-29084,M,1.0,ansur2_2012,204.0,150.0,564.0,118.0,111.0,25.0,62.0,141.0,321.0,25
ANSUR2-M-29085,M,1.0,ansur2_2012,198.0,157.0,575.0,135.0,130.0,25.0,63.0,138.0,331.0,51
ANSUR2-M-29087,M,1.0,ansur2_2012,196.0,155.0,565.0,139.0,129.0,19.0,60.0,138.0,291.0,25
ANSUR2-M-29089,M,1.0,ansur2_2012,208.0,159.0,595.0,139.0,131.0,20.0,70.0,145.0,336.0,28
ANSUR2-M-29090,M,1.0,ansur2_2012,195.0,147.0,556.0,125.0,125.0,24.0,62.5,134.0,312.0,30
ANSUR2-M-29092,M,1.0,ansur2_2012,192.0,151.0,557.0,123.0,116.0,25.0,63.5,143.0,336.0,32
ANSUR2-M-29093,M,1.0,ansur2_2012,203.0,153.0,578.0,133.0,110.0,23.0,63.5,143.0,311.0,29
ANSUR2-M-29094,M,1.0,ansur2_2012,200.0,155.0,572.0,136.0,117.0,26.0,67.0,136.0,326.0,38
ANSUR2-M-29096,M,1.0,ansur2_2012,210.0,149.0,593.0,139.0,128.0,20.0,61.0,149.0,346.0,27
ANSUR2-M-29099,M,1.0,ansur2_2012,196.0,153.0,565.0,128.0,119.0,26.0,53.0,132.0,299.0,28
ANSUR2-M-29101,M,1.0,ansur2_2012,189.0,153.0,553.0,130.0,109.0,24.0,61.0,141.0,316.0,30
ANSUR2-M-29102,M,1.0,ansur2_2012,193.0,153.0,560.0,132.0,126.0,21.0,61.5,142.0,322.0,25
ANSUR2-M-29103,M,1.0,ansur2_2012,199.0,155.0,580.0,133.0,128.0,20.0,63.5,153.0,351.0,26
ANSUR2-M-29105,M,1.0,ansur2_2012,195.0,147.0,550.0,133.0,122.0,24.0,60.5,131.0,301.0,26
ANSUR2-M-29107,M,1.0,ansur2_2012,200.0,155.0,579.0,132.0,117.0,23.0,66.0,146.0,337.0,29
ANSUR2-M-29113,M,1.0,ansur2_2012,201.0,150.0,573.0,127.0,107.0,20.0,58.5,126.0,302.0,31
ANSUR2-M-29116,M,1.0,ansur2_2012,192.0,160.0,571.0,137.0,115.0,26.0,60.0,146.0,316.0,35
ANSUR2-M-29119,M,1.0,ansur2_2012,188.0,148.0,545.0,126.0,120.0,23.0,65.0,137.0,326.0,21
ANSUR2-M-29130,M,1.0,ansur2_2012,196.0,153.0,562.0,123.0,120.0,22.0,59.5,150.0,313.0,27
ANSUR2-M-29131,M,1.0,ansur2_2012,209.0,155.0,594.0,137.0,116.0,24.0,65.0,148.0,328.0,22
ANSUR2-M-29132,M,1.0,ansur2_2012,201.0,155.0,569.0,124.0,121.0,27.0,60.0,135.0,329.0,34
ANSUR2-M-29133,M,1.0,ansur2_2012,182.0,152.0,540.0,126.0,125.0,23.0,66.0,146.0,336.0,20
ANSUR2-M-29134,M,1.0,ansur2_2012,205.0,158.0,583.0,134.0,128.0,27.0,61.5,140.0,330.0,22
ANSUR2-M-29136,M,1.0,ansur2_2012,199.0,154.0,568.0,133.0,116.0,19.0,66.0,142.0,319.0,22
ANSUR2-M-29139,M,1.0,ansur2_2012,203.0,155.0,575.0,134.0,130.0,22.0,63.5,142.0,321.0,24
ANSUR2-M-29140,M,1.0,ansur2_2012,212.0,152.0,590.0,130.0,132.0,18.0,61.5,135.0,327.0,22
ANSUR2-M-29142,M,1.0,ansur2_2012,185.0,152.0,545.0,130.0,131.0,31.0,60.0,133.0,291.0,24
ANSUR2-M-29143,M,1.0,ansur2_2012,202.0,160.0,579.0,127.0,121.0,26.0,61.5,141.0,314.0,20
ANSUR2-M-29144,M,1.0,ansur2_2012,209.0,154.0,592.0,135.0,130.0,24.0,63.5,137.0,330.0,21
ANSUR2-M-29145,M,1.0,ansur2_2012,196.0,151.0,558.0,137.0,112.0,23.0,64.0,140.0,320.0,22
ANSUR2-M-29146,M,1.0,ansur2_2012,193.0,152.0,554.0,127.0,109.0,21.0,58.5,133.0,308.0,20
ANSUR2-M-29147,M,1.0,ansur2_2012,190.0,155.0,560.0,123.0,119.0,19.0,64.5,139.0,322.0,44
ANSUR2-M-29148,M,1.0,ansur2_2012,196.0,157.0,568.0,137.0,131.0,20.0,63.5,149.0,329.0,21
ANSUR2-M-29150,M,1.0,ansur2_2012,201.0,160.0,587.0,136.0,126.0,22.0,64.5,140.0,323.0,21
ANSUR2-M-29151,M,1.0,ansur2_2012,210.0,153.0,597.0,147.0,125.0,24.0,65.0,143.0,321.0,42
ANSUR2-M-29153,M,1.0,ansur2_2012,191.0,156.0,561.0,136.0,111.0,22.0,58.0,142.0,322.0,21
ANSUR2-M-29154,M,1.0,ansur2_2012,202.0,151.0,577.0,133.0,126.0,19.0,63.0,140.0,335.0,28
ANSUR2-M-29155,M,1.0,ansur2_2012,195.0,156.0,567.0,133.0,116.0,20.0,58.5,136.0,303.0,20
ANSUR2-M-29156,M,1.0,ansur2_2012,205.0,152.0,581.0,137.0,120.0,21.0,63.0,136.0,332.0,25
ANSUR2-M-29157,M,1.0,ansur2_2012,193.0,150.0,558.0,127.0,123.0,20.0,60.0,140.0,327.0,21
ANSUR2-M-29161,M,1.0,ansur2_2012,191.0,150.0,543.0,126.0,119.0,22.0,62.0,126.0,307.0,32
ANSUR2-M-29162,M,1.0,ansur2_2012,200.0,151.0,573.0,137.0,126.0,29.0,65.5,145.0,332.0,25
ANSUR2-M-29164,M,1.0,ansur2_2012,199.0,158.0,580.0,125.0,134.0,17.0,66.5,148.0,343.0,43
ANSUR2-M-29165,M,1.0,ansur2_2012,202.0,154.0,579.0,132.0,124.0,19.0,58.5,150.0,330.0,39
ANSUR2-M-29166,M,1.0,ansur2_2012,190.0,147.0,552.0,128.0,124.0,22.0,61.0,132.0,322.0,26
ANSUR2-M-29167,M,1.0,ansur2_2012,198.0,152.0,562.0,133.0,117.0,19.0,63.0,134.0,322.0,30
ANSUR2-M-29168,M,1.0,ansur2_2012,204.0,160.0,595.0,133.0,117.0,25.0,58.5,150.0,345.0,25
ANSUR2-M-29171,M,1.0,ansur2_2012,195.0,161.0,580.0,132.0,130.0,24.0,66.0,152.0,345.0,35
ANSUR2-M-29173,M,1.0,ansur2_2012,198.0,149.0,577.0,128.0,117.0,17.0,62.5,144.0,335.0,37
ANSUR2-M-29174,M,1.0,ansur2_2012,199.0,144.0,569.0,131.0,117.0,19.0,62.5,130.0,326.0,38
ANSUR2-M-29175,M,1.0,ansur2_2012,198.0,159.0,573.0,124.0,125.0,19.0,62.5,142.0,324.0,33
ANSUR2-M-29176,M,1.0,ansur2_2012,195.0,156.0,563.0,130.0,117.0,20.0,64.0,134.0,326.0,22
ANSUR2-M-29179,M,1.0,ansur2_2012,187.0,161.0,563.0,122.0,117.0,21.0,65.5,148.0,334.0,35
ANSUR2-M-29180,M,1.0,ansur2_2012,203.0,153.0,583.0,131.0,115.0,26.0,62.5,144.0,323.0,34
ANSUR2-M-29183,M,1.0,ansur2_2012,196.0,143.0,556.0,132.0,119.0,19.0,63.0,135.0,315.0,30
ANSUR2-M-29184,M,1.0,ansur2_2012,209.0,150.0,597.0,141.0,118.0,24.0,67.0,143.0,339.0,23
ANSUR2-M-29185,M,1.0,ansur2_2012,201.0,156.0,590.0,135.0,134.0,24.0,61.5,141.0,315.0,31
ANSUR2-M-29186,M,1.0,ansur2_2012,197.0,157.0,564.0,133.0,114.0,19.0,62.5,139.0,316.0,21
ANSUR2-M-29187,M,1.0,ansur2_2012,201.0,159.0,580.0,140.0,123.0,22.0,65.5,145.0,337.0,22
ANSUR2-M-29188,M,1.0,ansur2_2012,202.0,142.0,562.0,127.0,116.0,18.0,63.0,135.0,332.0,35
ANSUR2-M-29189,M,1.0,ansur2_2012,196.0,146.0,559.0,125.0,135.0,23.0,64.0,140.0,331.0,37
ANSUR2-M-29194,M,1.0,ansur2_2012,195.0,157.0,561.0,125.0,118.0,17.0,62.0,136.0,310.0,22
ANSUR2-M-29195,M,1.0,ansur2_2012,202.0,163.0,588.0,138.0,135.0,25.0,65.5,141.0,334.0,33
ANSUR2-M-29196,M,1.0,ansur2_2012,208.0,157.0,592.0,133.0,138.0,22.0,64.5,141.0,345.0,42
ANSUR2-M-29198,M,1.0,ansur2_2012,208.0,154.0,578.0,135.0,123.0,26.0,66.0,148.0,349.0,26
ANSUR2-M-29199,M,1.0,ansur2_2012,198.0,160.0,577.0,133.0,136.0,23.0,61.5,143.0,336.0,40
ANSUR2-M-29200,M,1.0,ansur2_2012,205.0,152.0,581.0,127.0,135.0,16.0,70.0,137.0,338.0,57
ANSUR2-M-29203,M,1.0,ansur2_2012,199.0,148.0,568.0,126.0,115.0,17.0,55.5,131.0,303.0,20
ANSUR2-M-29205,M,1.0,ansur2_2012,196.0,149.0,554.0,124.0,121.0,21.0,62.0,135.0,320.0,48
ANSUR2-M-29207,M,1.0,ansur2_2012,207.0,155.0,591.0,141.0,135.0,22.0,64.0,144.0,320.0,38
ANSUR2-M-29208,M,1.0,ansur2_2012,203.0,156.0,568.0,131.0,112.0,21.0,62.0,135.0,308.0,27
ANSUR2-M-29209,M,1.0,ansur2_2012,199.0,151.0,571.0,127.0,125.0,22.0,62.5,143.0,344.0,40
ANSUR2-M-29216,M,1.0,ansur2_2012,211.0,151.0,595.0,130.0,127.0,17.0,63.0,136.0,334.0,27
ANSUR2-M-29217,M,1.0,ansur2_2012,203.0,153.0,580.0,135.0,131.0,30.0,70.0,144.0,313.0,46
ANSUR2-M-29218,M,1.0,ansur2_2012,200.0,154.0,570.0,130.0,111.0,27.0,62.0,132.0,325.0,23
ANSUR2-M-29221,M,1.0,ansur2_2012,203.0,166.0,598.0,142.0,130.0,28.0,65.5,148.0,332.0,28
ANSUR2-M-29225,M,1.0,ansur2_2012,205.0,152.0,583.0,129.0,119.0,22.0,62.0,135.0,322.0,29
ANSUR2-M-29226,M,1.0,ansur2_2012,192.0,152.0,554.0,136.0,119.0,19.0,62.5,138.0,306.0,44
ANSUR2-M-29227,M,1.0,ansur2_2012,202.0,157.0,579.0,142.0,121.0,22.0,67.0,148.0,330.0,28
ANSUR2-M-29228,M,1.0,ansur2_2012,204.0,159.0,586.0,138.0,128.0,23.0,63.5,145.0,324.0,42
ANSUR2-M-29229,M,1.0,ansur2_2012,196.0,146.0,555.0,130.0,129.0,21.0,61.5,132.0,323.0,21
ANSUR2-M-29230,M,1.0,ansur2_2012,204.0,153.0,590.0,129.0,124.0,24.0,69.5,139.0,342.0,32
ANSUR2-M-29231,M,1.0,ansur2_2012,198.0,157.0,573.0,137.0,119.0,17.0,64.0,139.0,320.0,28
ANSUR2-M-29232,M,1.0,ansur2_2012,194.0,159.0,557.0,126.0,125.0,26.0,64.5,143.0,319.0,33
ANSUR2-M-29233,M,1.0,ansur2_2012,188.0,156.0,551.0,127.0,124.0,25.0,67.0,145.0,322.0,21
ANSUR2-M-29234,M,1.0,ansur2_2012,191.0,155.0,563.0,128.0,129.0,20.0,66.5,141.0,312.0,36
ANSUR2-M-29238,M,1.0,ansur2_2012,200.0,152.0,573.0,131.0,115.0,21.0,61.0,137.0,341.0,44
ANSUR2-M-29239,M,1.0,ansur2_2012,193.0,154.0,571.0,130.0,115.0,25.0,66.5,146.0,314.0,28
ANSUR2-M-29240,M,1.0,ansur2_2012,196.0,159.0,573.0,131.0,125.0,22.0,63.5,138.0,317.0,28
ANSUR2-M-29242,M,1.0,ansur2_2012,203.0,151.0,578.0,137.0,121.0,25.0,64.5,145.0,332.0,27
ANSUR2-M-29244,M,1.0,ansur2_2012,205.0,152.0,575.0,125.0,120.0,27.0,66.0,140.0,322.0,25
ANSUR2-M-29245,M,1.0,ansur2_2012,198.0,157.0,582.0,139.0,125.0,24.0,64.5,139.0,330.0,38
ANSUR2-M-29247,M,1.0,ansur2_2012,192.0,148.0,557.0,127.0,119.0,21.0,64.0,144.0,331.0,24
ANSUR2-M-29248,M,1.0,ansur2_2012,214.0,165.0,605.0,135.0,136.0,21.0,65.0,146.0,338.0,36
ANSUR2-M-29249,M,1.0,ansur2_2012,197.0,153.0,572.0,139.0,125.0,23.0,63.5,147.0,340.0,29
ANSUR2-M-29250,M,1.0,ansur2_2012,203.0,152.0,583.0,122.0,137.0,22.0,63.0,144.0,358.0,33
ANSUR2-M-29251,M,1.0,ansur2_2012,188.0,145.0,543.0,125.0,114.0,22.0,57.5,133.0,315.0,26
ANSUR2-M-29252,M,1.0,ansur2_2012,190.0,158.0,555.0,125.0,115.0,22.0,63.5,134.0,325.0,40
ANSUR2-M-29253,M,1.0,ansur2_2012,200.0,149.0,571.0,138.0,115.0,24.0,60.5,132.0,298.0,25
ANSUR2-M-29254,M,1.0,ansur2_2012,203.0,149.0,579.0,141.0,123.0,24.0,64.0,137.0,329.0,34
ANSUR2-M-29255,M,1.0,ansur2_2012,195.0,155.0,570.0,130.0,123.0,23.0,62.5,145.0,335.0,33
ANSUR2-M-29257,M,1.0,ansur2_2012,202.0,148.0,576.0,125.0,121.0,18.0,62.0,135.0,330.0,31
ANSUR2-M-29258,M,1.0,ansur2_2012,213.0,153.0,591.0,137.0,113.0,23.0,61.5,136.0,311.0,24
ANSUR2-M-29259,M,1.0,ansur2_2012,193.0,158.0,564.0,128.0,123.0,18.0,61.0,144.0,323.0,45
ANSUR2-M-29260,M,1.0,ansur2_2012,203.0,151.0,576.0,140.0,129.0,18.0,71.0,144.0,337.0,31
ANSUR2-M-29261,M,1.0,ansur2_2012,202.0,150.0,579.0,126.0,126.0,19.0,61.5,137.0,330.0,35
ANSUR2-M-29262,M,1.0,ansur2_2012,197.0,145.0,558.0,128.0,131.0,22.0,62.0,133.0,320.0,31
ANSUR2-M-29264,M,1.0,ansur2_2012,199.0,158.0,577.0,131.0,121.0,25.0,65.0,145.0,322.0,20
ANSUR2-M-29265,M,1.0,ansur2_2012,204.0,152.0,583.0,138.0,124.0,19.0,63.0,143.0,322.0,23
ANSUR2-M-29266,M,1.0,ansur2_2012,202.0,156.0,587.0,135.0,123.0,23.0,62.5,145.0,354.0,19
ANSUR2-M-29269,M,1.0,ansur2_2012,201.0,151.0,577.0,137.0,125.0,23.0,61.5,138.0,317.0,22
ANSUR2-M-29270,M,1.0,ansur2_2012,200.0,157.0,579.0,122.0,122.0,21.0,54.5,141.0,323.0,20
ANSUR2-M-29272,M,1.0,ansur2_2012,207.0,152.0,588.0,133.0,135.0,26.0,67.0,143.0,336.0,31
ANSUR2-M-29275,M,1.0,ansur2_2012,209.0,154.0,588.0,133.0,123.0,21.0,64.0,137.0,335.0,21
ANSUR2-M-29278,M,1.0,ansur2_2012,195.0,145.0,565.0,129.0,131.0,20.0,59.5,131.0,315.0,20
ANSUR2-M-29279,M,1.0,ansur2_2012,211.0,150.0,585.0,133.0,129.0,25.0,75.0,138.0,323.0,20
ANSUR2-M-29282,M,1.0,ansur2_2012,194.0,156.0,565.0,133.0,113.0,25.0,62.5,135.0,333.0,23
ANSUR2-M-29300,M,1.0,ansur2_2012,197.0,160.0,577.0,132.0,120.0,27.0,63.5,142.0,353.0,23
ANSUR2-M-29302,M,1.0,ansur2_2012,211.0,158.0,588.0,145.0,125.0,22.0,68.5,148.0,326.0,20
ANSUR2-M-29305,M,1.0,ansur2_2012,195.0,146.0,558.0,128.0,108.0,21.0,60.0,133.0,307.0,27
ANSUR2-M-29306,M,1.0,ansur2_2012,199.0,163.0,588.0,135.0,118.0,25.0,66.0,148.0,327.0,20
ANSUR2-M-29308,M,1.0,ansur2_2012,180.0,159.0,547.0,130.0,119.0,29.0,60.0,137.0,306.0,18
ANSUR2-M-29311,M,1.0,ansur2_2012,197.0,161.0,575.0,129.0,127.0,27.0,61.5,140.0,340.0,25
ANSUR2-M-29312,M,1.0,ansur2_2012,195.0,143.0,551.0,132.0,135.0,21.0,60.0,132.0,331.0,28
ANSUR2-M-29314,M,1.0,ansur2_2012,204.0,156.0,583.0,133.0,135.0,22.0,67.5,150.0,361.0,24
ANSUR2-M-29316,M,1.0,ansur2_2012,202.0,154.0,580.0,128.0,125.0,17.0,64.5,136.0,347.0,20
ANSUR2-M-29317,M,1.0,ansur2_2012,196.0,157.0,569.0,137.0,114.0,27.0,61.5,140.0,322.0,23
ANSUR2-M-29318,M,1.0,ansur2_2012,203.0,154.0,581.0,140.0,132.0,28.0,65.5,143.0,336.0,29
ANSUR2-M-29320,M,1.0,ansur2_2012,201.0,160.0,589.0,136.0,121.0,23.0,64.5,144.0,343.0,31
ANSUR2-M-29321,M,1.0,ansur2_2012,195.0,161.0,569.0,128.0,120.0,23.0,59.0,142.0,315.0,21
ANSUR2-M-29322,M,1.0,ansur2_2012,186.0,149.0,540.0,125.0,113.0,25.0,57.5,135.0,311.0,23
ANSUR2-M-29323,M,1.0,ansur2_2012,204.0,163.0,598.0,128.0,121.0,31.0,66.0,141.0,345.0,22
ANSUR2-M-29325,M,1.0,ansur2_2012,197.0,160.0,575.0,125.0,123.0,25.0,67.0,146.0,330.0,22
ANSUR2-M-29326,M,1.0,ansur2_2012,193.0,150.0,551.0,125.0,122.0,21.0,63.5,141.0,333.0,22
ANSUR2-M-29329,M,1.0,ansur2_2012,193.0,160.0,566.0,138.0,123.0,24.0,63.0,151.0,331.0,30
ANSUR2-M-29330,M,1.0,ansur2_2012,199.0,158.0,577.0,136.0,116.0,30.0,67.0,145.0,342.0,21
ANSUR2-M-29332,M,1.0,ansur2_2012,195.0,153.0,563.0,122.0,118.0,26.0,62.0,140.0,323.0,29
ANSUR2-M-29339,M,1.0,ansur2_2012,204.0,166.0,596.0,129.0,122.0,19.0,63.0,147.0,357.0,31
ANSUR2-M-29340,M,1.0,ansur2_2012,205.0,151.0,580.0,122.0,118.0,21.0,60.0,141.0,342.0,27
ANSUR2-M-29341,M,1.0,ansur2_2012,188.0,141.0,541.0,117.0,115.0,26.0,64.5,135.0,319.0,35
ANSUR2-M-29342,M,1.0,ansur2_2012,198.0,163.0,574.0,138.0,127.0,23.0,65.0,148.0,333.0,34
ANSUR2-M-29344,M,1.0,ansur2_2012,195.0,148.0,555.0,134.0,125.0,27.0,64.5,136.0,328.0,32
ANSUR2-M-29346,M,1.0,ansur2_2012,186.0,151.0,550.0,138.0,108.0,23.0,64.5,139.0,309.0,44
ANSUR2-M-29347,M,1.0,ansur2_2012,205.0,152.0,577.0,137.0,132.0,25.0,66.5,139.0,324.0,28
ANSUR2-M-29349,M,1.0,ansur2_2012,203.0,153.0,580.0,139.0,114.0,25.0,57.5,137.0,296.0,27
ANSUR2-M-29350,M,1.0,ansur2_2012,192.0,148.0,555.0,130.0,113.0,27.0,62.0,142.0,316.0,27
ANSUR2-M-29351,M,1.0,ansur2_2012,189.0,148.0,553.0,131.0,114.0,18.0,64.0,140.0,329.0,28
ANSUR2-M-29353,M,1.0,ansur2_2012,205.0,150.0,573.0,131.0,133.0,15.0,58.0,131.0,322.0,26
ANSUR2-M-29355,M,1.0,ansur2_2012,201.0,150.0,571.0,134.0,118.0,23.0,63.5,138.0,319.0,27
ANSUR2-M-29357,M,1.0,ansur2_2012,180.0,148.0,526.0,128.0,116.0,26.0,58.5,137.0,306.0,23
ANSUR2-M-29359,M,1.0,ansur2_2012,193.0,146.0,548.0,132.0,124.0,24.0,59.0,137.0,320.0,33
ANSUR2-M-29361,M,1.0,ansur2_2012,199.0,156.0,580.0,120.0,135.0,22.0,63.5,153.0,355.0,27
ANSUR2-M-29365,M,1.0,ansur2_2012,187.0,158.0,553.0,138.0,113.0,28.0,61.5,145.0,306.0,23
ANSUR2-M-29411,M,1.0,ansur2_2012,204.0,157.0,590.0,129.0,125.0,20.0,69.5,148.0,353.0,27
ANSUR2-M-29413,M,1.0,ansur2_2012,196.0,147.0,562.0,120.0,111.0,21.0,54.0,135.0,307.0,21
ANSUR2-M-29414,M,1.0,ansur2_2012,205.0,150.0,576.0,133.0,125.0,24.0,66.5,142.0,315.0,20
ANSUR2-M-29415,M,1.0,ansur2_2012,201.0,153.0,570.0,126.0,129.0,30.0,65.5,149.0,355.0,23
ANSUR2-M-29417,M,1.0,ansur2_2012,198.0,150.0,570.0,132.0,112.0,24.0,62.0,144.0,329.0,41
ANSUR2-M-29420,M,1.0,ansur2_2012,198.0,154.0,579.0,128.0,132.0,24.0,64.0,143.0,333.0,23
ANSUR2-M-29421,M,1.0,ansur2_2012,200.0,151.0,562.0,132.0,133.0,28.0,58.0,140.0,321.0,21
ANSUR2-M-29423,M,1.0,ansur2_2012,199.0,145.0,560.0,126.0,119.0,24.0,61.5,140.0,353.0,34
ANSUR2-M-29424,M,1.0,ansur2_2012,181.0,162.0,556.0,137.0,114.0,22.0,66.5,153.0,330.0,26
ANSUR2-M-29426,M,1.0,ansur2_2012,199.0,155.0,568.0,132.0,124.0,18.0,58.5,136.0,317.0,19
ANSUR2-M-29428,M,1.0,ansur2_2012,195.0,151.0,563.0,131.0,119.0,27.0,68.0,134.0,327.0,25
ANSUR2-M-29429,M,1.0,ansur2_2012,200.0,153.0,572.0,128.0,125.0,24.0,66.0,141.0,314.0,23
ANSUR2-M-29430,M,1.0,ansur2_2012,191.0,147.0,552.0,133.0,129.0,25.0,63.5,137.0,314.0,25
ANSUR2-M-29431,M,1.0,ansur2_2012,192.0,150.0,553.0,132.0,125.0,17.0,60.0,138.0,330.0,23
ANSUR2-M-29432,M,1.0,ansur2_2012,190.0,154.0,552.0,120.0,117.0,17.0,65.0,138.0,318.0,22
ANSUR2-M-29433,M,1.0,ansur2_2012,182.0,149.0,536.0,120.0,112.0,28.0,60.0,141.0,307.0,24
ANSUR2-M-29434,M,1.0,ansur2_2012,199.0,151.0,565.0,130.0,127.0,26.0,60.5,136.0,312.0,22
ANSUR2-M-29437,M,1.0,ansur2_2012,194.0,146.0,560.0,123.0,129.0,25.0,65.0,133.0,328.0,28
ANSUR2-M-29439,M,1.0,ansur2_2012,200.0,150.0,564.0,124.0,117.0,26.0,68.0,144.0,328.0,25
ANSUR2-M-29440,M,1.0,ansur2_2012,197.0,149.0,565.0,127.0,120.0,20.0,59.5,125.0,310.0,25
ANSUR2-M-29441,M,1.0,ansur2_2012,192.0,151.0,562.0,131.0,113.0,25.0,55.5,143.0,323.0,21
ANSUR2-M-29442,M,1.0,ansur2_2012,187.0,151.0,554.0,140.0,123.0,22.0,59.5,137.0,321.0,22
ANSUR2-M-29443,M,1.0,ansur2_2012,196.0,149.0,558.0,135.0,117.0,20.0,59.0,135.0,319.0,22
ANSUR2-M-29447,M,1.0,ansur2_2012,194.0,148.0,555.0,127.0,118.0,26.0,56.0,142.0,323.0,23
ANSUR2-M-29451,M,1.0,ansur2_2012,197.0,150.0,560.0,118.0,123.0,22.0,63.0,138.0,342.0,22
ANSUR2-M-29452,M,1.0,ansur2_2012,220.0,153.0,615.0,135.0,136.0,24.0,69.5,150.0,359.0,38
ANSUR2-F-10037,F,1.0,ansur2_2012,191.0,141.0,548.0,110.0,118.0,16.0,64.5,141.0,338.0,26
ANSUR2-F-10038,F,1.0,ansur2_2012,180.0,138.0,535.0,125.0,115.0,23.0,59.5,126.0,294.0,21
ANSUR2-F-10042,F,1.0,ansur2_2012,207.0,146.0,588.0,129.0,135.0,26.0,65.5,128.0,309.0,23
ANSUR2-F-10043,F,1.0,ansur2_2012,206.0,153.0,593.0,125.0,118.0,22.0,65.5,144.0,340.0,22
ANSUR2-F-10051,F,1.0,ansur2_2012,181.0,140.0,522.0,116.0,114.0,18.0,63.5,135.0,300.0,45
ANSUR2-F-10053,F,1.0,ansur2_2012,194.0,146.0,570.0,127.0,126.0,15.0,70.5,147.0,335.0,44
ANSUR2-F-10061,F,1.0,ansur2_2012,197.0,146.0,582.0,128.0,117.0,17.0,59.5,134.0,308.0,21
ANSUR2-F-10070,F,1.0,ansur2_2012,185.0,143.0,551.0,132.0,109.0,19.0,64.5,136.0,317.0,23
ANSUR2-F-10077,F,1.0,ansur2_2012,184.0,143.0,562.0,117.0,114.0,21.0,61.0,131.0,296.0,24
ANSUR2-F-10080,F,1.0,ansur2_2012,176.0,146.0,528.0,115.0,107.0,19.0,59.5,133.0,297.0,37
ANSUR2-F-10095,F,1.0,ansur2_2012,213.0,146.0,614.0,129.0,122.0,30.0,69.0,147.0,340.0,33
ANSUR2-F-10101,F,1.0,ansur2_2012,210.0,152.0,598.0,127.0,112.0,18.0,58.5,133.0,344.0,36
ANSUR2-F-10105,F,1.0,ansur2_2012,182.0,144.0,540.0,110.0,108.0,17.0,58.5,129.0,315.0,40
ANSUR2-F-10111,F,1.0,ansur2_2012,185.0,145.0,553.0,127.0,121.0,17.0,66.0,146.0,327.0,24
ANSUR2-F-10121,F,1.0,ansur2_2012,194.0,147.0,586.0,122.0,112.0,23.0,67.5,135.0,313.0,30
ANSUR2-F-10127,F,1.0,ansur2_2012,198.0,148.0,572.0,123.0,116.0,24.0,56.5,128.0,303.0,36
ANSUR2-F-10129,F,1.0,ansur2_2012,190.0,150.0,568.0,122.0,121.0,21.0,57.5,128.0,305.0,19
ANSUR2-F-10131,F,1.0,ansur2_2012,195.0,148.0,568.0,115.0,114.0,19.0,59.0,132.0,313.0,19
ANSUR2-F-10136,F,1.0,ansur2_2012,206.0,146.0,592.0,123.0,123.0,21.0,65.0,135.0,332.0,33
ANSUR2-F-10138,F,1.0,ansur2_2012,185.0,141.0,532.0,113.0,114.0,21.0,63.0,127.0,290.0,34
ANSUR2-F-10149,F,1.0,ansur2_2012,195.0,144.0,560.0,117.0,112.0,19.0,57.5,131.0,303.0,31
ANSUR2-F-10158,F,1.0,ansur2_2012,180.0,153.0,554.0,127.0,115.0,22.0,63.5,138.0,306.0,29
ANSUR2-F-10173,F,1.0,ansur2_2012,185.0,138.0,536.0,121.0,113.0,21.0,57.0,126.0,305.0,31
ANSUR2-F-10175,F,1.0,ansur2_2012,192.0,151.0,572.0,127.0,114.0,19.0,60.5,139.0,324.0,33
ANSUR2-F-10196,F,1.0,ansur2_2012,194.0,151.0,576.0,132.0,119.0,18.0,63.0,133.0,314.0,19
ANSUR2-F-10210,F,1.0,ansur2_2012,188.0,150.0,562.0,117.0,112.0,20.0,60.0,137.0,309.0,23
ANSUR2-F-10222,F,1.0,ansur2_2012,181.0,139.0,544.0,128.0,105.0,19.0,58.0,131.0,295.0,23
ANSUR2-F-11394,F,1.0,ansur2_2012,188.0,148.0,550.0,122.0,112.0,22.0,55.5,130.0,305.0,21
ANSUR2-F-11395,F,1.0,ansur2_2012,185.0,145.0,547.0,130.0,113.0,23.0,61.5,130.0,303.0,24
ANSUR2-F-11396,F,1.0,ansur2_2012,176.0,134.0,525.0,121.0,122.0,26.0,64.5,126.0,305.0,30
ANSUR2-F-11397,F,1.0,ansur2_2012,177.0,154.0,545.0,136.0,105.0,28.0,64.5,140.0,315.0,30
ANSUR2-F-11404,F,1.0,ansur2_2012,183.0,148.0,550.0,123.0,120.0,23.0,56.5,130.0,300.0,28
ANSUR2-F-11405,F,1.0,ansur2_2012,196.0,150.0,573.0,126.0,115.0,21.0,68.0,130.0,316.0,22
ANSUR2-F-11407,F,1.0,ansur2_2012,194.0,133.0,564.0,120.0,130.0,21.0,63.5,128.0,335.0,40
ANSUR2-F-11410,F,1.0,ansur2_2012,193.0,155.0,577.0,130.0,116.0,21.0,61.5,139.0,325.0,42
ANSUR2-F-11510,F,1.0,ansur2_2012,182.0,143.0,538.0,128.0,116.0,23.0,57.5,125.0,288.0,26
ANSUR2-F-11513,F,1.0,ansur2_2012,183.0,152.0,553.0,120.0,111.0,22.0,64.5,137.0,310.0,40
ANSUR2-F-11519,F,1.0,ansur2_2012,186.0,144.0,577.0,125.0,100.0,20.0,63.0,128.0,301.0,29
ANSUR2-F-11523,F,1.0,ansur2_2012,185.0,143.0,533.0,125.0,122.0,23.0,60.0,123.0,295.0,37
ANSUR2-F-11525,F,1.0,ansur2_2012,190.0,151.0,550.0,133.0,120.0,23.0,59.0,136.0,316.0,26
ANSUR2-F-11528,F,1.0,ansur2_2012,200.0,147.0,582.0,133.0,123.0,23.0,60.0,137.0,325.0,31
ANSUR2-F-11529,F,1.0,ansur2_2012,194.0,147.0,559.0,128.0,117.0,22.0,60.5,130.0,315.0,28
ANSUR2-F-11530,F,1.0,ansur2_2012,188.0,149.0,553.0,126.0,116.0,27.0,64.0,133.0,315.0,25
ANSUR2-F-11533,F,1.0,ansur2_2012,194.0,152.0,560.0,138.0,117.0,24.0,62.5,142.0,315.0,26
ANSUR2-F-11537,F,1.0,ansur2_2012,182.0,151.0,555.0,127.0,117.0,24.0,64.5,145.0,328.0,35
ANSUR2-F-11593,F,1.0,ansur2_2012,195.0,150.0,565.0,125.0,110.0,23.0,60.0,138.0,330.0,22
ANSUR2-F-11742,F,1.0,ansur2_2012,191.0,145.0,557.0,129.0,116.0,25.0,60.0,129.0,315.0,40
ANSUR2-F-11767,F,1.0,ansur2_2012,193.0,147.0,565.0,120.0,120.0,22.0,64.0,135.0,346.0,43
ANSUR2-F-11771,F,1.0,ansur2_2012,190.0,148.0,560.0,128.0,104.0,21.0,61.0,133.0,320.0,20
ANSUR2-F-11773,F,1.0,ansur2_2012,183.0,139.0,541.0,128.0,118.0,24.0,62.0,126.0,298.0,26
ANSUR2-F-11782,F,1.0,ansur2_2012,193.0,153.0,568.0,129.0,119.0,25.0,62.0,130.0,310.0,24
ANSUR2-F-11783,F,1.0,ansur2_2012,202.0,147.0,580.0,136.0,119.0,21.0,63.0,140.0,320.0,27
ANSUR2-F-11785,F,1.0,ansur2_2012,192.0,142.0,553.0,126.0,116.0,20.0,67.0,137.0,313.0,41
ANSUR2-F-11802,F,1.0,ansur2_2012,186.0,149.0,565.0,131.0,114.0,29.0,57.5,134.0,300.0,30
ANSUR2-F-11803,F,1.0,ansur2_2012,181.0,150.0,557.0,133.0,113.0,24.0,61.5,132.0,280.0,25
ANSUR2-F-11811,F,1.0,ansur2_2012,190.0,148.0,555.0,132.0,110.0,25.0,56.5,128.0,313.0,24
ANSUR2-F-11814,F,1.0,ansur2_2012,192.0,141.0,552.0,127.0,104.0,22.0,57.0,122.0,282.0,21
ANSUR2-F-11815,F,1.0,ansur2_2012,190.0,152.0,580.0,134.0,131.0,20.0,65.5,139.0,320.0,24
ANSUR2-F-11818,F,1.0,ansur2_2012,196.0,138.0,545.0,127.0,116.0,20.0,58.5,122.0,291.0,29
ANSUR2-F-11821,F,1.0,ansur2_2012,192.0,150.0,570.0,137.0,104.0,22.0,63.5,136.0,300.0,23
ANSUR2-F-11823,F,1.0,ansur2_2012,188.0,144.0,555.0,130.0,118.0,19.0,66.0,138.0,324.0,35
ANSUR2-F-11828,F,1.0,ansur2_2012,199.0,151.0,574.0,132.0,110.0,22.0,70.0,139.0,323.0,28
ANSUR2-F-11915,F,1.0,ansur2_2012,195.0,150.0,565.0,126.0,107.0,23.0,55.5,126.0,304.0,26
ANSUR2-F-11916,F,1.0,ansur2_2012,190.0,141.0,548.0,133.0,109.0,19.0,59.0,128.0,323.0,27
ANSUR2-F-11922,F,1.0,ansur2_2012,188.0,143.0,553.0,125.0,126.0,25.0,57.0,129.0,292.0,25
ANSUR2-F-11923,F,1.0,ansur2_2012,190.0,150.0,573.0,132.0,110.0,25.0,58.0,131.0,313.0,27
ANSUR2-F-11990,F,1.0,ansur2_2012,192.0,146.0,563.0,120.0,114.0,24.0,58.5,131.0,316.0,22
ANSUR2-F-11991,F,1.0,ansur2_2012,187.0,139.0,554.0,120.0,110.0,17.0,61.0,136.0,315.0,24
ANSUR2-F-11992,F,1.0,ansur2_2012,198.0,145.0,561.0,125.0,115.0,17.0,61.0,136.0,332.0,26
ANSUR2-F-11993,F,1.0,ansur2_2012,191.0,145.0,552.0,129.0,112.0,24.0,58.5,131.0,321.0,27
ANSUR2-F-11996,F,1.0,ansur2_2012,184.0,136.0,554.0,117.0,109.0,17.0,64.0,133.0,307.0,20
ANSUR2-F-12036,F,1.0,ansur2_2012,181.0,141.0,537.0,118.0,114.0,17.0,59.0,130.0,319.0,36
ANSUR2-F-12037,F,1.0,ansur2_2012,186.0,155.0,564.0,146.0,123.0,26.0,62.0,142.0,320.0,44
ANSUR2-F-12040,F,1.0,ansur2_2012,192.0,143.0,545.0,120.0,110.0,20.0,59.0,124.0,319.0,34
ANSUR2-F-12067,F,1.0,ansur2_2012,187.0,151.0,549.0,130.0,114.0,22.0,60.5,131.0,323.0,26
ANSUR2-F-12071,F,1.0,ansur2_2012,197.0,150.0,575.0,134.0,124.0,20.0,64.5,137.0,300.0,22
ANSUR2-F-12076,F,1.0,ansur2_2012,188.0,146.0,560.0,120.0,114.0,23.0,65.0,140.0,316.0,29
ANSUR2-F-12081,F,1.0,ansur2_2012,195.0,150.0,599.0,134.0,124.0,20.0,67.0,135.0,312.0,44
ANSUR2-F-12082,F,1.0,ansur2_2012,185.0,156.0,550.0,139.0,121.0,19.0,64.5,141.0,314.0,38
ANSUR2-F-12087,F,1.0,ansur2_2012,194.0,148.0,564.0,124.0,110.0,17.0,61.5,131.0,312.0,22
ANSUR2-F-12347,F,1.0,ansur2_2012,212.0,151.0,580.0,134.0,112.0,24.0,64.5,139.0,308.0,25
ANSUR2-F-12469,F,1.0,ansur2_2012,197.0,147.0,565.0,118.0,121.0,22.0,63.0,131.0,313.0,18
ANSUR2-F-12491,F,1.0,ansur2_2012,183.0,146.0,545.0,116.0,118.0,22.0,60.0,122.0,298.0,34
ANSUR2-F-12703,F,1.0,ansur2_2012,190.0,143.0,550.0,123.0,103.0,25.0,61.5,124.0,285.0,20
ANSUR2-F-12706,F,1.0,ansur2_2012,183.0,142.0,552.0,120.0,112.0,20.0,58.5,135.0,323.0,33
ANSUR2-F-12708,F,1.0,ansur2_2012,182.0,156.0,575.0,126.0,110.0,19.0,60.5,128.0,294.0,36
ANSUR2-F-12874,F,1.0,ansur2_2012,180.0,143.0,538.0,118.0,108.0,19.0,62.0,135.0,315.0,29
ANSUR2-F-12881,F,1.0,ansur2_2012,186.0,145.0,560.0,124.0,116.0,23.0,64.5,127.0,311.0,23
ANSUR2-F-12883,F,1.0,ansur2_2012,187.0,140.0,552.0,115.0,118.0,15.0,61.5,132.0,322.0,35
ANSUR2-F-12901,F,1.0,ansur2_2012,186.0,145.0,553.0,127.0,97.0,22.0,63.0,130.0,292.0,19
ANSUR2-F-12976,F,1.0,ansur2_2012,186.0,152.0,574.0,126.0,113.0,18.0,56.5,130.0,319.0,30
ANSUR2-F-13010,F,1.0,ansur2_2012,178.0,148.0,536.0,121.0,112.0,22.0,56.5,127.0,280.0,42
ANSUR2-F-13013,F,1.0,ansur2_2012,192.0,142.0,540.0,132.0,116.0,21.0,57.5,126.0,301.0,38
ANSUR2-F-13019,F,1.0,ansur2_2012,207.0,144.0,585.0,128.0,104.0,21.0,64.0,134.0,313.0,24
ANSUR2-F-13020,F,1.0,ansur2_2012,192.0,145.0,550.0,126.0,113.0,21.0,61.0,137.0,334.0,35
ANSUR2-F-13027,F,1.0,ansur2_2012,180.0,143.0,530.0,126.0,100.0,19.0,61.5,131.0,308.0,32
ANSUR2-F-13036,F,1.0,ansur2_2012,178.0,143.0,531.0,120.0,111.0,21.0,61.5,130.0,295.0,41
ANSUR2-F-13064,F,1.0,ansur2_2012,194.0,150.0,556.0,131.0,113.0,22.0,62.0,136.0,324.0,40
ANSUR2-F-13141,F,1.0,ansur2_2012,186.0,149.0,540.0,118.0,122.0,22.0,62.5,145.0,313.0,42
ANSUR2-F-13144,F,1.0,ansur2_2012,187.0,140.0,543.0,129.0,117.0,22.0,57.5,118.0,288.0,33
ANSUR2-F-13147,F,1.0,ansur2_2012,188.0,150.0,550.0,117.0,124.0,22.0,62.0,134.0,317.0,30
ANSUR2-F-13151,F,1.0,ansur2_2012,179.0,156.0,552.0,124.0,111.0,22.0,62.0,141.0,317.0,36
ANSUR2-F-13156,F,1.0,ansur2_2012,188.0,158.0,558.0,133.0,114.0,21.0,63.0,144.0,305.0,20
ANSUR2-F-13163,F,1.0,ansur2_2012,185.0,147.0,549.0,117.0,112.0,24.0,60.0,128.0,304.0,46
ANSUR2-F-13165,F,1.0,ansur2_2012,188.0,153.0,573.0,133.0,120.0,18.0,64.0,138.0,325.0,20
ANSUR2-F-13170,F,1.0,ansur2_2012,180.0,140.0,521.0,120.0,105.0,23.0,59.0,121.0,295.0,20
ANSUR2-F-13171,F,1.0,ansur2_2012,168.0,149.0,532.0,116.0,106.0,23.0,59.0,140.0,305.0,40
ANSUR2-F-13179,F,1.0,ansur2_2012,188.0,145.0,566.0,116.0,116.0,31.0,60.0,136.0,308.0,31
ANSUR2-F-13181,F,1.0,ansur2_2012,192.0,150.0,588.0,120.0,117.0,20.0,61.5,131.0,327.0,32
ANSUR2-F-13268,F,1.0,ansur2_2012,188.0,150.0,580.0,126.0,111.0,24.0,62.5,132.0,285.0,32
ANSUR2-F-13273,F,1.0,ansur2_2012,195.0,156.0,577.0,124.0,123.0,28.0,62.5,137.0,315.0,24
ANSUR2-F-13274,F,1.0,ansur2_2012,186.0,143.0,546.0,124.0,110.0,16.0,57.0,124.0,280.0,24
ANSUR2-F-13275,F,1.0,ansur2_2012,189.0,136.0,549.0,120.0,118.0,19.0,59.5,124.0,320.0,32
ANSUR2-F-13284,F,1.0,ansur2_2012,192.0,142.0,572.0,128.0,124.0,24.0,56.5,127.0,296.0,32
ANSUR2-F-13288,F,1.0,ansur2_2012,187.0,159.0,575.0,140.0,125.0,21.0,64.0,141.0,344.0,27
ANSUR2-F-13290,F,1.0,ansur2_2012,186.0,147.0,552.0,130.0,121.0,24.0,59.0,128.0,298.0,27
ANSUR2-F-13297,F,1.0,ansur2_2012,190.0,156.0,583.0,126.0,110.0,22.0,59.0,132.0,310.0,41
ANSUR2-F-13357,F,1.0,ansur2_2012,186.0,143.0,560.0,106.0,113.0,13.0,64.0,129.0,318.0,38
ANSUR2-F-13360,F,1.0,ansur2_2012,188.0,149.0,560.0,123.0,109.0,25.0,59.5,136.0,305.0,26
ANSUR2-F-13369,F,1.0,ansur2_2012,184.0,143.0,552.0,135.0,126.0,24.0,66.0,140.0,328.0,25
ANSUR2-F-13370,F,1.0,ansur2_2012,194.0,157.0,576.0,137.0,110.0,21.0,67.0,149.0,330.0,20
ANSUR2-F-13371,F,1.0,ansur2_2012,196.0,152.0,578.0,116.0,118.0,22.0,64.5,130.0,325.0,26
ANSUR2-F-13386,F,1.0,ansur2_2012,197.0,147.0,573.0,124.0,117.0,27.0,65.5,134.0,317.0,42
ANSUR2-F-13393,F,1.0,ansur2_2012,188.0,149.0,560.0,129.0,116.0,25.0,64.5,149.0,318.0,20
ANSUR2-F-13397,F,1.0,ansur2_2012,174.0,146.0,528.0,127.0,100.0,21.0,59.5,129.0,298.0,34
ANSUR2-F-13413,F,1.0,ansur2_2012,186.0,143.0,543.0,140.0,109.0,23.0,56.0,128.0,286.0,31
ANSUR2-F-13437,F,1.0,ansur2_2012,200.0,150.0,598.0,123.0,126.0,22.0,63.5,126.0,312.0,20
ANSUR2-F-13441,F,1.0,ansur2_2012,190.0,154.0,566.0,128.0,125.0,22.0,56.5,132.0,308.0,21
ANSUR2-F-13451,F,1.0,ansur2_2012,188.0,143.0,550.0,121.0,108.0,23.0,64.5,135.0,308.0,19
ANSUR2-F-13456,F,1.0,ansur2_2012,196.0,148.0,575.0,124.0,112.0,20.0,60.5,131.0,320.0,27
ANSUR2-F-13459,F,1.0,ansur2_2012,196.0,151.0,568.0,114.0,116.0,17.0,54.0,128.0,324.0,24
ANSUR2-F-13464,F,1.0,ansur2_2012,189.0,150.0,563.0,142.0,118.0,25.0,67.0,143.0,326.0,42
ANSUR2-F-13466,F,1.0,ansur2_2012,181.0,140.0,542.0,116.0,109.0,20.0,60.0,131.0,309.0,43
ANSUR2-F-13472,F,1.0,ansur2_2012,194.0,155.0,567.0,131.0,119.0,20.0,65.5,136.0,315.0,31
ANSUR2-F-13473,F,1.0,ansur2_2012,189.0,149.0,565.0,112.0,112.0,19.0,61.0,136.0,315.0,37
ANSUR2-F-13475,F,1.0,ansur2_2012,186.0,141.0,552.0,133.0,113.0,27.0,66.0,138.0,300.0,27
ANSUR2-F-13477,F,1.0,ansur2_2012,183.0,143.0,550.0,134.0,117.0,19.0,56.0,128.0,285.0,24
ANSUR2-F-13478,F,1.0,ansur2_2012,199.0,145.0,563.0,135.0,117.0,19.0,62.5,134.0,330.0,24
ANSUR2-F-13480,F,1.0,ansur2_2012,206.0,155.0,620.0,138.0,116.0,21.0,66.0,131.0,312.0,36
ANSUR2-F-13485,F,1.0,ansur2_2012,192.0,143.0,543.0,127.0,106.0,22.0,57.0,130.0,290.0,22
ANSUR2-F-13486,F,1.0,ansur2_2012,212.0,148.0,600.0,121.0,128.0,25.0,61.5,134.0,330.0,24
ANSUR2-F-13530,F,1.0,ansur2_2012,190.0,151.0,575.0,122.0,114.0,20.0,63.0,136.0,314.0,26
ANSUR2-F-13535,F,1.0,ansur2_2012,180.0,150.0,583.0,120.0,110.0,20.0,63.0,133.0,317.0,32
ANSUR2-F-13537,F,1.0,ansur2_2012,195.0,141.0,560.0,119.0,118.0,21.0,56.0,124.0,313.0,45
ANSUR2-F-13538,F,1.0,ansur2_2012,184.0,143.0,534.0,113.0,107.0,19.0,61.5,127.0,290.0,29
ANSUR2-F-13540,F,1.0,ansur2_2012,208.0,147.0,596.0,120.0,116.0,20.0,64.0,136.0,320.0,21
ANSUR2-F-13542,F,1.0,ansur2_2012,191.0,152.0,581.0,115.0,105.0,20.0,65.5,135.0,336.0,21
ANSUR2-F-13546,F,1.0,ansur2_2012,196.0,144.0,538.0,116.0,108.0,17.0,57.0,125.0,284.0,40
ANSUR2-F-13547,F,1.0,ansur2_2012,195.0,144.0,573.0,123.0,115.0,20.0,63.0,137.0,314.0,34
ANSUR2-F-13555,F,1.0,ansur2_2012,195.0,140.0,555.0,124.0,110.0,17.0,58.0,125.0,304.0,21
ANSUR2-F-13558,F,1.0,ansur2_2012,198.0,145.0,584.0,134.0,109.0,18.0,68.5,128.0,310.0,24
ANSUR2-F-13562,F,1.0,ansur2_2012,190.0,144.0,544.0,126.0,109.0,16.0,63.0,131.0,296.0,30
ANSUR2-F-13603,F,1.0,ansur2_2012,177.0,147.0,540.0,124.0,116.0,23.0,62.5,134.0,301.0,21
ANSUR2-F-13605,F,1.0,ansur2_2012,189.0,144.0,560.0,124.0,108.0,17.0,56.0,134.0,313.0,21
ANSUR2-F-13607,F,1.0,ansur2_2012,190.0,142.0,550.0,114.0,115.0,18.0,61.5,133.0,324.0,41
ANSUR2-F-13610,F,1.0,ansur2_2012,186.0,144.0,570.0,126.0,111.0,20.0,54.5,122.0,304.0,27
ANSUR2-F-13614,F,1.0,ansur2_2012,182.0,152.0,561.0,127.0,124.0,24.0,62.0,142.0,308.0,39
ANSUR2-F-13615,F,1.0,ansur2_2012,189.0,138.0,543.0,123.0,113.0,16.0,56.5,125.0,303.0,32
ANSUR2-F-13616,F,1.0,ansur2_2012,200.0,154.0,577.0,120.0,111.0,22.0,63.5,136.0,305.0,24
ANSUR2-F-13617,F,1.0,ansur2_2012,182.0,141.0,543.0,120.0,113.0,20.0,62.0,129.0,295.0,24
ANSUR2-F-13619,F,1.0,ansur2_2012,190.0,147.0,562.0,124.0,118.0,19.0,64.0,133.0,300.0,35
ANSUR2-F-13622,F,1.0,ansur2_2012,181.0,141.0,531.0,108.0,106.0,19.0,56.0,130.0,294.0,24
ANSUR2-F-13626,F,1.0,ansur2_2012,187.0,143.0,555.0,120.0,116.0,22.0,59.5,131.0,318.0,35
ANSUR2-F-13702,F,1.0,ansur2_2012,190.0,145.0,550.0,127.0,103.0,27.0,58.0,130.0,297.0,23
ANSUR2-F-13704,F,1.0,ansur2_2012,194.0,147.0,575.0,137.0,114.0,23.0,68.0,132.0,317.0,41
ANSUR2-F-13731,F,1.0,ansur2_2012,193.0,145.0,548.0,122.0,114.0,20.0,61.0,125.0,290.0,39
ANSUR2-F-13732,F,1.0,ansur2_2012,196.0,153.0,587.0,115.0,123.0,20.0,63.5,136.0,325.0,39
ANSUR2-F-13733,F,1.0,ansur2_2012,182.0,143.0,548.0,123.0,118.0,20.0,62.0,136.0,330.0,46
ANSUR2-F-13734,F,1.0,ansur2_2012,201.0,150.0,572.0,130.0,120.0,19.0,65.5,136.0,341.0,42
ANSUR2-F-13735,F,1.0,ansur2_2012,191.0,158.0,554.0,118.0,113.0,21.0,55.5,133.0,306.0,50
ANSUR2-F-13737,F,1.0,ansur2_2012,188.0,141.0,536.0,122.0,118.0,20.0,63.0,136.0,334.0,44
ANSUR2-F-13738,F,1.0,ansur2_2012,198.0,144.0,567.0,124.0,118.0,21.0,60.0,135.0,301.0,45
ANSUR2-F-13739,F,1.0,ansur2_2012,178.0,153.0,541.0,130.0,117.0,24.0,60.0,136.0,285.0,47
ANSUR2-F-13740,F,1.0,ansur2_2012,185.0,141.0,544.0,116.0,106.0,23.0,55.0,129.0,308.0,42
ANSUR2-F-13741,F,1.0,ansur2_2012,192.0,143.0,547.0,123.0,116.0,20.0,51.5,124.0,316.0,45
ANSUR2-F-13743,F,1.0,ansur2_2012,187.0,147.0,528.0,117.0,111.0,17.0,61.5,131.0,300.0,39
ANSUR2-F-13751,F,1.0,ansur2_2012,182.0,148.0,558.0,127.0,128.0,25.0,64.5,139.0,325.0,44
ANSUR2-F-13752,F,1.0,ansur2_2012,194.0,153.0,590.0,119.0,118.0,23.0,65.5,142.0,322.0,44
ANSUR2-F-13889,F,1.0,ansur2_2012,179.0,150.0,542.0,117.0,105.0,14.0,55.0,135.0,304.0,25
ANSUR2-F-13891,F,1.0,ansur2_2012,185.0,143.0,544.0,117.0,113.0,19.0,56.0,126.0,300.0,37
ANSUR2-F-13892,F,1.0,ansur2_2012,195.0,152.0,585.0,126.0,110.0,19.0,66.5,132.0,316.0,46
ANSUR2-F-13893,F,1.0,ansur2_2012,182.0,145.0,537.0,105.0,114.0,18.0,58.5,131.0,314.0,48
ANSUR2-F-13894,F,1.0,ansur2_2012,192.0,150.0,572.0,126.0,121.0,18.0,65.0,143.0,314.0,38
ANSUR2-F-13896,F,1.0,ansur2_2012,184.0,139.0,533.0,116.0,113.0,20.0,56.0,133.0,319.0,44
ANSUR2-F-13897,F,1.0,ansur2_2012,193.0,160.0,598.0,133.0,116.0,21.0,64.5,135.0,323.0,45
ANSUR2-F-13898,F,1.0,ansur2_2012,189.0,138.0,523.0,111.0,110.0,19.0,55.0,131.0,288.0,48
ANSUR2-F-13899,F,1.0,ansur2_2012,185.0,153.0,595.0,118.0,110.0,18.0,67.5,132.0,330.0,41
ANSUR2-F-13900,F,1.0,ansur2_2012,189.0,145.0,553.0,126.0,108.0,19.0,59.5,131.0,311.0,52
ANSUR2-F-13920,F,1.0,ansur2_2012,190.0,151.0,556.0,126.0,104.0,22.0,65.0,138.0,325.0,45
ANSUR2-F-13923,F,1.0,ansur2_2012,185.0,145.0,542.0,114.0,117.0,20.0,63.5,136.0,316.0,44
ANSUR2-F-14049,F,1.0,ansur2_2012,175.0,156.0,545.0,128.0,120.0,22.0,54.0,136.0,316.0,33
ANSUR2-F-14050,F,1.0,ansur2_2012,187.0,148.0,563.0,130.0,113.0,26.0,58.5,134.0,301.0,48
ANSUR2-F-14052,F,1.0,ansur2_2012,192.0,143.0,546.0,136.0,103.0,24.0,61.5,133.0,304.0,19
ANSUR2-F-14053,F,1.0,ansur2_2012,193.0,148.0,557.0,120.0,114.0,25.0,55.5,133.0,311.0,27
ANSUR2-F-14055,F,1.0,ansur2_2012,184.0,136.0,533.0,114.0,116.0,22.0,57.5,121.0,308.0,39
ANSUR2-F-14058,F,1.0,ansur2_2012,186.0,146.0,551.0,117.0,121.0,20.0,65.5,133.0,323.0,27
ANSUR2-F-14060,F,1.0,ansur2_2012,196.0,139.0,563.0,120.0,107.0,25.0,63.5,126.0,294.0,49
ANSUR2-F-14111,F,1.0,ansur2_2012,185.0,141.0,552.0,121.0,108.0,20.0,54.5,127.0,299.0,30
ANSUR2-F-14117,F,1.0,ansur2_2012,201.0,150.0,591.0,129.0,117.0,25.0,61.0,130.0,307.0,23
ANSUR2-F-14118,F,1.0,ansur2_2012,180.0,146.0,542.0,122.0,118.0,19.0,58.5,134.0,306.0,23
ANSUR2-F-14119,F,1.0,ansur2_2012,186.0,152.0,557.0,124.0,121.0,23.0,65.0,139.0,307.0,23
ANSUR2-F-14121,F,1.0,ansur2_2012,190.0,144.0,560.0,124.0,111.0,21.0,61.0,124.0,304.0,27
ANSUR2-F-14122,F,1.0,ansur2_2012,188.0,150.0,565.0,126.0,114.0,23.0,61.5,132.0,304.0,41
ANSUR2-F-14124,F,1.0,ansur2_2012,189.0,147.0,567.0,128.0,115.0,24.0,62.0,132.0,315.0,22
ANSUR2-F-14125,F,1.0,ansur2_2012,179.0,147.0,557.0,122.0,108.0,21.0,61.0,136.0,300.0,26
ANSUR2-F-14126,F,1.0,ansur2_2012,185.0,135.0,556.0,118.0,114.0,25.0,57.0,126.0,292.0,21
ANSUR2-F-14127,F,1.0,ansur2_2012,190.0,146.0,557.0,116.0,115.0,25.0,60.5,135.0,286.0,21
ANSUR2-F-14128,F,1.0,ansur2_2012,198.0,141.0,565.0,122.0,122.0,18.0,64.0,126.0,306.0,32
ANSUR2-F-14136,F,1.0,ansur2_2012,197.0,150.0,575.0,130.0,119.0,22.0,61.0,133.0,310.0,27
ANSUR2-F-14137,F,1.0,ansur2_2012,193.0,150.0,580.0,123.0,114.0,28.0,62.0,136.0,310.0,23
ANSUR2-F-14138,F,1.0,ansur2_2012,188.0,144.0,546.0,120.0,108.0,23.0,61.5,126.0,296.0,24
ANSUR2-F-14179,F,1.0,ansur2_2012,174.0,139.0,521.0,115.0,110.0,19.0,61.0,133.0,306.0,28
ANSUR2-F-14181,F,1.0,ansur2_2012,199.0,157.0,590.0,117.0,111.0,23.0,67.0,135.0,324.0,35
ANSUR2-F-14182,F,1.0,ansur2_2012,190.0,152.0,566.0,127.0,115.0,20.0,67.0,144.0,337.0,23
ANSUR2-F-14185,F,1.0,ansur2_2012,191.0,149.0,573.0,124.0,108.0,18.0,62.0,135.0,325.0,37
ANSUR2-F-14186,F,1.0,ansur2_2012,197.0,153.0,592.0,123.0,121.0,21.0,66.5,138.0,332.0,27
ANSUR2-F-14187,F,1.0,ansur2_2012,200.0,159.0,620.0,127.0,116.0,20.0,64.0,142.0,330.0,20
ANSUR2-F-14188,F,1.0,ansur2_2012,184.0,143.0,559.0,109.0,97.0,19.0,56.0,120.0,314.0,33
ANSUR2-F-14189,F,1.0,ansur2_2012,182.0,150.0,554.0,123.0,104.0,22.0,61.0,135.0,300.0,35
ANSUR2-F-14190,F,1.0,ansur2_2012,191.0,144.0,548.0,119.0,114.0,20.0,64.5,132.0,326.0,37
ANSUR2-F-14191,F,1.0,ansur2_2012,193.0,156.0,605.0,123.0,112.0,17.0,69.5,147.0,336.0,43
ANSUR2-F-14193,F,1.0,ansur2_2012,185.0,146.0,543.0,105.0,105.0,20.0,58.5,133.0,321.0,31
ANSUR2-F-14194,F,1.0,ansur2_2012,192.0,141.0,573.0,109.0,104.0,17.0,63.0,127.0,307.0,28
ANSUR2-F-14196,F,1.0,ansur2_2012,192.0,145.0,560.0,126.0,105.0,21.0,56.0,131.0,317.0,27
ANSUR2-F-14197,F,1.0,ansur2_2012,187.0,145.0,551.0,116.0,109.0,18.0,58.0,130.0,318.0,48
ANSUR2-F-14198,F,1.0,ansur2_2012,182.0,142.0,598.0,143.0,104.0,23.0,65.0,133.0,320.0,28
ANSUR2-F-14199,F,1.0,ansur2_2012,192.0,154.0,570.0,134.0,123.0,19.0,60.5,144.0,336.0,21
ANSUR2-F-14200,F,1.0,ansur2_2012,205.0,158.0,582.0,127.0,108.0,20.0,67.0,150.0,345.0,22
ANSUR2-F-14201,F,1.0,ansur2_2012,197.0,147.0,600.0,128.0,117.0,18.0,67.0,132.0,318.0,22
ANSUR2-F-14202,F,1.0,ansur2_2012,188.0,153.0,568.0,119.0,115.0,18.0,63.5,147.0,316.0,21
ANSUR2-F-14219,F,1.0,ansur2_2012,185.0,141.0,550.0,123.0,119.0,19.0,56.0,132.0,314.0,37
ANSUR2-F-14220,F,1.0,ansur2_2012,175.0,142.0,537.0,124.0,111.0,22.0,57.5,131.0,297.0,44
ANSUR2-F-14221,F,1.0,ansur2_2012,179.0,147.0,537.0,114.0,120.0,17.0,63.5,142.0,327.0,26
ANSUR2-F-14222,F,1.0,ansur2_2012,191.0,144.0,557.0,123.0,108.0,22.0,61.5,126.0,316.0,30
ANSUR2-F-14223,F,1.0,ansur2_2012,181.0,151.0,558.0,122.0,114.0,22.0,63.5,132.0,304.0,34
ANSUR2-F-14225,F,1.0,ansur2_2012,190.0,143.0,546.0,121.0,111.0,21.0,66.0,133.0,316.0,21
ANSUR2-F-14226,F,1.0,ansur2_2012,190.0,148.0,564.0,129.0,116.0,19.0,58.0,130.0,317.0,28
ANSUR2-F-14227,F,1.0,ansur2_2012,186.0,146.0,553.0,110.0,116.0,17.0,57.5,129.0,316.0,31
ANSUR2-F-14228,F,1.0,ansur2_2012,191.0,149.0,571.0,127.0,114.0,20.0,58.5,128.0,309.0,27
ANSUR2-F-14229,F,1.0,ansur2_2012,177.0,138.0,520.0,117.0,91.0,26.0,60.0,126.0,296.0,51
ANSUR2-F-14230,F,1.0,ansur2_2012,183.0,150.0,553.0,122.0,114.0,24.0,65.0,143.0,313.0,22
ANSUR2-F-14232,F,1.0,ansur2_2012,191.0,147.0,554.0,120.0,114.0,17.0,57.0,129.0,313.0,26
ANSUR2-F-14233,F,1.0,ansur2_2012,186.0,147.0,575.0,125.0,106.0,21.0,61.5,128.0,315.0,24
ANSUR2-F-14234,F,1.0,ansur2_2012,200.0,142.0,585.0,123.0,108.0,24.0,66.5,126.0,295.0,41
ANSUR2-F-14235,F,1.0,ansur2_2012,174.0,138.0,521.0,122.0,113.0,19.0,57.5,124.0,287.0,22
ANSUR2-F-14236,F,1.0,ansur2_2012,192.0,150.0,568.0,125.0,113.0,23.0,63.0,136.0,294.0,23
ANSUR2-F-14237,F,1.0,ansur2_2012,194.0,142.0,561.0,117.0,111.0,18.0,55.5,127.0,307.0,21
ANSUR2-F-14238,F,1.0,ansur2_2012,187.0,153.0,560.0,119.0,115.0,23.0,62.0,138.0,306.0,25
ANSUR2-F-14240,F,1.0,ansur2_2012,194.0,149.0,555.0,126.0,113.0,23.0,55.5,131.0,298.0,24
ANSUR2-F-14246,F,1.0,ansur2_2012,182.0,151.0,545.0,124.0,113.0,27.0,62.0,131.0,300.0,20
ANSUR2-F-14247,F,1.0,ansur2_2012,186.0,138.0,535.0,114.0,113.0,19.0,51.5,123.0,293.0,25
ANSUR2-F-14249,F,1.0,ansur2_2012,182.0,147.0,531.0,121.0,110.0,21.0,59.0,131.0,294.0,23
ANSUR2-F-14252,F,1.0,ansur2_2012,178.0,146.0,545.0,112.0,112.0,19.0,61.0,131.0,308.0,23
ANSUR2-F-14255,F,1.0,ansur2_2012,196.0,143.0,557.0,124.0,116.0,24.0,63.5,129.0,314.0,29
ANSUR2-F-14358,F,1.0,ansur2_2012,190.0,154.0,598.0,130.0,101.0,22.0,64.5,140.0,328.0,23
ANSUR2-F-14360,F,1.0,ansur2_2012,187.0,146.0,562.0,120.0,107.0,18.0,54.5,133.0,324.0,45
ANSUR2-F-14361,F,1.0,ansur2_2012,196.0,153.0,574.0,130.0,111.0,22.0,72.0,136.0,316.0,23
ANSUR2-F-14365,F,1.0,ansur2_2012,186.0,149.0,548.0,117.0,104.0,25.0,65.0,134.0,316.0,24
ANSUR2-F-14367,F,1.0,ansur2_2012,196.0,157.0,574.0,139.0,119.0,28.0,66.5,140.0,314.0,22
ANSUR2-F-14801,F,1.0,ansur2_2012,192.0,142.0,557.0,120.0,104.0,23.0,62.5,132.0,314.0,23
ANSUR2-F-14802,F,1.0,ansur2_2012,200.0,145.0,568.0,131.0,117.0,20.0,61.5,130.0,300.0,27
ANSUR2-F-14803,F,1.0,ansur2_2012,191.0,144.0,554.0,125.0,115.0,20.0,61.0,126.0,298.0,37
ANSUR2-F-14804,F,1.0,ansur2_2012,194.0,152.0,577.0,128.0,119.0,25.0,64.5,137.0,323.0,31
ANSUR2-F-14805,F,1.0,ansur2_2012,193.0,143.0,558.0,117.0,105.0,18.0,56.0,126.0,296.0,44
ANSUR2-F-14806,F,1.0,ansur2_2012,192.0,145.0,555.0,121.0,110.0,19.0,67.0,135.0,324.0,28
ANSUR2-F-14808,F,1.0,ansur2_2012,187.0,150.0,555.0,129.0,116.0,22.0,64.0,132.0,301.0,39
ANSUR2-F-14809,F,1.0,ansur2_2012,190.0,141.0,554.0,122.0,114.0,23.0,60.0,129.0,300.0,28
ANSUR2-F-14810,F,1.0,ansur2_2012,185.0,150.0,620.0,121.0,113.0,22.0,70.5,138.0,319.0,22
ANSUR2-F-14811,F,1.0,ansur2_2012,182.0,154.0,554.0,126.0,116.0,17.0,64.0,134.0,304.0,44
ANSUR2-F-14812,F,1.0,ansur2_2012,178.0,143.0,540.0,126.0,99.0,23.0,61.5,133.0,300.0,45
ANSUR2-F-14825,F,1.0,ansur2_2012,185.0,152.0,566.0,115.0,115.0,20.0,56.0,126.0,290.0,26
ANSUR2-F-14826,F,1.0,ansur2_2012,191.0,148.0,564.0,129.0,110.0,22.0,62.5,130.0,295.0,24
ANSUR2-F-14827,F,1.0,ansur2_2012,197.0,147.0,600.0,115.0,114.0,17.0,69.5,127.0,340.0,50
ANSUR2-F-14828,F,1.0,ansur2_2012,192.0,145.0,556.0,123.0,111.0,20.0,57.5,123.0,304.0,27
ANSUR2-F-14829,F,1.0,ansur2_2012,190.0,147.0,547.0,114.0,125.0,17.0,61.0,132.0,326.0,49
ANSUR2-F-15004,F,1.0,ansur2_2012,179.0,142.0,539.0,114.0,104.0,23.0,54.5,124.0,293.0,21
ANSUR2-F-15005,F,1.0,ansur2_2012,187.0,144.0,554.0,121.0,106.0,20.0,55.0,129.0,312.0,24
ANSUR2-F-15006,F,1.0,ansur2_2012,188.0,142.0,561.0,130.0,116.0,18.0,63.0,130.0,302.0,48
ANSUR2-F-15007,F,1.0,ansur2_2012,189.0,144.0,560.0,119.0,117.0,18.0,62.5,128.0,309.0,40
ANSUR2-F-15008,F,1.0,ansur2_2012,195.0,146.0,569.0,130.0,119.0,19.0,64.5,139.0,318.0,37
ANSUR2-F-15009,F,1.0,ansur2_2012,191.0,155.0,587.0,123.0,110.0,18.0,64.5,140.0,315.0,37
ANSUR2-F-15010,F,1.0,ansur2_2012,176.0,145.0,528.0,118.0,97.0,27.0,59.5,133.0,292.0,48
ANSUR2-F-15011,F,1.0,ansur2_2012,187.0,140.0,540.0,114.0,106.0,22.0,57.0,125.0,307.0,23
ANSUR2-F-15012,F,1.0,ansur2_2012,189.0,145.0,564.0,134.0,107.0,20.0,64.0,132.0,302.0,23
ANSUR2-F-15013,F,1.0,ansur2_2012,190.0,149.0,570.0,123.0,116.0,19.0,60.0,132.0,314.0,32
ANSUR2-F-15014,F,1.0,ansur2_2012,193.0,153.0,582.0,123.0,107.0,30.0,59.0,138.0,307.0,29
ANSUR2-F-15015,F,1.0,ansur2_2012,193.0,145.0,566.0,122.0,105.0,21.0,61.5,131.0,313.0,37
ANSUR2-F-15016,F,1.0,ansur2_2012,195.0,156.0,568.0,131.0,107.0,24.0,66.0,143.0,323.0,44
ANSUR2-F-15017,F,1.0,ansur2_2012,192.0,147.0,569.0,126.0,113.0,19.0,62.0,123.0,290.0,44
ANSUR2-F-15018,F,1.0,ansur2_2012,179.0,144.0,525.0,111.0,111.0,19.0,61.5,128.0,285.0,31
ANSUR2-F-15045,F,1.0,ansur2_2012,197.0,151.0,575.0,121.0,112.0,19.0,63.0,134.0,308.0,26
ANSUR2-F-15046,F,1.0,ansur2_2012,194.0,145.0,555.0,122.0,106.0,19.0,59.5,128.0,317.0,24
ANSUR2-F-15047,F,1.0,ansur2_2012,185.0,145.0,560.0,118.0,108.0,19.0,59.0,125.0,293.0,24
ANSUR2-F-15048,F,1.0,ansur2_2012,186.0,144.0,586.0,122.0,107.0,17.0,65.5,133.0,316.0,20
ANSUR2-F-15049,F,1.0,ansur2_2012,192.0,142.0,555.0,129.0,119.0,21.0,60.5,134.0,317.0,31
ANSUR2-F-15160,F,1.0,ansur2_2012,180.0,144.0,538.0,116.0,117.0,20.0,54.5,131.0,309.0,22
ANSUR2-F-15161,F,1.0,ansur2_2012,195.0,147.0,577.0,115.0,129.0,19.0,61.5,133.0,326.0,21
ANSUR2-F-15163,F,1.0,ansur2_2012,186.0,148.0,551.0,130.0,118.0,31.0,60.0,129.0,310.0,24
ANSUR2-F-15164,F,1.0,ansur2_2012,203.0,152.0,590.0,138.0,118.0,24.0,67.5,140.0,319.0,25
ANSUR2-F-15165,F,1.0,ansur2_2012,188.0,144.0,547.0,124.0,104.0,22.0,62.0,124.0,296.0,39
ANSUR2-F-15166,F,1.0,ansur2_2012,190.0,150.0,578.0,128.0,112.0,22.0,61.5,133.0,304.0,28
ANSUR2-F-15167,F,1.0,ansur2_2012,183.0,147.0,557.0,123.0,110.0,21.0,61.5,135.0,317.0,28
ANSUR2-F-15168,F,1.0,ansur2_2012,171.0,145.0,527.0,115.0,103.0,20.0,60.5,132.0,307.0,49
ANSUR2-F-15169,F,1.0,ansur2_2012,187.0,152.0,586.0,138.0,116.0,23.0,65.0,142.0,327.0,27
ANSUR2-F-15170,F,1.0,ansur2_2012,197.0,149.0,570.0,134.0,108.0,23.0,63.0,126.0,296.0,32
ANSUR2-F-15172,F,1.0,ansur2_2012,199.0,150.0,567.0,130.0,114.0,22.0,61.0,134.0,323.0,30
ANSUR2-F-15173,F,1.0,ansur2_2012,200.0,153.0,593.0,141.0,97.0,21.0,65.5,137.0,317.0,23
ANSUR2-F-15175,F,1.0,ansur2_2012,200.0,152.0,609.0,138.0,126.0,23.0,58.5,130.0,309.0,30
ANSUR2-F-15296,F,1.0,ansur2_2012,183.0,157.0,555.0,127.0,116.0,23.0,62.0,136.0,294.0,22
ANSUR2-F-15297,F,1.0,ansur2_2012,201.0,148.0,600.0,144.0,118.0,23.0,69.0,146.0,338.0,35
ANSUR2-F-16053,F,1.0,ansur2_2012,196.0,154.0,609.0,124.0,114.0,22.0,64.0,141.0,316.0,31
ANSUR2-F-16054,F,1.0,ansur2_2012,203.0,162.0,607.0,145.0,110.0,21.0,62.5,128.0,315.0,32
ANSUR2-F-16058,F,1.0,ansur2_2012,188.0,152.0,583.0,124.0,125.0,18.0,62.5,142.0,329.0,40
ANSUR2-F-16059,F,1.0,ansur2_2012,184.0,154.0,564.0,130.0,109.0,23.0,64.5,137.0,355.0,29
ANSUR2-F-16061,F,1.0,ansur2_2012,186.0,143.0,548.0,122.0,101.0,24.0,59.5,128.0,295.0,26
ANSUR2-F-16063,F,1.0,ansur2_2012,189.0,157.0,590.0,124.0,105.0,19.0,64.5,143.0,317.0,45
ANSUR2-F-16073,F,1.0,ansur2_2012,188.0,153.0,574.0,121.0,104.0,18.0,60.5,130.0,312.0,21
ANSUR2-F-16075,F,1.0,ansur2_2012,182.0,153.0,557.0,132.0,111.0,21.0,64.0,138.0,300.0,30
ANSUR2-F-16076,F,1.0,ansur2_2012,176.0,143.0,535.0,139.0,118.0,19.0,60.5,129.0,297.0,39
ANSUR2-F-16084,F,1.0,ansur2_2012,190.0,158.0,568.0,121.0,113.0,20.0,63.5,146.0,327.0,18
ANSUR2-F-16089,F,1.0,ansur2_2012,180.0,144.0,544.0,112.0,102.0,22.0,64.0,133.0,314.0,24
ANSUR2-F-16106,F,1.0,ansur2_2012,196.0,154.0,584.0,130.0,117.0,23.0,67.0,138.0,316.0,39
ANSUR2-F-16115,F,1.0,ansur2_2012,193.0,144.0,560.0,127.0,118.0,24.0,61.0,134.0,304.0,37
ANSUR2-F-16121,F,1.0,ansur2_2012,198.0,146.0,581.0,116.0,117.0,25.0,64.5,138.0,323.0,20
ANSUR2-F-16127,F,1.0,ansur2_2012,185.0,148.0,552.0,128.0,121.0,18.0,65.5,137.0,311.0,29
ANSUR2-F-16132,F,1.0,ansur2_2012,196.0,146.0,552.0,126.0,112.0,24.0,65.5,133.0,277.0,25
ANSUR2-F-16133,F,1.0,ansur2_2012,203.0,157.0,593.0,133.0,118.0,22.0,64.5,144.0,318.0,27
ANSUR2-F-16136,F,1.0,ansur2_2012,189.0,149.0,542.0,112.0,103.0,21.0,58.0,127.0,288.0,19
ANSUR2-F-16140,F,1.0,ansur2_2012,189.0,149.0,564.0,124.0,120.0,21.0,61.0,139.0,326.0,22
ANSUR2-F-16141,F,1.0,ansur2_2012,192.0,146.0,561.0,126.0,108.0,23.0,59.0,126.0,296.0,27
ANSUR2-F-16142,F,1.0,ansur2_2012,177.0,144.0,528.0,126.0,109.0,21.0,60.0,130.0,307.0,21
ANSUR2-F-16143,F,1.0,ansur2_2012,187.0,153.0,564.0,143.0,108.0,20.0,62.5,137.0,306.0,28
ANSUR2-F-16152,F,1.0,ansur2_2012,193.0,154.0,578.0,133.0,109.0,26.0,63.5,142.0,297.0,42
ANSUR2-F-16459,F,1.0,ansur2_2012,199.0,149.0,584.0,125.0,115.0,20.0,62.5,136.0,316.0,22
ANSUR2-F-16475,F,1.0,ansur2_2012,192.0,143.0,550.0,127.0,120.0,18.0,59.0,125.0,299.0,21
ANSUR2-F-16476,F,1.0,ansur2_2012,196.0,141.0,561.0,124.0,111.0,20.0,59.5,132.0,318.0,25
ANSUR2-F-16482,F,1.0,ansur2_2012,192.0,149.0,583.0,125.0,106.0,22.0,63.5,135.0,310.0,29
ANSUR2-F-16483,F,1.0,ansur2_2012,203.0,156.0,611.0,129.0,121.0,20.0,73.0,150.0,334.0,40
ANSUR2-F-16485,F,1.0,ansur2_2012,198.0,154.0,573.0,126.0,121.0,20.0,64.5,136.0,321.0,36
ANSUR2-F-16508,F,1.0,ansur2_2012,176.0,148.0,533.0,112.0,111.0,22.0,61.0,140.0,304.0,44
ANSUR2-F-16509,F,1.0,ansur2_2012,193.0,146.0,564.0,137.0,121.0,19.0,60.0,134.0,307.0,27
ANSUR2-F-16516,F,1.0,ansur2_2012,183.0,154.0,564.0,130.0,118.0,23.0,63.5,137.0,310.0,27
ANSUR2-F-16522,F,1.0,ansur2_2012,189.0,147.0,558.0,123.0,110.0,19.0,61.5,132.0,285.0,29
ANSUR2-F-16523,F,1.0,ansur2_2012,189.0,150.0,558.0,132.0,126.0,18.0,58.5,143.0,327.0,28
ANSUR2-F-16528,F,1.0,ansur2_2012,194.0,144.0,551.0,125.0,116.0,20.0,62.5,136.0,317.0,26
ANSUR2-F-16529,F,1.0,ansur2_2012,183.0,137.0,573.0,120.0,116.0,17.0,59.5,127.0,322.0,35
ANSUR2-F-16530,F,1.0,ansur2_2012,193.0,140.0,555.0,136.0,106.0,21.0,62.5,128.0,286.0,41
ANSUR2-F-16532,F,1.0,ansur2_2012,192.0,159.0,562.0,140.0,117.0,22.0,62.0,152.0,320.0,40
ANSUR2-F-16535,F,1.0,ansur2_2012,194.0,154.0,590.0,136.0,106.0,17.0,64.0,133.0,328.0,52
ANSUR2-F-16538,F,1.0,ansur2_2012,201.0,158.0,605.0,126.0,117.0,24.0,68.5,140.0,327.0,29
ANSUR2-F-16539,F,1.0,ansur2_2012,196.0,152.0,571.0,124.0,110.0,20.0,59.5,134.0,295.0,25
ANSUR2-F-16542,F,1.0,ansur2_2012,189.0,147.0,563.0,120.0,118.0,18.0,59.5,131.0,319.0,33
ANSUR2-F-16546,F,1.0,ansur2_2012,189.0,143.0,558.0,115.0,115.0,19.0,60.5,135.0,328.0,47
ANSUR2-F-16550,F,1.0,ansur2_2012,201.0,144.0,573.0,127.0,109.0,18.0,57.0,133.0,304.0,20
ANSUR2-F-16551,F,1.0,ansur2_2012,190.0,147.0,566.0,127.0,111.0,20.0,60.0,137.0,323.0,23
ANSUR2-F-16552,F,1.0,ansur2_2012,195.0,145.0,559.0,112.0,114.0,22.0,70.0,140.0,320.0,23
ANSUR2-F-16556,F,1.0,ansur2_2012,188.0,150.0,574.0,127.0,116.0,21.0,64.5,140.0,318.0,37
ANSUR2-F-16558,F,1.0,ansur2_2012,199.0,152.0,610.0,129.0,116.0,26.0,65.5,141.0,327.0,22
ANSUR2-F-16562,F,1.0,ansur2_2012,183.0,138.0,545.0,125.0,120.0,23.0,59.5,130.0,320.0,27
ANSUR2-F-16564,F,1.0,ansur2_2012,198.0,153.0,580.0,137.0,118.0,18.0,66.0,143.0,326.0,26
ANSUR2-F-16566,F,1.0,ansur2_2012,210.0,149.0,614.0,138.0,123.0,20.0,62.0,141.0,337.0,22
ANSUR2-F-16567,F,1.0,ansur2_2012,200.0,152.0,584.0,125.0,114.0,20.0,63.0,138.0,321.0,33
ANSUR2-F-16569,F,1.0,ansur2_2012,196.0,150.0,563.0,130.0,123.0,19.0,60.5,134.0,322.0,29
ANSUR2-F-16570,F,1.0,ansur2_2012,187.0,154.0,566.0,129.0,107.0,19.0,58.0,135.0,319.0,24
ANSUR2-F-16571,F,1.0,ansur2_2012,193.0,154.0,573.0,144.0,117.0,18.0,67.0,142.0,318.0,34
ANSUR2-F-16575,F,1.0,ansur2_2012,183.0,141.0,533.0,120.0,116.0,23.0,55.5,131.0,326.0,30
ANSUR2-F-16577,F,1.0,ansur2_2012,173.0,140.0,517.0,110.0,103.0,17.0,54.5,126.0,296.0,22
ANSUR2-F-16578,F,1.0,ansur2_2012,188.0,153.0,586.0,127.0,112.0,26.0,65.5,140.0,341.0,26
ANSUR2-F-16579,F,1.0,ansur2_2012,191.0,151.0,570.0,131.0,115.0,22.0,62.5,137.0,303.0,23
ANSUR2-F-16581,F,1.0,ansur2_2012,184.0,150.0,555.0,132.0,111.0,29.0,57.5,133.0,289.0,19
ANSUR2-F-16584,F,1.0,ansur2_2012,194.0,147.0,568.0,124.0,123.0,17.0,63.0,135.0,301.0,36
ANSUR2-F-16591,F,1.0,ansur2_2012,184.0,143.0,555.0,123.0,112.0,16.0,61.5,130.0,293.0,23
ANSUR2-F-16592,F,1.0,ansur2_2012,185.0,140.0,553.0,120.0,111.0,24.0,59.5,130.0,303.0,24
ANSUR2-F-16596,F,1.0,ansur2_2012,195.0,151.0,567.0,130.0,117.0,22.0,57.0,128.0,304.0,27
ANSUR2-F-16706,F,1.0,ansur2_2012,196.0,147.0,557.0,127.0,105.0,22.0,62.0,134.0,292.0,27
ANSUR2-F-16708,F,1.0,ansur2_2012,192.0,146.0,557.0,132.0,116.0,19.0,58.5,129.0,309.0,30
ANSUR2-F-16709,F,1.0,ansur2_2012,195.0,150.0,576.0,127.0,113.0,20.0,61.0,135.0,317.0,27
ANSUR2-F-16711,F,1.0,ansur2_2012,196.0,140.0,560.0,115.0,106.0,19.0,63.5,128.0,296.0,29
ANSUR2-F-16712,F,1.0,ansur2_2012,193.0,143.0,572.0,128.0,115.0,24.0,63.0,130.0,311.0,21
ANSUR2-F-16713,F,1.0,ansur2_2012,194.0,150.0,566.0,120.0,114.0,24.0,61.0,142.0,336.0,32
ANSUR2-F-16714,F,1.0,ansur2_2012,187.0,144.0,540.0,116.0,115.0,20.0,64.5,131.0,312.0,39
ANSUR2-F-16715,F,1.0,ansur2_2012,192.0,151.0,546.0,121.0,111.0,22.0,63.0,142.0,313.0,29
ANSUR2-F-16749,F,1.0,ansur2_2012,180.0,143.0,533.0,121.0,112.0,19.0,63.0,130.0,312.0,46
ANSUR2-F-16750,F,1.0,ansur2_2012,198.0,154.0,601.0,134.0,118.0,19.0,65.5,135.0,320.0,45
ANSUR2-F-16751,F,1.0,ansur2_2012,198.0,150.0,572.0,130.0,121.0,23.0,61.5,136.0,313.0,32
ANSUR2-F-16754,F,1.0,ansur2_2012,200.0,157.0,580.0,124.0,121.0,22.0,65.0,145.0,322.0,24
ANSUR2-F-16755,F,1.0,ansur2_2012,188.0,147.0,562.0,122.0,123.0,20.0,61.5,127.0,304.0,29
ANSUR2-F-16757,F,1.0,ansur2_2012,197.0,151.0,573.0,124.0,118.0,19.0,61.5,142.0,318.0,26
ANSUR2-F-16758,F,1.0,ansur2_2012,191.0,145.0,553.0,122.0,106.0,22.0,59.0,130.0,303.0,22
ANSUR2-F-16759,F,1.0,ansur2_2012,184.0,146.0,544.0,128.0,107.0,22.0,60.0,134.0,304.0,24
ANSUR2-F-16760,F,1.0,ansur2_2012,195.0,151.0,577.0,133.0,129.0,23.0,61.5,131.0,310.0,25
ANSUR2-F-16762,F,1.0,ansur2_2012,205.0,160.0,605.0,140.0,124.0,21.0,66.0,137.0,323.0,32
ANSUR2-F-16901,F,1.0,ansur2_2012,188.0,150.0,560.0,123.0,117.0,21.0,57.5,130.0,306.0,26
ANSUR2-F-16907,F,1.0,ansur2_2012,193.0,149.0,562.0,129.0,112.0,26.0,63.0,137.0,310.0,29
ANSUR2-F-16908,F,1.0,ansur2_2012,196.0,149.0,566.0,130.0,113.0,26.0,57.0,130.0,293.0,27
ANSUR2-F-16910,F,1.0,ansur2_2012,194.0,154.0,566.0,126.0,115.0,21.0,63.5,134.0,307.0,21
ANSUR2-F-16911,F,1.0,ansur2_2012,192.0,150.0,575.0,131.0,113.0,24.0,58.5,133.0,303.0,19
ANSUR2-F-16926,F,1.0,ansur2_2012,184.0,143.0,547.0,127.0,115.0,24.0,63.5,136.0,309.0,20
ANSUR2-F-16927,F,1.0,ansur2_2012,194.0,151.0,579.0,125.0,110.0,23.0,61.0,139.0,308.0,34
ANSUR2-F-16928,F,1.0,ansur2_2012,193.0,143.0,557.0,120.0,109.0,16.0,60.5,127.0,308.0,33
ANSUR2-F-16936,F,1.0,ansur2_2012,172.0,156.0,541.0,122.0,107.0,23.0,59.5,134.0,304.0,20
ANSUR2-F-16937,F,1.0,ansur2_2012,182.0,145.0,535.0,125.0,105.0,21.0,58.0,126.0,280.0,19
ANSUR2-F-16938,F,1.0,ansur2_2012,193.0,146.0,572.0,123.0,107.0,17.0,58.5,133.0,314.0,28
ANSUR2-F-16941,F,1.0,ansur2_2012,197.0,155.0,570.0,125.0,118.0,27.0,59.5,139.0,305.0,27
ANSUR2-F-17349,F,1.0,ansur2_2012,192.0,143.0,561.0,130.0,105.0,19.0,61.0,130.0,303.0,23
ANSUR2-F-17366,F,1.0,ansur2_2012,194.0,146.0,557.0,121.0,124.0,23.0,56.0,136.0,315.0,23
ANSUR2-F-17367,F,1.0,ansur2_2012,190.0,139.0,540.0,117.0,108.0,20.0,55.5,130.0,292.0,26
ANSUR2-F-17368,F,1.0,ansur2_2012,192.0,148.0,566.0,124.0,107.0,22.0,56.5,136.0,295.0,21
ANSUR2-F-17369,F,1.0,ansur2_2012,192.0,151.0,571.0,127.0,111.0,19.0,62.5,138.0,305.0,24
ANSUR2-F-17371,F,1.0,ansur2_2012,194.0,144.0,553.0,121.0,107.0,22.0,58.5,133.0,313.0,19
ANSUR2-F-17373,F,1.0,ansur2_2012,184.0,147.0,553.0,134.0,109.0,22.0,53.5,130.0,297.0,27
ANSUR2-F-17377,F,1.0,ansur2_2012,186.0,143.0,545.0,127.0,115.0,22.0,62.5,130.0,311.0,21
ANSUR2-F-17388,F,1.0,ansur2_2012,183.0,146.0,552.0,126.0,106.0,19.0,56.0,138.0,297.0,24
ANSUR2-F-17458,F,1.0,ansur2_2012,185.0,147.0,552.0,123.0,107.0,23.0,60.5,133.0,317.0,30
ANSUR2-F-17459,F,1.0,ansur2_2012,188.0,149.0,565.0,130.0,117.0,17.0,68.5,131.0,322.0,26
ANSUR2-F-17460,F,1.0,ansur2_2012,201.0,142.0,575.0,125.0,124.0,26.0,62.0,137.0,320.0,30
ANSUR2-F-17461,F,1.0,ansur2_2012,187.0,155.0,564.0,113.0,116.0,18.0,61.5,132.0,309.0,39
ANSUR2-F-17462,F,1.0,ansur2_2012,194.0,154.0,578.0,126.0,109.0,20.0,61.0,132.0,312.0,33
ANSUR2-F-17463,F,1.0,ansur2_2012,210.0,164.0,621.0,141.0,114.0,21.0,66.0,139.0,307.0,29
ANSUR2-F-17464,F,1.0,ansur2_2012,184.0,138.0,540.0,125.0,103.0,20.0,60.0,127.0,295.0,25
ANSUR2-F-17465,F,1.0,ansur2_2012,182.0,153.0,537.0,122.0,107.0,20.0,60.0,136.0,310.0,34
ANSUR2-F-17467,F,1.0,ansur2_2012,189.0,142.0,545.0,123.0,109.0,21.0,59.0,128.0,298.0,30
ANSUR2-F-17468,F,1.0,ansur2_2012,191.0,151.0,557.0,126.0,121.0,20.0,60.5,129.0,300.0,33
ANSUR2-F-17469,F,1.0,ansur2_2012,194.0,152.0,577.0,122.0,118.0,20.0,62.0,140.0,326.0,26
ANSUR2-F-17470,F,1.0,ansur2_2012,197.0,149.0,571.0,126.0,108.0,19.0,62.0,140.0,332.0,19
ANSUR2-F-17472,F,1.0,ansur2_2012,192.0,146.0,559.0,126.0,106.0,20.0,63.5,134.0,326.0,26
ANSUR2-F-17477,F,1.0,ansur2_2012,192.0,147.0,566.0,127.0,114.0,20.0,62.5,136.0,311.0,23
ANSUR2-F-17479,F,1.0,ansur2_2012,193.0,149.0,564.0,129.0,113.0,19.0,55.5,132.0,301.0,21
ANSUR2-F-17480,F,1.0,ansur2_2012,189.0,151.0,560.0,123.0,107.0,20.0,62.0,137.0,292.0,21
ANSUR2-F-17499,F,1.0,ansur2_2012,196.0,153.0,588.0,133.0,117.0,26.0,58.5,140.0,320.0,26
ANSUR2-F-17514,F,1.0,ansur2_2012,189.0,149.0,558.0,125.0,120.0,24.0,61.0,133.0,316.0,43
ANSUR2-F-17518,F,1.0,ansur2_2012,193.0,156.0,558.0,128.0,123.0,23.0,63.0,140.0,303.0,31
ANSUR2-F-17520,F,1.0,ansur2_2012,192.0,147.0,562.0,125.0,117.0,20.0,62.0,135.0,315.0,35
ANSUR2-F-17522,F,1.0,ansur2_2012,182.0,144.0,533.0,117.0,111.0,18.0,56.5,129.0,304.0,46
ANSUR2-F-17536,F,1.0,ansur2_2012,187.0,160.0,566.0,127.0,115.0,20.0,69.0,144.0,333.0,52
ANSUR2-F-17537,F,1.0,ansur2_2012,177.0,152.0,548.0,137.0,111.0,19.0,62.0,142.0,286.0,28
ANSUR2-F-17538,F,1.0,ansur2_2012,195.0,143.0,551.0,128.0,120.0,19.0,59.5,131.0,323.0,24
ANSUR2-F-17539,F,1.0,ansur2_2012,175.0,155.0,549.0,117.0,114.0,18.0,61.0,135.0,310.0,35
ANSUR2-F-17543,F,1.0,ansur2_2012,182.0,139.0,546.0,130.0,100.0,21.0,61.0,129.0,293.0,40
ANSUR2-F-17544,F,1.0,ansur2_2012,203.0,165.0,600.0,118.0,118.0,18.0,62.0,139.0,322.0,22
ANSUR2-F-17545,F,1.0,ansur2_2012,194.0,145.0,569.0,125.0,116.0,24.0,65.5,133.0,314.0,34
ANSUR2-F-17555,F,1.0,ansur2_2012,198.0,146.0,573.0,129.0,113.0,18.0,54.5,125.0,305.0,23
ANSUR2-F-17557,F,1.0,ansur2_2012,197.0,146.0,560.0,123.0,116.0,20.0,60.0,129.0,314.0,38
ANSUR2-F-17558,F,1.0,ansur2_2012,201.0,158.0,590.0,133.0,126.0,20.0,64.5,141.0,320.0,25
ANSUR2-F-17559,F,1.0,ansur2_2012,193.0,150.0,568.0,130.0,110.0,19.0,64.5,135.0,301.0,32
ANSUR2-F-17562,F,1.0,ansur2_2012,194.0,149.0,585.0,140.0,123.0,23.0,65.0,137.0,305.0,33
ANSUR2-F-17563,F,1.0,ansur2_2012,187.0,141.0,546.0,124.0,104.0,21.0,61.5,132.0,290.0,30
ANSUR2-F-17566,F,1.0,ansur2_2012,187.0,140.0,544.0,130.0,112.0,18.0,57.5,123.0,294.0,37
ANSUR2-F-17569,F,1.0,ansur2_2012,193.0,152.0,563.0,132.0,119.0,24.0,66.0,137.0,306.0,23
ANSUR2-F-17579,F,1.0,ansur2_2012,201.0,159.0,594.0,143.0,115.0,19.0,63.5,144.0,322.0,23
ANSUR2-F-17580,F,1.0,ansur2_2012,187.0,152.0,562.0,130.0,122.0,25.0,61.5,137.0,304.0,25
ANSUR2-F-17581,F,1.0,ansur2_2012,193.0,146.0,580.0,121.0,119.0,17.0,60.0,139.0,304.0,21
ANSUR2-F-17582,F,1.0,ansur2_2012,196.0,149.0,579.0,129.0,107.0,22.0,62.0,134.0,300.0,20
ANSUR2-F-17584,F,1.0,ansur2_2012,195.0,150.0,578.0,123.0,129.0,18.0,58.0,135.0,306.0,22
ANSUR2-F-17585,F,1.0,ansur2_2012,180.0,146.0,548.0,127.0,103.0,17.0,60.5,129.0,276.0,19
ANSUR2-F-17586,F,1.0,ansur2_2012,184.0,147.0,546.0,123.0,115.0,20.0,55.5,132.0,285.0,24
ANSUR2-F-17588,F,1.0,ansur2_2012,186.0,148.0,551.0,127.0,101.0,19.0,62.0,129.0,298.0,24
ANSUR2-F-17589,F,1.0,ansur2_2012,181.0,150.0,544.0,125.0,110.0,20.0,62.5,140.0,305.0,26
ANSUR2-F-17591,F,1.0,ansur2_2012,189.0,143.0,545.0,126.0,107.0,27.0,56.5,130.0,295.0,22
ANSUR2-F-17592,F,1.0,ansur2_2012,195.0,144.0,562.0,130.0,112.0,24.0,59.0,126.0,311.0,23
ANSUR2-F-17594,F,1.0,ansur2_2012,186.0,151.0,564.0,128.0,111.0,22.0,61.0,128.0,288.0,19
ANSUR2-F-17595,F,1.0,ansur2_2012,187.0,141.0,539.0,120.0,108.0,20.0,62.0,127.0,296.0,29
ANSUR2-F-17596,F,1.0,ansur2_2012,186.0,150.0,550.0,120.0,115.0,21.0,60.0,135.0,304.0,24
ANSUR2-F-17597,F,1.0,ansur2_2012,194.0,144.0,564.0,126.0,109.0,19.0,57.5,128.0,290.0,26
ANSUR2-F-17598,F,1.0,ansur2_2012,197.0,144.0,564.0,123.0,115.0,20.0,62.0,132.0,305.0,24
ANSUR2-F-17599,F,1.0,ansur2_2012,199.0,149.0,570.0,126.0,122.0,21.0,64.0,131.0,304.0,28
ANSUR2-F-17600,F,1.0,ansur2_2012,196.0,146.0,568.0,121.0,103.0,19.0,62.5,133.0,316.0,23
ANSUR2-F-17601,F,1.0,ansur2_2012,185.0,156.0,563.0,130.0,107.0,17.0,60.0,136.0,332.0,25
ANSUR2-F-17602,F,1.0,ansur2_2012,186.0,148.0,565.0,128.0,119.0,25.0,61.0,133.0,322.0,24
ANSUR2-F-17603,F,1.0,ansur2_2012,200.0,151.0,581.0,120.0,116.0,17.0,61.5,133.0,312.0,26
ANSUR2-F-17604,F,1.0,ansur2_2012,188.0,138.0,555.0,122.0,104.0,18.0,57.5,132.0,300.0,26
ANSUR2-F-17605,F,1.0,ansur2_2012,192.0,145.0,567.0,131.0,105.0,21.0,59.5,129.0,298.0,31
ANSUR2-F-17606,F,1.0,ansur2_2012,197.0,152.0,580.0,137.0,113.0,24.0,64.5,139.0,317.0,26
ANSUR2-F-17607,F,1.0,ansur2_2012,187.0,142.0,540.0,127.0,115.0,20.0,60.0,131.0,322.0,24
ANSUR2-F-17608,F,1.0,ansur2_2012,193.0,148.0,581.0,124.0,116.0,24.0,59.5,135.0,295.0,22
ANSUR2-F-17609,F,1.0,ansur2_2012,198.0,151.0,583.0,130.0,115.0,22.0,66.0,140.0,328.0,23
ANSUR2-F-17610,F,1.0,ansur2_2012,187.0,147.0,553.0,120.0,124.0,18.0,59.5,135.0,313.0,45
ANSUR2-F-17611,F,1.0,ansur2_2012,182.0,151.0,559.0,124.0,120.0,17.0,60.5,134.0,297.0,26
ANSUR2-F-17633,F,1.0,ansur2_2012,192.0,146.0,562.0,132.0,122.0,25.0,58.0,127.0,295.0,28
ANSUR2-F-17634,F,1.0,ansur2_2012,199.0,145.0,580.0,131.0,124.0,17.0,66.0,133.0,333.0,36
ANSUR2-F-17640,F,1.0,ansur2_2012,187.0,152.0,561.0,128.0,108.0,25.0,59.0,135.0,304.0,25
ANSUR2-F-17641,F,1.0,ansur2_2012,193.0,148.0,560.0,127.0,111.0,19.0,61.5,127.0,323.0,32
ANSUR2-F-17642,F,1.0,ansur2_2012,203.0,145.0,567.0,130.0,104.0,22.0,61.0,131.0,320.0,24
ANSUR2-F-17643,F,1.0,ansur2_2012,181.0,157.0,561.0,128.0,107.0,25.0,65.5,139.0,296.0,25
ANSUR2-F-17644,F,1.0,ansur2_2012,187.0,157.0,588.0,137.0,116.0,18.0,66.0,133.0,323.0,28
ANSUR2-F-17645,F,1.0,ansur2_2012,199.0,147.0,570.0,126.0,119.0,20.0,65.0,133.0,326.0,29
ANSUR2-F-17646,F,1.0,ansur2_2012,190.0,132.0,547.0,126.0,102.0,19.0,66.0,127.0,313.0,36
ANSUR2-F-17649,F,1.0,ansur2_2012,190.0,144.0,600.0,140.0,108.0,25.0,67.0,136.0,305.0,44
ANSUR2-F-17650,F,1.0,ansur2_2012,190.0,164.0,592.0,127.0,111.0,19.0,65.5,137.0,315.0,33
ANSUR2-F-17651,F,1.0,ansur2_2012,199.0,144.0,560.0,131.0,128.0,19.0,64.5,135.0,319.0,28
ANSUR2-F-17652,F,1.0,ansur2_2012,186.0,152.0,581.0,126.0,116.0,17.0,64.5,142.0,336.0,45
ANSUR2-F-17656,F,1.0,ansur2_2012,177.0,146.0,528.0,121.0,121.0,19.0,55.5,132.0,310.0,37
ANSUR2-F-17657,F,1.0,ansur2_2012,187.0,146.0,552.0,124.0,114.0,19.0,57.5,134.0,305.0,38
ANSUR2-F-17658,F,1.0,ansur2_2012,192.0,153.0,580.0,125.0,118.0,17.0,59.5,130.0,323.0,24
ANSUR2-F-17661,F,1.0,ansur2_2012,183.0,149.0,537.0,116.0,108.0,20.0,51.0,128.0,303.0,22
ANSUR2-F-17664,F,1.0,ansur2_2012,195.0,162.0,604.0,123.0,113.0,20.0,63.5,133.0,313.0,40
ANSUR2-F-17666,F,1.0,ansur2_2012,184.0,144.0,560.0,140.0,107.0,22.0,62.0,131.0,314.0,38
ANSUR2-F-17670,F,1.0,ansur2_2012,188.0,148.0,590.0,134.0,110.0,22.0,62.5,132.0,322.0,25
ANSUR2-F-17671,F,1.0,ansur2_2012,192.0,149.0,566.0,127.0,109.0,21.0,67.0,136.0,320.0,48
ANSUR2-F-17674,F,1.0,ansur2_2012,172.0,152.0,528.0,130.0,106.0,24.0,63.0,136.0,307.0,40
ANSUR2-F-17676,F,1.0,ansur2_2012,196.0,151.0,576.0,126.0,120.0,20.0,63.5,141.0,338.0,32
ANSUR2-F-17678,F,1.0,ansur2_2012,210.0,152.0,609.0,136.0,117.0,18.0,65.5,137.0,331.0,39
ANSUR2-F-17685,F,1.0,ansur2_2012,196.0,150.0,570.0,125.0,114.0,21.0,65.0,137.0,327.0,29
ANSUR2-F-17689,F,1.0,ansur2_2012,204.0,152.0,595.0,133.0,107.0,17.0,63.0,132.0,325.0,30
ANSUR2-F-17691,F,1.0,ansur2_2012,187.0,155.0,558.0,131.0,114.0,29.0,54.0,133.0,296.0,28
ANSUR2-F-17695,F,1.0,ansur2_2012,201.0,150.0,608.0,132.0,122.0,18.0,69.0,139.0,336.0,42
ANSUR2-F-17697,F,1.0,ansur2_2012,194.0,145.0,580.0,123.0,103.0,18.0,61.0,135.0,337.0,28
ANSUR2-F-17702,F,1.0,ansur2_2012,184.0,148.0,555.0,123.0,109.0,18.0,68.5,136.0,306.0,28
ANSUR2-F-17703,F,1.0,ansur2_2012,197.0,150.0,589.0,141.0,112.0,20.0,66.0,143.0,333.0,28
ANSUR2-F-17704,F,1.0,ansur2_2012,188.0,147.0,552.0,117.0,111.0,21.0,64.0,135.0,303.0,41
ANSUR2-F-17706,F,1.0,ansur2_2012,204.0,152.0,587.0,121.0,121.0,17.0,63.5,136.0,342.0,35
ANSUR2-F-17709,F,1.0,ansur2_2012,207.0,142.0,625.0,132.0,125.0,22.0,67.5,133.0,337.0,26
ANSUR2-F-17710,F,1.0,ansur2_2012,210.0,152.0,609.0,136.0,117.0,18.0,65.5,137.0,331.0,26
ANSUR2-F-17715,F,1.0,ansur2_2012,194.0,147.0,578.0,127.0,111.0,17.0,60.0,131.0,320.0,27
ANSUR2-F-17734,F,1.0,ansur2_2012,204.0,158.0,605.0,130.0,113.0,17.0,62.5,144.0,322.0,26
ANSUR2-F-17735,F,1.0,ansur2_2012,184.0,151.0,544.0,124.0,108.0,22.0,61.0,136.0,307.0,26
ANSUR2-F-17736,F,1.0,ansur2_2012,183.0,143.0,553.0,119.0,112.0,23.0,67.5,138.0,331.0,41
ANSUR2-F-17740,F,1.0,ansur2_2012,169.0,159.0,540.0,133.0,111.0,22.0,58.5,134.0,295.0,34
ANSUR2-F-17742,F,1.0,ansur2_2012,199.0,157.0,594.0,129.0,126.0,20.0,68.5,139.0,323.0,35
ANSUR2-F-17743,F,1.0,ansur2_2012,190.0,149.0,564.0,132.0,116.0,22.0,62.0,130.0,303.0,31
ANSUR2-F-17744,F,1.0,ansur2_2012,187.0,137.0,544.0,127.0,113.0,16.0,59.5,126.0,293.0,27
ANSUR2-F-17747,F,1.0,ansur2_2012,194.0,153.0,572.0,118.0,113.0,20.0,64.0,140.0,319.0,37
ANSUR2-F-17749,F,1.0,ansur2_2012,190.0,144.0,562.0,128.0,107.0,21.0,63.0,133.0,300.0,27
ANSUR2-F-17753,F,1.0,ansur2_2012,186.0,144.0,556.0,124.0,115.0,17.0,60.0,129.0,317.0,37
ANSUR2-F-17754,F,1.0,ansur2_2012,188.0,152.0,555.0,134.0,112.0,24.0,60.0,133.0,294.0,53
ANSUR2-F-17755,F,1.0,ansur2_2012,204.0,155.0,568.0,134.0,124.0,19.0,64.5,143.0,317.0,27
ANSUR2-F-17756,F,1.0,ansur2_2012,209.0,150.0,588.0,133.0,120.0,20.0,66.0,137.0,322.0,27
ANSUR2-F-17757,F,1.0,ansur2_2012,198.0,144.0,555.0,120.0,111.0,22.0,65.0,132.0,307.0,27
ANSUR2-F-17759,F,1.0,ansur2_2012,191.0,149.0,566.0,132.0,112.0,22.0,66.5,133.0,312.0,26
ANSUR2-F-17760,F,1.0,ansur2_2012,192.0,151.0,565.0,123.0,123.0,22.0,67.5,138.0,321.0,28
ANSUR2-F-17761,F,1.0,ansur2_2012,194.0,150.0,558.0,122.0,114.0,20.0,56.5,132.0,304.0,29
ANSUR2-F-17767,F,1.0,ansur2_2012,171.0,145.0,533.0,130.0,114.0,21.0,58.5,137.0,288.0,44
ANSUR2-F-17768,F,1.0,ansur2_2012,192.0,143.0,555.0,127.0,111.0,21.0,60.0,128.0,300.0,27
ANSUR2-F-17769,F,1.0,ansur2_2012,178.0,150.0,555.0,130.0,109.0,17.0,58.0,133.0,291.0,29
ANSUR2-F-17772,F,1.0,ansur2_2012,184.0,148.0,560.0,123.0,99.0,23.0,56.5,126.0,281.0,31
ANSUR2-F-17776,F,1.0,ansur2_2012,190.0,146.0,564.0,125.0,106.0,23.0,57.0,134.0,306.0,30
ANSUR2-F-17778,F,1.0,ansur2_2012,183.0,154.0,547.0,130.0,111.0,21.0,62.0,137.0,304.0,37
ANSUR2-F-17779,F,1.0,ansur2_2012,206.0,145.0,580.0,129.0,121.0,17.0,54.0,122.0,310.0,31
ANSUR2-F-17783,F,1.0,ansur2_2012,197.0,147.0,558.0,138.0,118.0,23.0,59.5,131.0,293.0,26
ANSUR2-F-17784,F,1.0,ansur2_2012,194.0,154.0,579.0,138.0,121.0,22.0,63.5,137.0,328.0,35
ANSUR2-F-17787,F,1.0,ansur2_2012,208.0,159.0,617.0,129.0,121.0,20.0,62.0,136.0,322.0,26
ANSUR2-F-17789,F,1.0,ansur2_2012,197.0,154.0,570.0,134.0,121.0,19.0,57.5,141.0,317.0,33
ANSUR2-F-17792,F,1.0,ansur2_2012,181.0,159.0,557.0,130.0,109.0,23.0,64.5,139.0,308.0,35
ANSUR2-F-17793,F,1.0,ansur2_2012,187.0,154.0,560.0,133.0,117.0,23.0,60.5,138.0,310.0,34
ANSUR2-F-17796,F,1.0,ansur2_2012,188.0,136.0,560.0,123.0,105.0,17.0,58.5,126.0,302.0,26
ANSUR2-F-17802,F,1.0,ansur2_2012,184.0,148.0,555.0,131.0,110.0,20.0,62.5,133.0,298.0,31
ANSUR2-F-17805,F,1.0,ansur2_2012,185.0,144.0,572.0,122.0,105.0,17.0,67.0,135.0,315.0,24
ANSUR2-F-17806,F,1.0,ansur2_2012,190.0,145.0,555.0,131.0,114.0,20.0,65.0,137.0,324.0,41
ANSUR2-F-17811,F,1.0,ansur2_2012,197.0,149.0,565.0,124.0,109.0,24.0,55.5,134.0,316.0,35
ANSUR2-F-17817,F,1.0,ansur2_2012,191.0,145.0,549.0,121.0,119.0,17.0,63.5,129.0,324.0,45
ANSUR2-F-17820,F,1.0,ansur2_2012,206.0,153.0,595.0,139.0,135.0,20.0,58.5,134.0,333.0,27
ANSUR2-F-17822,F,1.0,ansur2_2012,192.0,149.0,556.0,124.0,124.0,24.0,58.0,130.0,308.0,26
ANSUR2-F-17823,F,1.0,ansur2_2012,192.0,153.0,574.0,134.0,116.0,24.0,60.5,138.0,322.0,32
ANSUR2-F-17824,F,1.0,ansur2_2012,196.0,146.0,575.0,118.0,111.0,17.0,54.0,124.0,300.0,33
ANSUR2-F-17826,F,1.0,ansur2_2012,193.0,146.0,566.0,127.0,112.0,21.0,54.0,133.0,312.0,26
ANSUR2-F-17827,F,1.0,ansur2_2012,187.0,145.0,541.0,115.0,107.0,20.0,59.0,134.0,317.0,29
ANSUR2-F-17828,F,1.0,ansur2_2012,188.0,145.0,558.0,120.0,116.0,20.0,66.0,136.0,317.0,35
ANSUR2-F-17830,F,1.0,ansur2_2012,183.0,149.0,558.0,128.0,108.0,20.0,64.0,137.0,307.0,40
ANSUR2-F-17834,F,1.0,ansur2_2012,199.0,150.0,571.0,128.0,126.0,16.0,64.5,131.0,331.0,34
ANSUR2-F-17838,F,1.0,ansur2_2012,185.0,146.0,546.0,131.0,107.0,19.0,59.5,132.0,280.0,40
ANSUR2-F-17839,F,1.0,ansur2_2012,197.0,151.0,572.0,125.0,114.0,17.0,64.5,142.0,338.0,32
ANSUR2-F-17843,F,1.0,ansur2_2012,197.0,145.0,554.0,128.0,116.0,19.0,65.0,140.0,323.0,23
ANSUR2-F-17846,F,1.0,ansur2_2012,196.0,148.0,554.0,124.0,118.0,21.0,63.5,135.0,327.0,30
ANSUR2-F-17852,F,1.0,ansur2_2012,199.0,146.0,565.0,118.0,114.0,22.0,62.5,131.0,302.0,30
ANSUR2-F-17856,F,1.0,ansur2_2012,183.0,139.0,551.0,125.0,115.0,19.0,57.5,134.0,306.0,35
ANSUR2-F-17857,F,1.0,ansur2_2012,187.0,146.0,544.0,125.0,121.0,19.0,56.5,135.0,316.0,38
ANSUR2-F-17860,F,1.0,ansur2_2012,184.0,149.0,570.0,132.0,117.0,20.0,62.0,130.0,305.0,41
ANSUR2-F-17863,F,1.0,ansur2_2012,186.0,150.0,556.0,127.0,111.0,20.0,64.0,134.0,293.0,25
ANSUR2-F-17865,F,1.0,ansur2_2012,177.0,144.0,530.0,120.0,111.0,27.0,57.5,125.0,291.0,22
ANSUR2-F-17866,F,1.0,ansur2_2012,186.0,147.0,544.0,130.0,106.0,19.0,58.5,132.0,298.0,25
ANSUR2-F-17869,F,1.0,ansur2_2012,183.0,151.0,566.0,122.0,111.0,18.0,64.5,135.0,322.0,39
ANSUR2-F-17870,F,1.0,ansur2_2012,182.0,141.0,538.0,126.0,104.0,21.0,57.0,127.0,293.0,25
ANSUR2-F-17871,F,1.0,ansur2_2012,197.0,153.0,602.0,130.0,113.0,23.0,63.5,138.0,339.0,33
ANSUR2-F-17872,F,1.0,ansur2_2012,197.0,147.0,580.0,129.0,123.0,22.0,66.5,137.0,330.0,31
ANSUR2-F-17873,F,1.0,ansur2_2012,189.0,141.0,551.0,119.0,108.0,21.0,58.0,126.0,307.0,31
ANSUR2-F-17884,F,1.0,ansur2_2012,183.0,146.0,550.0,125.0,106.0,22.0,58.5,130.0,284.0,27
ANSUR2-F-17886,F,1.0,ansur2_2012,187.0,138.0,546.0,128.0,107.0,19.0,60.5,122.0,296.0,25
ANSUR2-F-17889,F,1.0,ansur2_2012,185.0,155.0,567.0,126.0,120.0,17.0,65.5,143.0,317.0,38
ANSUR2-F-17890,F,1.0,ansur2_2012,181.0,152.0,544.0,131.0,114.0,20.0,57.5,138.0,307.0,20
ANSUR2-F-17892,F,1.0,ansur2_2012,191.0,151.0,568.0,124.0,113.0,21.0,68.0,133.0,298.0,42
ANSUR2-F-17895,F,1.0,ansur2_2012,186.0,145.0,550.0,126.0,112.0,24.0,57.0,134.0,297.0,31
ANSUR2-F-17897,F,1.0,ansur2_2012,192.0,142.0,564.0,122.0,112.0,19.0,60.5,130.0,322.0,33
ANSUR2-F-17900,F,1.0,ansur2_2012,186.0,160.0,565.0,133.0,110.0,22.0,65.5,149.0,324.0,26
ANSUR2-F-17901,F,1.0,ansur2_2012,180.0,143.0,534.0,117.0,105.0,19.0,63.0,131.0,302.0,20
ANSUR2-F-17902,F,1.0,ansur2_2012,201.0,152.0,600.0,117.0,117.0,21.0,62.0,133.0,322.0,20
ANSUR2-F-17908,F,1.0,ansur2_2012,181.0,142.0,556.0,125.0,107.0,23.0,59.0,126.0,305.0,23
ANSUR2-F-17909,F,1.0,ansur2_2012,196.0,156.0,575.0,131.0,119.0,21.0,69.0,147.0,314.0,25
ANSUR2-F-17910,F,1.0,ansur2_2012,187.0,149.0,564.0,124.0,116.0,23.0,62.5,128.0,307.0,25
ANSUR2-F-17911,F,1.0,ansur2_2012,183.0,154.0,556.0,122.0,112.0,23.0,62.5,140.0,316.0,25
ANSUR2-F-17915,F,1.0,ansur2_2012,203.0,164.0,605.0,120.0,115.0,17.0,64.5,136.0,314.0,23
ANSUR2-F-17916,F,1.0,ansur2_2012,186.0,154.0,560.0,120.0,109.0,24.0,61.5,128.0,294.0,29
ANSUR2-F-17919,F,1.0,ansur2_2012,188.0,157.0,577.0,125.0,107.0,21.0,63.0,139.0,307.0,38
ANSUR2-F-17921,F,1.0,ansur2_2012,182.0,153.0,550.0,126.0,128.0,20.0,71.0,144.0,357.0,32
ANSUR2-F-17923,F,1.0,ansur2_2012,182.0,148.0,556.0,123.0,111.0,23.0,58.0,131.0,298.0,26
ANSUR2-F-17926,F,1.0,ansur2_2012,195.0,145.0,566.0,125.0,114.0,21.0,60.0,130.0,323.0,28
ANSUR2-F-17929,F,1.0,ansur2_2012,194.0,147.0,555.0,129.0,107.0,18.0,59.5,132.0,310.0,28
ANSUR2-F-17932,F,1.0,ansur2_2012,214.0,152.0,635.0,139.0,136.0,18.0,72.0,146.0,353.0,31
ANSUR2-F-17936,F,1.0,ansur2_2012,190.0,144.0,554.0,120.0,101.0,17.0,62.0,130.0,320.0,26
ANSUR2-F-17938,F,1.0,ansur2_2012,192.0,150.0,575.0,124.0,104.0,18.0,63.5,130.0,313.0,36
ANSUR2-F-17942,F,1.0,ansur2_2012,186.0,154.0,584.0,123.0,109.0,19.0,65.5,145.0,322.0,35
ANSUR2-F-17945,F,1.0,ansur2_2012,208.0,152.0,614.0,135.0,128.0,21.0,66.0,144.0,333.0,19
ANSUR2-F-17946,F,1.0,ansur2_2012,200.0,151.0,600.0,134.0,114.0,20.0,67.0,131.0,333.0,24
ANSUR2-F-17949,F,1.0,ansur2_2012,185.0,146.0,535.0,116.0,112.0,19.0,58.5,126.0,315.0,22
ANSUR2-F-17953,F,1.0,ansur2_2012,178.0,145.0,534.0,130.0,113.0,24.0,57.5,127.0,301.0,21
ANSUR2-F-17954,F,1.0,ansur2_2012,177.0,149.0,537.0,118.0,106.0,18.0,57.5,135.0,290.0,20
ANSUR2-F-17963,F,1.0,ansur2_2012,199.0,150.0,571.0,127.0,110.0,23.0,60.0,145.0,335.0,29
ANSUR2-F-17965,F,1.0,ansur2_2012,194.0,146.0,564.0,131.0,119.0,23.0,59.5,138.0,328.0,31
ANSUR2-F-17967,F,1.0,ansur2_2012,192.0,148.0,565.0,132.0,109.0,20.0,56.5,126.0,290.0,24
ANSUR2-F-17968,F,1.0,ansur2_2012,195.0,155.0,582.0,131.0,116.0,20.0,67.0,140.0,316.0,23
ANSUR2-F-17971,F,1.0,ansur2_2012,194.0,154.0,563.0,128.0,99.0,19.0,57.5,135.0,298.0,21
ANSUR2-F-17973,F,1.0,ansur2_2012,191.0,154.0,560.0,124.0,109.0,20.0,62.5,137.0,322.0,22
ANSUR2-F-17974,F,1.0,ansur2_2012,191.0,152.0,562.0,140.0,109.0,21.0,62.5,129.0,294.0,21
ANSUR2-F-17977,F,1.0,ansur2_2012,186.0,148.0,550.0,127.0,108.0,20.0,58.5,137.0,308.0,21
ANSUR2-F-17982,F,1.0,ansur2_2012,193.0,155.0,572.0,123.0,118.0,20.0,66.0,145.0,327.0,19
ANSUR2-F-17983,F,1.0,ansur2_2012,184.0,138.0,534.0,112.0,107.0,18.0,60.0,128.0,288.0,28
ANSUR2-F-17984,F,1.0,ansur2_2012,186.0,147.0,557.0,130.0,120.0,22.0,58.5,131.0,311.0,26
ANSUR2-F-17985,F,1.0,ansur2_2012,187.0,157.0,558.0,123.0,108.0,19.0,61.0,130.0,299.0,39
ANSUR2-F-17987,F,1.0,ansur2_2012,192.0,143.0,560.0,130.0,114.0,20.0,57.5,129.0,304.0,24
ANSUR2-F-17993,F,1.0,ansur2_2012,185.0,143.0,547.0,123.0,115.0,25.0,60.0,133.0,327.0,38
ANSUR2-F-17999,F,1.0,ansur2_2012,189.0,147.0,543.0,129.0,118.0,17.0,59.5,132.0,296.0,45
ANSUR2-F-18000,F,1.0,ansur2_2012,190.0,146.0,556.0,127.0,111.0,20.0,61.0,138.0,311.0,23
ANSUR2-F-18001,F,1.0,ansur2_2012,197.0,142.0,607.0,130.0,111.0,19.0,62.0,126.0,308.0,38
ANSUR2-F-18004,F,1.0,ansur2_2012,185.0,144.0,600.0,130.0,117.0,19.0,65.0,135.0,324.0,24
ANSUR2-F-18010,F,1.0,ansur2_2012,195.0,149.0,573.0,132.0,115.0,19.0,62.0,128.0,307.0,41
ANSUR2-F-18011,F,1.0,ansur2_2012,178.0,150.0,549.0,130.0,119.0,21.0,64.0,137.0,284.0,30
ANSUR2-F-18013,F,1.0,ansur2_2012,191.0,147.0,600.0,128.0,107.0,19.0,60.5,133.0,325.0,31
ANSUR2-F-18015,F,1.0,ansur2_2012,177.0,145.0,531.0,120.0,126.0,25.0,67.5,136.0,315.0,33
ANSUR2-F-18020,F,1.0,ansur2_2012,194.0,162.0,570.0,143.0,111.0,20.0,63.0,133.0,319.0,34
ANSUR2-F-18024,F,1.0,ansur2_2012,186.0,146.0,544.0,120.0,113.0,19.0,63.0,136.0,326.0,31
ANSUR2-F-18025,F,1.0,ansur2_2012,185.0,149.0,554.0,115.0,117.0,18.0,62.0,131.0,321.0,33
ANSUR2-F-18026,F,1.0,ansur2_2012,197.0,143.0,579.0,129.0,115.0,20.0,62.0,131.0,326.0,28
ANSUR2-F-18027,F,1.0,ansur2_2012,186.0,132.0,540.0,137.0,111.0,19.0,63.5,130.0,303.0,27
ANSUR2-F-18030,F,1.0,ansur2_2012,185.0,149.0,537.0,118.0,106.0,20.0,65.0,134.0,307.0,27
ANSUR2-F-18037,F,1.0,ansur2_2012,194.0,158.0,598.0,129.0,116.0,25.0,61.0,139.0,327.0,26
ANSUR2-F-18040,F,1.0,ansur2_2012,183.0,147.0,562.0,129.0,110.0,22.0,62.0,135.0,317.0,33
ANSUR2-F-18041,F,1.0,ansur2_2012,195.0,161.0,585.0,138.0,119.0,23.0,68.5,141.0,315.0,24
ANSUR2-F-18042,F,1.0,ansur2_2012,189.0,142.0,553.0,122.0,113.0,18.0,56.5,131.0,303.0,24
ANSUR2-F-18044,F,1.0,ansur2_2012,199.0,144.0,597.0,115.0,114.0,17.0,65.0,139.0,324.0,28
ANSUR2-F-18051,F,1.0,ansur2_2012,171.0,138.0,511.0,119.0,102.0,19.0,62.0,127.0,288.0,20
ANSUR2-F-18052,F,1.0,ansur2_2012,185.0,146.0,543.0,128.0,116.0,18.0,59.5,130.0,308.0,29
ANSUR2-F-18054,F,1.0,ansur2_2012,196.0,149.0,571.0,132.0,111.0,19.0,62.5,137.0,318.0,24
ANSUR2-F-18056,F,1.0,ansur2_2012,172.0,143.0,522.0,118.0,110.0,19.0,62.5,129.0,302.0,23
ANSUR2-F-18057,F,1.0,ansur2_2012,195.0,153.0,576.0,130.0,110.0,20.0,66.0,148.0,338.0,21
ANSUR2-F-18059,F,1.0,ansur2_2012,191.0,145.0,554.0,114.0,117.0,17.0,61.0,135.0,319.0,38
ANSUR2-F-18066,F,1.0,ansur2_2012,189.0,149.0,556.0,126.0,108.0,19.0,60.5,143.0,323.0,19
ANSUR2-F-18075,F,1.0,ansur2_2012,192.0,145.0,564.0,129.0,114.0,18.0,60.5,133.0,308.0,18
ANSUR2-F-18076,F,1.0,ansur2_2012,183.0,147.0,546.0,120.0,120.0,24.0,71.0,139.0,328.0,35
ANSUR2-F-18077,F,1.0,ansur2_2012,201.0,141.0,570.0,124.0,113.0,24.0,68.0,130.0,313.0,25
ANSUR2-F-18079,F,1.0,ansur2_2012,182.0,146.0,548.0,130.0,112.0,24.0,57.5,134.0,318.0,18
ANSUR2-F-18080,F,1.0,ansur2_2012,195.0,147.0,567.0,121.0,115.0,22.0,64.5,133.0,332.0,21
ANSUR2-F-18081,F,1.0,ansur2_2012,184.0,139.0,535.0,128.0,115.0,19.0,57.5,132.0,292.0,21
ANSUR2-F-18082,F,1.0,ansur2_2012,186.0,150.0,554.0,138.0,101.0,18.0,64.5,134.0,286.0,31
ANSUR2-F-18083,F,1.0,ansur2_2012,186.0,148.0,566.0,130.0,117.0,22.0,58.5,131.0,310.0,20
ANSUR2-F-18085,F,1.0,ansur2_2012,190.0,146.0,557.0,137.0,114.0,20.0,60.5,128.0,306.0,35
ANSUR2-F-18088,F,1.0,ansur2_2012,196.0,145.0,566.0,124.0,117.0,23.0,60.0,130.0,311.0,26
ANSUR2-F-18090,F,1.0,ansur2_2012,186.0,146.0,557.0,122.0,103.0,19.0,65.5,137.0,308.0,19
ANSUR2-F-18091,F,1.0,ansur2_2012,195.0,147.0,557.0,114.0,125.0,20.0,66.0,136.0,356.0,22
ANSUR2-F-18093,F,1.0,ansur2_2012,178.0,140.0,533.0,117.0,108.0,20.0,58.5,131.0,300.0,25
ANSUR2-F-18094,F,1.0,ansur2_2012,187.0,148.0,550.0,127.0,115.0,22.0,57.0,135.0,307.0,25
ANSUR2-F-18095,F,1.0,ansur2_2012,190.0,158.0,570.0,129.0,116.0,27.0,66.5,141.0,307.0,28
ANSUR2-F-18097,F,1.0,ansur2_2012,195.0,143.0,580.0,125.0,126.0,19.0,68.5,137.0,340.0,21
ANSUR2-F-18103,F,1.0,ansur2_2012,199.0,150.0,574.0,115.0,116.0,23.0,64.5,137.0,327.0,19
ANSUR2-F-18105,F,1.0,ansur2_2012,181.0,149.0,543.0,122.0,108.0,19.0,62.0,140.0,316.0,19
ANSUR2-F-18106,F,1.0,ansur2_2012,198.0,156.0,597.0,128.0,114.0,22.0,63.0,137.0,332.0,41
ANSUR2-F-18107,F,1.0,ansur2_2012,183.0,146.0,564.0,129.0,109.0,19.0,56.5,136.0,318.0,20
ANSUR2-F-18108,F,1.0,ansur2_2012,211.0,156.0,595.0,145.0,120.0,21.0,62.0,138.0,333.0,33
ANSUR2-F-18109,F,1.0,ansur2_2012,210.0,156.0,609.0,145.0,122.0,24.0,67.0,141.0,330.0,20
ANSUR2-F-18110,F,1.0,ansur2_2012,180.0,135.0,530.0,121.0,109.0,21.0,60.5,128.0,314.0,23
ANSUR2-F-18112,F,1.0,ansur2_2012,183.0,142.0,540.0,131.0,111.0,20.0,60.0,129.0,300.0,27
ANSUR2-F-18113,F,1.0,ansur2_2012,180.0,147.0,547.0,125.0,112.0,28.0,66.0,137.0,316.0,26
ANSUR2-F-18114,F,1.0,ansur2_2012,178.0,137.0,508.0,114.0,117.0,19.0,61.0,125.0,308.0,36
ANSUR2-F-18115,F,1.0,ansur2_2012,186.0,152.0,549.0,124.0,110.0,19.0,60.5,136.0,307.0,56
ANSUR2-F-18116,F,1.0,ansur2_2012,190.0,143.0,557.0,118.0,118.0,21.0,58.5,128.0,297.0,29
ANSUR2-F-18120,F,1.0,ansur2_2012,200.0,146.0,575.0,125.0,114.0,17.0,66.5,133.0,314.0,28
ANSUR2-F-18122,F,1.0,ansur2_2012,190.0,141.0,547.0,122.0,112.0,16.0,66.0,123.0,299.0,33
ANSUR2-F-18123,F,1.0,ansur2_2012,195.0,152.0,566.0,117.0,126.0,19.0,67.0,138.0,322.0,22
ANSUR2-F-18126,F,1.0,ansur2_2012,179.0,136.0,524.0,119.0,111.0,18.0,58.0,127.0,286.0,31
ANSUR2-F-18128,F,1.0,ansur2_2012,190.0,151.0,558.0,125.0,115.0,17.0,59.5,140.0,317.0,22
ANSUR2-F-18129,F,1.0,ansur2_2012,188.0,145.0,543.0,120.0,111.0,19.0,57.5,128.0,312.0,25
ANSUR2-F-18131,F,1.0,ansur2_2012,197.0,145.0,562.0,129.0,127.0,21.0,57.0,130.0,310.0,28
ANSUR2-F-18134,F,1.0,ansur2_2012,194.0,143.0,554.0,125.0,108.0,18.0,57.5,130.0,317.0,18
ANSUR2-F-18137,F,1.0,ansur2_2012,207.0,151.0,605.0,136.0,110.0,22.0,69.0,144.0,340.0,27
ANSUR2-F-18140,F,1.0,ansur2_2012,191.0,153.0,564.0,127.0,111.0,20.0,59.5,137.0,315.0,44
ANSUR2-F-18141,F,1.0,ansur2_2012,197.0,152.0,578.0,122.0,115.0,25.0,67.5,138.0,330.0,32
ANSUR2-F-18143,F,1.0,ansur2_2012,188.0,142.0,544.0,117.0,110.0,20.0,65.0,125.0,313.0,25
ANSUR2-F-18148,F,1.0,ansur2_2012,207.0,158.0,601.0,137.0,125.0,23.0,61.5,138.0,317.0,22
ANSUR2-F-18150,F,1.0,ansur2_2012,199.0,148.0,560.0,133.0,110.0,20.0,61.0,133.0,316.0,21
ANSUR2-F-18151,F,1.0,ansur2_2012,199.0,143.0,560.0,140.0,114.0,22.0,60.5,134.0,311.0,21
ANSUR2-F-18152,F,1.0,ansur2_2012,181.0,152.0,554.0,124.0,111.0,22.0,63.5,141.0,315.0,21
ANSUR2-F-18153,F,1.0,ansur2_2012,191.0,145.0,564.0,124.0,119.0,23.0,62.5,136.0,335.0,34
ANSUR2-F-18154,F,1.0,ansur2_2012,195.0,141.0,557.0,125.0,103.0,21.0,59.5,127.0,300.0,25
ANSUR2-F-18155,F,1.0,ansur2_2012,184.0,150.0,558.0,129.0,116.0,21.0,68.5,140.0,334.0,42
ANSUR2-F-18160,F,1.0,ansur2_2012,193.0,153.0,578.0,137.0,116.0,21.0,66.0,137.0,319.0,39
ANSUR2-F-18162,F,1.0,ansur2_2012,190.0,148.0,548.0,126.0,107.0,25.0,55.5,132.0,288.0,19
ANSUR2-F-18163,F,1.0,ansur2_2012,184.0,144.0,560.0,128.0,112.0,21.0,68.0,130.0,293.0,18
ANSUR2-F-18164,F,1.0,ansur2_2012,194.0,143.0,559.0,123.0,112.0,22.0,57.5,133.0,315.0,21
ANSUR2-F-18166,F,1.0,ansur2_2012,184.0,161.0,582.0,146.0,111.0,20.0,65.0,132.0,300.0,31
ANSUR2-F-18168,F,1.0,ansur2_2012,194.0,144.0,549.0,129.0,108.0,19.0,58.5,127.0,304.0,20
ANSUR2-F-18169,F,1.0,ansur2_2012,183.0,148.0,542.0,127.0,117.0,20.0,62.5,138.0,321.0,36
ANSUR2-F-18170,F,1.0,ansur2_2012,190.0,151.0,560.0,128.0,123.0,24.0,59.0,132.0,312.0,22
ANSUR2-F-18171,F,1.0,ansur2_2012,197.0,152.0,567.0,118.0,106.0,21.0,65.0,138.0,318.0,31
ANSUR2-F-18172,F,1.0,ansur2_2012,192.0,148.0,558.0,120.0,114.0,17.0,59.5,131.0,306.0,20
ANSUR2-F-18174,F,1.0,ansur2_2012,189.0,149.0,555.0,130.0,114.0,20.0,60.0,132.0,301.0,25
ANSUR2-F-18175,F,1.0,ansur2_2012,194.0,151.0,566.0,140.0,122.0,22.0,59.5,136.0,313.0,25
ANSUR2-F-18176,F,1.0,ansur2_2012,179.0,157.0,548.0,136.0,109.0,19.0,63.5,145.0,307.0,38
ANSUR2-F-18179,F,1.0,ansur2_2012,193.0,144.0,549.0,126.0,119.0,27.0,57.0,138.0,319.0,23
ANSUR2-F-18183,F,1.0,ansur2_2012,189.0,152.0,584.0,120.0,111.0,21.0,66.0,135.0,304.0,24
ANSUR2-F-18185,F,1.0,ansur2_2012,192.0,137.0,555.0,133.0,117.0,22.0,59.0,128.0,294.0,21
ANSUR2-F-18186,F,1.0,ansur2_2012,184.0,148.0,560.0,131.0,104.0,19.0,58.0,138.0,296.0,20
ANSUR2-F-18188,F,1.0,ansur2_2012,193.0,144.0,567.0,127.0,113.0,16.0,67.5,135.0,317.0,19
ANSUR2-F-18189,F,1.0,ansur2_2012,194.0,147.0,575.0,134.0,111.0,17.0,67.5,138.0,319.0,27
ANSUR2-F-18190,F,1.0,ansur2_2012,193.0,149.0,554.0,119.0,105.0,23.0,62.5,135.0,306.0,18
ANSUR2-F-18191,F,1.0,ansur2_2012,194.0,144.0,541.0,130.0,105.0,16.0,61.5,130.0,302.0,19
ANSUR2-F-18193,F,1.0,ansur2_2012,191.0,144.0,555.0,137.0,115.0,23.0,60.5,131.0,310.0,18
ANSUR2-F-18196,F,1.0,ansur2_2012,186.0,157.0,560.0,113.0,107.0,20.0,63.5,135.0,305.0,25
ANSUR2-F-18197,F,1.0,ansur2_2012,194.0,148.0,565.0,135.0,107.0,22.0,63.0,134.0,301.0,41
ANSUR2-F-18198,F,1.0,ansur2_2012,191.0,150.0,563.0,128.0,107.0,20.0,57.5,131.0,281.0,19
ANSUR2-F-18200,F,1.0,ansur2_2012,179.0,145.0,544.0,121.0,101.0,21.0,56.5,127.0,284.0,24
ANSUR2-F-18203,F,1.0,ansur2_2012,181.0,149.0,553.0,117.0,122.0,21.0,59.0,136.0,316.0,21
ANSUR2-F-18205,F,1.0,ansur2_2012,170.0,153.0,534.0,133.0,110.0,23.0,60.0,138.0,295.0,42
ANSUR2-F-18206,F,1.0,ansur2_2012,197.0,150.0,565.0,127.0,128.0,18.0,70.5,134.0,352.0,25
ANSUR2-F-18207,F,1.0,ansur2_2012,200.0,158.0,595.0,135.0,105.0,18.0,64.0,145.0,314.0,26
ANSUR2-F-18214,F,1.0,ansur2_2012,195.0,147.0,565.0,115.0,103.0,20.0,66.5,139.0,332.0,21
ANSUR2-F-18216,F,1.0,ansur2_2012,194.0,150.0,568.0,128.0,107.0,24.0,59.5,140.0,313.0,19
ANSUR2-F-18228,F,1.0,ansur2_2012,190.0,149.0,559.0,127.0,117.0,21.0,61.5,137.0,316.0,26
ANSUR2-F-18232,F,1.0,ansur2_2012,199.0,152.0,569.0,120.0,113.0,21.0,59.0,137.0,325.0,31
ANSUR2-F-18239,F,1.0,ansur2_2012,184.0,143.0,561.0,120.0,112.0,20.0,63.5,130.0,322.0,36
ANSUR2-F-18240,F,1.0,ansur2_2012,190.0,152.0,555.0,130.0,106.0,20.0,63.5,136.0,284.0,23
ANSUR2-F-18241,F,1.0,ansur2_2012,180.0,153.0,554.0,122.0,106.0,23.0,61.5,133.0,306.0,23
ANSUR2-F-18242,F,1.0,ansur2_2012,189.0,150.0,561.0,120.0,112.0,20.0,64.0,132.0,316.0,29
ANSUR2-F-18247,F,1.0,ansur2_2012,190.0,148.0,557.0,119.0,110.0,23.0,60.5,133.0,296.0,22
ANSUR2-F-18248,F,1.0,ansur2_2012,197.0,152.0,581.0,120.0,110.0,25.0,68.0,134.0,317.0,28
ANSUR2-F-18249,F,1.0,ansur2_2012,179.0,155.0,548.0,129.0,114.0,24.0,65.0,139.0,299.0,28
ANSUR2-F-18251,F,1.0,ansur2_2012,178.0,153.0,545.0,120.0,111.0,19.0,62.0,135.0,305.0,23
ANSUR2-F-18252,F,1.0,ansur2_2012,189.0,157.0,566.0,133.0,114.0,26.0,66.5,138.0,314.0,29
ANSUR2-F-18255,F,1.0,ansur2_2012,206.0,159.0,606.0,116.0,124.0,17.0,67.0,143.0,336.0,24
ANSUR2-F-18256,F,1.0,ansur2_2012,180.0,152.0,537.0,128.0,112.0,22.0,64.0,142.0,306.0,41
ANSUR2-F-18258,F,1.0,ansur2_2012,199.0,146.0,550.0,118.0,117.0,17.0,59.0,129.0,311.0,23
ANSUR2-F-18259,F,1.0,ansur2_2012,186.0,146.0,545.0,128.0,106.0,20.0,64.0,134.0,294.0,20
ANSUR2-F-18261,F,1.0,ansur2_2012,181.0,149.0,544.0,118.0,103.0,20.0,62.0,135.0,300.0,26
ANSUR2-F-18262,F,1.0,ansur2_2012,191.0,145.0,558.0,117.0,116.0,21.0,61.0,139.0,316.0,20
ANSUR2-F-18264,F,1.0,ansur2_2012,202.0,140.0,585.0,121.0,107.0,17.0,61.5,127.0,320.0,22
ANSUR2-F-18265,F,1.0,ansur2_2012,202.0,149.0,598.0,128.0,118.0,22.0,66.5,133.0,327.0,32
ANSUR2-F-18266,F,1.0,ansur2_2012,194.0,144.0,566.0,125.0,116.0,17.0,67.0,133.0,312.0,41
ANSUR2-F-18268,F,1.0,ansur2_2012,183.0,148.0,554.0,112.0,121.0,18.0,59.5,139.0,306.0,23
ANSUR2-F-18269,F,1.0,ansur2_2012,184.0,156.0,560.0,133.0,109.0,31.0,67.0,146.0,304.0,28
ANSUR2-F-18271,F,1.0,ansur2_2012,188.0,139.0,534.0,121.0,108.0,19.0,63.0,128.0,310.0,38
ANSUR2-F-18272,F,1.0,ansur2_2012,194.0,140.0,584.0,125.0,122.0,22.0,66.5,133.0,334.0,32
ANSUR2-F-18275,F,1.0,ansur2_2012,195.0,146.0,551.0,117.0,113.0,25.0,64.0,130.0,303.0,31
ANSUR2-F-18276,F,1.0,ansur2_2012,197.0,153.0,598.0,120.0,112.0,21.0,65.0,135.0,320.0,26
ANSUR2-F-18277,F,1.0,ansur2_2012,181.0,148.0,545.0,131.0,115.0,26.0,63.0,128.0,291.0,40
ANSUR2-F-18279,F,1.0,ansur2_2012,192.0,147.0,576.0,114.0,116.0,29.0,61.5,134.0,308.0,21
ANSUR2-F-18280,F,1.0,ansur2_2012,197.0,145.0,578.0,141.0,111.0,20.0,69.5,132.0,316.0,20
ANSUR2-F-18288,F,1.0,ansur2_2012,187.0,140.0,567.0,124.0,108.0,15.0,66.5,132.0,320.0,18
ANSUR2-F-18289,F,1.0,ansur2_2012,199.0,151.0,611.0,134.0,106.0,15.0,63.0,133.0,315.0,19
ANSUR2-F-18292,F,1.0,ansur2_2012,192.0,154.0,568.0,123.0,113.0,21.0,64.5,140.0,322.0,32
ANSUR2-F-18294,F,1.0,ansur2_2012,192.0,151.0,572.0,137.0,112.0,20.0,68.0,141.0,326.0,28
ANSUR2-F-18295,F,1.0,ansur2_2012,186.0,149.0,564.0,135.0,116.0,22.0,63.5,141.0,316.0,20
ANSUR2-F-18298,F,1.0,ansur2_2012,175.0,157.0,543.0,127.0,102.0,21.0,60.0,141.0,313.0,42
ANSUR2-F-18307,F,1.0,ansur2_2012,194.0,155.0,570.0,136.0,118.0,21.0,58.5,143.0,316.0,21
ANSUR2-F-18311,F,1.0,ansur2_2012,201.0,147.0,599.0,129.0,108.0,20.0,68.5,133.0,307.0,20
ANSUR2-F-18316,F,1.0,ansur2_2012,187.0,154.0,553.0,117.0,108.0,21.0,64.0,137.0,295.0,18
ANSUR2-F-18318,F,1.0,ansur2_2012,185.0,151.0,545.0,120.0,115.0,15.0,63.0,130.0,314.0,19
ANSUR2-F-18321,F,1.0,ansur2_2012,182.0,145.0,533.0,130.0,107.0,19.0,61.0,133.0,290.0,19
ANSUR2-F-18331,F,1.0,ansur2_2012,200.0,142.0,565.0,131.0,110.0,17.0,61.0,138.0,314.0,42
ANSUR2-F-18332,F,1.0,ansur2_2012,191.0,150.0,560.0,126.0,117.0,17.0,61.5,134.0,321.0,44
ANSUR2-F-18333,F,1.0,ansur2_2012,190.0,147.0,540.0,126.0,107.0,22.0,58.5,134.0,295.0,36
ANSUR2-F-18334,F,1.0,ansur2_2012,197.0,153.0,582.0,133.0,126.0,19.0,67.5,136.0,325.0,43
ANSUR2-F-18335,F,1.0,ansur2_2012,194.0,143.0,555.0,125.0,107.0,24.0,63.5,133.0,310.0,36
ANSUR2-F-18336,F,1.0,ansur2_2012,188.0,152.0,569.0,127.0,122.0,21.0,60.0,137.0,320.0,41
ANSUR2-F-18341,F,1.0,ansur2_2012,184.0,140.0,544.0,128.0,107.0,17.0,58.5,127.0,307.0,38
ANSUR2-F-18342,F,1.0,ansur2_2012,197.0,153.0,589.0,128.0,115.0,22.0,65.5,132.0,311.0,46
ANSUR2-F-18343,F,1.0,ansur2_2012,188.0,147.0,552.0,122.0,101.0,21.0,63.0,132.0,314.0,50
ANSUR2-F-18344,F,1.0,ansur2_2012,196.0,143.0,556.0,121.0,118.0,21.0,59.5,127.0,306.0,37
ANSUR2-F-18345,F,1.0,ansur2_2012,202.0,160.0,595.0,118.0,118.0,19.0,65.5,140.0,321.0,40
ANSUR2-F-18346,F,1.0,ansur2_2012,192.0,142.0,545.0,127.0,109.0,21.0,61.0,133.0,334.0,45
ANSUR2-F-18347,F,1.0,ansur2_2012,192.0,154.0,574.0,123.0,115.0,17.0,64.5,138.0,320.0,34
ANSUR2-F-18351,F,1.0,ansur2_2012,189.0,147.0,561.0,125.0,112.0,20.0,60.0,133.0,315.0,22
ANSUR2-F-18352,F,1.0,ansur2_2012,185.0,147.0,563.0,124.0,110.0,20.0,61.0,136.0,302.0,23
ANSUR2-F-18354,F,1.0,ansur2_2012,189.0,150.0,557.0,120.0,109.0,22.0,59.5,133.0,317.0,41
ANSUR2-F-18356,F,1.0,ansur2_2012,199.0,146.0,571.0,125.0,116.0,20.0,69.0,135.0,317.0,38
ANSUR2-F-18358,F,1.0,ansur2_2012,193.0,144.0,551.0,124.0,119.0,19.0,55.5,125.0,303.0,42
ANSUR2-F-18359,F,1.0,ansur2_2012,193.0,146.0,555.0,125.0,107.0,22.0,61.0,132.0,313.0,53
ANSUR2-F-18360,F,1.0,ansur2_2012,188.0,152.0,558.0,126.0,117.0,20.0,66.0,143.0,319.0,33
ANSUR2-F-18361,F,1.0,ansur2_2012,204.0,156.0,611.0,123.0,119.0,20.0,65.5,128.0,310.0,38
ANSUR2-F-18365,F,1.0,ansur2_2012,190.0,145.0,575.0,120.0,110.0,20.0,66.0,136.0,323.0,26
ANSUR2-F-18366,F,1.0,ansur2_2012,197.0,144.0,563.0,128.0,111.0,23.0,56.0,130.0,316.0,31
ANSUR2-F-18373,F,1.0,ansur2_2012,195.0,146.0,581.0,128.0,119.0,17.0,60.5,134.0,320.0,41
ANSUR2-F-18374,F,1.0,ansur2_2012,195.0,148.0,568.0,123.0,109.0,21.0,63.5,134.0,317.0,40
ANSUR2-F-18375,F,1.0,ansur2_2012,189.0,145.0,563.0,129.0,122.0,18.0,65.5,125.0,320.0,41
ANSUR2-F-18380,F,1.0,ansur2_2012,187.0,144.0,557.0,126.0,104.0,20.0,63.5,133.0,318.0,45
ANSUR2-F-18381,F,1.0,ansur2_2012,186.0,146.0,558.0,121.0,109.0,19.0,60.5,128.0,303.0,51
ANSUR2-F-18385,F,1.0,ansur2_2012,188.0,150.0,556.0,125.0,110.0,23.0,64.0,138.0,304.0,19
ANSUR2-F-18386,F,1.0,ansur2_2012,196.0,154.0,585.0,130.0,108.0,22.0,63.5,134.0,300.0,19
ANSUR2-F-18387,F,1.0,ansur2_2012,197.0,152.0,584.0,137.0,120.0,22.0,65.5,135.0,314.0,20
ANSUR2-F-18388,F,1.0,ansur2_2012,202.0,149.0,582.0,119.0,117.0,19.0,65.0,136.0,315.0,19
ANSUR2-F-18393,F,1.0,ansur2_2012,200.0,143.0,570.0,120.0,111.0,16.0,63.5,130.0,310.0,24
ANSUR2-F-18395,F,1.0,ansur2_2012,184.0,151.0,548.0,117.0,104.0,19.0,62.5,137.0,308.0,19
ANSUR2-F-18397,F,1.0,ansur2_2012,197.0,139.0,582.0,136.0,112.0,20.0,62.0,129.0,324.0,20
ANSUR2-F-18399,F,1.0,ansur2_2012,193.0,146.0,575.0,125.0,111.0,24.0,62.5,134.0,327.0,22
ANSUR2-F-18400,F,1.0,ansur2_2012,198.0,147.0,560.0,121.0,103.0,21.0,67.0,141.0,338.0,20
ANSUR2-F-18403,F,1.0,ansur2_2012,187.0,143.0,547.0,119.0,108.0,19.0,59.0,123.0,310.0,19
ANSUR2-F-18411,F,1.0,ansur2_2012,202.0,145.0,576.0,133.0,116.0,20.0,65.0,131.0,337.0,19
ANSUR2-F-18415,F,1.0,ansur2_2012,183.0,143.0,553.0,126.0,112.0,25.0,59.0,136.0,323.0,19
ANSUR2-F-18421,F,1.0,ansur2_2012,199.0,146.0,570.0,130.0,114.0,19.0,60.5,136.0,314.0,19
ANSUR2-F-18422,F,1.0,ansur2_2012,197.0,151.0,587.0,126.0,107.0,20.0,64.0,137.0,325.0,21
ANSUR2-F-18423,F,1.0,ansur2_2012,185.0,138.0,558.0,120.0,115.0,19.0,60.5,128.0,310.0,27
ANSUR2-F-18425,F,1.0,ansur2_2012,197.0,153.0,582.0,115.0,113.0,22.0,63.5,137.0,322.0,19
ANSUR2-F-18426,F,1.0,ansur2_2012,187.0,140.0,528.0,130.0,112.0,20.0,62.5,133.0,304.0,23
ANSUR2-F-18427,F,1.0,ansur2_2012,190.0,152.0,566.0,124.0,113.0,28.0,64.0,136.0,307.0,22
ANSUR2-F-18429,F,1.0,ansur2_2012,195.0,145.0,578.0,128.0,109.0,18.0,62.5,130.0,303.0,20
ANSUR2-F-18430,F,1.0,ansur2_2012,209.0,154.0,600.0,139.0,116.0,20.0,67.5,135.0,327.0,20
ANSUR2-F-18431,F,1.0,ansur2_2012,194.0,146.0,566.0,117.0,111.0,19.0,61.5,133.0,315.0,19
ANSUR2-F-18432,F,1.0,ansur2_2012,191.0,147.0,557.0,133.0,109.0,25.0,63.0,141.0,320.0,23
ANSUR2-F-18436,F,1.0,ansur2_2012,184.0,146.0,552.0,120.0,115.0,18.0,63.0,131.0,304.0,22
ANSUR2-F-18439,F,1.0,ansur2_2012,195.0,153.0,577.0,134.0,111.0,24.0,60.0,141.0,322.0,21
ANSUR2-F-18440,F,1.0,ansur2_2012,183.0,145.0,536.0,124.0,103.0,20.0,59.0,133.0,275.0,20
ANSUR2-F-18444,F,1.0,ansur2_2012,187.0,141.0,547.0,118.0,111.0,21.0,62.5,126.0,282.0,22
ANSUR2-F-18454,F,1.0,ansur2_2012,174.0,150.0,540.0,124.0,107.0,25.0,62.5,138.0,290.0,20
ANSUR2-F-18457,F,1.0,ansur2_2012,197.0,149.0,593.0,133.0,113.0,18.0,63.5,135.0,329.0,21
ANSUR2-F-18460,F,1.0,ansur2_2012,214.0,159.0,620.0,128.0,111.0,20.0,64.5,141.0,338.0,21
ANSUR2-F-18463,F,1.0,ansur2_2012,194.0,146.0,575.0,127.0,109.0,22.0,60.0,135.0,305.0,23
ANSUR2-F-18465,F,1.0,ansur2_2012,202.0,152.0,576.0,129.0,101.0,21.0,62.5,138.0,302.0,27
ANSUR2-F-18467,F,1.0,ansur2_2012,183.0,147.0,562.0,129.0,111.0,18.0,65.5,137.0,306.0,21
ANSUR2-F-18477,F,1.0,ansur2_2012,194.0,147.0,571.0,135.0,103.0,23.0,64.0,127.0,300.0,18
ANSUR2-F-18478,F,1.0,ansur2_2012,191.0,148.0,563.0,127.0,107.0,16.0,65.0,130.0,322.0,25
ANSUR2-F-18481,F,1.0,ansur2_2012,202.0,153.0,588.0,130.0,108.0,20.0,67.5,127.0,328.0,19
ANSUR2-F-18482,F,1.0,ansur2_2012,185.0,151.0,548.0,130.0,114.0,20.0,65.5,135.0,302.0,38
ANSUR2-F-18484,F,1.0,ansur2_2012,196.0,144.0,584.0,139.0,111.0,17.0,63.0,134.0,334.0,21
ANSUR2-F-18486,F,1.0,ansur2_2012,183.0,145.0,563.0,129.0,105.0,23.0,63.5,133.0,328.0,28
ANSUR2-F-18487,F,1.0,ansur2_2012,194.0,144.0,571.0,126.0,113.0,19.0,64.5,131.0,324.0,27
ANSUR2-F-18488,F,1.0,ansur2_2012,175.0,156.0,555.0,133.0,115.0,16.0,60.0,143.0,305.0,20
ANSUR2-F-18489,F,1.0,ansur2_2012,180.0,142.0,540.0,119.0,118.0,19.0,57.5,128.0,290.0,28
ANSUR2-F-18496,F,1.0,ansur2_2012,190.0,151.0,564.0,132.0,105.0,22.0,58.5,128.0,306.0,19
ANSUR2-F-18498,F,1.0,ansur2_2012,188.0,151.0,570.0,122.0,109.0,23.0,62.0,139.0,316.0,21
ANSUR2-F-18499,F,1.0,ansur2_2012,186.0,154.0,567.0,130.0,116.0,21.0,63.5,139.0,316.0,18
ANSUR2-F-18500,F,1.0,ansur2_2012,190.0,148.0,558.0,137.0,108.0,22.0,58.0,132.0,283.0,18
ANSUR2-F-18501,F,1.0,ansur2_2012,184.0,140.0,542.0,119.0,110.0,19.0,57.0,126.0,297.0,20
ANSUR2-F-18503,F,1.0,ansur2_2012,200.0,153.0,591.0,130.0,119.0,22.0,67.0,140.0,332.0,22
ANSUR2-F-18512,F,1.0,ansur2_2012,200.0,142.0,574.0,130.0,110.0,21.0,63.5,133.0,318.0,20
ANSUR2-F-18513,F,1.0,ansur2_2012,182.0,152.0,551.0,122.0,104.0,20.0,61.0,133.0,299.0,18
ANSUR2-F-18522,F,1.0,ansur2_2012,190.0,151.0,558.0,129.0,110.0,21.0,56.5,129.0,299.0,20
ANSUR2-F-18524,F,1.0,ansur2_2012,196.0,153.0,577.0,134.0,107.0,22.0,66.5,140.0,344.0,33
ANSUR2-F-18525,F,1.0,ansur2_2012,183.0,144.0,543.0,121.0,104.0,21.0,58.5,134.0,307.0,18
ANSUR2-F-18526,F,1.0,ansur2_2012,190.0,148.0,560.0,130.0,112.0,22.0,56.5,134.0,329.0,18
ANSUR2-F-18527,F,1.0,ansur2_2012,193.0,152.0,573.0,134.0,109.0,20.0,57.0,133.0,296.0,19
ANSUR2-F-18528,F,1.0,ansur2_2012,195.0,150.0,567.0,125.0,118.0,19.0,60.5,140.0,328.0,21
ANSUR2-F-18529,F,1.0,ansur2_2012,196.0,148.0,577.0,137.0,110.0,19.0,58.0,130.0,295.0,18
ANSUR2-F-18530,F,1.0,ansur2_2012,197.0,145.0,559.0,116.0,107.0,24.0,62.0,133.0,318.0,37
ANSUR2-F-18531,F,1.0,ansur2_2012,179.0,160.0,553.0,120.0,119.0,20.0,63.0,139.0,314.0,42
ANSUR2-F-18535,F,1.0,ansur2_2012,188.0,155.0,569.0,125.0,117.0,21.0,62.0,141.0,330.0,21
ANSUR2-F-18538,F,1.0,ansur2_2012,187.0,146.0,608.0,130.0,118.0,20.0,65.5,133.0,306.0,20
ANSUR2-F-18543,F,1.0,ansur2_2012,194.0,142.0,574.0,127.0,114.0,16.0,67.0,134.0,326.0,23
ANSUR2-F-18544,F,1.0,ansur2_2012,174.0,137.0,519.0,121.0,107.0,25.0,60.0,119.0,284.0,21
ANSUR2-F-18546,F,1.0,ansur2_2012,199.0,154.0,579.0,134.0,116.0,20.0,66.0,142.0,323.0,20
ANSUR2-F-18548,F,1.0,ansur2_2012,200.0,162.0,607.0,127.0,116.0,23.0,67.5,147.0,340.0,22
ANSUR2-F-18549,F,1.0,ansur2_2012,190.0,153.0,564.0,133.0,110.0,23.0,65.0,136.0,310.0,19
ANSUR2-F-18552,F,1.0,ansur2_2012,184.0,147.0,550.0,122.0,111.0,21.0,63.5,140.0,323.0,23
ANSUR2-F-18553,F,1.0,ansur2_2012,199.0,147.0,575.0,134.0,106.0,19.0,60.5,133.0,315.0,19
ANSUR2-F-18556,F,1.0,ansur2_2012,190.0,149.0,558.0,134.0,119.0,19.0,64.0,133.0,316.0,33
ANSUR2-F-18559,F,1.0,ansur2_2012,186.0,144.0,555.0,123.0,107.0,21.0,62.5,134.0,304.0,27
ANSUR2-F-18560,F,1.0,ansur2_2012,179.0,143.0,534.0,121.0,114.0,19.0,58.0,136.0,313.0,20
ANSUR2-F-18861,F,1.0,ansur2_2012,190.0,146.0,550.0,125.0,108.0,21.0,58.5,126.0,279.0,21
ANSUR2-F-20089,F,1.0,ansur2_2012,180.0,144.0,526.0,127.0,111.0,23.0,53.5,125.0,290.0,21
ANSUR2-F-20090,F,1.0,ansur2_2012,193.0,145.0,557.0,130.0,120.0,19.0,56.5,125.0,307.0,31
ANSUR2-F-20091,F,1.0,ansur2_2012,181.0,152.0,546.0,130.0,119.0,24.0,61.5,136.0,310.0,22
ANSUR2-F-20092,F,1.0,ansur2_2012,187.0,147.0,548.0,130.0,114.0,24.0,59.5,132.0,292.0,28
ANSUR2-F-20093,F,1.0,ansur2_2012,175.0,148.0,535.0,123.0,106.0,23.0,60.5,143.0,304.0,29
ANSUR2-F-20094,F,1.0,ansur2_2012,197.0,146.0,562.0,126.0,117.0,21.0,61.5,132.0,323.0,30
ANSUR2-F-20095,F,1.0,ansur2_2012,179.0,151.0,546.0,119.0,108.0,20.0,62.0,137.0,300.0,24
ANSUR2-F-20096,F,1.0,ansur2_2012,179.0,148.0,551.0,124.0,114.0,19.0,60.5,137.0,319.0,39
ANSUR2-F-20098,F,1.0,ansur2_2012,191.0,148.0,554.0,108.0,117.0,19.0,63.0,133.0,301.0,21
ANSUR2-F-20104,F,1.0,ansur2_2012,181.0,134.0,524.0,131.0,111.0,25.0,57.5,124.0,290.0,20
ANSUR2-F-20109,F,1.0,ansur2_2012,182.0,156.0,554.0,127.0,111.0,22.0,60.5,145.0,316.0,25
ANSUR2-F-20110,F,1.0,ansur2_2012,196.0,148.0,562.0,129.0,113.0,23.0,62.5,131.0,326.0,36
ANSUR2-F-20111,F,1.0,ansur2_2012,190.0,150.0,560.0,119.0,115.0,17.0,60.0,126.0,294.0,43
ANSUR2-F-20423,F,1.0,ansur2_2012,192.0,147.0,557.0,123.0,122.0,25.0,61.5,136.0,311.0,25
ANSUR2-F-20425,F,1.0,ansur2_2012,177.0,147.0,545.0,128.0,123.0,21.0,59.5,138.0,320.0,23
ANSUR2-F-20429,F,1.0,ansur2_2012,183.0,147.0,544.0,124.0,94.0,21.0,61.0,136.0,284.0,27
ANSUR2-F-20439,F,1.0,ansur2_2012,193.0,159.0,566.0,127.0,107.0,20.0,59.0,135.0,310.0,28
ANSUR2-F-20444,F,1.0,ansur2_2012,184.0,152.0,550.0,120.0,120.0,20.0,61.5,138.0,322.0,22
ANSUR2-F-20520,F,1.0,ansur2_2012,199.0,155.0,619.0,124.0,119.0,18.0,69.0,144.0,325.0,22
ANSUR2-F-20521,F,1.0,ansur2_2012,187.0,143.0,549.0,134.0,110.0,22.0,54.5,132.0,303.0,19
ANSUR2-F-20523,F,1.0,ansur2_2012,191.0,144.0,563.0,127.0,115.0,19.0,59.0,139.0,317.0,26
ANSUR2-F-20544,F,1.0,ansur2_2012,184.0,142.0,534.0,125.0,106.0,20.0,59.5,128.0,299.0,27
ANSUR2-F-20559,F,1.0,ansur2_2012,190.0,146.0,545.0,125.0,114.0,20.0,59.5,131.0,302.0,24
ANSUR2-F-20646,F,1.0,ansur2_2012,201.0,146.0,574.0,124.0,125.0,22.0,62.5,138.0,326.0,26
ANSUR2-F-20647,F,1.0,ansur2_2012,188.0,143.0,544.0,124.0,116.0,18.0,63.0,136.0,341.0,25
ANSUR2-F-20648,F,1.0,ansur2_2012,182.0,150.0,559.0,130.0,110.0,23.0,63.5,142.0,311.0,22
ANSUR2-F-20663,F,1.0,ansur2_2012,183.0,140.0,528.0,123.0,113.0,22.0,63.0,125.0,298.0,42
ANSUR2-F-20673,F,1.0,ansur2_2012,193.0,141.0,552.0,120.0,115.0,22.0,60.0,135.0,327.0,24
ANSUR2-F-20679,F,1.0,ansur2_2012,201.0,144.0,573.0,122.0,126.0,19.0,61.5,133.0,320.0,25
ANSUR2-F-20684,F,1.0,ansur2_2012,192.0,147.0,572.0,117.0,110.0,17.0,63.0,139.0,335.0,45
ANSUR2-F-20698,F,1.0,ansur2_2012,195.0,146.0,555.0,131.0,112.0,18.0,60.5,126.0,298.0,30
ANSUR2-F-20699,F,1.0,ansur2_2012,198.0,143.0,559.0,129.0,116.0,19.0,61.0,125.0,301.0,41
ANSUR2-F-20700,F,1.0,ansur2_2012,193.0,152.0,571.0,130.0,113.0,23.0,65.0,128.0,312.0,38
ANSUR2-F-21132,F,1.0,ansur2_2012,181.0,153.0,553.0,124.0,117.0,22.0,59.5,138.0,317.0,33
ANSUR2-F-21179,F,1.0,ansur2_2012,180.0,148.0,534.0,138.0,119.0,19.0,59.5,131.0,297.0,44
ANSUR2-F-21182,F,1.0,ansur2_2012,190.0,150.0,556.0,130.0,113.0,21.0,56.0,133.0,311.0,40
ANSUR2-F-21183,F,1.0,ansur2_2012,179.0,154.0,550.0,130.0,114.0,21.0,58.5,142.0,312.0,28
ANSUR2-F-21185,F,1.0,ansur2_2012,186.0,135.0,534.0,119.0,123.0,20.0,56.5,128.0,314.0,45
ANSUR2-F-21214,F,1.0,ansur2_2012,188.0,147.0,570.0,126.0,115.0,19.0,59.5,126.0,314.0,36
ANSUR2-F-21215,F,1.0,ansur2_2012,187.0,150.0,545.0,120.0,111.0,17.0,61.5,132.0,292.0,22
ANSUR2-F-21221,F,1.0,ansur2_2012,204.0,154.0,574.0,132.0,116.0,21.0,54.5,135.0,317.0,32
ANSUR2-F-21223,F,1.0,ansur2_2012,193.0,140.0,552.0,122.0,105.0,22.0,63.0,132.0,322.0,42
ANSUR2-F-21228,F,1.0,ansur2_2012,176.0,137.0,561.0,131.0,116.0,17.0,58.5,124.0,305.0,39
ANSUR2-F-21229,F,1.0,ansur2_2012,170.0,148.0,536.0,125.0,115.0,20.0,53.5,132.0,317.0,25
ANSUR2-F-21231,F,1.0,ansur2_2012,198.0,154.0,574.0,134.0,108.0,20.0,57.0,137.0,305.0,48
ANSUR2-F-21256,F,1.0,ansur2_2012,186.0,149.0,557.0,131.0,118.0,16.0,61.5,135.0,315.0,41
ANSUR2-F-21405,F,1.0,ansur2_2012,188.0,138.0,535.0,120.0,111.0,24.0,63.0,126.0,291.0,26
ANSUR2-F-21411,F,1.0,ansur2_2012,190.0,148.0,555.0,127.0,112.0,18.0,63.0,138.0,310.0,31
ANSUR2-F-21414,F,1.0,ansur2_2012,193.0,142.0,572.0,119.0,110.0,18.0,58.0,126.0,316.0,22
ANSUR2-F-21429,F,1.0,ansur2_2012,196.0,150.0,569.0,130.0,113.0,23.0,61.0,133.0,317.0,29
ANSUR2-F-21431,F,1.0,ansur2_2012,184.0,144.0,537.0,127.0,106.0,21.0,62.0,133.0,300.0,24
ANSUR2-F-21432,F,1.0,ansur2_2012,186.0,141.0,555.0,126.0,109.0,22.0,62.5,133.0,319.0,29
ANSUR2-F-21445,F,1.0,ansur2_2012,197.0,150.0,594.0,129.0,113.0,19.0,62.0,134.0,327.0,36
ANSUR2-F-21446,F,1.0,ansur2_2012,184.0,146.0,564.0,128.0,107.0,18.0,57.0,137.0,306.0,31
ANSUR2-F-21449,F,1.0,ansur2_2012,200.0,150.0,580.0,128.0,104.0,22.0,61.0,126.0,286.0,41
ANSUR2-F-21453,F,1.0,ansur2_2012,187.0,146.0,541.0,119.0,113.0,20.0,63.0,137.0,316.0,23
ANSUR2-F-21462,F,1.0,ansur2_2012,181.0,140.0,545.0,126.0,109.0,20.0,52.5,120.0,284.0,42
ANSUR2-F-21463,F,1.0,ansur2_2012,189.0,151.0,562.0,122.0,116.0,22.0,62.5,137.0,298.0,35
ANSUR2-F-21464,F,1.0,ansur2_2012,180.0,148.0,567.0,127.0,112.0,18.0,57.5,133.0,313.0,30
ANSUR2-F-21482,F,1.0,ansur2_2012,186.0,144.0,554.0,130.0,109.0,21.0,60.5,133.0,313.0,24
ANSUR2-F-21501,F,1.0,ansur2_2012,192.0,151.0,600.0,128.0,115.0,19.0,64.0,147.0,336.0,34
ANSUR2-F-21516,F,1.0,ansur2_2012,190.0,155.0,577.0,134.0,114.0,22.0,65.5,139.0,305.0,26
ANSUR2-F-21524,F,1.0,ansur2_2012,197.0,144.0,576.0,124.0,105.0,18.0,65.0,137.0,314.0,30
ANSUR2-F-21525,F,1.0,ansur2_2012,192.0,145.0,563.0,132.0,120.0,20.0,64.0,136.0,314.0,33
ANSUR2-F-21532,F,1.0,ansur2_2012,174.0,149.0,534.0,124.0,117.0,20.0,59.0,131.0,297.0,43
ANSUR2-F-21542,F,1.0,ansur2_2012,181.0,135.0,523.0,124.0,100.0,24.0,58.0,122.0,282.0,32
ANSUR2-F-21548,F,1.0,ansur2_2012,205.0,150.0,602.0,124.0,125.0,17.0,59.0,133.0,320.0,31
ANSUR2-F-21556,F,1.0,ansur2_2012,192.0,147.0,570.0,129.0,120.0,19.0,61.5,134.0,327.0,26
ANSUR2-F-21561,F,1.0,ansur2_2012,199.0,144.0,565.0,142.0,106.0,20.0,61.5,139.0,315.0,36
ANSUR2-F-21565,F,1.0,ansur2_2012,199.0,155.0,590.0,141.0,107.0,24.0,63.0,126.0,321.0,31
ANSUR2-F-21569,F,1.0,ansur2_2012,182.0,144.0,540.0,138.0,116.0,21.0,55.0,126.0,318.0,29
ANSUR2-F-21572,F,1.0,ansur2_2012,191.0,153.0,569.0,133.0,114.0,23.0,59.5,143.0,324.0,31
ANSUR2-F-21587,F,1.0,ansur2_2012,184.0,149.0,550.0,119.0,108.0,21.0,57.0,136.0,308.0,25
ANSUR2-F-21592,F,1.0,ansur2_2012,188.0,152.0,557.0,133.0,110.0,20.0,61.0,141.0,315.0,24
ANSUR2-F-21593,F,1.0,ansur2_2012,186.0,147.0,557.0,124.0,119.0,17.0,62.0,150.0,332.0,22
ANSUR2-F-21595,F,1.0,ansur2_2012,187.0,147.0,555.0,138.0,117.0,20.0,63.5,136.0,304.0,31
ANSUR2-F-21649,F,1.0,ansur2_2012,181.0,159.0,557.0,143.0,122.0,23.0,61.5,137.0,285.0,38
ANSUR2-F-21653,F,1.0,ansur2_2012,208.0,162.0,618.0,134.0,107.0,18.0,67.5,137.0,320.0,40
ANSUR2-F-21702,F,1.0,ansur2_2012,195.0,146.0,583.0,129.0,111.0,21.0,59.0,136.0,314.0,38
ANSUR2-F-21704,F,1.0,ansur2_2012,178.0,156.0,555.0,130.0,118.0,26.0,64.0,137.0,310.0,44
ANSUR2-F-21718,F,1.0,ansur2_2012,194.0,147.0,565.0,126.0,110.0,20.0,64.0,133.0,325.0,29
ANSUR2-F-21719,F,1.0,ansur2_2012,188.0,149.0,538.0,127.0,120.0,22.0,62.0,137.0,331.0,23
ANSUR2-F-21720,F,1.0,ansur2_2012,186.0,145.0,562.0,131.0,109.0,18.0,62.5,133.0,302.0,26
ANSUR2-F-21721,F,1.0,ansur2_2012,195.0,151.0,609.0,142.0,122.0,20.0,61.0,138.0,310.0,24
ANSUR2-F-21722,F,1.0,ansur2_2012,200.0,148.0,565.0,130.0,120.0,17.0,67.5,140.0,343.0,33
ANSUR2-F-21723,F,1.0,ansur2_2012,199.0,146.0,576.0,132.0,118.0,17.0,65.0,134.0,317.0,24
ANSUR2-F-21905,F,1.0,ansur2_2012,176.0,142.0,526.0,126.0,114.0,18.0,59.0,130.0,288.0,38
ANSUR2-F-21943,F,1.0,ansur2_2012,186.0,138.0,536.0,122.0,112.0,20.0,57.0,128.0,296.0,41
ANSUR2-F-21944,F,1.0,ansur2_2012,188.0,146.0,576.0,132.0,118.0,22.0,61.0,133.0,308.0,41
ANSUR2-F-22001,F,1.0,ansur2_2012,191.0,144.0,545.0,123.0,111.0,20.0,59.5,131.0,308.0,26
ANSUR2-F-22014,F,1.0,ansur2_2012,187.0,150.0,592.0,129.0,120.0,17.0,61.5,129.0,308.0,42
ANSUR2-F-22030,F,1.0,ansur2_2012,200.0,153.0,570.0,120.0,111.0,23.0,64.5,140.0,325.0,40
ANSUR2-F-22035,F,1.0,ansur2_2012,171.0,146.0,527.0,121.0,103.0,23.0,63.0,140.0,316.0,54
ANSUR2-F-22040,F,1.0,ansur2_2012,192.0,150.0,580.0,132.0,106.0,18.0,61.0,134.0,306.0,23
ANSUR2-F-22041,F,1.0,ansur2_2012,192.0,150.0,580.0,132.0,106.0,18.0,61.0,134.0,306.0,28
ANSUR2-F-22043,F,1.0,ansur2_2012,192.0,152.0,570.0,140.0,113.0,21.0,60.5,138.0,321.0,38
ANSUR2-F-22045,F,1.0,ansur2_2012,199.0,144.0,558.0,124.0,121.0,22.0,71.5,140.0,340.0,42
ANSUR2-F-22046,F,1.0,ansur2_2012,190.0,146.0,554.0,136.0,124.0,18.0,60.0,140.0,336.0,37
ANSUR2-F-22048,F,1.0,ansur2_2012,196.0,146.0,560.0,126.0,118.0,22.0,68.0,130.0,326.0,51
ANSUR2-F-22049,F,1.0,ansur2_2012,206.0,154.0,610.0,126.0,120.0,18.0,67.0,138.0,364.0,44
ANSUR2-F-22052,F,1.0,ansur2_2012,198.0,146.0,584.0,135.0,116.0,20.0,61.5,126.0,314.0,22
ANSUR2-F-22053,F,1.0,ansur2_2012,182.0,140.0,558.0,134.0,102.0,18.0,59.0,130.0,290.0,40
ANSUR2-F-22060,F,1.0,ansur2_2012,190.0,144.0,564.0,118.0,107.0,18.0,63.0,132.0,322.0,21
ANSUR2-F-22061,F,1.0,ansur2_2012,185.0,152.0,605.0,126.0,106.0,20.0,58.5,140.0,323.0,24
ANSUR2-F-22063,F,1.0,ansur2_2012,183.0,150.0,535.0,131.0,120.0,21.0,63.5,140.0,327.0,22
ANSUR2-F-22064,F,1.0,ansur2_2012,186.0,144.0,550.0,121.0,107.0,23.0,59.0,128.0,296.0,25
ANSUR2-F-22065,F,1.0,ansur2_2012,194.0,146.0,568.0,118.0,122.0,18.0,67.5,144.0,330.0,45
ANSUR2-F-22067,F,1.0,ansur2_2012,210.0,161.0,630.0,142.0,114.0,26.0,66.5,136.0,316.0,32
ANSUR2-F-22068,F,1.0,ansur2_2012,200.0,146.0,574.0,129.0,118.0,16.0,58.0,131.0,295.0,27
ANSUR2-F-22069,F,1.0,ansur2_2012,196.0,148.0,570.0,130.0,118.0,21.0,62.0,142.0,343.0,22
ANSUR2-F-22070,F,1.0,ansur2_2012,192.0,144.0,554.0,125.0,116.0,22.0,61.5,126.0,308.0,33
ANSUR2-F-22071,F,1.0,ansur2_2012,189.0,145.0,556.0,119.0,110.0,22.0,60.0,138.0,296.0,20
ANSUR2-F-22072,F,1.0,ansur2_2012,183.0,146.0,560.0,123.0,111.0,22.0,65.0,137.0,320.0,33
ANSUR2-F-22073,F,1.0,ansur2_2012,182.0,144.0,556.0,130.0,110.0,20.0,61.5,132.0,296.0,24
ANSUR2-F-22074,F,1.0,ansur2_2012,200.0,156.0,596.0,129.0,112.0,19.0,68.5,137.0,317.0,22
ANSUR2-F-22075,F,1.0,ansur2_2012,191.0,147.0,564.0,114.0,106.0,21.0,64.0,138.0,311.0,44
ANSUR2-F-22077,F,1.0,ansur2_2012,186.0,144.0,546.0,130.0,124.0,24.0,59.0,130.0,296.0,41
ANSUR2-F-22079,F,1.0,ansur2_2012,197.0,150.0,614.0,124.0,123.0,24.0,64.0,131.0,334.0,22
ANSUR2-F-22080,F,1.0,ansur2_2012,206.0,144.0,592.0,128.0,120.0,20.0,64.0,132.0,306.0,41
ANSUR2-F-22081,F,1.0,ansur2_2012,206.0,144.0,586.0,128.0,120.0,22.0,65.0,134.0,340.0,23
ANSUR2-F-22083,F,1.0,ansur2_2012,188.0,142.0,559.0,124.0,116.0,19.0,58.5,130.0,314.0,33
ANSUR2-F-22085,F,1.0,ansur2_2012,196.0,150.0,608.0,130.0,112.0,20.0,68.5,140.0,340.0,42
ANSUR2-F-22086,F,1.0,ansur2_2012,196.0,144.0,586.0,130.0,112.0,20.0,64.0,136.0,326.0,20
ANSUR2-F-22088,F,1.0,ansur2_2012,196.0,148.0,550.0,130.0,126.0,24.0,66.5,130.0,314.0,46
ANSUR2-F-22089,F,1.0,ansur2_2012,190.0,140.0,556.0,130.0,118.0,20.0,63.5,131.0,306.0,23
ANSUR2-F-22090,F,1.0,ansur2_2012,192.0,150.0,580.0,130.0,122.0,24.0,61.0,140.0,312.0,38
ANSUR2-F-22091,F,1.0,ansur2_2012,192.0,156.0,560.0,122.0,116.0,22.0,68.0,134.0,314.0,46
ANSUR2-F-22092,F,1.0,ansur2_2012,205.0,156.0,595.0,128.0,111.0,20.0,62.0,140.0,333.0,45
ANSUR2-F-22095,F,1.0,ansur2_2012,189.0,147.0,560.0,123.0,113.0,21.0,64.0,133.0,320.0,51
ANSUR2-F-22096,F,1.0,ansur2_2012,199.0,155.0,598.0,137.0,116.0,19.0,64.5,136.0,335.0,45
ANSUR2-F-22097,F,1.0,ansur2_2012,193.0,143.0,578.0,126.0,123.0,23.0,62.0,130.0,320.0,52
ANSUR2-F-22098,F,1.0,ansur2_2012,206.0,145.0,581.0,140.0,120.0,20.0,69.5,143.0,355.0,36
ANSUR2-F-22099,F,1.0,ansur2_2012,187.0,146.0,586.0,127.0,109.0,19.0,66.5,139.0,319.0,25
ANSUR2-F-22101,F,1.0,ansur2_2012,188.0,140.0,544.0,118.0,107.0,17.0,65.5,125.0,298.0,33
ANSUR2-F-22102,F,1.0,ansur2_2012,193.0,154.0,567.0,140.0,118.0,23.0,65.5,144.0,325.0,39
ANSUR2-F-23302,F,1.0,ansur2_2012,179.0,142.0,544.0,129.0,110.0,24.0,64.5,129.0,303.0,27
ANSUR2-F-23307,F,1.0,ansur2_2012,185.0,151.0,555.0,131.0,114.0,19.0,61.5,138.0,307.0,20
ANSUR2-F-23316,F,1.0,ansur2_2012,192.0,154.0,562.0,121.0,110.0,18.0,68.0,146.0,340.0,21
ANSUR2-F-23318,F,1.0,ansur2_2012,190.0,149.0,562.0,130.0,120.0,22.0,65.0,135.0,318.0,24
ANSUR2-F-23334,F,1.0,ansur2_2012,191.0,150.0,541.0,133.0,110.0,20.0,62.5,140.0,314.0,29
ANSUR2-F-23346,F,1.0,ansur2_2012,188.0,155.0,583.0,130.0,119.0,21.0,67.0,142.0,332.0,25
ANSUR2-F-23347,F,1.0,ansur2_2012,200.0,159.0,599.0,126.0,120.0,17.0,68.5,147.0,329.0,47
ANSUR2-F-23350,F,1.0,ansur2_2012,189.0,148.0,566.0,127.0,112.0,22.0,66.0,140.0,320.0,23
ANSUR2-F-23363,F,1.0,ansur2_2012,200.0,160.0,587.0,130.0,115.0,20.0,62.0,133.0,313.0,24
ANSUR2-F-23633,F,1.0,ansur2_2012,204.0,149.0,575.0,131.0,110.0,18.0,67.5,135.0,331.0,24
ANSUR2-F-23647,F,1.0,ansur2_2012,196.0,143.0,567.0,133.0,118.0,19.0,65.0,130.0,308.0,29
ANSUR2-F-23653,F,1.0,ansur2_2012,200.0,152.0,566.0,129.0,125.0,22.0,65.5,138.0,315.0,24
ANSUR2-F-23660,F,1.0,ansur2_2012,196.0,147.0,541.0,124.0,111.0,21.0,59.0,132.0,288.0,22
ANSUR2-F-23662,F,1.0,ansur2_2012,181.0,140.0,544.0,129.0,103.0,18.0,61.0,130.0,307.0,19
ANSUR2-F-23664,F,1.0,ansur2_2012,193.0,149.0,550.0,134.0,119.0,17.0,59.5,131.0,306.0,28
ANSUR2-F-23816,F,1.0,ansur2_2012,197.0,154.0,597.0,130.0,113.0,18.0,59.0,133.0,317.0,23
ANSUR2-F-23837,F,1.0,ansur2_2012,192.0,150.0,561.0,126.0,105.0,20.0,65.5,133.0,314.0,33
ANSUR2-F-23838,F,1.0,ansur2_2012,192.0,148.0,556.0,122.0,109.0,18.0,62.5,138.0,310.0,31
ANSUR2-F-23839,F,1.0,ansur2_2012,194.0,147.0,574.0,133.0,118.0,23.0,59.0,133.0,297.0,26
ANSUR2-F-23840,F,1.0,ansur2_2012,197.0,151.0,578.0,125.0,101.0,17.0,62.0,135.0,313.0,39
ANSUR2-F-23845,F,1.0,ansur2_2012,197.0,149.0,584.0,136.0,121.0,22.0,59.0,137.0,335.0,28
ANSUR2-F-23848,F,1.0,ansur2_2012,188.0,154.0,566.0,135.0,113.0,20.0,65.5,144.0,321.0,35
ANSUR2-F-23850,F,1.0,ansur2_2012,188.0,145.0,558.0,140.0,116.0,19.0,60.5,136.0,346.0,40
ANSUR2-F-23851,F,1.0,ansur2_2012,214.0,149.0,606.0,129.0,121.0,19.0,68.0,135.0,323.0,28
ANSUR2-F-23852,F,1.0,ansur2_2012,185.0,152.0,577.0,126.0,111.0,20.0,67.0,129.0,304.0,34
ANSUR2-F-23857,F,1.0,ansur2_2012,183.0,158.0,572.0,128.0,114.0,18.0,60.0,148.0,324.0,22
ANSUR2-F-23875,F,1.0,ansur2_2012,193.0,147.0,568.0,130.0,111.0,19.0,58.0,140.0,321.0,34
ANSUR2-F-23884,F,1.0,ansur2_2012,186.0,138.0,545.0,129.0,110.0,20.0,59.5,124.0,298.0,22
ANSUR2-F-23902,F,1.0,ansur2_2012,196.0,149.0,610.0,123.0,118.0,23.0,66.0,132.0,305.0,27
ANSUR2-F-23903,F,1.0,ansur2_2012,194.0,151.0,567.0,128.0,112.0,24.0,62.5,137.0,321.0,42
ANSUR2-F-23905,F,1.0,ansur2_2012,197.0,158.0,575.0,130.0,105.0,20.0,63.0,136.0,317.0,25
ANSUR2-F-23915,F,1.0,ansur2_2012,197.0,152.0,579.0,123.0,118.0,22.0,63.0,138.0,333.0,21
ANSUR2-F-23916,F,1.0,ansur2_2012,195.0,142.0,558.0,130.0,117.0,19.0,58.0,137.0,281.0,25
ANSUR2-F-23930,F,1.0,ansur2_2012,186.0,147.0,542.0,135.0,110.0,20.0,65.0,147.0,332.0,20
ANSUR2-F-23934,F,1.0,ansur2_2012,188.0,146.0,550.0,133.0,106.0,18.0,58.0,128.0,290.0,24
ANSUR2-F-23939,F,1.0,ansur2_2012,196.0,144.0,555.0,123.0,111.0,19.0,60.5,136.0,309.0,33
ANSUR2-F-23940,F,1.0,ansur2_2012,191.0,144.0,565.0,120.0,107.0,21.0,65.5,134.0,322.0,40
ANSUR2-F-23944,F,1.0,ansur2_2012,196.0,148.0,561.0,127.0,108.0,18.0,64.5,131.0,322.0,42
ANSUR2-F-23947,F,1.0,ansur2_2012,193.0,138.0,572.0,126.0,117.0,17.0,62.5,135.0,328.0,26
ANSUR2-F-23954,F,1.0,ansur2_2012,189.0,145.0,565.0,123.0,109.0,17.0,62.5,133.0,310.0,22
ANSUR2-F-23956,F,1.0,ansur2_2012,201.0,149.0,588.0,130.0,116.0,22.0,66.0,140.0,325.0,43
ANSUR2-F-23962,F,1.0,ansur2_2012,195.0,150.0,576.0,120.0,112.0,17.0,68.5,144.0,337.0,37
ANSUR2-F-23970,F,1.0,ansur2_2012,177.0,146.0,540.0,126.0,104.0,20.0,65.5,135.0,299.0,28
ANSUR2-F-23974,F,1.0,ansur2_2012,190.0,144.0,555.0,122.0,111.0,24.0,60.5,133.0,321.0,30
ANSUR2-F-23978,F,1.0,ansur2_2012,193.0,148.0,565.0,136.0,110.0,19.0,62.0,136.0,314.0,27
ANSUR2-F-23990,F,1.0,ansur2_2012,175.0,153.0,539.0,133.0,108.0,17.0,59.0,143.0,307.0,35
ANSUR2-F-23998,F,1.0,ansur2_2012,178.0,143.0,528.0,131.0,111.0,20.0,55.5,132.0,310.0,42
ANSUR2-F-24072,F,1.0,ansur2_2012,182.0,146.0,581.0,138.0,117.0,23.0,62.0,134.0,318.0,23
ANSUR2-F-24074,F,1.0,ansur2_2012,189.0,147.0,545.0,130.0,100.0,17.0,62.5,131.0,319.0,24
ANSUR2-F-24077,F,1.0,ansur2_2012,196.0,151.0,573.0,132.0,101.0,20.0,62.0,141.0,313.0,24
ANSUR2-F-24078,F,1.0,ansur2_2012,187.0,146.0,548.0,124.0,110.0,18.0,61.0,131.0,291.0,25
ANSUR2-F-24087,F,1.0,ansur2_2012,200.0,144.0,561.0,128.0,108.0,20.0,66.5,134.0,334.0,22
ANSUR2-F-24090,F,1.0,ansur2_2012,196.0,147.0,568.0,123.0,122.0,20.0,64.0,133.0,332.0,19
ANSUR2-F-24094,F,1.0,ansur2_2012,193.0,146.0,554.0,133.0,113.0,19.0,61.5,132.0,307.0,24
ANSUR2-F-24095,F,1.0,ansur2_2012,196.0,144.0,568.0,135.0,108.0,21.0,59.5,129.0,294.0,23
ANSUR2-F-24097,F,1.0,ansur2_2012,192.0,150.0,556.0,128.0,113.0,25.0,62.0,135.0,310.0,28
ANSUR2-F-24102,F,1.0,ansur2_2012,192.0,145.0,558.0,132.0,121.0,18.0,64.5,127.0,307.0,30
ANSUR2-F-24103,F,1.0,ansur2_2012,182.0,144.0,537.0,130.0,106.0,20.0,61.5,132.0,299.0,40
ANSUR2-F-24107,F,1.0,ansur2_2012,190.0,148.0,550.0,137.0,107.0,23.0,62.0,124.0,286.0,25
ANSUR2-F-24109,F,1.0,ansur2_2012,196.0,143.0,566.0,119.0,108.0,20.0,62.5,128.0,306.0,41
ANSUR2-F-24110,F,1.0,ansur2_2012,188.0,151.0,572.0,132.0,110.0,23.0,61.5,139.0,327.0,36
ANSUR2-F-24112,F,1.0,ansur2_2012,200.0,153.0,580.0,131.0,118.0,17.0,66.5,135.0,321.0,28
ANSUR2-F-24729,F,1.0,ansur2_2012,194.0,159.0,573.0,131.0,115.0,20.0,61.5,137.0,294.0,22
ANSUR2-F-24732,F,1.0,ansur2_2012,187.0,152.0,543.0,136.0,121.0,23.0,64.5,131.0,320.0,26
ANSUR2-F-24733,F,1.0,ansur2_2012,189.0,135.0,538.0,125.0,108.0,20.0,60.0,125.0,292.0,36
ANSUR2-F-24739,F,1.0,ansur2_2012,189.0,146.0,553.0,135.0,113.0,22.0,60.5,126.0,296.0,24
ANSUR2-F-24740,F,1.0,ansur2_2012,187.0,149.0,562.0,122.0,115.0,22.0,58.5,135.0,299.0,21
ANSUR2-F-24743,F,1.0,ansur2_2012,188.0,145.0,556.0,127.0,105.0,25.0,64.0,126.0,296.0,26
ANSUR2-F-24746,F,1.0,ansur2_2012,187.0,153.0,570.0,133.0,107.0,17.0,65.0,145.0,313.0,27
ANSUR2-F-24782,F,1.0,ansur2_2012,192.0,147.0,568.0,128.0,100.0,17.0,66.5,138.0,299.0,23
ANSUR2-F-24783,F,1.0,ansur2_2012,187.0,145.0,546.0,126.0,103.0,19.0,61.0,130.0,296.0,28
ANSUR2-F-24786,F,1.0,ansur2_2012,191.0,145.0,557.0,132.0,103.0,25.0,61.5,130.0,307.0,25
ANSUR2-F-25023,F,1.0,ansur2_2012,196.0,150.0,587.0,127.0,122.0,18.0,59.5,123.0,312.0,42
ANSUR2-F-25024,F,1.0,ansur2_2012,187.0,146.0,549.0,128.0,109.0,21.0,56.5,132.0,312.0,30
ANSUR2-F-25026,F,1.0,ansur2_2012,193.0,146.0,581.0,130.0,112.0,17.0,63.0,142.0,323.0,47
ANSUR2-F-25031,F,1.0,ansur2_2012,198.0,151.0,576.0,132.0,121.0,18.0,61.5,129.0,313.0,22
ANSUR2-F-25036,F,1.0,ansur2_2012,181.0,148.0,524.0,132.0,100.0,20.0,55.0,132.0,285.0,33
ANSUR2-F-25038,F,1.0,ansur2_2012,203.0,143.0,592.0,133.0,111.0,22.0,68.0,143.0,338.0,28
ANSUR2-F-25039,F,1.0,ansur2_2012,191.0,145.0,552.0,135.0,120.0,23.0,56.5,123.0,306.0,33
ANSUR2-F-25040,F,1.0,ansur2_2012,193.0,155.0,566.0,122.0,111.0,20.0,64.5,136.0,336.0,51
ANSUR2-F-25049,F,1.0,ansur2_2012,194.0,139.0,554.0,122.0,112.0,15.0,59.5,126.0,312.0,33
ANSUR2-F-25050,F,1.0,ansur2_2012,185.0,146.0,543.0,129.0,121.0,20.0,56.0,131.0,292.0,33
ANSUR2-F-25051,F,1.0,ansur2_2012,178.0,146.0,531.0,126.0,119.0,17.0,66.5,136.0,331.0,43
ANSUR2-F-25052,F,1.0,ansur2_2012,194.0,149.0,559.0,132.0,112.0,17.0,63.5,131.0,317.0,41
ANSUR2-F-25060,F,1.0,ansur2_2012,192.0,149.0,563.0,128.0,112.0,18.0,61.0,137.0,320.0,24
ANSUR2-F-25062,F,1.0,ansur2_2012,194.0,151.0,560.0,133.0,109.0,19.0,54.5,136.0,316.0,31
ANSUR2-F-25064,F,1.0,ansur2_2012,191.0,145.0,561.0,130.0,110.0,19.0,57.0,130.0,303.0,34
ANSUR2-F-25071,F,1.0,ansur2_2012,189.0,147.0,557.0,132.0,110.0,18.0,55.0,127.0,308.0,28
ANSUR2-F-25072,F,1.0,ansur2_2012,190.0,149.0,555.0,131.0,116.0,19.0,61.5,134.0,303.0,20
ANSUR2-F-25074,F,1.0,ansur2_2012,194.0,154.0,587.0,132.0,117.0,18.0,68.0,131.0,321.0,24
ANSUR2-F-25082,F,1.0,ansur2_2012,180.0,147.0,539.0,134.0,109.0,20.0,53.5,134.0,306.0,24
ANSUR2-F-25085,F,1.0,ansur2_2012,192.0,141.0,550.0,126.0,106.0,16.0,61.5,130.0,306.0,22
ANSUR2-F-25088,F,1.0,ansur2_2012,183.0,145.0,553.0,139.0,105.0,21.0,61.5,135.0,308.0,22
ANSUR2-F-25091,F,1.0,ansur2_2012,187.0,142.0,539.0,127.0,108.0,21.0,57.5,130.0,297.0,27
ANSUR2-F-25092,F,1.0,ansur2_2012,185.0,138.0,533.0,122.0,110.0,17.0,63.5,128.0,297.0,23
ANSUR2-F-25093,F,1.0,ansur2_2012,190.0,151.0,559.0,128.0,118.0,20.0,62.5,143.0,323.0,24
ANSUR2-F-25094,F,1.0,ansur2_2012,187.0,151.0,561.0,126.0,115.0,19.0,63.5,143.0,330.0,40
ANSUR2-F-25097,F,1.0,ansur2_2012,194.0,145.0,567.0,132.0,102.0,23.0,57.5,134.0,312.0,21
ANSUR2-F-25099,F,1.0,ansur2_2012,181.0,151.0,563.0,129.0,111.0,19.0,62.5,143.0,321.0,26
ANSUR2-F-25100,F,1.0,ansur2_2012,183.0,158.0,548.0,126.0,123.0,20.0,62.5,140.0,313.0,20
ANSUR2-F-25105,F,1.0,ansur2_2012,182.0,151.0,542.0,132.0,109.0,19.0,61.0,141.0,307.0,24
ANSUR2-F-25106,F,1.0,ansur2_2012,191.0,149.0,555.0,129.0,116.0,20.0,62.0,143.0,334.0,25
ANSUR2-F-25116,F,1.0,ansur2_2012,191.0,137.0,554.0,120.0,115.0,21.0,59.0,127.0,294.0,21
ANSUR2-F-25131,F,1.0,ansur2_2012,196.0,140.0,556.0,123.0,112.0,22.0,63.5,128.0,308.0,38
ANSUR2-F-25147,F,1.0,ansur2_2012,181.0,144.0,544.0,120.0,108.0,19.0,59.0,131.0,285.0,21
ANSUR2-F-25180,F,1.0,ansur2_2012,183.0,140.0,572.0,130.0,128.0,16.0,62.0,124.0,317.0,22
ANSUR2-F-25181,F,1.0,ansur2_2012,182.0,156.0,550.0,128.0,107.0,24.0,62.5,139.0,299.0,18
ANSUR2-F-25204,F,1.0,ansur2_2012,188.0,147.0,550.0,134.0,110.0,23.0,59.5,133.0,289.0,21
ANSUR2-F-25209,F,1.0,ansur2_2012,193.0,147.0,560.0,134.0,94.0,20.0,62.5,128.0,297.0,21
ANSUR2-F-25210,F,1.0,ansur2_2012,189.0,144.0,550.0,124.0,106.0,17.0,63.5,128.0,297.0,18
ANSUR2-F-25213,F,1.0,ansur2_2012,191.0,137.0,541.0,120.0,109.0,22.0,56.5,128.0,296.0,22
ANSUR2-F-25215,F,1.0,ansur2_2012,194.0,143.0,554.0,132.0,111.0,16.0,60.5,131.0,306.0,26
ANSUR2-F-25218,F,1.0,ansur2_2012,190.0,154.0,545.0,130.0,116.0,20.0,62.0,137.0,309.0,18
ANSUR2-F-25219,F,1.0,ansur2_2012,186.0,134.0,534.0,128.0,107.0,21.0,61.0,126.0,295.0,22
ANSUR2-F-25221,F,1.0,ansur2_2012,193.0,144.0,554.0,127.0,106.0,22.0,63.0,132.0,304.0,18
ANSUR2-F-25222,F,1.0,ansur2_2012,183.0,144.0,547.0,130.0,115.0,19.0,60.5,123.0,308.0,30
ANSUR2-F-25224,F,1.0,ansur2_2012,203.0,152.0,596.0,127.0,114.0,18.0,65.5,131.0,311.0,29
ANSUR2-F-25225,F,1.0,ansur2_2012,188.0,145.0,557.0,128.0,114.0,22.0,58.0,135.0,304.0,25
ANSUR2-F-25226,F,1.0,ansur2_2012,200.0,150.0,568.0,132.0,108.0,18.0,60.0,132.0,307.0,33
ANSUR2-F-25227,F,1.0,ansur2_2012,183.0,153.0,553.0,130.0,113.0,21.0,62.0,133.0,302.0,32
ANSUR2-F-25235,F,1.0,ansur2_2012,192.0,142.0,560.0,130.0,112.0,17.0,60.0,130.0,315.0,29
ANSUR2-F-25237,F,1.0,ansur2_2012,204.0,151.0,584.0,125.0,107.0,19.0,62.0,136.0,322.0,37
ANSUR2-F-25239,F,1.0,ansur2_2012,185.0,154.0,553.0,137.0,108.0,20.0,60.0,136.0,321.0,23
ANSUR2-F-25241,F,1.0,ansur2_2012,168.0,157.0,543.0,134.0,108.0,24.0,64.5,144.0,296.0,29
ANSUR2-F-25243,F,1.0,ansur2_2012,187.0,150.0,553.0,130.0,103.0,25.0,60.0,132.0,302.0,19
ANSUR2-F-25244,F,1.0,ansur2_2012,187.0,144.0,555.0,127.0,117.0,17.0,57.0,129.0,288.0,20
ANSUR2-F-25248,F,1.0,ansur2_2012,196.0,149.0,572.0,131.0,111.0,19.0,65.0,131.0,314.0,21
ANSUR2-F-25250,F,1.0,ansur2_2012,181.0,149.0,556.0,131.0,110.0,24.0,63.5,137.0,302.0,18
ANSUR2-F-25251,F,1.0,ansur2_2012,190.0,145.0,546.0,122.0,104.0,19.0,63.0,131.0,306.0,19
ANSUR2-F-25252,F,1.0,ansur2_2012,189.0,150.0,560.0,121.0,117.0,21.0,59.5,128.0,317.0,18
ANSUR2-F-25253,F,1.0,ansur2_2012,195.0,145.0,560.0,132.0,111.0,22.0,58.0,136.0,326.0,18
ANSUR2-F-25256,F,1.0,ansur2_2012,193.0,141.0,577.0,130.0,108.0,19.0,66.5,128.0,309.0,18
ANSUR2-F-25258,F,1.0,ansur2_2012,200.0,153.0,590.0,135.0,111.0,22.0,63.0,141.0,318.0,21
ANSUR2-F-25259,F,1.0,ansur2_2012,198.0,152.0,590.0,127.0,119.0,23.0,67.0,143.0,333.0,18
ANSUR2-F-25262,F,1.0,ansur2_2012,179.0,149.0,537.0,129.0,112.0,19.0,61.400000000000006,137.0,302.0,19
ANSUR2-F-25263,F,1.0,ansur2_2012,194.0,150.0,563.0,133.0,111.0,21.0,61.0,130.0,297.0,21
ANSUR2-F-25264,F,1.0,ansur2_2012,189.0,154.0,564.0,126.0,120.0,24.0,61.0,147.0,334.0,19
ANSUR2-F-25266,F,1.0,ansur2_2012,189.0,155.0,564.0,134.0,112.0,18.0,63.0,138.0,321.0,19
ANSUR2-F-25268,F,1.0,ansur2_2012,197.0,148.0,577.0,124.0,120.0,18.0,58.0,126.0,298.0,21
ANSUR2-F-25270,F,1.0,ansur2_2012,206.0,144.0,588.0,132.0,114.0,19.0,59.5,136.0,333.0,21
ANSUR2-F-25272,F,1.0,ansur2_2012,194.0,148.0,558.0,128.0,116.0,24.0,59.5,137.0,314.0,22
ANSUR2-F-25277,F,1.0,ansur2_2012,190.0,146.0,554.0,129.0,105.0,27.0,62.5,137.0,314.0,18
ANSUR2-F-25280,F,1.0,ansur2_2012,177.0,146.0,537.0,128.0,105.0,20.0,61.5,130.0,296.0,18
ANSUR2-F-25281,F,1.0,ansur2_2012,182.0,147.0,539.0,127.0,104.0,19.0,61.0,124.0,302.0,18
ANSUR2-F-25282,F,1.0,ansur2_2012,201.0,137.0,570.0,124.0,116.0,18.0,64.5,126.0,324.0,36
ANSUR2-F-25286,F,1.0,ansur2_2012,171.0,146.0,524.0,130.0,107.0,20.0,63.0,141.0,317.0,49
ANSUR2-F-25293,F,1.0,ansur2_2012,183.0,146.0,537.0,120.0,114.0,21.0,64.5,129.0,300.0,52
ANSUR2-F-25294,F,1.0,ansur2_2012,202.0,152.0,573.0,132.0,115.0,21.0,66.0,131.0,313.0,22
ANSUR2-F-25295,F,1.0,ansur2_2012,190.0,156.0,580.0,134.0,108.0,22.0,64.0,146.0,330.0,29
ANSUR2-F-25296,F,1.0,ansur2_2012,185.0,149.0,566.0,127.0,114.0,18.0,69.5,145.0,350.0,27
ANSUR2-F-25300,F,1.0,ansur2_2012,192.0,146.0,567.0,123.0,122.0,17.0,69.5,143.0,314.0,41
ANSUR2-F-25306,F,1.0,ansur2_2012,187.0,152.0,571.0,127.0,125.0,24.0,64.0,140.0,328.0,19
ANSUR2-F-25307,F,1.0,ansur2_2012,200.0,143.0,563.0,131.0,112.0,18.0,64.0,135.0,326.0,21
ANSUR2-F-25313,F,1.0,ansur2_2012,193.0,144.0,556.0,130.0,112.0,18.0,63.5,124.0,284.0,21
ANSUR2-F-25318,F,1.0,ansur2_2012,191.0,154.0,569.0,133.0,112.0,25.0,65.0,144.0,310.0,21
ANSUR2-F-25319,F,1.0,ansur2_2012,181.0,145.0,544.0,127.0,109.0,19.0,60.0,124.0,293.0,20
ANSUR2-F-25321,F,1.0,ansur2_2012,200.0,152.0,588.0,127.0,111.0,19.0,58.0,137.0,304.0,18
ANSUR2-F-25322,F,1.0,ansur2_2012,193.0,152.0,565.0,130.0,115.0,24.0,66.0,143.0,297.0,19
ANSUR2-F-25323,F,1.0,ansur2_2012,196.0,149.0,580.0,133.0,112.0,22.0,63.5,133.0,314.0,19
ANSUR2-F-25324,F,1.0,ansur2_2012,179.0,134.0,520.0,111.0,105.0,20.0,59.5,122.0,287.0,25
ANSUR2-F-25326,F,1.0,ansur2_2012,197.0,145.0,566.0,127.0,115.0,24.0,64.5,132.0,307.0,29
ANSUR2-F-25328,F,1.0,ansur2_2012,197.0,152.0,588.0,131.0,111.0,19.0,69.5,139.0,318.0,20
ANSUR2-F-25330,F,1.0,ansur2_2012,187.0,152.0,545.0,125.0,112.0,18.0,65.5,139.0,300.0,19
ANSUR2-F-25335,F,1.0,ansur2_2012,198.0,147.0,563.0,120.0,109.0,19.0,61.5,138.0,321.0,23
ANSUR2-F-25337,F,1.0,ansur2_2012,183.0,137.0,549.0,122.0,111.0,19.0,60.0,129.0,314.0,20
ANSUR2-F-25338,F,1.0,ansur2_2012,196.0,144.0,585.0,133.0,124.0,22.0,64.5,139.0,325.0,21
ANSUR2-F-25339,F,1.0,ansur2_2012,180.0,138.0,535.0,124.0,115.0,20.0,59.0,129.0,306.0,21
ANSUR2-F-25341,F,1.0,ansur2_2012,189.0,150.0,558.0,126.0,104.0,21.0,57.5,134.0,304.0,18
ANSUR2-F-25342,F,1.0,ansur2_2012,197.0,146.0,571.0,133.0,110.0,22.0,67.0,133.0,314.0,19
ANSUR2-F-25343,F,1.0,ansur2_2012,196.0,144.0,563.0,120.0,117.0,18.0,60.5,139.0,326.0,22
ANSUR2-F-25344,F,1.0,ansur2_2012,201.0,147.0,592.0,130.0,119.0,19.0,62.0,134.0,320.0,18
ANSUR2-F-25349,F,1.0,ansur2_2012,187.0,139.0,537.0,127.0,111.0,20.0,56.5,122.0,277.0,26
ANSUR2-F-25352,F,1.0,ansur2_2012,193.0,138.0,558.0,125.0,99.0,19.0,59.0,133.0,292.0,30
ANSUR2-F-25353,F,1.0,ansur2_2012,204.0,154.0,600.0,134.0,120.0,17.0,64.5,133.0,310.0,29
ANSUR2-F-25356,F,1.0,ansur2_2012,189.0,154.0,578.0,133.0,127.0,20.0,64.0,147.0,309.0,54
ANSUR2-F-25359,F,1.0,ansur2_2012,194.0,145.0,580.0,126.0,122.0,19.0,71.0,138.0,311.0,27
ANSUR2-F-25360,F,1.0,ansur2_2012,183.0,147.0,570.0,120.0,107.0,18.0,59.5,137.0,324.0,21
ANSUR2-F-25361,F,1.0,ansur2_2012,191.0,152.0,566.0,126.0,107.0,25.0,62.0,137.0,317.0,37
ANSUR2-F-25363,F,1.0,ansur2_2012,190.0,147.0,563.0,127.0,118.0,22.0,61.5,131.0,305.0,23
ANSUR2-F-25365,F,1.0,ansur2_2012,187.0,152.0,564.0,131.0,118.0,19.0,64.5,142.0,314.0,18
ANSUR2-F-25366,F,1.0,ansur2_2012,194.0,144.0,557.0,131.0,112.0,20.0,61.0,129.0,294.0,18
ANSUR2-F-25367,F,1.0,ansur2_2012,183.0,145.0,534.0,109.0,112.0,20.0,59.5,135.0,314.0,19
ANSUR2-F-25368,F,1.0,ansur2_2012,192.0,144.0,556.0,115.0,107.0,16.0,59.5,126.0,303.0,19
ANSUR2-F-25370,F,1.0,ansur2_2012,183.0,147.0,562.0,127.0,110.0,20.0,63.5,141.0,309.0,19
ANSUR2-F-25372,F,1.0,ansur2_2012,194.0,149.0,570.0,127.0,106.0,19.0,58.0,134.0,308.0,19
ANSUR2-F-25374,F,1.0,ansur2_2012,179.0,138.0,556.0,125.0,108.0,21.0,66.0,134.0,326.0,34
ANSUR2-F-25378,F,1.0,ansur2_2012,189.0,149.0,568.0,127.0,112.0,18.0,63.0,136.0,302.0,18
ANSUR2-F-25379,F,1.0,ansur2_2012,184.0,141.0,537.0,117.0,107.0,20.0,56.5,129.0,306.0,29
ANSUR2-F-25382,F,1.0,ansur2_2012,198.0,154.0,588.0,130.0,116.0,17.0,64.0,141.0,341.0,20
ANSUR2-F-25383,F,1.0,ansur2_2012,198.0,158.0,578.0,120.0,118.0,22.0,61.5,139.0,297.0,19
ANSUR2-F-25384,F,1.0,ansur2_2012,188.0,144.0,565.0,128.0,112.0,25.0,64.5,131.0,302.0,18
ANSUR2-F-25385,F,1.0,ansur2_2012,168.0,155.0,541.0,121.0,120.0,26.0,63.5,147.0,304.0,19
ANSUR2-F-25388,F,1.0,ansur2_2012,185.0,142.0,552.0,131.0,118.0,25.0,60.0,131.0,317.0,23
ANSUR2-F-25390,F,1.0,ansur2_2012,197.0,144.0,577.0,129.0,121.0,19.0,63.5,134.0,341.0,28
ANSUR2-F-25392,F,1.0,ansur2_2012,191.0,145.0,564.0,127.0,114.0,24.0,56.5,130.0,304.0,21
ANSUR2-F-25395,F,1.0,ansur2_2012,198.0,149.0,575.0,133.0,126.0,22.0,59.5,135.0,304.0,20
ANSUR2-F-25400,F,1.0,ansur2_2012,187.0,152.0,570.0,122.0,116.0,22.0,62.0,134.0,307.0,18
ANSUR2-F-25402,F,1.0,ansur2_2012,182.0,152.0,537.0,131.0,106.0,22.0,61.0,137.0,304.0,39
ANSUR2-F-25408,F,1.0,ansur2_2012,187.0,149.0,567.0,125.0,117.0,21.0,63.0,134.0,305.0,20
ANSUR2-F-25409,F,1.0,ansur2_2012,185.0,144.0,547.0,122.0,115.0,22.0,60.5,129.0,314.0,23
ANSUR2-F-25410,F,1.0,ansur2_2012,192.0,144.0,553.0,117.0,109.0,19.0,59.0,123.0,296.0,20
ANSUR2-F-25417,F,1.0,ansur2_2012,197.0,150.0,572.0,130.0,107.0,19.0,65.5,139.0,318.0,29
ANSUR2-F-25427,F,1.0,ansur2_2012,184.0,152.0,568.0,128.0,113.0,20.0,62.5,137.0,322.0,18
ANSUR2-F-25429,F,1.0,ansur2_2012,183.0,154.0,554.0,117.0,112.0,19.0,63.5,139.0,308.0,18
ANSUR2-F-25431,F,1.0,ansur2_2012,206.0,145.0,597.0,124.0,116.0,19.0,66.5,136.0,326.0,18
ANSUR2-F-25432,F,1.0,ansur2_2012,195.0,155.0,577.0,135.0,104.0,18.0,53.0,134.0,294.0,19
ANSUR2-F-25435,F,1.0,ansur2_2012,192.0,144.0,557.0,133.0,122.0,21.0,65.0,131.0,297.0,24
ANSUR2-F-25437,F,1.0,ansur2_2012,199.0,153.0,593.0,124.0,117.0,22.0,61.0,137.0,326.0,23
ANSUR2-F-25440,F,1.0,ansur2_2012,192.0,144.0,567.0,132.0,110.0,26.0,63.0,134.0,300.0,41
ANSUR2-F-25445,F,1.0,ansur2_2012,184.0,145.0,538.0,107.0,107.0,25.0,59.0,129.0,295.0,23
ANSUR2-F-25446,F,1.0,ansur2_2012,194.0,146.0,568.0,131.0,102.0,22.0,59.5,135.0,294.0,24
ANSUR2-F-25457,F,1.0,ansur2_2012,181.0,150.0,536.0,125.0,105.0,24.0,63.5,128.0,298.0,24
ANSUR2-F-25458,F,1.0,ansur2_2012,197.0,150.0,568.0,139.0,112.0,25.0,65.0,139.0,306.0,28
ANSUR2-F-25462,F,1.0,ansur2_2012,192.0,151.0,558.0,127.0,111.0,21.0,65.0,139.0,315.0,18
ANSUR2-F-25467,F,1.0,ansur2_2012,174.0,145.0,530.0,119.0,105.0,19.0,59.5,136.0,310.0,24
ANSUR2-F-25472,F,1.0,ansur2_2012,189.0,145.0,565.0,133.0,102.0,21.0,64.5,138.0,322.0,19
ANSUR2-F-25474,F,1.0,ansur2_2012,189.0,146.0,555.0,132.0,109.0,21.0,60.0,128.0,318.0,20
ANSUR2-F-25476,F,1.0,ansur2_2012,186.0,144.0,547.0,126.0,102.0,21.0,59.5,131.0,307.0,32
ANSUR2-F-25477,F,1.0,ansur2_2012,194.0,148.0,556.0,127.0,110.0,21.0,57.5,126.0,301.0,31
ANSUR2-F-25479,F,1.0,ansur2_2012,205.0,150.0,611.0,119.0,117.0,15.0,64.0,133.0,335.0,41
ANSUR2-F-25482,F,1.0,ansur2_2012,193.0,146.0,574.0,134.0,115.0,19.0,62.5,139.0,333.0,42
ANSUR2-F-25487,F,1.0,ansur2_2012,188.0,138.0,547.0,122.0,105.0,20.0,60.0,124.0,298.0,31
ANSUR2-F-25489,F,1.0,ansur2_2012,189.0,158.0,552.0,134.0,113.0,16.0,61.5,137.0,298.0,27
ANSUR2-F-25495,F,1.0,ansur2_2012,189.0,147.0,567.0,127.0,122.0,16.0,54.0,127.0,328.0,24
ANSUR2-F-25500,F,1.0,ansur2_2012,175.0,147.0,527.0,127.0,110.0,19.0,55.0,136.0,290.0,28
ANSUR2-F-25501,F,1.0,ansur2_2012,187.0,155.0,551.0,137.0,108.0,27.0,62.5,139.0,309.0,28
ANSUR2-F-25502,F,1.0,ansur2_2012,183.0,149.0,547.0,133.0,110.0,23.0,60.0,134.0,302.0,36
ANSUR2-F-25506,F,1.0,ansur2_2012,186.0,153.0,557.0,134.0,113.0,26.0,64.0,140.0,297.0,27
ANSUR2-F-25509,F,1.0,ansur2_2012,206.0,145.0,572.0,137.0,120.0,20.0,70.0,139.0,329.0,39
ANSUR2-F-25510,F,1.0,ansur2_2012,185.0,147.0,548.0,134.0,103.0,23.0,60.5,134.0,307.0,29
ANSUR2-F-25511,F,1.0,ansur2_2012,190.0,147.0,556.0,131.0,112.0,17.0,61.0,130.0,307.0,28
ANSUR2-F-25515,F,1.0,ansur2_2012,190.0,149.0,574.0,127.0,122.0,21.0,68.0,140.0,314.0,44
ANSUR2-F-25516,F,1.0,ansur2_2012,190.0,146.0,560.0,120.0,121.0,19.0,64.0,137.0,313.0,41
ANSUR2-F-25523,F,1.0,ansur2_2012,192.0,147.0,562.0,131.0,121.0,19.0,58.0,139.0,318.0,21
ANSUR2-F-25524,F,1.0,ansur2_2012,199.0,153.0,580.0,130.0,104.0,21.0,60.5,135.0,301.0,19
ANSUR2-F-25525,F,1.0,ansur2_2012,194.0,147.0,567.0,134.0,118.0,27.0,58.5,130.0,297.0,19
ANSUR2-F-25531,F,1.0,ansur2_2012,192.0,144.0,548.0,130.0,117.0,24.0,59.0,129.0,304.0,27
ANSUR2-F-25533,F,1.0,ansur2_2012,192.0,145.0,552.0,137.0,106.0,22.0,58.0,135.0,303.0,20
ANSUR2-F-25535,F,1.0,ansur2_2012,197.0,153.0,576.0,140.0,108.0,19.0,62.0,137.0,307.0,22
ANSUR2-F-25536,F,1.0,ansur2_2012,193.0,148.0,575.0,125.0,113.0,23.0,67.0,135.0,319.0,24
ANSUR2-F-25540,F,1.0,ansur2_2012,183.0,142.0,523.0,127.0,110.0,20.0,57.5,124.0,297.0,42
ANSUR2-F-25542,F,1.0,ansur2_2012,194.0,146.0,565.0,127.0,109.0,17.0,64.0,132.0,316.0,38
ANSUR2-F-25546,F,1.0,ansur2_2012,191.0,147.0,582.0,128.0,107.0,16.0,61.0,136.0,328.0,40
ANSUR2-F-25547,F,1.0,ansur2_2012,197.0,143.0,546.0,114.0,112.0,20.0,65.5,133.0,330.0,43
ANSUR2-F-25548,F,1.0,ansur2_2012,187.0,150.0,547.0,118.0,115.0,24.0,59.5,137.0,294.0,26
ANSUR2-F-25550,F,1.0,ansur2_2012,177.0,147.0,531.0,124.0,111.0,24.0,58.5,137.0,314.0,48
ANSUR2-F-25551,F,1.0,ansur2_2012,189.0,140.0,539.0,121.0,108.0,23.0,63.0,134.0,312.0,41
ANSUR2-F-25558,F,1.0,ansur2_2012,191.0,141.0,560.0,123.0,106.0,21.0,61.0,127.0,313.0,21
ANSUR2-F-25559,F,1.0,ansur2_2012,194.0,149.0,569.0,127.0,117.0,20.0,60.0,129.0,316.0,29
ANSUR2-F-25564,F,1.0,ansur2_2012,181.0,154.0,554.0,129.0,112.0,23.0,61.5,141.0,315.0,30
ANSUR2-F-25566,F,1.0,ansur2_2012,206.0,154.0,587.0,137.0,119.0,25.0,63.5,139.0,328.0,18
ANSUR2-F-25574,F,1.0,ansur2_2012,180.0,151.0,569.0,140.0,123.0,22.0,68.0,145.0,325.0,32
ANSUR2-F-25577,F,1.0,ansur2_2012,193.0,154.0,575.0,131.0,109.0,23.0,59.0,137.0,312.0,42
ANSUR2-F-25580,F,1.0,ansur2_2012,177.0,144.0,542.0,118.0,97.0,22.0,61.0,128.0,287.0,24
ANSUR2-F-25583,F,1.0,ansur2_2012,193.0,138.0,555.0,121.0,106.0,20.0,61.5,128.0,308.0,32
ANSUR2-F-25587,F,1.0,ansur2_2012,183.0,140.0,563.0,131.0,116.0,20.0,67.0,140.0,342.0,29
ANSUR2-F-25590,F,1.0,ansur2_2012,200.0,152.0,587.0,126.0,115.0,18.0,56.0,128.0,295.0,18
ANSUR2-F-25592,F,1.0,ansur2_2012,184.0,151.0,577.0,133.0,107.0,18.0,56.5,136.0,304.0,19
ANSUR2-F-25594,F,1.0,ansur2_2012,175.0,146.0,527.0,118.0,114.0,24.0,52.0,134.0,297.0,18
ANSUR2-F-25595,F,1.0,ansur2_2012,193.0,145.0,544.0,121.0,111.0,24.0,59.5,133.0,308.0,21
ANSUR2-F-25596,F,1.0,ansur2_2012,189.0,145.0,555.0,122.0,123.0,16.0,64.5,124.0,318.0,21
ANSUR2-F-25601,F,1.0,ansur2_2012,192.0,149.0,571.0,138.0,123.0,19.0,60.5,136.0,305.0,28
ANSUR2-F-25602,F,1.0,ansur2_2012,194.0,139.0,554.0,138.0,110.0,18.0,61.0,126.0,296.0,25
ANSUR2-F-25603,F,1.0,ansur2_2012,206.0,154.0,585.0,140.0,112.0,21.0,61.5,134.0,315.0,25
ANSUR2-F-25606,F,1.0,ansur2_2012,187.0,146.0,557.0,122.0,102.0,21.0,59.0,137.0,307.0,22
ANSUR2-F-25607,F,1.0,ansur2_2012,200.0,147.0,578.0,137.0,125.0,17.0,60.5,132.0,328.0,41
ANSUR2-F-25608,F,1.0,ansur2_2012,173.0,149.0,527.0,128.0,105.0,21.0,63.5,129.0,289.0,43
ANSUR2-F-25609,F,1.0,ansur2_2012,189.0,150.0,573.0,131.0,117.0,22.0,60.5,136.0,283.0,33
ANSUR2-F-25610,F,1.0,ansur2_2012,190.0,142.0,563.0,124.0,120.0,19.0,61.0,129.0,308.0,30
ANSUR2-F-25614,F,1.0,ansur2_2012,200.0,146.0,591.0,132.0,124.0,20.0,67.5,137.0,327.0,45
ANSUR2-F-25619,F,1.0,ansur2_2012,205.0,154.0,594.0,135.0,116.0,23.0,67.0,144.0,327.0,25
ANSUR2-F-25621,F,1.0,ansur2_2012,178.0,147.0,538.0,113.0,111.0,21.0,60.5,135.0,318.0,38
ANSUR2-F-25625,F,1.0,ansur2_2012,194.0,150.0,567.0,130.0,109.0,23.0,63.5,135.0,322.0,35
ANSUR2-F-25627,F,1.0,ansur2_2012,183.0,142.0,541.0,125.0,107.0,20.0,54.5,129.0,302.0,30
ANSUR2-F-25628,F,1.0,ansur2_2012,188.0,145.0,548.0,128.0,110.0,22.0,53.5,124.0,288.0,35
ANSUR2-F-25629,F,1.0,ansur2_2012,185.0,161.0,551.0,133.0,118.0,20.0,64.5,150.0,312.0,22
ANSUR2-F-25630,F,1.0,ansur2_2012,183.0,152.0,577.0,135.0,119.0,22.0,57.5,129.0,296.0,22
ANSUR2-F-25632,F,1.0,ansur2_2012,187.0,143.0,533.0,122.0,106.0,18.0,58.0,125.0,275.0,28
ANSUR2-F-25633,F,1.0,ansur2_2012,185.0,144.0,549.0,127.0,116.0,21.0,59.0,128.0,303.0,27
ANSUR2-F-25637,F,1.0,ansur2_2012,199.0,156.0,597.0,129.0,117.0,17.0,63.0,134.0,319.0,27
ANSUR2-F-25640,F,1.0,ansur2_2012,199.0,150.0,577.0,139.0,109.0,22.0,61.5,137.0,319.0,27
ANSUR2-F-25642,F,1.0,ansur2_2012,189.0,155.0,562.0,131.0,106.0,21.0,58.5,143.0,312.0,31
ANSUR2-F-25643,F,1.0,ansur2_2012,182.0,144.0,539.0,127.0,118.0,24.0,55.5,126.0,285.0,31
ANSUR2-F-25644,F,1.0,ansur2_2012,204.0,150.0,595.0,133.0,105.0,18.0,69.5,145.0,356.0,44
ANSUR2-F-25645,F,1.0,ansur2_2012,197.0,143.0,569.0,121.0,118.0,19.0,63.5,138.0,324.0,30
ANSUR2-F-25646,F,1.0,ansur2_2012,187.0,141.0,544.0,120.0,124.0,20.0,62.5,135.0,324.0,30
ANSUR2-F-25649,F,1.0,ansur2_2012,187.0,131.0,523.0,118.0,109.0,21.0,61.5,121.0,294.0,45
ANSUR2-F-25651,F,1.0,ansur2_2012,181.0,150.0,553.0,131.0,107.0,24.0,64.0,138.0,304.0,28
ANSUR2-F-25653,F,1.0,ansur2_2012,194.0,144.0,590.0,124.0,107.0,19.0,65.5,137.0,317.0,26
ANSUR2-F-25654,F,1.0,ansur2_2012,194.0,145.0,555.0,120.0,106.0,21.0,61.0,127.0,298.0,30
ANSUR2-F-25655,F,1.0,ansur2_2012,189.0,150.0,555.0,118.0,114.0,24.0,64.5,134.0,314.0,21
ANSUR2-F-25656,F,1.0,ansur2_2012,183.0,149.0,545.0,127.0,102.0,23.0,53.0,132.0,297.0,18
ANSUR2-F-25658,F,1.0,ansur2_2012,178.0,144.0,554.0,124.0,105.0,21.0,60.5,134.0,320.0,18
ANSUR2-F-25659,F,1.0,ansur2_2012,214.0,143.0,634.0,142.0,116.0,18.0,69.5,137.0,326.0,22
ANSUR2-F-25661,F,1.0,ansur2_2012,193.0,145.0,558.0,117.0,111.0,16.0,58.0,134.0,313.0,19
ANSUR2-F-25665,F,1.0,ansur2_2012,205.0,151.0,585.0,133.0,123.0,24.0,67.0,140.0,336.0,40
ANSUR2-F-25666,F,1.0,ansur2_2012,196.0,148.0,562.0,125.0,126.0,24.0,62.5,127.0,301.0,22
ANSUR2-F-25674,F,1.0,ansur2_2012,184.0,157.0,558.0,136.0,109.0,20.0,67.5,147.0,327.0,33
ANSUR2-F-25679,F,1.0,ansur2_2012,194.0,145.0,583.0,130.0,102.0,19.0,63.5,136.0,317.0,22
ANSUR2-F-25683,F,1.0,ansur2_2012,179.0,139.0,521.0,127.0,111.0,21.0,57.0,124.0,278.0,33
ANSUR2-F-25686,F,1.0,ansur2_2012,195.0,150.0,559.0,129.0,106.0,19.0,65.5,133.0,320.0,18
ANSUR2-F-25687,F,1.0,ansur2_2012,191.0,160.0,587.0,123.0,124.0,27.0,62.5,132.0,324.0,33
ANSUR2-F-25688,F,1.0,ansur2_2012,186.0,167.0,581.0,130.0,109.0,26.0,64.5,146.0,319.0,27
ANSUR2-F-25689,F,1.0,ansur2_2012,182.0,142.0,537.0,126.0,106.0,19.0,62.0,134.0,304.0,20
ANSUR2-F-25690,F,1.0,ansur2_2012,187.0,143.0,543.0,125.0,97.0,22.0,59.0,123.0,297.0,18
ANSUR2-F-25694,F,1.0,ansur2_2012,183.0,141.0,526.0,123.0,116.0,19.0,58.5,128.0,293.0,23
ANSUR2-F-25695,F,1.0,ansur2_2012,196.0,143.0,555.0,126.0,107.0,17.0,62.0,128.0,302.0,19
ANSUR2-F-25696,F,1.0,ansur2_2012,193.0,147.0,550.0,127.0,104.0,24.0,65.5,136.0,326.0,18
ANSUR2-F-25698,F,1.0,ansur2_2012,197.0,148.0,572.0,133.0,110.0,18.0,59.5,138.0,322.0,19
ANSUR2-F-25699,F,1.0,ansur2_2012,177.0,147.0,525.0,122.0,108.0,19.0,57.5,129.0,297.0,20
ANSUR2-F-25704,F,1.0,ansur2_2012,201.0,152.0,587.0,138.0,115.0,24.0,59.0,136.0,316.0,22
ANSUR2-F-25705,F,1.0,ansur2_2012,189.0,150.0,556.0,134.0,106.0,24.0,53.5,133.0,298.0,18
ANSUR2-F-25706,F,1.0,ansur2_2012,195.0,152.0,578.0,132.0,117.0,20.0,63.0,139.0,318.0,30
ANSUR2-F-25707,F,1.0,ansur2_2012,198.0,157.0,583.0,131.0,124.0,26.0,64.0,142.0,344.0,35
ANSUR2-F-25710,F,1.0,ansur2_2012,181.0,137.0,518.0,120.0,112.0,20.0,53.5,130.0,286.0,19
ANSUR2-F-25712,F,1.0,ansur2_2012,187.0,141.0,567.0,123.0,114.0,19.0,63.0,131.0,327.0,20
ANSUR2-F-25714,F,1.0,ansur2_2012,196.0,150.0,574.0,127.0,123.0,19.0,58.0,124.0,310.0,20
ANSUR2-F-25715,F,1.0,ansur2_2012,199.0,152.0,574.0,134.0,104.0,22.0,60.0,133.0,302.0,20
ANSUR2-F-25717,F,1.0,ansur2_2012,191.0,144.0,550.0,132.0,114.0,20.0,62.0,128.0,308.0,40
ANSUR2-F-25718,F,1.0,ansur2_2012,192.0,152.0,561.0,139.0,111.0,21.0,62.5,142.0,307.0,23
ANSUR2-F-25722,F,1.0,ansur2_2012,192.0,146.0,587.0,121.0,115.0,18.0,62.5,138.0,333.0,18
ANSUR2-F-25729,F,1.0,ansur2_2012,186.0,153.0,574.0,129.0,111.0,19.0,61.5,137.0,287.0,19
ANSUR2-F-25744,F,1.0,ansur2_2012,190.0,146.0,575.0,124.0,126.0,20.0,61.5,133.0,324.0,18
ANSUR2-F-25748,F,1.0,ansur2_2012,191.0,147.0,568.0,131.0,111.0,21.0,64.0,136.0,313.0,22
ANSUR2-F-25751,F,1.0,ansur2_2012,181.0,149.0,570.0,134.0,107.0,26.0,61.5,138.0,298.0,19
ANSUR2-F-25753,F,1.0,ansur2_2012,194.0,153.0,577.0,129.0,119.0,20.0,61.5,131.0,297.0,24
ANSUR2-F-25755,F,1.0,ansur2_2012,196.0,156.0,610.0,139.0,124.0,21.0,62.5,138.0,344.0,18
ANSUR2-F-25756,F,1.0,ansur2_2012,191.0,145.0,566.0,123.0,119.0,20.0,65.0,129.0,304.0,20
ANSUR2-F-25757,F,1.0,ansur2_2012,192.0,144.0,550.0,127.0,114.0,16.0,60.5,133.0,308.0,22
ANSUR2-F-25758,F,1.0,ansur2_2012,184.0,143.0,550.0,119.0,108.0,21.0,60.0,133.0,324.0,19
ANSUR2-F-25760,F,1.0,ansur2_2012,184.0,144.0,544.0,113.0,104.0,16.0,57.5,125.0,294.0,18
ANSUR2-F-25761,F,1.0,ansur2_2012,178.0,148.0,538.0,127.0,107.0,22.0,54.0,129.0,296.0,19
ANSUR2-F-25762,F,1.0,ansur2_2012,184.0,144.0,550.0,121.0,118.0,18.0,60.5,135.0,305.0,22
ANSUR2-F-25764,F,1.0,ansur2_2012,177.0,143.0,544.0,122.0,103.0,19.0,62.0,136.0,282.0,21
ANSUR2-F-25766,F,1.0,ansur2_2012,194.0,151.0,566.0,137.0,124.0,21.0,70.0,144.0,324.0,26
ANSUR2-F-25769,F,1.0,ansur2_2012,189.0,144.0,547.0,121.0,109.0,19.0,54.0,129.0,306.0,18
ANSUR2-F-25770,F,1.0,ansur2_2012,196.0,149.0,578.0,133.0,116.0,19.0,54.5,134.0,304.0,22
ANSUR2-F-25772,F,1.0,ansur2_2012,192.0,143.0,564.0,121.0,114.0,16.0,64.5,127.0,312.0,20
ANSUR2-F-25776,F,1.0,ansur2_2012,190.0,154.0,555.0,137.0,110.0,17.0,63.0,134.0,295.0,39
ANSUR2-F-25777,F,1.0,ansur2_2012,201.0,157.0,607.0,138.0,109.0,16.0,65.5,138.0,335.0,28
ANSUR2-F-25778,F,1.0,ansur2_2012,207.0,147.0,582.0,130.0,114.0,16.0,63.0,132.0,313.0,27
ANSUR2-F-25780,F,1.0,ansur2_2012,184.0,144.0,538.0,130.0,113.0,20.0,60.0,134.0,320.0,38
ANSUR2-F-25781,F,1.0,ansur2_2012,196.0,147.0,564.0,122.0,117.0,17.0,67.0,138.0,335.0,38
ANSUR2-F-25783,F,1.0,ansur2_2012,188.0,150.0,558.0,127.0,109.0,25.0,62.5,136.0,314.0,43
ANSUR2-F-25787,F,1.0,ansur2_2012,197.0,145.0,564.0,132.0,110.0,22.0,66.5,137.0,314.0,19
ANSUR2-F-25791,F,1.0,ansur2_2012,173.0,144.0,525.0,116.0,102.0,18.0,54.0,124.0,295.0,18
ANSUR2-F-25792,F,1.0,ansur2_2012,194.0,148.0,560.0,126.0,114.0,18.0,53.5,133.0,294.0,18
ANSUR2-F-25793,F,1.0,ansur2_2012,194.0,153.0,577.0,126.0,109.0,19.0,65.5,140.0,310.0,27
ANSUR2-F-25794,F,1.0,ansur2_2012,177.0,150.0,544.0,125.0,111.0,20.0,56.5,131.0,301.0,26
ANSUR2-F-25797,F,1.0,ansur2_2012,193.0,155.0,595.0,147.0,105.0,20.0,61.0,135.0,314.0,19
ANSUR2-F-25805,F,1.0,ansur2_2012,196.0,144.0,564.0,129.0,110.0,19.0,60.0,125.0,311.0,39
ANSUR2-F-25808,F,1.0,ansur2_2012,193.0,146.0,562.0,133.0,111.0,21.0,54.0,131.0,313.0,25
ANSUR2-F-25809,F,1.0,ansur2_2012,182.0,142.0,524.0,129.0,113.0,20.0,55.5,130.0,303.0,30
ANSUR2-F-25810,F,1.0,ansur2_2012,185.0,142.0,542.0,128.0,115.0,19.0,62.0,133.0,303.0,41
ANSUR2-F-25812,F,1.0,ansur2_2012,198.0,148.0,570.0,145.0,123.0,22.0,63.0,135.0,305.0,45
ANSUR2-F-25817,F,1.0,ansur2_2012,190.0,148.0,555.0,131.0,128.0,20.0,61.0,133.0,320.0,35
ANSUR2-F-25823,F,1.0,ansur2_2012,180.0,153.0,543.0,131.0,115.0,17.0,64.0,141.0,312.0,43
ANSUR2-F-25825,F,1.0,ansur2_2012,180.0,157.0,555.0,129.0,118.0,30.0,64.5,140.0,312.0,42
ANSUR2-F-25826,F,1.0,ansur2_2012,184.0,139.0,527.0,123.0,116.0,16.0,62.5,131.0,310.0,41
ANSUR2-F-25827,F,1.0,ansur2_2012,185.0,145.0,583.0,137.0,109.0,18.0,56.5,136.0,326.0,23
ANSUR2-F-25828,F,1.0,ansur2_2012,187.0,153.0,552.0,132.0,114.0,18.0,61.0,137.0,322.0,29
ANSUR2-F-25829,F,1.0,ansur2_2012,202.0,147.0,579.0,131.0,123.0,17.0,64.5,138.0,352.0,25
ANSUR2-F-25830,F,1.0,ansur2_2012,190.0,142.0,546.0,121.0,108.0,20.0,62.5,126.0,318.0,50
ANSUR2-F-25831,F,1.0,ansur2_2012,180.0,139.0,531.0,123.0,111.0,17.0,60.0,127.0,312.0,30
ANSUR2-F-25833,F,1.0,ansur2_2012,192.0,142.0,554.0,123.0,121.0,18.0,68.5,136.0,331.0,47
ANSUR2-F-25835,F,1.0,ansur2_2012,194.0,161.0,595.0,137.0,121.0,23.0,71.0,145.0,331.0,29
ANSUR2-F-25837,F,1.0,ansur2_2012,168.0,152.0,518.0,118.0,108.0,17.0,57.5,136.0,321.0,28
ANSUR2-F-25838,F,1.0,ansur2_2012,195.0,151.0,572.0,133.0,114.0,19.0,63.5,143.0,326.0,28
ANSUR2-F-25839,F,1.0,ansur2_2012,194.0,149.0,557.0,124.0,117.0,20.0,60.0,140.0,333.0,29
ANSUR2-F-25846,F,1.0,ansur2_2012,194.0,143.0,547.0,128.0,113.0,18.0,63.5,134.0,324.0,25
ANSUR2-F-25850,F,1.0,ansur2_2012,194.0,146.0,554.0,124.0,118.0,20.0,64.0,133.0,333.0,30
ANSUR2-F-25851,F,1.0,ansur2_2012,196.0,149.0,557.0,135.0,120.0,22.0,67.0,142.0,331.0,27
ANSUR2-F-25852,F,1.0,ansur2_2012,195.0,145.0,554.0,134.0,118.0,20.0,56.0,126.0,304.0,24
ANSUR2-F-25854,F,1.0,ansur2_2012,189.0,146.0,577.0,132.0,122.0,23.0,65.0,135.0,315.0,27
ANSUR2-F-25855,F,1.0,ansur2_2012,188.0,149.0,554.0,131.0,111.0,17.0,62.0,133.0,326.0,49
ANSUR2-F-25859,F,1.0,ansur2_2012,189.0,154.0,570.0,126.0,111.0,17.0,59.0,136.0,319.0,30
ANSUR2-F-25861,F,1.0,ansur2_2012,183.0,138.0,531.0,130.0,103.0,19.0,57.0,127.0,287.0,27
ANSUR2-F-25862,F,1.0,ansur2_2012,198.0,149.0,588.0,138.0,112.0,23.0,64.5,135.0,322.0,55
ANSUR2-F-25866,F,1.0,ansur2_2012,193.0,149.0,610.0,138.0,107.0,21.0,67.0,148.0,341.0,39
ANSUR2-F-25867,F,1.0,ansur2_2012,195.0,144.0,557.0,131.0,108.0,19.0,64.5,136.0,341.0,32
ANSUR2-F-25868,F,1.0,ansur2_2012,202.0,152.0,588.0,132.0,123.0,15.0,58.0,133.0,326.0,50
ANSUR2-F-25869,F,1.0,ansur2_2012,189.0,139.0,551.0,129.0,109.0,19.0,62.0,128.0,313.0,30
ANSUR2-F-25871,F,1.0,ansur2_2012,182.0,158.0,547.0,138.0,108.0,23.0,61.5,133.0,296.0,26
ANSUR2-F-25872,F,1.0,ansur2_2012,188.0,152.0,556.0,125.0,117.0,19.0,65.5,140.0,326.0,58
ANSUR2-F-25873,F,1.0,ansur2_2012,185.0,140.0,568.0,125.0,104.0,22.0,63.0,125.0,301.0,35
ANSUR2-F-25875,F,1.0,ansur2_2012,184.0,145.0,541.0,131.0,116.0,16.0,65.0,135.0,311.0,44
ANSUR2-F-25876,F,1.0,ansur2_2012,191.0,143.0,555.0,134.0,118.0,21.0,59.0,132.0,302.0,37
ANSUR2-F-25877,F,1.0,ansur2_2012,199.0,148.0,576.0,126.0,118.0,20.0,66.5,135.0,331.0,36
ANSUR2-F-25880,F,1.0,ansur2_2012,190.0,151.0,564.0,132.0,111.0,18.0,60.0,131.0,313.0,23
ANSUR2-F-25881,F,1.0,ansur2_2012,179.0,158.0,550.0,131.0,104.0,30.0,64.0,150.0,336.0,30
ANSUR2-F-25882,F,1.0,ansur2_2012,182.0,156.0,554.0,134.0,114.0,24.0,62.5,149.0,321.0,41
ANSUR2-F-25883,F,1.0,ansur2_2012,199.0,155.0,589.0,129.0,114.0,17.0,64.5,137.0,331.0,31
ANSUR2-F-25888,F,1.0,ansur2_2012,169.0,152.0,540.0,128.0,112.0,20.0,57.5,140.0,302.0,40
ANSUR2-F-25890,F,1.0,ansur2_2012,190.0,149.0,561.0,129.0,111.0,20.0,58.5,133.0,303.0,28
ANSUR2-F-25891,F,1.0,ansur2_2012,192.0,141.0,557.0,123.0,115.0,19.0,64.5,130.0,312.0,41
ANSUR2-F-25892,F,1.0,ansur2_2012,187.0,148.0,547.0,135.0,110.0,18.0,60.5,125.0,313.0,43
ANSUR2-F-25894,F,1.0,ansur2_2012,190.0,145.0,546.0,131.0,118.0,18.0,58.5,127.0,302.0,40
ANSUR2-F-25895,F,1.0,ansur2_2012,198.0,146.0,570.0,134.0,123.0,19.0,63.0,128.0,331.0,32
ANSUR2-F-25896,F,1.0,ansur2_2012,184.0,144.0,580.0,135.0,111.0,17.0,62.5,135.0,308.0,24
ANSUR2-F-25901,F,1.0,ansur2_2012,184.0,153.0,548.0,135.0,116.0,21.0,59.0,130.0,301.0,45
ANSUR2-F-25903,F,1.0,ansur2_2012,195.0,156.0,602.0,137.0,130.0,21.0,70.0,143.0,321.0,31
ANSUR2-F-25905,F,1.0,ansur2_2012,198.0,154.0,594.0,132.0,123.0,19.0,65.5,136.0,332.0,44
ANSUR2-F-25906,F,1.0,ansur2_2012,194.0,151.0,561.0,131.0,108.0,20.0,57.0,133.0,306.0,25
ANSUR2-F-25909,F,1.0,ansur2_2012,196.0,151.0,574.0,138.0,111.0,24.0,62.0,140.0,318.0,41
ANSUR2-F-25912,F,1.0,ansur2_2012,192.0,149.0,568.0,118.0,119.0,21.0,62.5,133.0,317.0,26
ANSUR2-F-25913,F,1.0,ansur2_2012,197.0,146.0,568.0,131.0,116.0,17.0,59.0,134.0,332.0,20
ANSUR2-F-25914,F,1.0,ansur2_2012,183.0,146.0,547.0,132.0,116.0,18.0,63.5,138.0,308.0,23
ANSUR2-F-25917,F,1.0,ansur2_2012,188.0,150.0,557.0,131.0,115.0,17.0,53.5,136.0,327.0,29
ANSUR2-F-25920,F,1.0,ansur2_2012,202.0,159.0,601.0,133.0,112.0,20.0,57.5,132.0,314.0,34
ANSUR2-F-25923,F,1.0,ansur2_2012,191.0,152.0,567.0,127.0,117.0,16.0,64.5,139.0,337.0,34
ANSUR2-F-25924,F,1.0,ansur2_2012,200.0,151.0,586.0,138.0,119.0,22.0,62.0,133.0,312.0,19
ANSUR2-F-25926,F,1.0,ansur2_2012,181.0,153.0,551.0,133.0,119.0,22.0,61.0,134.0,277.0,25
ANSUR2-F-25928,F,1.0,ansur2_2012,188.0,157.0,593.0,140.0,117.0,17.0,57.5,142.0,330.0,24
ANSUR2-F-25930,F,1.0,ansur2_2012,188.0,151.0,550.0,128.0,115.0,22.0,63.5,136.0,312.0,23
ANSUR2-F-25933,F,1.0,ansur2_2012,198.0,143.0,598.0,129.0,111.0,20.0,61.5,129.0,305.0,42
ANSUR2-F-25934,F,1.0,ansur2_2012,190.0,152.0,580.0,126.0,113.0,20.0,64.5,130.0,322.0,23
ANSUR2-F-25937,F,1.0,ansur2_2012,198.0,146.0,588.0,133.0,116.0,19.0,65.5,134.0,301.0,21
ANSUR2-F-25939,F,1.0,ansur2_2012,175.0,150.0,535.0,128.0,110.0,23.0,61.0,135.0,310.0,40
ANSUR2-F-25941,F,1.0,ansur2_2012,193.0,152.0,562.0,135.0,103.0,22.0,64.0,141.0,315.0,22
ANSUR2-F-25942,F,1.0,ansur2_2012,185.0,149.0,554.0,131.0,103.0,21.0,60.0,133.0,313.0,25
ANSUR2-F-25943,F,1.0,ansur2_2012,187.0,143.0,549.0,124.0,119.0,20.0,54.5,131.0,312.0,46
ANSUR2-F-25946,F,1.0,ansur2_2012,190.0,157.0,565.0,134.0,114.0,20.0,62.5,143.0,333.0,42
ANSUR2-F-25950,F,1.0,ansur2_2012,201.0,145.0,580.0,130.0,115.0,18.0,60.5,134.0,336.0,31
ANSUR2-F-25952,F,1.0,ansur2_2012,189.0,147.0,559.0,134.0,112.0,19.0,59.0,139.0,321.0,33
ANSUR2-F-25954,F,1.0,ansur2_2012,201.0,154.0,598.0,139.0,109.0,19.0,67.0,144.0,346.0,24
ANSUR2-F-25955,F,1.0,ansur2_2012,199.0,149.0,562.0,131.0,121.0,17.0,62.5,131.0,313.0,22
ANSUR2-F-25958,F,1.0,ansur2_2012,194.0,148.0,552.0,132.0,111.0,23.0,58.5,132.0,308.0,37
ANSUR2-F-25959,F,1.0,ansur2_2012,185.0,152.0,548.0,126.0,123.0,17.0,68.0,147.0,337.0,46
ANSUR2-F-25960,F,1.0,ansur2_2012,193.0,148.0,557.0,123.0,110.0,15.0,62.5,129.0,324.0,46
ANSUR2-F-25962,F,1.0,ansur2_2012,195.0,150.0,565.0,122.0,113.0,25.0,63.0,134.0,331.0,41
ANSUR2-F-25963,F,1.0,ansur2_2012,184.0,144.0,534.0,129.0,117.0,24.0,60.0,128.0,282.0,27
ANSUR2-F-25964,F,1.0,ansur2_2012,185.0,143.0,552.0,138.0,119.0,18.0,67.5,133.0,321.0,44
ANSUR2-F-25967,F,1.0,ansur2_2012,197.0,143.0,553.0,127.0,105.0,17.0,58.5,130.0,324.0,42
ANSUR2-F-25968,F,1.0,ansur2_2012,180.0,145.0,525.0,132.0,122.0,21.0,53.5,130.0,306.0,20
ANSUR2-F-25970,F,1.0,ansur2_2012,180.0,137.0,553.0,122.0,119.0,20.0,60.5,127.0,311.0,32
ANSUR2-F-25973,F,1.0,ansur2_2012,184.0,145.0,557.0,139.0,110.0,21.0,59.0,142.0,322.0,37
ANSUR2-F-25977,F,1.0,ansur2_2012,184.0,148.0,549.0,127.0,108.0,24.0,56.0,136.0,302.0,25
ANSUR2-F-25978,F,1.0,ansur2_2012,198.0,155.0,590.0,137.0,118.0,16.0,65.0,143.0,328.0,41
ANSUR2-F-25979,F,1.0,ansur2_2012,192.0,152.0,583.0,129.0,120.0,17.0,63.5,140.0,324.0,25
ANSUR2-F-25981,F,1.0,ansur2_2012,205.0,151.0,579.0,136.0,119.0,19.0,60.0,133.0,313.0,20
ANSUR2-F-25982,F,1.0,ansur2_2012,190.0,146.0,553.0,128.0,120.0,21.0,63.0,135.0,322.0,19
ANSUR2-F-25985,F,1.0,ansur2_2012,195.0,141.0,557.0,139.0,115.0,24.0,63.0,128.0,311.0,25
ANSUR2-F-25987,F,1.0,ansur2_2012,193.0,149.0,558.0,136.0,111.0,25.0,63.5,133.0,293.0,25
ANSUR2-F-25989,F,1.0,ansur2_2012,199.0,143.0,557.0,128.0,117.0,19.0,65.0,134.0,331.0,36
ANSUR2-F-25995,F,1.0,ansur2_2012,215.0,160.0,603.0,135.0,122.0,21.0,63.5,137.0,327.0,26
ANSUR2-F-25996,F,1.0,ansur2_2012,196.0,154.0,588.0,141.0,114.0,25.0,61.5,144.0,334.0,44
ANSUR2-F-25997,F,1.0,ansur2_2012,203.0,150.0,593.0,129.0,111.0,20.0,61.0,129.0,322.0,22
ANSUR2-F-25998,F,1.0,ansur2_2012,195.0,143.0,577.0,129.0,115.0,21.0,59.0,125.0,311.0,28
ANSUR2-F-25999,F,1.0,ansur2_2012,195.0,148.0,580.0,138.0,119.0,22.0,62.0,125.0,326.0,29
ANSUR2-F-26000,F,1.0,ansur2_2012,201.0,155.0,590.0,135.0,118.0,20.0,63.5,138.0,312.0,23
ANSUR2-F-26002,F,1.0,ansur2_2012,196.0,149.0,567.0,134.0,122.0,20.0,67.0,135.0,318.0,36
ANSUR2-F-26003,F,1.0,ansur2_2012,196.0,147.0,588.0,127.0,108.0,20.0,58.0,131.0,301.0,23
ANSUR2-F-26005,F,1.0,ansur2_2012,194.0,151.0,571.0,132.0,111.0,24.0,62.0,135.0,311.0,28
ANSUR2-F-26011,F,1.0,ansur2_2012,196.0,159.0,599.0,135.0,108.0,24.0,70.0,147.0,316.0,21
ANSUR2-F-26012,F,1.0,ansur2_2012,187.0,154.0,569.0,129.0,127.0,19.0,59.5,140.0,321.0,25
ANSUR2-F-26018,F,1.0,ansur2_2012,206.0,150.0,602.0,135.0,121.0,18.0,69.0,138.0,327.0,28
ANSUR2-F-26021,F,1.0,ansur2_2012,192.0,153.0,565.0,128.0,113.0,23.0,64.5,136.0,309.0,23
ANSUR2-F-26026,F,1.0,ansur2_2012,193.0,150.0,560.0,127.0,105.0,20.0,64.0,138.0,316.0,30
ANSUR2-F-26027,F,1.0,ansur2_2012,195.0,143.0,549.0,129.0,116.0,18.0,58.5,133.0,307.0,31
ANSUR2-F-26029,F,1.0,ansur2_2012,207.0,151.0,606.0,137.0,116.0,22.0,62.5,131.0,318.0,40
ANSUR2-F-26030,F,1.0,ansur2_2012,177.0,136.0,516.0,126.0,119.0,27.0,61.0,123.0,292.0,31
ANSUR2-F-26031,F,1.0,ansur2_2012,189.0,144.0,552.0,120.0,110.0,23.0,62.0,130.0,297.0,25
ANSUR2-F-26032,F,1.0,ansur2_2012,197.0,146.0,565.0,128.0,117.0,19.0,60.5,136.0,317.0,30
ANSUR2-F-26033,F,1.0,ansur2_2012,195.0,144.0,550.0,129.0,117.0,21.0,66.5,134.0,322.0,43
ANSUR2-F-26040,F,1.0,ansur2_2012,179.0,151.0,542.0,131.0,114.0,21.0,59.0,135.0,312.0,48
ANSUR2-F-26041,F,1.0,ansur2_2012,198.0,156.0,577.0,130.0,120.0,19.0,60.0,134.0,305.0,38
ANSUR2-F-26048,F,1.0,ansur2_2012,188.0,148.0,554.0,120.0,121.0,18.0,59.0,130.0,321.0,46
ANSUR2-F-26049,F,1.0,ansur2_2012,188.0,144.0,591.0,127.0,119.0,23.0,66.0,140.0,327.0,24
ANSUR2-F-26051,F,1.0,ansur2_2012,183.0,148.0,549.0,131.0,108.0,19.0,62.0,126.0,303.0,21
ANSUR2-F-26053,F,1.0,ansur2_2012,193.0,153.0,568.0,137.0,119.0,22.0,61.5,138.0,306.0,24
ANSUR2-F-26056,F,1.0,ansur2_2012,180.0,141.0,533.0,121.0,115.0,18.0,59.0,128.0,286.0,53
ANSUR2-F-26061,F,1.0,ansur2_2012,200.0,145.0,570.0,136.0,121.0,19.0,56.0,125.0,301.0,27
ANSUR2-F-26062,F,1.0,ansur2_2012,192.0,155.0,592.0,127.0,119.0,20.0,68.0,142.0,323.0,30
ANSUR2-F-26063,F,1.0,ansur2_2012,189.0,144.0,557.0,124.0,112.0,17.0,64.0,131.0,326.0,21
ANSUR2-F-26066,F,1.0,ansur2_2012,184.0,142.0,540.0,126.0,120.0,21.0,67.0,128.0,299.0,21
ANSUR2-F-26067,F,1.0,ansur2_2012,193.0,153.0,571.0,124.0,111.0,20.0,65.0,140.0,321.0,32
ANSUR2-F-26068,F,1.0,ansur2_2012,196.0,153.0,603.0,140.0,117.0,20.0,68.0,140.0,332.0,22
ANSUR2-F-26070,F,1.0,ansur2_2012,196.0,150.0,575.0,130.0,117.0,21.0,59.5,138.0,332.0,31
ANSUR2-F-26071,F,1.0,ansur2_2012,192.0,145.0,542.0,129.0,114.0,18.0,59.5,130.0,312.0,26
ANSUR2-F-26072,F,1.0,ansur2_2012,179.0,142.0,557.0,126.0,107.0,21.0,58.0,128.0,307.0,20
ANSUR2-F-26073,F,1.0,ansur2_2012,203.0,148.0,589.0,125.0,122.0,24.0,69.5,135.0,326.0,18
ANSUR2-F-26074,F,1.0,ansur2_2012,195.0,147.0,568.0,127.0,112.0,18.0,60.0,125.0,307.0,21
ANSUR2-F-26075,F,1.0,ansur2_2012,187.0,148.0,556.0,132.0,115.0,21.0,60.0,135.0,312.0,22
ANSUR2-F-26076,F,1.0,ansur2_2012,193.0,154.0,578.0,133.0,113.0,22.0,62.5,141.0,318.0,30
ANSUR2-F-26078,F,1.0,ansur2_2012,196.0,148.0,565.0,138.0,129.0,20.0,56.0,129.0,303.0,21
ANSUR2-F-26080,F,1.0,ansur2_2012,188.0,145.0,555.0,127.0,114.0,20.0,62.0,133.0,308.0,23
ANSUR2-F-26081,F,1.0,ansur2_2012,185.0,144.0,540.0,129.0,114.0,18.0,58.0,130.0,308.0,31
ANSUR2-F-26082,F,1.0,ansur2_2012,194.0,151.0,561.0,132.0,116.0,26.0,60.0,134.0,306.0,23
ANSUR2-F-26084,F,1.0,ansur2_2012,188.0,148.0,548.0,133.0,121.0,23.0,62.0,135.0,317.0,31
ANSUR2-F-26086,F,1.0,ansur2_2012,180.0,148.0,533.0,129.0,105.0,20.0,59.5,129.0,298.0,42
ANSUR2-F-26089,F,1.0,ansur2_2012,190.0,145.0,550.0,129.0,108.0,23.0,66.0,132.0,289.0,19
ANSUR2-F-26090,F,1.0,ansur2_2012,198.0,153.0,581.0,128.0,112.0,18.0,65.0,144.0,336.0,21
ANSUR2-F-26091,F,1.0,ansur2_2012,185.0,159.0,554.0,137.0,113.0,23.0,61.5,140.0,310.0,18
ANSUR2-F-26094,F,1.0,ansur2_2012,187.0,151.0,559.0,134.0,124.0,20.0,53.5,135.0,307.0,25
ANSUR2-F-26097,F,1.0,ansur2_2012,187.0,150.0,565.0,133.0,116.0,23.0,58.0,130.0,302.0,25
ANSUR2-F-26098,F,1.0,ansur2_2012,189.0,143.0,562.0,123.0,111.0,18.0,59.5,130.0,307.0,33
ANSUR2-F-26099,F,1.0,ansur2_2012,211.0,147.0,598.0,130.0,119.0,21.0,65.5,136.0,343.0,42
ANSUR2-F-26100,F,1.0,ansur2_2012,191.0,143.0,554.0,128.0,113.0,17.0,63.5,135.0,316.0,20
ANSUR2-F-26102,F,1.0,ansur2_2012,180.0,145.0,588.0,139.0,121.0,19.0,64.0,135.0,317.0,25
ANSUR2-F-26103,F,1.0,ansur2_2012,193.0,143.0,575.0,127.0,118.0,20.0,64.0,137.0,312.0,31
ANSUR2-F-26104,F,1.0,ansur2_2012,183.0,148.0,557.0,132.0,113.0,19.0,62.0,134.0,321.0,21
ANSUR2-F-26106,F,1.0,ansur2_2012,196.0,148.0,583.0,125.0,126.0,19.0,63.5,133.0,321.0,37
ANSUR2-F-26107,F,1.0,ansur2_2012,185.0,145.0,543.0,122.0,114.0,21.0,61.5,129.0,337.0,27
ANSUR2-F-26114,F,1.0,ansur2_2012,195.0,155.0,585.0,124.0,103.0,18.0,58.0,135.0,323.0,27
ANSUR2-F-26121,F,1.0,ansur2_2012,190.0,150.0,560.0,133.0,114.0,20.0,61.0,134.0,322.0,26
ANSUR2-F-26124,F,1.0,ansur2_2012,190.0,146.0,578.0,125.0,113.0,21.0,61.0,130.0,322.0,26
ANSUR2-F-26125,F,1.0,ansur2_2012,184.0,145.0,574.0,129.0,106.0,20.0,61.5,129.0,313.0,22
ANSUR2-F-26126,F,1.0,ansur2_2012,196.0,150.0,585.0,139.0,121.0,19.0,64.5,135.0,304.0,24
ANSUR2-F-26127,F,1.0,ansur2_2012,199.0,146.0,567.0,134.0,122.0,19.0,60.5,133.0,312.0,22
ANSUR2-F-26131,F,1.0,ansur2_2012,191.0,151.0,567.0,128.0,113.0,24.0,62.5,133.0,295.0,19
ANSUR2-F-26132,F,1.0,ansur2_2012,184.0,146.0,541.0,129.0,119.0,19.0,59.5,130.0,296.0,18
ANSUR2-F-26134,F,1.0,ansur2_2012,192.0,142.0,553.0,126.0,114.0,20.0,59.5,128.0,308.0,19
ANSUR2-F-26137,F,1.0,ansur2_2012,182.0,143.0,535.0,125.0,116.0,22.0,56.5,130.0,293.0,20
ANSUR2-F-26138,F,1.0,ansur2_2012,207.0,166.0,619.0,143.0,118.0,21.0,66.0,137.0,322.0,17
ANSUR2-F-27066,F,1.0,ansur2_2012,178.0,148.0,526.0,130.0,119.0,20.0,63.0,140.0,322.0,37
ANSUR2-F-27067,F,1.0,ansur2_2012,191.0,149.0,553.0,118.0,110.0,16.0,62.5,132.0,298.0,18
ANSUR2-F-27068,F,1.0,ansur2_2012,195.0,147.0,558.0,116.0,111.0,22.0,60.5,137.0,300.0,21
ANSUR2-F-27070,F,1.0,ansur2_2012,175.0,140.0,517.0,110.0,104.0,15.0,59.5,121.0,285.0,35
ANSUR2-F-27071,F,1.0,ansur2_2012,187.0,153.0,555.0,119.0,116.0,24.0,65.0,134.0,302.0,30
ANSUR2-F-27072,F,1.0,ansur2_2012,185.0,144.0,545.0,119.0,115.0,19.0,61.0,124.0,280.0,24
ANSUR2-F-27073,F,1.0,ansur2_2012,187.0,147.0,550.0,123.0,117.0,16.0,64.5,126.0,325.0,25
ANSUR2-F-27074,F,1.0,ansur2_2012,192.0,144.0,569.0,122.0,104.0,21.0,64.5,131.0,311.0,26
ANSUR2-F-27075,F,1.0,ansur2_2012,187.0,148.0,548.0,131.0,109.0,20.0,59.0,130.0,302.0,20
ANSUR2-F-27076,F,1.0,ansur2_2012,185.0,143.0,536.0,123.0,101.0,24.0,63.5,129.0,306.0,18
ANSUR2-F-27084,F,1.0,ansur2_2012,183.0,145.0,544.0,107.0,108.0,20.0,61.0,130.0,293.0,20
ANSUR2-F-27086,F,1.0,ansur2_2012,179.0,143.0,530.0,106.0,101.0,19.0,55.5,126.0,293.0,32
ANSUR2-F-27089,F,1.0,ansur2_2012,205.0,151.0,580.0,134.0,116.0,20.0,62.5,128.0,286.0,26
ANSUR2-F-27094,F,1.0,ansur2_2012,180.0,148.0,538.0,118.0,111.0,22.0,59.5,131.0,293.0,22
ANSUR2-F-27099,F,1.0,ansur2_2012,183.0,141.0,535.0,122.0,115.0,18.0,59.0,128.0,293.0,29
ANSUR2-F-27104,F,1.0,ansur2_2012,186.0,147.0,555.0,122.0,111.0,13.0,61.5,130.0,325.0,30
ANSUR2-F-27106,F,1.0,ansur2_2012,184.0,147.0,542.0,133.0,119.0,19.0,63.0,129.0,296.0,22
ANSUR2-F-27107,F,1.0,ansur2_2012,197.0,148.0,578.0,127.0,104.0,22.0,58.5,127.0,317.0,22
ANSUR2-F-27211,F,1.0,ansur2_2012,198.0,145.0,575.0,127.0,108.0,17.0,61.0,127.0,307.0,23
ANSUR2-F-27212,F,1.0,ansur2_2012,202.0,150.0,582.0,128.0,117.0,22.0,65.5,136.0,327.0,28
ANSUR2-F-27213,F,1.0,ansur2_2012,194.0,146.0,570.0,131.0,116.0,16.0,63.5,133.0,312.0,23
ANSUR2-F-27217,F,1.0,ansur2_2012,185.0,145.0,537.0,129.0,109.0,23.0,55.5,125.0,277.0,23
ANSUR2-F-27218,F,1.0,ansur2_2012,190.0,147.0,553.0,124.0,121.0,21.0,62.0,131.0,300.0,24
ANSUR2-F-27220,F,1.0,ansur2_2012,188.0,138.0,532.0,121.0,101.0,22.0,54.5,120.0,286.0,36
ANSUR2-F-27223,F,1.0,ansur2_2012,184.0,137.0,531.0,119.0,113.0,23.0,60.0,130.0,315.0,22
ANSUR2-F-27224,F,1.0,ansur2_2012,189.0,147.0,554.0,119.0,123.0,21.0,58.5,124.0,281.0,28
ANSUR2-F-27228,F,1.0,ansur2_2012,193.0,145.0,553.0,120.0,113.0,22.0,66.0,130.0,298.0,24
ANSUR2-F-27229,F,1.0,ansur2_2012,200.0,140.0,568.0,130.0,114.0,21.0,63.0,127.0,302.0,23
ANSUR2-F-27231,F,1.0,ansur2_2012,187.0,144.0,546.0,117.0,117.0,16.0,61.0,130.0,300.0,31
ANSUR2-F-27232,F,1.0,ansur2_2012,180.0,143.0,525.0,117.0,103.0,25.0,56.0,126.0,300.0,22
ANSUR2-F-27233,F,1.0,ansur2_2012,180.0,160.0,555.0,123.0,105.0,22.0,64.5,150.0,330.0,22
ANSUR2-F-27234,F,1.0,ansur2_2012,199.0,158.0,575.0,137.0,119.0,19.0,62.5,140.0,302.0,24
ANSUR2-F-27236,F,1.0,ansur2_2012,186.0,150.0,553.0,123.0,116.0,18.0,59.5,136.0,312.0,22
ANSUR2-F-27237,F,1.0,ansur2_2012,188.0,148.0,589.0,121.0,107.0,19.0,62.0,134.0,301.0,25
ANSUR2-F-27240,F,1.0,ansur2_2012,195.0,144.0,564.0,133.0,105.0,20.0,68.0,133.0,295.0,29
ANSUR2-F-27241,F,1.0,ansur2_2012,183.0,137.0,527.0,122.0,108.0,15.0,55.5,127.0,298.0,42
ANSUR2-F-27245,F,1.0,ansur2_2012,180.0,141.0,532.0,124.0,113.0,19.0,56.0,125.0,293.0,22
ANSUR2-F-27437,F,1.0,ansur2_2012,180.0,144.0,537.0,125.0,122.0,24.0,60.0,132.0,290.0,29
ANSUR2-F-27438,F,1.0,ansur2_2012,198.0,154.0,595.0,139.0,123.0,21.0,73.0,144.0,330.0,23
ANSUR2-F-27440,F,1.0,ansur2_2012,186.0,148.0,550.0,128.0,119.0,23.0,63.5,133.0,303.0,24
ANSUR2-F-27441,F,1.0,ansur2_2012,195.0,150.0,592.0,140.0,119.0,17.0,61.0,134.0,317.0,41
ANSUR2-F-27442,F,1.0,ansur2_2012,188.0,147.0,545.0,121.0,103.0,19.0,57.0,132.0,306.0,22
ANSUR2-F-27444,F,1.0,ansur2_2012,196.0,148.0,552.0,120.0,108.0,23.0,61.0,138.0,325.0,53
ANSUR2-F-27446,F,1.0,ansur2_2012,193.0,148.0,560.0,129.0,113.0,24.0,62.0,131.0,286.0,25
ANSUR2-F-27447,F,1.0,ansur2_2012,176.0,140.0,535.0,131.0,105.0,18.0,56.5,126.0,293.0,26
ANSUR2-F-27450,F,1.0,ansur2_2012,185.0,149.0,544.0,123.0,112.0,21.0,60.0,135.0,306.0,20
ANSUR2-F-27451,F,1.0,ansur2_2012,186.0,146.0,541.0,128.0,116.0,20.0,58.5,128.0,306.0,18
ANSUR2-F-27452,F,1.0,ansur2_2012,193.0,143.0,562.0,128.0,120.0,21.0,62.5,135.0,301.0,46
ANSUR2-F-27453,F,1.0,ansur2_2012,185.0,150.0,542.0,116.0,107.0,16.0,57.5,133.0,295.0,42
ANSUR2-F-27455,F,1.0,ansur2_2012,183.0,145.0,542.0,129.0,119.0,17.0,62.0,128.0,305.0,26
ANSUR2-F-27459,F,1.0,ansur2_2012,190.0,148.0,565.0,120.0,107.0,16.0,61.0,132.0,312.0,29
ANSUR2-F-27465,F,1.0,ansur2_2012,194.0,148.0,578.0,122.0,113.0,20.0,61.0,130.0,312.0,24
ANSUR2-F-27467,F,1.0,ansur2_2012,182.0,150.0,542.0,117.0,107.0,20.0,55.5,138.0,321.0,19
ANSUR2-F-27468,F,1.0,ansur2_2012,184.0,155.0,557.0,126.0,115.0,15.0,64.0,142.0,320.0,47
ANSUR2-F-27469,F,1.0,ansur2_2012,196.0,155.0,577.0,148.0,120.0,20.0,66.5,136.0,310.0,41
ANSUR2-F-27470,F,1.0,ansur2_2012,198.0,154.0,570.0,126.0,120.0,23.0,67.0,140.0,309.0,42
ANSUR2-F-27472,F,1.0,ansur2_2012,190.0,139.0,564.0,133.0,117.0,21.0,63.0,135.0,319.0,30
ANSUR2-F-27473,F,1.0,ansur2_2012,186.0,148.0,550.0,121.0,109.0,21.0,60.5,138.0,296.0,29
ANSUR2-F-27474,F,1.0,ansur2_2012,199.0,159.0,600.0,130.0,115.0,19.0,61.0,143.0,370.0,45
ANSUR2-F-27475,F,1.0,ansur2_2012,187.0,155.0,557.0,129.0,120.0,23.0,60.0,134.0,308.0,23
ANSUR2-F-27476,F,1.0,ansur2_2012,185.0,142.0,536.0,117.0,117.0,21.0,64.0,137.0,322.0,40
ANSUR2-F-27477,F,1.0,ansur2_2012,193.0,150.0,562.0,123.0,117.0,22.0,61.5,131.0,322.0,19
ANSUR2-F-27479,F,1.0,ansur2_2012,190.0,160.0,582.0,130.0,110.0,24.0,68.0,138.0,312.0,19
ANSUR2-F-27481,F,1.0,ansur2_2012,178.0,146.0,527.0,131.0,113.0,22.0,60.5,135.0,316.0,25
ANSUR2-F-27482,F,1.0,ansur2_2012,187.0,154.0,553.0,131.0,122.0,21.0,63.5,138.0,295.0,49
ANSUR2-F-27484,F,1.0,ansur2_2012,186.0,149.0,548.0,132.0,115.0,19.0,62.0,135.0,297.0,41
ANSUR2-F-27612,F,1.0,ansur2_2012,188.0,142.0,547.0,131.0,110.0,19.0,57.0,125.0,305.0,43
ANSUR2-F-27616,F,1.0,ansur2_2012,181.0,145.0,535.0,118.0,108.0,20.0,62.5,133.0,295.0,37
ANSUR2-F-27618,F,1.0,ansur2_2012,191.0,148.0,560.0,131.0,113.0,19.0,63.5,130.0,295.0,24
ANSUR2-F-27620,F,1.0,ansur2_2012,182.0,143.0,547.0,122.0,113.0,23.0,55.0,129.0,307.0,23
ANSUR2-F-27621,F,1.0,ansur2_2012,195.0,145.0,573.0,122.0,113.0,16.0,57.0,121.0,307.0,34
ANSUR2-F-27623,F,1.0,ansur2_2012,199.0,146.0,570.0,132.0,108.0,23.0,62.0,139.0,323.0,43
ANSUR2-F-27624,F,1.0,ansur2_2012,183.0,143.0,543.0,129.0,114.0,25.0,57.0,128.0,296.0,27
ANSUR2-F-27625,F,1.0,ansur2_2012,193.0,150.0,560.0,115.0,120.0,19.0,60.0,134.0,290.0,30
ANSUR2-F-27629,F,1.0,ansur2_2012,184.0,146.0,543.0,124.0,107.0,20.0,61.5,131.0,306.0,36
ANSUR2-F-27630,F,1.0,ansur2_2012,187.0,141.0,549.0,129.0,108.0,21.0,62.0,125.0,302.0,31
ANSUR2-F-27632,F,1.0,ansur2_2012,188.0,149.0,550.0,125.0,105.0,18.0,63.5,138.0,326.0,37
ANSUR2-F-27636,F,1.0,ansur2_2012,196.0,146.0,560.0,126.0,118.0,14.0,65.5,131.0,307.0,42
ANSUR2-F-27838,F,1.0,ansur2_2012,183.0,140.0,538.0,130.0,108.0,16.0,59.5,126.0,303.0,34
ANSUR2-F-27839,F,1.0,ansur2_2012,178.0,147.0,538.0,135.0,112.0,20.0,54.5,130.0,298.0,27
ANSUR2-F-27840,F,1.0,ansur2_2012,173.0,139.0,517.0,123.0,100.0,17.0,55.5,127.0,291.0,27
ANSUR2-F-27841,F,1.0,ansur2_2012,180.0,150.0,542.0,130.0,117.0,17.0,61.0,136.0,305.0,30
ANSUR2-F-27846,F,1.0,ansur2_2012,196.0,153.0,573.0,138.0,114.0,21.0,64.5,136.0,313.0,21
ANSUR2-F-27848,F,1.0,ansur2_2012,193.0,145.0,545.0,124.0,114.0,19.0,62.5,125.0,300.0,42
ANSUR2-F-27849,F,1.0,ansur2_2012,189.0,150.0,550.0,113.0,114.0,14.0,62.5,135.0,325.0,28
ANSUR2-F-28086,F,1.0,ansur2_2012,187.0,144.0,554.0,128.0,115.0,18.0,70.5,139.0,325.0,27
ANSUR2-F-28087,F,1.0,ansur2_2012,196.0,143.0,555.0,118.0,114.0,18.0,66.5,134.0,305.0,21
ANSUR2-F-28088,F,1.0,ansur2_2012,185.0,147.0,542.0,122.0,117.0,25.0,57.0,130.0,298.0,25
ANSUR2-F-28089,F,1.0,ansur2_2012,191.0,143.0,546.0,118.0,110.0,16.0,60.5,133.0,302.0,24
ANSUR2-F-28090,F,1.0,ansur2_2012,182.0,142.0,530.0,113.0,119.0,22.0,58.0,129.0,304.0,21
ANSUR2-F-28091,F,1.0,ansur2_2012,202.0,140.0,552.0,126.0,111.0,17.0,59.0,134.0,325.0,20
ANSUR2-F-28093,F,1.0,ansur2_2012,193.0,143.0,549.0,119.0,117.0,23.0,64.5,132.0,306.0,23
ANSUR2-F-28094,F,1.0,ansur2_2012,177.0,146.0,534.0,131.0,110.0,24.0,57.0,129.0,288.0,24
ANSUR2-F-28095,F,1.0,ansur2_2012,182.0,152.0,539.0,127.0,120.0,27.0,57.5,135.0,287.0,27
ANSUR2-F-28096,F,1.0,ansur2_2012,196.0,151.0,576.0,132.0,109.0,20.0,65.0,136.0,302.0,27
ANSUR2-F-28097,F,1.0,ansur2_2012,179.0,149.0,537.0,128.0,109.0,18.0,60.5,131.0,298.0,24
ANSUR2-F-28098,F,1.0,ansur2_2012,196.0,152.0,561.0,127.0,113.0,19.0,63.0,130.0,320.0,21
ANSUR2-F-28099,F,1.0,ansur2_2012,187.0,148.0,553.0,129.0,112.0,18.0,60.5,135.0,306.0,32
ANSUR2-F-28153,F,1.0,ansur2_2012,185.0,144.0,565.0,118.0,118.0,19.0,67.0,132.0,295.0,30
ANSUR2-F-28154,F,1.0,ansur2_2012,195.0,154.0,575.0,122.0,116.0,16.0,65.0,145.0,346.0,31
ANSUR2-F-28156,F,1.0,ansur2_2012,190.0,150.0,602.0,131.0,113.0,17.0,60.5,141.0,322.0,21
ANSUR2-F-28157,F,1.0,ansur2_2012,182.0,144.0,538.0,117.0,108.0,22.0,57.5,126.0,277.0,23
ANSUR2-F-28158,F,1.0,ansur2_2012,192.0,145.0,605.0,131.0,115.0,18.0,67.5,138.0,315.0,22
ANSUR2-F-28159,F,1.0,ansur2_2012,182.0,151.0,538.0,123.0,111.0,15.0,60.5,130.0,285.0,21
ANSUR2-F-28160,F,1.0,ansur2_2012,193.0,153.0,577.0,124.0,113.0,20.0,62.5,139.0,315.0,25
ANSUR2-F-28161,F,1.0,ansur2_2012,202.0,153.0,605.0,128.0,124.0,21.0,67.0,139.0,313.0,22
ANSUR2-F-28162,F,1.0,ansur2_2012,181.0,150.0,544.0,130.0,111.0,27.0,64.0,135.0,304.0,40
ANSUR2-F-28163,F,1.0,ansur2_2012,190.0,143.0,558.0,124.0,110.0,21.0,53.5,128.0,298.0,21
ANSUR2-F-28164,F,1.0,ansur2_2012,197.0,138.0,563.0,128.0,125.0,21.0,66.0,134.0,333.0,21
ANSUR2-F-28165,F,1.0,ansur2_2012,192.0,146.0,571.0,129.0,122.0,21.0,63.5,140.0,325.0,26
ANSUR2-F-28167,F,1.0,ansur2_2012,188.0,140.0,570.0,120.0,114.0,20.0,66.0,133.0,322.0,22
ANSUR2-F-28168,F,1.0,ansur2_2012,184.0,149.0,546.0,132.0,119.0,17.0,64.0,133.0,315.0,28
ANSUR2-F-28169,F,1.0,ansur2_2012,182.0,147.0,539.0,112.0,115.0,19.0,57.5,134.0,282.0,20
ANSUR2-F-28170,F,1.0,ansur2_2012,187.0,140.0,555.0,125.0,121.0,15.0,53.5,129.0,302.0,22
ANSUR2-F-28171,F,1.0,ansur2_2012,170.0,155.0,530.0,129.0,110.0,23.0,64.0,144.0,320.0,24
ANSUR2-F-28172,F,1.0,ansur2_2012,190.0,150.0,568.0,129.0,117.0,22.0,67.5,136.0,315.0,25
ANSUR2-F-28174,F,1.0,ansur2_2012,181.0,136.0,523.0,112.0,105.0,20.0,55.0,118.0,292.0,21
ANSUR2-F-28175,F,1.0,ansur2_2012,189.0,150.0,570.0,133.0,103.0,16.0,68.0,139.0,320.0,24
ANSUR2-F-28176,F,1.0,ansur2_2012,193.0,153.0,570.0,132.0,120.0,18.0,64.5,138.0,317.0,31
ANSUR2-F-28177,F,1.0,ansur2_2012,185.0,144.0,550.0,131.0,123.0,20.0,61.5,135.0,325.0,32
ANSUR2-F-28178,F,1.0,ansur2_2012,185.0,148.0,552.0,134.0,110.0,19.0,52.5,127.0,290.0,24
ANSUR2-F-28179,F,1.0,ansur2_2012,196.0,149.0,568.0,142.0,122.0,15.0,58.5,130.0,300.0,20
ANSUR2-F-28180,F,1.0,ansur2_2012,193.0,148.0,563.0,119.0,114.0,21.0,61.5,133.0,316.0,23
ANSUR2-F-28181,F,1.0,ansur2_2012,180.0,143.0,538.0,118.0,112.0,23.0,59.5,123.0,286.0,20
ANSUR2-F-28182,F,1.0,ansur2_2012,179.0,143.0,546.0,120.0,117.0,22.0,53.5,130.0,293.0,20
ANSUR2-F-28239,F,1.0,ansur2_2012,173.0,160.0,553.0,126.0,120.0,21.0,67.0,151.0,339.0,22
ANSUR2-F-28240,F,1.0,ansur2_2012,180.0,150.0,540.0,125.0,115.0,14.0,62.0,138.0,305.0,21
ANSUR2-F-28241,F,1.0,ansur2_2012,187.0,150.0,559.0,125.0,105.0,21.0,60.0,141.0,303.0,41
ANSUR2-F-28242,F,1.0,ansur2_2012,190.0,150.0,556.0,130.0,120.0,21.0,62.5,139.0,305.0,25
ANSUR2-F-28244,F,1.0,ansur2_2012,182.0,153.0,550.0,119.0,110.0,21.0,55.5,137.0,317.0,27
ANSUR2-F-28245,F,1.0,ansur2_2012,183.0,150.0,544.0,118.0,114.0,20.0,62.0,133.0,302.0,31
ANSUR2-F-28246,F,1.0,ansur2_2012,186.0,141.0,538.0,125.0,117.0,19.0,58.5,129.0,305.0,24
ANSUR2-F-28247,F,1.0,ansur2_2012,182.0,158.0,552.0,131.0,109.0,25.0,61.0,143.0,308.0,23
ANSUR2-F-28248,F,1.0,ansur2_2012,177.0,151.0,543.0,125.0,101.0,20.0,60.0,140.0,308.0,31
ANSUR2-F-28249,F,1.0,ansur2_2012,195.0,155.0,574.0,132.0,112.0,25.0,64.5,137.0,296.0,21
ANSUR2-F-28250,F,1.0,ansur2_2012,191.0,152.0,585.0,118.0,117.0,17.0,62.5,147.0,350.0,20
ANSUR2-F-28252,F,1.0,ansur2_2012,185.0,150.0,577.0,122.0,115.0,17.0,67.0,135.0,321.0,28
ANSUR2-F-28253,F,1.0,ansur2_2012,200.0,143.0,577.0,123.0,113.0,20.0,64.5,131.0,326.0,37
ANSUR2-F-28254,F,1.0,ansur2_2012,193.0,144.0,557.0,126.0,117.0,19.0,57.5,134.0,296.0,30
ANSUR2-F-28255,F,1.0,ansur2_2012,177.0,137.0,507.0,121.0,115.0,19.0,55.0,127.0,297.0,28
ANSUR2-F-28256,F,1.0,ansur2_2012,192.0,153.0,563.0,129.0,120.0,16.0,61.0,136.0,310.0,42
ANSUR2-F-28257,F,1.0,ansur2_2012,177.0,149.0,543.0,115.0,112.0,18.0,58.5,134.0,292.0,20
ANSUR2-F-28258,F,1.0,ansur2_2012,194.0,153.0,577.0,120.0,117.0,21.0,61.5,135.0,315.0,23
ANSUR2-F-28259,F,1.0,ansur2_2012,183.0,145.0,547.0,120.0,109.0,17.0,55.0,126.0,310.0,21
ANSUR2-F-28260,F,1.0,ansur2_2012,183.0,139.0,550.0,116.0,109.0,17.0,60.0,126.0,310.0,21
ANSUR2-F-28261,F,1.0,ansur2_2012,195.0,152.0,580.0,121.0,112.0,15.0,72.5,135.0,343.0,31
ANSUR2-F-28262,F,1.0,ansur2_2012,202.0,155.0,589.0,120.0,133.0,20.0,65.5,140.0,330.0,36
ANSUR2-F-28263,F,1.0,ansur2_2012,187.0,148.0,548.0,129.0,121.0,22.0,62.5,131.0,297.0,21
ANSUR2-F-28264,F,1.0,ansur2_2012,193.0,148.0,560.0,121.0,112.0,20.0,63.5,134.0,305.0,27
ANSUR2-F-28265,F,1.0,ansur2_2012,190.0,145.0,554.0,127.0,111.0,22.0,62.0,133.0,306.0,26
ANSUR2-F-28266,F,1.0,ansur2_2012,192.0,147.0,573.0,130.0,120.0,15.0,64.5,133.0,324.0,42
ANSUR2-F-28267,F,1.0,ansur2_2012,189.0,141.0,555.0,127.0,122.0,24.0,60.5,133.0,335.0,29
ANSUR2-F-28268,F,1.0,ansur2_2012,169.0,141.0,502.0,122.0,102.0,18.0,56.0,128.0,286.0,50
ANSUR2-F-28269,F,1.0,ansur2_2012,193.0,153.0,568.0,128.0,115.0,15.0,60.0,136.0,303.0,39
ANSUR2-F-28270,F,1.0,ansur2_2012,195.0,145.0,571.0,132.0,122.0,20.0,67.0,138.0,333.0,27
ANSUR2-F-28271,F,1.0,ansur2_2012,200.0,151.0,582.0,130.0,120.0,22.0,64.5,136.0,310.0,38
ANSUR2-F-28272,F,1.0,ansur2_2012,178.0,146.0,529.0,122.0,102.0,15.0,57.5,124.0,288.0,19
ANSUR2-F-28273,F,1.0,ansur2_2012,185.0,142.0,558.0,121.0,114.0,15.0,61.5,129.0,307.0,40
ANSUR2-F-28274,F,1.0,ansur2_2012,191.0,152.0,561.0,117.0,108.0,21.0,59.5,132.0,305.0,24
ANSUR2-F-28275,F,1.0,ansur2_2012,192.0,143.0,579.0,133.0,111.0,17.0,60.5,130.0,308.0,34
ANSUR2-F-28276,F,1.0,ansur2_2012,193.0,147.0,569.0,125.0,119.0,20.0,66.5,132.0,332.0,29
ANSUR2-F-28278,F,1.0,ansur2_2012,194.0,156.0,575.0,131.0,117.0,20.0,59.5,140.0,321.0,36
ANSUR2-F-28279,F,1.0,ansur2_2012,178.0,145.0,525.0,124.0,104.0,19.0,56.0,131.0,295.0,39
ANSUR2-F-28280,F,1.0,ansur2_2012,188.0,145.0,551.0,122.0,117.0,21.0,55.5,128.0,306.0,29
ANSUR2-F-28281,F,1.0,ansur2_2012,186.0,149.0,550.0,126.0,108.0,18.0,60.0,130.0,303.0,31
ANSUR2-F-28282,F,1.0,ansur2_2012,183.0,141.0,541.0,125.0,110.0,19.0,55.5,126.0,285.0,35
ANSUR2-F-28283,F,1.0,ansur2_2012,179.0,145.0,537.0,123.0,112.0,20.0,59.5,130.0,286.0,27
ANSUR2-F-28284,F,1.0,ansur2_2012,189.0,147.0,552.0,130.0,117.0,19.0,65.0,135.0,315.0,54
ANSUR2-F-28285,F,1.0,ansur2_2012,195.0,148.0,563.0,129.0,112.0,17.0,63.0,131.0,309.0,49
ANSUR2-F-28286,F,1.0,ansur2_2012,190.0,149.0,560.0,129.0,116.0,20.0,64.0,143.0,323.0,31
ANSUR2-F-28287,F,1.0,ansur2_2012,198.0,153.0,595.0,138.0,119.0,19.0,70.0,147.0,342.0,31
ANSUR2-F-28288,F,1.0,ansur2_2012,183.0,136.0,528.0,108.0,108.0,18.0,57.5,127.0,296.0,28
ANSUR2-F-28290,F,1.0,ansur2_2012,185.0,147.0,563.0,127.0,113.0,16.0,60.0,139.0,330.0,42
ANSUR2-F-28291,F,1.0,ansur2_2012,178.0,157.0,553.0,131.0,111.0,17.0,60.0,135.0,309.0,43
ANSUR2-F-28292,F,1.0,ansur2_2012,201.0,148.0,580.0,129.0,95.0,15.0,66.0,137.0,305.0,31
ANSUR2-F-28293,F,1.0,ansur2_2012,195.0,150.0,560.0,127.0,110.0,22.0,65.5,135.0,328.0,37
ANSUR2-F-28294,F,1.0,ansur2_2012,181.0,145.0,553.0,129.0,118.0,20.0,57.0,131.0,309.0,36
ANSUR2-F-28295,F,1.0,ansur2_2012,188.0,147.0,560.0,117.0,119.0,22.0,59.0,132.0,307.0,23
ANSUR2-F-28296,F,1.0,ansur2_2012,200.0,148.0,581.0,129.0,116.0,16.0,65.0,140.0,332.0,28
ANSUR2-F-28297,F,1.0,ansur2_2012,196.0,153.0,580.0,134.0,122.0,19.0,65.5,140.0,324.0,40
ANSUR2-F-28298,F,1.0,ansur2_2012,185.0,155.0,577.0,127.0,117.0,26.0,68.0,140.0,328.0,38
ANSUR2-F-28300,F,1.0,ansur2_2012,195.0,141.0,558.0,122.0,115.0,18.0,68.0,134.0,313.0,28
ANSUR2-F-28301,F,1.0,ansur2_2012,197.0,152.0,583.0,127.0,107.0,20.0,65.5,137.0,314.0,38
ANSUR2-F-28302,F,1.0,ansur2_2012,193.0,135.0,558.0,120.0,114.0,17.0,64.0,125.0,307.0,28
ANSUR2-F-28303,F,1.0,ansur2_2012,188.0,145.0,559.0,127.0,109.0,16.0,59.5,126.0,292.0,29
ANSUR2-F-28304,F,1.0,ansur2_2012,203.0,155.0,592.0,126.0,122.0,17.0,66.0,143.0,340.0,28
ANSUR2-F-28305,F,1.0,ansur2_2012,190.0,141.0,557.0,116.0,117.0,16.0,64.5,126.0,308.0,31
ANSUR2-F-28307,F,1.0,ansur2_2012,193.0,145.0,559.0,123.0,118.0,22.0,65.5,131.0,283.0,42
ANSUR2-F-28309,F,1.0,ansur2_2012,197.0,155.0,577.0,128.0,120.0,16.0,63.0,138.0,305.0,46
ANSUR2-F-28310,F,1.0,ansur2_2012,193.0,153.0,573.0,127.0,111.0,23.0,63.5,140.0,313.0,27
ANSUR2-F-28311,F,1.0,ansur2_2012,202.0,137.0,565.0,130.0,116.0,18.0,65.0,126.0,317.0,30
ANSUR2-F-28312,F,1.0,ansur2_2012,184.0,141.0,530.0,128.0,105.0,21.0,59.0,130.0,295.0,27
ANSUR2-F-28313,F,1.0,ansur2_2012,187.0,148.0,552.0,125.0,123.0,16.0,66.0,137.0,321.0,28
ANSUR2-F-28499,F,1.0,ansur2_2012,183.0,144.0,534.0,115.0,109.0,20.0,62.0,129.0,294.0,27
ANSUR2-F-28500,F,1.0,ansur2_2012,188.0,145.0,550.0,120.0,118.0,24.0,54.5,134.0,300.0,23
ANSUR2-F-28501,F,1.0,ansur2_2012,180.0,146.0,547.0,125.0,113.0,19.0,62.5,130.0,304.0,25
ANSUR2-F-28502,F,1.0,ansur2_2012,191.0,147.0,562.0,125.0,107.0,24.0,53.5,126.0,304.0,24
ANSUR2-F-28503,F,1.0,ansur2_2012,188.0,152.0,556.0,131.0,114.0,20.0,63.5,140.0,323.0,22
ANSUR2-F-28504,F,1.0,ansur2_2012,183.0,145.0,547.0,117.0,115.0,22.0,59.5,134.0,281.0,24
ANSUR2-F-28505,F,1.0,ansur2_2012,190.0,151.0,580.0,122.0,102.0,19.0,59.0,134.0,325.0,21
ANSUR2-F-28506,F,1.0,ansur2_2012,197.0,152.0,575.0,127.0,110.0,25.0,60.5,136.0,306.0,22
ANSUR2-F-28508,F,1.0,ansur2_2012,199.0,152.0,575.0,132.0,113.0,20.0,64.0,135.0,290.0,19
ANSUR2-F-28512,F,1.0,ansur2_2012,191.0,155.0,571.0,130.0,110.0,20.0,62.0,139.0,315.0,27
ANSUR2-F-28513,F,1.0,ansur2_2012,186.0,141.0,537.0,121.0,108.0,16.0,61.5,130.0,313.0,37
ANSUR2-F-28514,F,1.0,ansur2_2012,185.0,151.0,560.0,127.0,108.0,25.0,63.0,138.0,296.0,21
ANSUR2-F-28515,F,1.0,ansur2_2012,183.0,148.0,540.0,129.0,121.0,22.0,60.0,135.0,297.0,21
ANSUR2-F-28517,F,1.0,ansur2_2012,183.0,145.0,535.0,129.0,114.0,18.0,60.0,129.0,300.0,33
ANSUR2-F-28518,F,1.0,ansur2_2012,196.0,144.0,558.0,123.0,116.0,13.0,61.0,133.0,318.0,37
ANSUR2-F-28519,F,1.0,ansur2_2012,180.0,148.0,538.0,126.0,111.0,17.0,55.5,122.0,267.0,24
ANSUR2-F-28520,F,1.0,ansur2_2012,193.0,144.0,560.0,119.0,113.0,18.0,56.5,125.0,295.0,23
ANSUR2-F-28521,F,1.0,ansur2_2012,194.0,152.0,576.0,128.0,115.0,16.0,61.5,130.0,310.0,22
ANSUR2-F-28522,F,1.0,ansur2_2012,179.0,155.0,542.0,120.0,113.0,22.0,61.5,139.0,316.0,43
ANSUR2-F-28523,F,1.0,ansur2_2012,178.0,145.0,531.0,122.0,106.0,20.0,55.0,131.0,294.0,29
ANSUR2-F-28524,F,1.0,ansur2_2012,180.0,159.0,558.0,132.0,115.0,25.0,62.0,144.0,307.0,44
ANSUR2-F-28561,F,1.0,ansur2_2012,184.0,145.0,540.0,125.0,108.0,22.0,64.0,138.0,304.0,35
ANSUR2-F-28562,F,1.0,ansur2_2012,170.0,138.0,520.0,115.0,107.0,15.0,60.5,126.0,305.0,19
ANSUR2-F-28563,F,1.0,ansur2_2012,177.0,151.0,540.0,125.0,115.0,17.0,60.0,129.0,291.0,20
ANSUR2-F-28564,F,1.0,ansur2_2012,190.0,150.0,565.0,127.0,110.0,17.0,62.5,126.0,307.0,24
ANSUR2-F-28565,F,1.0,ansur2_2012,185.0,140.0,562.0,121.0,104.0,15.0,62.0,134.0,295.0,22
ANSUR2-F-28566,F,1.0,ansur2_2012,204.0,150.0,595.0,136.0,116.0,20.0,62.0,136.0,326.0,25
ANSUR2-F-28567,F,1.0,ansur2_2012,200.0,158.0,588.0,142.0,129.0,20.0,68.5,140.0,306.0,20
ANSUR2-F-28568,F,1.0,ansur2_2012,188.0,146.0,573.0,126.0,113.0,19.0,58.0,135.0,303.0,27
ANSUR2-F-28569,F,1.0,ansur2_2012,198.0,155.0,581.0,133.0,116.0,18.0,62.5,142.0,313.0,19
ANSUR2-F-28570,F,1.0,ansur2_2012,205.0,155.0,610.0,133.0,119.0,16.0,70.5,140.0,335.0,20
ANSUR2-F-28571,F,1.0,ansur2_2012,192.0,148.0,568.0,125.0,111.0,17.0,63.5,139.0,331.0,28
ANSUR2-F-28572,F,1.0,ansur2_2012,178.0,145.0,557.0,131.0,123.0,22.0,64.0,143.0,333.0,38
ANSUR2-F-28573,F,1.0,ansur2_2012,196.0,146.0,584.0,127.0,118.0,22.0,64.5,140.0,333.0,53
ANSUR2-F-28574,F,1.0,ansur2_2012,187.0,138.0,543.0,119.0,109.0,18.0,65.0,138.0,330.0,23
ANSUR2-F-28589,F,1.0,ansur2_2012,202.0,147.0,568.0,131.0,113.0,19.0,68.5,135.0,300.0,29
ANSUR2-F-28590,F,1.0,ansur2_2012,181.0,148.0,547.0,132.0,118.0,21.0,61.5,134.0,310.0,21
ANSUR2-F-28591,F,1.0,ansur2_2012,193.0,145.0,560.0,133.0,125.0,17.0,60.5,129.0,317.0,23
ANSUR2-F-28592,F,1.0,ansur2_2012,190.0,145.0,547.0,129.0,109.0,18.0,53.0,131.0,287.0,23
ANSUR2-F-28593,F,1.0,ansur2_2012,183.0,143.0,539.0,117.0,103.0,21.0,63.5,136.0,303.0,34
ANSUR2-F-28594,F,1.0,ansur2_2012,187.0,143.0,560.0,130.0,121.0,16.0,63.5,130.0,301.0,23
ANSUR2-F-28595,F,1.0,ansur2_2012,186.0,149.0,546.0,135.0,109.0,17.0,61.5,140.0,313.0,22
ANSUR2-F-28596,F,1.0,ansur2_2012,183.0,146.0,548.0,122.0,112.0,19.0,58.5,129.0,288.0,22
ANSUR2-F-28597,F,1.0,ansur2_2012,191.0,147.0,550.0,111.0,109.0,20.0,53.5,137.0,306.0,24
ANSUR2-F-28598,F,1.0,ansur2_2012,183.0,142.0,538.0,116.0,111.0,18.0,64.5,134.0,303.0,24
ANSUR2-F-28599,F,1.0,ansur2_2012,194.0,150.0,575.0,122.0,105.0,18.0,63.0,136.0,311.0,25
ANSUR2-F-28600,F,1.0,ansur2_2012,182.0,147.0,548.0,128.0,108.0,18.0,59.0,138.0,306.0,21
ANSUR2-F-28601,F,1.0,ansur2_2012,190.0,137.0,543.0,127.0,107.0,20.0,54.5,125.0,290.0,24
ANSUR2-F-28602,F,1.0,ansur2_2012,184.0,152.0,557.0,129.0,115.0,22.0,61.5,136.0,292.0,24
ANSUR2-F-28603,F,1.0,ansur2_2012,195.0,151.0,567.0,127.0,111.0,19.0,61.5,135.0,323.0,23
ANSUR2-F-28604,F,1.0,ansur2_2012,191.0,143.0,543.0,126.0,108.0,18.0,61.5,132.0,314.0,23
ANSUR2-F-28605,F,1.0,ansur2_2012,186.0,140.0,535.0,123.0,114.0,18.0,59.0,126.0,305.0,22
ANSUR2-F-28606,F,1.0,ansur2_2012,178.0,153.0,550.0,119.0,106.0,18.0,59.5,132.0,298.0,20
ANSUR2-F-28607,F,1.0,ansur2_2012,195.0,148.0,565.0,118.0,112.0,21.0,58.5,129.0,303.0,23
ANSUR2-F-28608,F,1.0,ansur2_2012,190.0,145.0,557.0,132.0,109.0,21.0,55.5,124.0,290.0,23
ANSUR2-F-28609,F,1.0,ansur2_2012,186.0,139.0,534.0,118.0,104.0,19.0,53.5,119.0,294.0,26
ANSUR2-F-28611,F,1.0,ansur2_2012,187.0,142.0,574.0,130.0,110.0,20.0,67.0,140.0,321.0,40
ANSUR2-F-28612,F,1.0,ansur2_2012,195.0,148.0,573.0,123.0,119.0,15.0,70.0,133.0,316.0,24
ANSUR2-F-28613,F,1.0,ansur2_2012,195.0,148.0,571.0,119.0,118.0,17.0,69.5,141.0,324.0,30
ANSUR2-F-28614,F,1.0,ansur2_2012,189.0,151.0,590.0,133.0,108.0,18.0,62.5,142.0,340.0,21
ANSUR2-F-28615,F,1.0,ansur2_2012,185.0,143.0,535.0,117.0,104.0,20.0,55.5,125.0,293.0,20
ANSUR2-F-28616,F,1.0,ansur2_2012,184.0,148.0,543.0,121.0,115.0,19.0,61.0,130.0,291.0,23
ANSUR2-F-28679,F,1.0,ansur2_2012,193.0,148.0,567.0,123.0,112.0,16.0,58.5,134.0,296.0,23
ANSUR2-F-28680,F,1.0,ansur2_2012,172.0,156.0,534.0,127.0,102.0,26.0,62.5,138.0,300.0,27
ANSUR2-F-28681,F,1.0,ansur2_2012,199.0,147.0,572.0,125.0,118.0,21.0,64.0,133.0,311.0,25
ANSUR2-F-28682,F,1.0,ansur2_2012,182.0,148.0,556.0,122.0,119.0,15.0,63.5,136.0,346.0,26
ANSUR2-F-28683,F,1.0,ansur2_2012,177.0,160.0,554.0,130.0,114.0,22.0,64.0,145.0,324.0,35
ANSUR2-F-28684,F,1.0,ansur2_2012,177.0,152.0,531.0,120.0,106.0,19.0,59.0,133.0,296.0,24
ANSUR2-F-28685,F,1.0,ansur2_2012,188.0,143.0,545.0,120.0,111.0,19.0,52.5,123.0,300.0,28
ANSUR2-F-28686,F,1.0,ansur2_2012,192.0,150.0,570.0,133.0,110.0,20.0,61.0,135.0,302.0,20
ANSUR2-F-28687,F,1.0,ansur2_2012,200.0,152.0,575.0,141.0,107.0,20.0,57.0,130.0,310.0,32
ANSUR2-F-28688,F,1.0,ansur2_2012,189.0,153.0,551.0,122.0,115.0,21.0,62.5,135.0,304.0,38
ANSUR2-F-28689,F,1.0,ansur2_2012,186.0,142.0,541.0,125.0,115.0,20.0,60.5,130.0,320.0,32
ANSUR2-F-28691,F,1.0,ansur2_2012,183.0,140.0,554.0,125.0,116.0,18.0,66.5,131.0,325.0,40
ANSUR2-F-28692,F,1.0,ansur2_2012,186.0,157.0,559.0,117.0,107.0,19.0,58.5,133.0,317.0,28
ANSUR2-F-28693,F,1.0,ansur2_2012,196.0,155.0,575.0,132.0,116.0,21.0,64.0,138.0,306.0,25
ANSUR2-F-28694,F,1.0,ansur2_2012,183.0,140.0,535.0,120.0,104.0,21.0,64.0,125.0,316.0,29
ANSUR2-F-28695,F,1.0,ansur2_2012,185.0,145.0,555.0,134.0,110.0,18.0,59.5,135.0,300.0,33
ANSUR2-F-28698,F,1.0,ansur2_2012,190.0,147.0,545.0,125.0,111.0,17.0,58.5,132.0,305.0,50
ANSUR2-F-28720,F,1.0,ansur2_2012,194.0,145.0,554.0,124.0,103.0,19.0,63.0,125.0,300.0,37
ANSUR2-F-28721,F,1.0,ansur2_2012,200.0,150.0,600.0,126.0,111.0,16.0,64.0,135.0,314.0,27
ANSUR2-F-28722,F,1.0,ansur2_2012,179.0,155.0,572.0,127.0,120.0,20.0,66.0,146.0,318.0,34
ANSUR2-F-28723,F,1.0,ansur2_2012,189.0,141.0,562.0,130.0,107.0,17.0,66.0,136.0,323.0,22
ANSUR2-F-28724,F,1.0,ansur2_2012,182.0,146.0,551.0,114.0,103.0,16.0,62.5,128.0,306.0,20
ANSUR2-F-28725,F,1.0,ansur2_2012,180.0,145.0,528.0,125.0,108.0,17.0,57.5,127.0,287.0,23
ANSUR2-F-28726,F,1.0,ansur2_2012,186.0,146.0,573.0,124.0,118.0,20.0,67.0,135.0,310.0,26
ANSUR2-F-28728,F,1.0,ansur2_2012,205.0,155.0,601.0,130.0,124.0,19.0,65.0,142.0,343.0,24
ANSUR2-F-28729,F,1.0,ansur2_2012,190.0,162.0,596.0,135.0,120.0,21.0,69.0,145.0,323.0,23
ANSUR2-F-28730,F,1.0,ansur2_2012,181.0,155.0,548.0,129.0,114.0,22.0,60.5,140.0,300.0,25
ANSUR2-F-28731,F,1.0,ansur2_2012,188.0,143.0,555.0,115.0,117.0,20.0,66.5,121.0,313.0,25
ANSUR2-F-28732,F,1.0,ansur2_2012,193.0,147.0,577.0,123.0,108.0,20.0,63.0,126.0,310.0,25
ANSUR2-F-28733,F,1.0,ansur2_2012,195.0,150.0,575.0,121.0,109.0,18.0,63.0,128.0,306.0,25
ANSUR2-F-28734,F,1.0,ansur2_2012,197.0,146.0,580.0,122.0,107.0,21.0,69.0,139.0,318.0,25
ANSUR2-F-28735,F,1.0,ansur2_2012,190.0,148.0,550.0,114.0,115.0,20.0,62.0,136.0,326.0,23
ANSUR2-F-28736,F,1.0,ansur2_2012,190.0,145.0,549.0,131.0,114.0,20.0,58.5,131.0,306.0,21
ANSUR2-F-28737,F,1.0,ansur2_2012,195.0,145.0,563.0,123.0,111.0,20.0,59.5,129.0,308.0,48
ANSUR2-F-28738,F,1.0,ansur2_2012,202.0,152.0,597.0,132.0,119.0,17.0,67.5,131.0,315.0,22
ANSUR2-F-28739,F,1.0,ansur2_2012,185.0,147.0,541.0,127.0,123.0,19.0,61.5,135.0,293.0,33
ANSUR2-F-28740,F,1.0,ansur2_2012,173.0,145.0,516.0,125.0,99.0,20.0,58.5,121.0,283.0,26
ANSUR2-F-28742,F,1.0,ansur2_2012,173.0,147.0,528.0,107.0,108.0,19.0,57.0,131.0,300.0,22
ANSUR2-F-28743,F,1.0,ansur2_2012,189.0,149.0,573.0,125.0,118.0,17.0,64.0,133.0,312.0,27
ANSUR2-F-28745,F,1.0,ansur2_2012,188.0,147.0,563.0,130.0,123.0,20.0,56.5,128.0,312.0,21
ANSUR2-F-28746,F,1.0,ansur2_2012,191.0,144.0,569.0,131.0,116.0,17.0,61.5,130.0,292.0,27
ANSUR2-F-28747,F,1.0,ansur2_2012,184.0,145.0,546.0,116.0,113.0,21.0,57.0,129.0,302.0,27
ANSUR2-F-28748,F,1.0,ansur2_2012,195.0,148.0,559.0,123.0,114.0,26.0,74.5,133.0,319.0,25
ANSUR2-F-28749,F,1.0,ansur2_2012,181.0,148.0,539.0,120.0,118.0,18.0,59.0,136.0,291.0,20
ANSUR2-F-28750,F,1.0,ansur2_2012,198.0,148.0,575.0,128.0,120.0,22.0,65.5,139.0,319.0,28
ANSUR2-F-28751,F,1.0,ansur2_2012,188.0,155.0,552.0,132.0,108.0,17.0,64.0,133.0,300.0,47
ANSUR2-F-28766,F,1.0,ansur2_2012,196.0,156.0,580.0,118.0,115.0,19.0,67.5,140.0,330.0,26
ANSUR2-F-28816,F,1.0,ansur2_2012,200.0,148.0,585.0,119.0,127.0,14.0,67.5,142.0,344.0,44
ANSUR2-F-28817,F,1.0,ansur2_2012,181.0,150.0,535.0,126.0,108.0,20.0,51.5,129.0,286.0,47
ANSUR2-F-28818,F,1.0,ansur2_2012,190.0,153.0,558.0,125.0,104.0,21.0,55.5,139.0,305.0,50
ANSUR2-F-28819,F,1.0,ansur2_2012,195.0,151.0,561.0,123.0,109.0,26.0,59.0,134.0,305.0,43
ANSUR2-F-28820,F,1.0,ansur2_2012,200.0,148.0,580.0,119.0,115.0,17.0,61.0,132.0,305.0,28
ANSUR2-F-28821,F,1.0,ansur2_2012,184.0,141.0,540.0,115.0,111.0,21.0,56.5,129.0,295.0,24
ANSUR2-F-28822,F,1.0,ansur2_2012,189.0,156.0,580.0,130.0,107.0,21.0,63.5,143.0,333.0,43
ANSUR2-F-28824,F,1.0,ansur2_2012,194.0,150.0,568.0,126.0,114.0,21.0,63.0,133.0,327.0,35
ANSUR2-F-28825,F,1.0,ansur2_2012,189.0,151.0,550.0,124.0,104.0,22.0,59.0,135.0,310.0,25
ANSUR2-F-28826,F,1.0,ansur2_2012,196.0,145.0,565.0,123.0,115.0,19.0,61.5,132.0,300.0,31
ANSUR2-F-28827,F,1.0,ansur2_2012,198.0,148.0,590.0,133.0,112.0,17.0,70.5,147.0,327.0,21
ANSUR2-F-28828,F,1.0,ansur2_2012,178.0,146.0,538.0,123.0,107.0,22.0,57.0,133.0,296.0,20
ANSUR2-F-28829,F,1.0,ansur2_2012,180.0,150.0,547.0,126.0,108.0,24.0,58.0,133.0,312.0,27
ANSUR2-F-28830,F,1.0,ansur2_2012,188.0,140.0,546.0,127.0,115.0,20.0,64.5,131.0,297.0,22
ANSUR2-F-28832,F,1.0,ansur2_2012,195.0,143.0,563.0,112.0,116.0,26.0,63.0,131.0,323.0,30
ANSUR2-F-28833,F,1.0,ansur2_2012,186.0,146.0,550.0,121.0,115.0,20.0,70.0,135.0,306.0,27
ANSUR2-F-28834,F,1.0,ansur2_2012,183.0,148.0,543.0,115.0,116.0,23.0,58.5,131.0,307.0,40
ANSUR2-F-28835,F,1.0,ansur2_2012,179.0,144.0,530.0,122.0,98.0,22.0,55.5,127.0,282.0,20
ANSUR2-F-28836,F,1.0,ansur2_2012,193.0,143.0,553.0,120.0,104.0,16.0,62.5,127.0,303.0,25
ANSUR2-F-28837,F,1.0,ansur2_2012,190.0,148.0,555.0,125.0,117.0,21.0,64.5,138.0,305.0,25
ANSUR2-F-28840,F,1.0,ansur2_2012,195.0,148.0,570.0,127.0,120.0,18.0,63.5,140.0,336.0,22
ANSUR2-F-28841,F,1.0,ansur2_2012,183.0,143.0,547.0,114.0,107.0,21.0,62.0,130.0,303.0,29
ANSUR2-F-28842,F,1.0,ansur2_2012,183.0,148.0,542.0,111.0,121.0,21.0,60.5,130.0,295.0,24
ANSUR2-F-28843,F,1.0,ansur2_2012,184.0,143.0,538.0,122.0,110.0,20.0,57.5,129.0,290.0,39
ANSUR2-F-28844,F,1.0,ansur2_2012,179.0,144.0,523.0,112.0,101.0,20.0,54.0,128.0,306.0,25
ANSUR2-F-28845,F,1.0,ansur2_2012,188.0,141.0,550.0,123.0,112.0,17.0,53.5,128.0,294.0,26
ANSUR2-F-28847,F,1.0,ansur2_2012,180.0,145.0,546.0,122.0,113.0,21.0,57.5,133.0,297.0,23
ANSUR2-F-28848,F,1.0,ansur2_2012,193.0,144.0,556.0,123.0,109.0,24.0,62.5,128.0,292.0,21
ANSUR2-F-28849,F,1.0,ansur2_2012,188.0,149.0,557.0,132.0,113.0,21.0,60.0,131.0,297.0,22
ANSUR2-F-28850,F,1.0,ansur2_2012,186.0,150.0,548.0,122.0,106.0,19.0,63.5,138.0,313.0,21
ANSUR2-F-28851,F,1.0,ansur2_2012,181.0,150.0,540.0,124.0,112.0,20.0,60.5,130.0,280.0,30
ANSUR2-F-28852,F,1.0,ansur2_2012,194.0,145.0,560.0,127.0,125.0,20.0,62.0,122.0,304.0,27
ANSUR2-F-28853,F,1.0,ansur2_2012,199.0,152.0,595.0,133.0,114.0,20.0,67.0,134.0,320.0,26
ANSUR2-F-28854,F,1.0,ansur2_2012,192.0,147.0,550.0,120.0,105.0,21.0,62.5,131.0,323.0,24
ANSUR2-F-28855,F,1.0,ansur2_2012,179.0,144.0,540.0,126.0,117.0,24.0,57.0,125.0,296.0,22
ANSUR2-F-28856,F,1.0,ansur2_2012,188.0,148.0,548.0,121.0,106.0,17.0,59.0,139.0,312.0,21
ANSUR2-F-28857,F,1.0,ansur2_2012,195.0,153.0,586.0,134.0,112.0,18.0,62.5,133.0,306.0,27
ANSUR2-F-28951,F,1.0,ansur2_2012,182.0,143.0,530.0,115.0,107.0,17.0,57.0,129.0,303.0,32
ANSUR2-F-28958,F,1.0,ansur2_2012,186.0,147.0,550.0,128.0,111.0,21.0,62.5,138.0,306.0,20
ANSUR2-F-28959,F,1.0,ansur2_2012,188.0,151.0,556.0,117.0,109.0,18.0,61.5,138.0,314.0,22
ANSUR2-F-28960,F,1.0,ansur2_2012,184.0,147.0,542.0,123.0,112.0,20.0,64.0,135.0,298.0,24
ANSUR2-F-28961,F,1.0,ansur2_2012,195.0,156.0,570.0,130.0,114.0,19.0,62.0,135.0,316.0,23
ANSUR2-F-29013,F,1.0,ansur2_2012,176.0,151.0,539.0,120.0,118.0,21.0,62.5,130.0,294.0,24
ANSUR2-F-29014,F,1.0,ansur2_2012,184.0,150.0,553.0,128.0,107.0,22.0,62.0,134.0,297.0,28
ANSUR2-F-29016,F,1.0,ansur2_2012,186.0,143.0,546.0,125.0,112.0,21.0,61.0,133.0,318.0,21
ANSUR2-F-29017,F,1.0,ansur2_2012,183.0,143.0,533.0,120.0,99.0,18.0,59.5,130.0,302.0,42
ANSUR2-F-29018,F,1.0,ansur2_2012,195.0,146.0,575.0,130.0,119.0,22.0,61.5,136.0,320.0,28
ANSUR2-F-29019,F,1.0,ansur2_2012,191.0,147.0,556.0,126.0,114.0,17.0,62.5,135.0,315.0,27
ANSUR2-F-29021,F,1.0,ansur2_2012,191.0,147.0,566.0,131.0,116.0,24.0,56.5,134.0,295.0,22
ANSUR2-F-29022,F,1.0,ansur2_2012,182.0,144.0,531.0,122.0,110.0,19.0,61.5,128.0,272.0,24
ANSUR2-F-29023,F,1.0,ansur2_2012,183.0,143.0,542.0,131.0,111.0,18.0,62.0,129.0,300.0,24
ANSUR2-F-29025,F,1.0,ansur2_2012,190.0,150.0,565.0,130.0,106.0,22.0,57.5,133.0,293.0,28
ANSUR2-F-29026,F,1.0,ansur2_2012,191.0,147.0,552.0,118.0,105.0,21.0,58.5,123.0,283.0,32
ANSUR2-F-29027,F,1.0,ansur2_2012,192.0,151.0,565.0,130.0,124.0,21.0,59.0,135.0,319.0,29
ANSUR2-F-29067,F,1.0,ansur2_2012,196.0,149.0,558.0,123.0,110.0,25.0,63.0,140.0,316.0,42
ANSUR2-F-29069,F,1.0,ansur2_2012,185.0,151.0,558.0,124.0,114.0,23.0,61.5,133.0,323.0,23
ANSUR2-F-29070,F,1.0,ansur2_2012,186.0,145.0,553.0,135.0,123.0,19.0,60.5,133.0,287.0,43
ANSUR2-F-29071,F,1.0,ansur2_2012,180.0,157.0,555.0,121.0,102.0,20.0,60.0,138.0,303.0,32
ANSUR2-F-29072,F,1.0,ansur2_2012,183.0,137.0,536.0,120.0,118.0,24.0,54.5,126.0,295.0,27
ANSUR2-F-29100,F,1.0,ansur2_2012,186.0,147.0,560.0,110.0,107.0,19.0,58.0,131.0,310.0,29
ANSUR2-F-29106,F,1.0,ansur2_2012,188.0,155.0,555.0,121.0,107.0,21.0,61.5,135.0,310.0,28
ANSUR2-F-29120,F,1.0,ansur2_2012,168.0,135.0,500.0,110.0,99.0,18.0,51.5,120.0,267.0,20
ANSUR2-F-29121,F,1.0,ansur2_2012,194.0,154.0,572.0,132.0,115.0,19.0,60.0,133.0,321.0,24
ANSUR2-F-29122,F,1.0,ansur2_2012,192.0,150.0,572.0,118.0,116.0,23.0,59.0,126.0,320.0,21
ANSUR2-F-29124,F,1.0,ansur2_2012,196.0,143.0,555.0,127.0,115.0,17.0,55.5,130.0,296.0,36
ANSUR2-F-29125,F,1.0,ansur2_2012,184.0,146.0,543.0,124.0,110.0,20.0,55.5,128.0,296.0,30
ANSUR2-F-29127,F,1.0,ansur2_2012,190.0,150.0,567.0,128.0,113.0,26.0,60.5,129.0,291.0,34
ANSUR2-F-29129,F,1.0,ansur2_2012,193.0,152.0,586.0,122.0,116.0,18.0,68.0,130.0,316.0,24
ANSUR2-F-29284,F,1.0,ansur2_2012,193.0,152.0,582.0,132.0,109.0,22.0,63.0,143.0,306.0,20
ANSUR2-F-29285,F,1.0,ansur2_2012,191.0,151.0,574.0,124.0,121.0,21.0,62.0,136.0,318.0,24
ANSUR2-F-29286,F,1.0,ansur2_2012,189.0,147.0,557.0,128.0,107.0,19.0,57.5,131.0,299.0,23
ANSUR2-F-29287,F,1.0,ansur2_2012,185.0,142.0,538.0,128.0,100.0,26.0,60.5,133.0,310.0,28
ANSUR2-F-29289,F,1.0,ansur2_2012,183.0,142.0,538.0,114.0,112.0,16.0,61.0,126.0,303.0,28
ANSUR2-F-29290,F,1.0,ansur2_2012,176.0,151.0,554.0,122.0,103.0,21.0,62.5,133.0,316.0,23
ANSUR2-F-29291,F,1.0,ansur2_2012,171.0,138.0,519.0,127.0,109.0,23.0,65.0,135.0,307.0,21
ANSUR2-F-29292,F,1.0,ansur2_2012,184.0,140.0,537.0,117.0,107.0,16.0,61.5,133.0,311.0,21
ANSUR2-F-29293,F,1.0,ansur2_2012,174.0,147.0,529.0,120.0,106.0,28.0,60.0,130.0,304.0,22
ANSUR2-F-29294,F,1.0,ansur2_2012,192.0,148.0,560.0,117.0,104.0,21.0,62.0,133.0,303.0,29
ANSUR2-F-29295,F,1.0,ansur2_2012,177.0,142.0,531.0,120.0,110.0,19.0,60.0,129.0,297.0,29
ANSUR2-F-29296,F,1.0,ansur2_2012,187.0,145.0,548.0,118.0,116.0,22.0,62.0,134.0,325.0,28
ANSUR2-F-29298,F,1.0,ansur2_2012,177.0,141.0,520.0,126.0,104.0,21.0,59.5,123.0,285.0,20
ANSUR2-F-29299,F,1.0,ansur2_2012,170.0,154.0,540.0,120.0,114.0,24.0,62.0,145.0,318.0,28
ANSUR2-F-29337,F,1.0,ansur2_2012,188.0,149.0,550.0,126.0,118.0,18.0,61.5,128.0,300.0,21
ANSUR2-F-29338,F,1.0,ansur2_2012,181.0,146.0,544.0,122.0,113.0,20.0,59.5,124.0,290.0,28
ANSUR2-F-29367,F,1.0,ansur2_2012,199.0,140.0,595.0,120.0,113.0,17.0,62.0,133.0,310.0,22
ANSUR2-F-29368,F,1.0,ansur2_2012,188.0,152.0,556.0,129.0,115.0,20.0,58.0,136.0,303.0,21
ANSUR2-F-29369,F,1.0,ansur2_2012,181.0,145.0,525.0,122.0,106.0,21.0,55.0,121.0,267.0,22
ANSUR2-F-29370,F,1.0,ansur2_2012,182.0,154.0,549.0,130.0,125.0,20.0,63.0,141.0,322.0,23
ANSUR2-F-29371,F,1.0,ansur2_2012,191.0,140.0,573.0,133.0,113.0,22.0,64.0,136.0,331.0,24
ANSUR2-F-29372,F,1.0,ansur2_2012,191.0,145.0,568.0,112.0,120.0,20.0,65.0,136.0,328.0,20
ANSUR2-F-29373,F,1.0,ansur2_2012,181.0,144.0,538.0,126.0,111.0,23.0,57.0,133.0,306.0,25
ANSUR2-F-29374,F,1.0,ansur2_2012,190.0,151.0,580.0,131.0,125.0,20.0,63.0,135.0,330.0,31
ANSUR2-F-29375,F,1.0,ansur2_2012,195.0,144.0,580.0,119.0,113.0,20.0,71.0,136.0,321.0,41
ANSUR2-F-29376,F,1.0,ansur2_2012,187.0,144.0,540.0,127.0,104.0,24.0,54.0,130.0,293.0,27
ANSUR2-F-29377,F,1.0,ansur2_2012,192.0,141.0,565.0,128.0,111.0,20.0,63.5,132.0,303.0,26
ANSUR2-F-29378,F,1.0,ansur2_2012,187.0,146.0,557.0,127.0,121.0,19.0,62.5,132.0,319.0,42
ANSUR2-F-29379,F,1.0,ansur2_2012,187.0,149.0,569.0,126.0,114.0,20.0,62.5,137.0,317.0,23
ANSUR2-F-29380,F,1.0,ansur2_2012,194.0,152.0,590.0,127.0,119.0,17.0,72.0,146.0,340.0,24
ANSUR2-F-29381,F,1.0,ansur2_2012,195.0,159.0,574.0,135.0,112.0,21.0,65.5,145.0,326.0,35
ANSUR2-F-29382,F,1.0,ansur2_2012,191.0,145.0,557.0,123.0,113.0,15.0,67.0,126.0,310.0,29
ANSUR2-F-29383,F,1.0,ansur2_2012,185.0,143.0,543.0,128.0,116.0,17.0,63.5,145.0,340.0,53
ANSUR2-F-29384,F,1.0,ansur2_2012,190.0,151.0,549.0,125.0,107.0,20.0,60.5,136.0,319.0,44
ANSUR2-F-29385,F,1.0,ansur2_2012,190.0,138.0,543.0,121.0,117.0,15.0,56.0,116.0,279.0,20
ANSUR2-F-29386,F,1.0,ansur2_2012,202.0,153.0,594.0,123.0,110.0,23.0,64.0,130.0,302.0,21
ANSUR2-F-29387,F,1.0,ansur2_2012,184.0,143.0,540.0,119.0,115.0,22.0,55.5,128.0,305.0,29
ANSUR2-F-29388,F,1.0,ansur2_2012,190.0,150.0,566.0,132.0,114.0,19.0,59.5,129.0,294.0,26
ANSUR2-F-29389,F,1.0,ansur2_2012,177.0,150.0,544.0,121.0,104.0,21.0,54.0,133.0,293.0,20
ANSUR2-F-29390,F,1.0,ansur2_2012,205.0,155.0,606.0,130.0,116.0,17.0,66.0,143.0,328.0,25
ANSUR2-F-29391,F,1.0,ansur2_2012,194.0,155.0,605.0,135.0,111.0,16.0,72.0,140.0,335.0,24
ANSUR2-F-29392,F,1.0,ansur2_2012,198.0,155.0,573.0,127.0,119.0,19.0,63.5,140.0,317.0,21
ANSUR2-F-29393,F,1.0,ansur2_2012,181.0,142.0,526.0,116.0,112.0,21.0,56.5,130.0,288.0,46
ANSUR2-F-29394,F,1.0,ansur2_2012,182.0,155.0,556.0,134.0,118.0,16.0,58.5,144.0,316.0,26
ANSUR2-F-29395,F,1.0,ansur2_2012,191.0,153.0,587.0,131.0,115.0,21.0,63.0,144.0,333.0,22
ANSUR2-F-29396,F,1.0,ansur2_2012,192.0,148.0,568.0,127.0,108.0,19.0,59.5,140.0,307.0,31
ANSUR2-F-29397,F,1.0,ansur2_2012,183.0,153.0,574.0,113.0,110.0,19.0,59.0,142.0,310.0,26
ANSUR2-F-29398,F,1.0,ansur2_2012,184.0,148.0,540.0,139.0,107.0,23.0,58.5,130.0,286.0,25
ANSUR2-F-29399,F,1.0,ansur2_2012,193.0,160.0,586.0,121.0,116.0,18.0,63.5,148.0,326.0,22
ANSUR2-F-29400,F,1.0,ansur2_2012,191.0,148.0,562.0,123.0,113.0,19.0,63.0,129.0,292.0,20
ANSUR2-F-29401,F,1.0,ansur2_2012,185.0,145.0,545.0,115.0,116.0,25.0,56.5,125.0,283.0,22
ANSUR2-F-29402,F,1.0,ansur2_2012,186.0,149.0,540.0,123.0,115.0,25.0,59.5,140.0,316.0,25
ANSUR2-F-29404,F,1.0,ansur2_2012,193.0,147.0,573.0,128.0,107.0,19.0,61.5,126.0,310.0,45
ANSUR2-F-29405,F,1.0,ansur2_2012,189.0,139.0,540.0,127.0,106.0,19.0,61.0,129.0,297.0,39
ANSUR2-F-29406,F,1.0,ansur2_2012,187.0,140.0,538.0,123.0,112.0,19.0,68.0,134.0,317.0,35
ANSUR2-F-29407,F,1.0,ansur2_2012,178.0,150.0,539.0,124.0,111.0,18.0,61.0,132.0,306.0,32
ANSUR2-F-29408,F,1.0,ansur2_2012,188.0,152.0,555.0,127.0,119.0,19.0,62.0,141.0,313.0,54
ANSUR2-F-29409,F,1.0,ansur2_2012,191.0,144.0,554.0,114.0,105.0,18.0,65.0,135.0,323.0,35
ANSUR2-F-29410,F,1.0,ansur2_2012,188.0,148.0,595.0,129.0,121.0,20.0,69.5,137.0,335.0,55
ANSUR2-F-29455,F,1.0,ansur2_2012,182.0,142.0,539.0,123.0,118.0,20.0,63.0,134.0,310.0,42
ANSUR2-F-29456,F,1.0,ansur2_2012,178.0,148.0,546.0,126.0,115.0,19.0,65.0,145.0,323.0,39
ANSUR2-F-29459,F,1.0,ansur2_2012,203.0,147.0,575.0,140.0,121.0,18.0,66.0,140.0,326.0,22
ANSUR2-F-29461,F,1.0,ansur2_2012,197.0,150.0,553.0,119.0,103.0,19.0,61.0,140.0,303.0,37
ANSUR2-F-29462,F,1.0,ansur2_2012,180.0,153.0,550.0,124.0,113.0,23.0,58.5,139.0,308.0,37
ANSUR2-F-29463,F,1.0,ansur2_2012,173.0,148.0,532.0,124.0,113.0,18.0,64.5,140.0,302.0,45
ANSUR2-F-29464,F,1.0,ansur2_2012,183.0,147.0,543.0,123.0,111.0,22.0,62.0,137.0,302.0,33
ANSUR2-F-29465,F,1.0,ansur2_2012,174.0,157.0,543.0,132.0,110.0,19.0,54.5,139.0,301.0,40
ANSUR2-F-29466,F,1.0,ansur2_2012,196.0,154.0,589.0,128.0,112.0,23.0,64.5,144.0,322.0,25
ANSUR2-F-29467,F,1.0,ansur2_2012,188.0,144.0,540.0,117.0,100.0,18.0,64.5,123.0,292.0,23
ANSUR2-F-29468,F,1.0,ansur2_2012,196.0,150.0,570.0,137.0,127.0,20.0,64.5,137.0,312.0,36
ANSUR2-F-29469,F,1.0,ansur2_2012,189.0,146.0,565.0,116.0,111.0,16.0,63.5,130.0,314.0,39
ANSUR2-F-29470,F,1.0,ansur2_2012,196.0,148.0,586.0,110.0,109.0,16.0,70.5,138.0,335.0,46
ANSUR2-F-29471,F,1.0,ansur2_2012,194.0,149.0,564.0,133.0,128.0,18.0,56.5,133.0,318.0,56
ANSUR2-F-29472,F,1.0,ansur2_2012,202.0,152.0,579.0,134.0,124.0,18.0,62.0,138.0,326.0,34
ANSUR2-F-29473,F,1.0,ansur2_2012,184.0,144.0,547.0,117.0,117.0,18.0,65.0,135.0,322.0,40
ANSUR2-F-29474,F,1.0,ansur2_2012,194.0,149.0,575.0,134.0,116.0,18.0,62.0,135.0,323.0,38
ANSUR2-F-29475,F,1.0,ansur2_2012,198.0,141.0,572.0,133.0,121.0,25.0,63.5,125.0,320.0,49
ANSUR2-F-29476,F,1.0,ansur2_2012,189.0,140.0,545.0,127.0,110.0,26.0,62.0,129.0,300.0,32
ANSUR2-F-29477,F,1.0,ansur2_2012,171.0,155.0,536.0,130.0,117.0,23.0,59.5,140.0,306.0,31
ANSUR2-F-29478,F,1.0,ansur2_2012,188.0,153.0,558.0,128.0,113.0,19.0,58.5,139.0,308.0,27
ANSUR2-F-29479,F,1.0,ansur2_2012,192.0,155.0,568.0,129.0,120.0,17.0,62.0,139.0,318.0,40
ANSUR2-F-29481,F,1.0,ansur2_2012,181.0,147.0,537.0,117.0,111.0,21.0,59.5,130.0,293.0,35
ANSUR2-F-29482,F,1.0,ansur2_2012,192.0,156.0,570.0,132.0,127.0,25.0,64.5,138.0,317.0,32
ANSUR2-F-29483,F,1.0,ansur2_2012,192.0,151.0,561.0,125.0,119.0,18.0,60.0,139.0,326.0,40
ANSUR2-F-29484,F,1.0,ansur2_2012,177.0,141.0,518.0,123.0,106.0,20.0,55.5,125.0,302.0,38
ANSUR2-F-29485,F,1.0,ansur2_2012,186.0,145.0,542.0,127.0,114.0,25.0,60.0,126.0,295.0,41
ANSUR2-F-29486,F,1.0,ansur2_2012,196.0,153.0,577.0,145.0,116.0,15.0,62.0,139.0,302.0,27
ANSUR2-F-29487,F,1.0,ansur2_2012,186.0,154.0,559.0,135.0,110.0,19.0,59.5,140.0,306.0,38
ANSUR2-F-29488,F,1.0,ansur2_2012,195.0,155.0,608.0,132.0,119.0,19.0,63.0,137.0,339.0,32
ANSUR2-F-29489,F,1.0,ansur2_2012,181.0,150.0,550.0,122.0,124.0,21.0,68.5,131.0,305.0,52
ANSUR2-F-29490,F,1.0,ansur2_2012,188.0,145.0,547.0,121.0,112.0,19.0,59.0,130.0,311.0,33
ANSUR2-F-29491,F,1.0,ansur2_2012,188.0,141.0,541.0,121.0,111.0,16.0,64.5,130.0,304.0,34
ANSUR2-F-29492,F,1.0,ansur2_2012,183.0,143.0,538.0,128.0,116.0,21.0,55.5,127.0,291.0,44
ANSUR2-F-29493,F,1.0,ansur2_2012,179.0,148.0,543.0,129.0,109.0,27.0,61.0,135.0,313.0,26
ANSUR2-F-29494,F,1.0,ansur2_2012,178.0,156.0,540.0,131.0,110.0,22.0,66.0,138.0,304.0,41
ANSUR2-F-29495,F,1.0,ansur2_2012,179.0,146.0,539.0,131.0,111.0,21.0,53.5,130.0,313.0,30
ANSUR2-F-29496,F,1.0,ansur2_2012,180.0,140.0,530.0,124.0,107.0,20.0,60.0,122.0,281.0,30
ANSUR2-F-29497,F,1.0,ansur2_2012,182.0,132.0,523.0,124.0,106.0,18.0,57.5,120.0,293.0,32
ANSUR2-F-29498,F,1.0,ansur2_2012,178.0,155.0,547.0,123.0,112.0,24.0,62.5,145.0,331.0,25
ANSUR2-F-29501,F,1.0,ansur2_2012,205.0,151.0,582.0,136.0,121.0,19.0,61.5,136.0,306.0,51
ANSUR2-F-29502,F,1.0,ansur2_2012,186.0,160.0,570.0,131.0,130.0,23.0,65.0,145.0,309.0,40
ANSUR2-F-29503,F,1.0,ansur2_2012,190.0,144.0,559.0,127.0,111.0,18.0,64.0,139.0,317.0,40
ANSUR2-F-29511,F,1.0,ansur2_2012,186.0,149.0,558.0,135.0,119.0,21.0,64.0,137.0,282.0,31
ANSUR2-F-920103,F,1.0,ansur2_2012,189.0,148.0,561.0,130.0,114.0,23.0,59.5,129.0,304.0,27
