pid,sex,weight,set,head_length,head_breadth,head_circumference,tragion_top,menton_sellion,status,validated_fit,assembly,crown,pose_dy,pose_dz,n_alternatives,fail_reasons,pad_crown,gap_crown,pad_forehead,gap_forehead,pad_occiput,gap_occiput,pad_left,gap_left,pad_right,gap_right,fits_any_catalogue_assembly
ANSUR2-F-10042,F,0.4580152671755723,train,207.0,146.0,588.0,129.0,135.0,geometric_feasible,unevaluated,G226-L11,G226,-3.0,6.0,1.0,,soft12.7+soft12.7,23.07,soft19+firm10,26.07,soft12.7+soft12.7,21.75,soft19+firm10,26.44,soft19+firm10,26.49,
ANSUR2-F-10051,F,0.4580152671755723,train,181.0,140.0,522.0,116.0,114.0,excluded,fail,S13-L20,S13,,,,pad_too_loose,,,,,,,,,,,True
ANSUR2-F-10101,F,0.4580152671755723,train,210.0,152.0,598.0,127.0,112.0,geometric_feasible,unevaluated,S13-L20,S13,3.0,6.0,1.0,,soft12.7+soft12.7,21.72,soft19,17.6,soft19,17.14,soft12.7+soft12.7,23.85,soft12.7+soft12.7,23.82,
ANSUR2-F-10105,F,0.4580152671755723,validation,182.0,144.0,540.0,110.0,108.0,excluded,fail,S13-L20,S13,,,,pad_too_loose,,,,,,,,,,,True
ANSUR2-F-10111,F,0.4580152671755723,train,185.0,145.0,553.0,127.0,121.0,geometric_feasible,unevaluated,S13-L20,S13,3.0,6.0,0.0,,soft12.7+soft12.7,21.33,soft12.7+soft12.7,22.83,soft12.7+soft12.7,23.06,soft12.7+soft12.7,23.22,soft12.7+soft12.7,23.17,
ANSUR2-F-10121,F,0.4580152671755723,validation,194.0,147.0,586.0,122.0,112.0,geometric_feasible,unevaluated,S13-L20,S13,0.0,6.0,0.0,,soft19+firm10,25.41,soft12.7+soft12.7,23.49,soft12.7+soft12.7,21.49,soft12.7+soft12.7,23.06,soft12.7+soft12.7,23.14,
ANSUR2-F-10127,F,0.4580152671755723,train,198.0,148.0,572.0,123.0,116.0,geometric_feasible,unevaluated,S13-L20,S13,-3.0,6.0,1.0,,soft12.7+soft12.7,21.76,soft12.7+soft12.7,20.77,soft12.7+soft12.7,20.79,soft12.7+soft12.7,23.49,soft12.7+soft12.7,23.51,
ANSUR2-F-10129,F,0.4580152671755723,train,190.0,150.0,568.0,122.0,121.0,geometric_feasible,unevaluated,S13-L20,S13,0.0,6.0,0.0,,soft19+firm10,26.77,soft19+firm10,27.49,soft19+firm10,26.42,soft19+firm10,25.33,soft19+firm10,25.33,
ANSUR2-F-10136,F,0.4580152671755723,train,206.0,146.0,592.0,123.0,123.0,geometric_feasible,unevaluated,G226-L20,G226,-6.0,12.0,0.0,,soft12.7+soft12.7,22.97,soft19+firm10,27.05,soft12.7+soft12.7,22.49,soft19+firm10,25.92,soft19+firm10,25.97,
ANSUR2-F-10149,F,0.4580152671755723,train,195.0,144.0,560.0,117.0,112.0,excluded,fail,S13-L20,S13,,,,pad_too_loose,,,,,,,,,,,True
ANSUR2-F-10158,F,0.4580152671755723,train,180.0,153.0,554.0,127.0,115.0,geometric_feasible,unevaluated,S13-L20,S13,0.0,6.0,0.0,,soft12.7+soft12.7,21.74,soft19+firm10,24.95,soft19+firm10,26.82,soft12.7+soft12.7,23.6,soft12.7+soft12.7,23.59,
ANSUR2-F-10175,F,0.4580152671755723,validation,192.0,151.0,572.0,127.0,114.0,geometric_feasible,unevaluated,S13-L20,S13,3.0,6.0,1.0,,soft12.7+soft12.7,21.37,soft12.7+soft12.7,22.75,soft12.7+soft12.7,21.92,soft12.7+soft12.7,23.24,soft12.7+soft12.7,23.19,
ANSUR2-F-10210,F,0.4580152671755723,train,188.0,150.0,562.0,117.0,112.0,excluded,fail,S13-L20,S13,,,,pad_too_loose,,,,,,,,,,,True
ANSUR2-F-11394,F,0.4580152671755723,validation,188.0,148.0,550.0,122.0,112.0,geometric_feasible,unevaluated,S13-L20,S13,3.0,9.0,0.0,,soft12.7+soft12.7,23.72,soft19+firm10,26.3,soft12.7+soft12.7,23.13,soft19+firm10,25.68,soft19+firm10,25.67,
ANSUR2-F-11396,F,0.4580152671755723,train,176.0,134.0,525.0,121.0,122.0,geometric_feasible,unevaluated,S13-L20,S13,6.0,9.0,0.0,,soft12.7+soft12.7,21.93,soft12.7+soft12.7,21.75,soft19+firm10,24.9,soft12.7+soft12.7,23.19,soft12.7+soft12.7,23.15,
ANSUR2-F-11397,F,0.4580152671755723,validation,177.0,154.0,545.0,136.0,105.0,excluded,fail,S13-L20,S13,,,,field_of_view,,,,,,,,,,,True
ANSUR2-F-11523,F,0.4580152671755723,validation,185.0,143.0,533.0,125.0,122.0,geometric_feasible,unevaluated,S13-L20,S13,0.0,6.0,0.0,,soft12.7+soft12.7,23.74,soft19+firm10,24.82,soft19+firm10,26.41,soft19+firm10,26.74,soft19+firm10,26.75,
ANSUR2-F-11529,F,0.4580152671755723,train,194.0,147.0,559.0,128.0,117.0,geometric_feasible,unevaluated,S13-L20,S13,-3.0,6.0,1.0,,soft12.7+soft12.7,20.52,soft12.7+soft12.7,22.25,soft12.7+soft12.7,21.59,soft12.7+soft12.7,23.83,soft12.7+soft12.7,23.88,
ANSUR2-F-11530,F,0.4580152671755723,train,188.0,149.0,553.0,126.0,116.0,geometric_feasible,unevaluated,S13-L20,S13,6.0,6.0,0.0,,soft12.7+soft12.7,21.14,soft12.7+soft12.7,21.14,soft19+firm10,25.94,soft12.7+soft12.7,23.58,soft12.7+soft12.7,23.57,
ANSUR2-F-11773,F,0.4580152671755723,train,183.0,139.0,541.0,128.0,118.0,excluded,fail,S13-L20,S13,,,,field_of_view,,,,,,,,,,,True
ANSUR2-F-11803,F,0.4580152671755723,validation,181.0,150.0,557.0,133.0,113.0,geometric_feasible,unevaluated,S13-L20,S13,6.0,0.0,0.0,,soft12.7+soft12.7,21.35,soft12.7+soft12.7,23.3,soft19+firm10,27.42,soft12.7+soft12.7,23.46,soft12.7+soft12.7,23.45,
ANSUR2-F-11828,F,0.4580152671755723,train,199.0,151.0,574.0,132.0,110.0,geometric_feasible,unevaluated,S13-L20,S13,0.0,6.0,2.0,,soft19,16.75,soft12.7+soft12.7,20.45,soft19,16.67,soft12.7+soft12.7,20.77,soft12.7+soft12.7,20.94,
ANSUR2-F-11993,F,0.4580152671755723,validation,191.0,145.0,552.0,129.0,112.0,geometric_feasible,unevaluated,S13-L20,S13,0.0,9.0,0.0,,soft19,16.75,soft12.7+soft12.7,20.76,soft12.7+soft12.7,22.4,soft12.7+soft12.7,23.57,soft12.7+soft12.7,23.32,
ANSUR2-F-12036,F,0.4580152671755723,train,181.0,141.0,537.0,118.0,114.0,excluded,fail,S13-L20,S13,,,,pad_too_loose,,,,,,,,,,,True
ANSUR2-F-12040,F,0.4580152671755723,train,192.0,143.0,545.0,120.0,110.0,geometric_feasible,unevaluated,S13-L20,S13,3.0,6.0,0.0,,soft19+firm10,25.74,soft19+firm10,26.92,soft12.7+soft12.7,20.71,soft19+firm10,27.37,soft19+firm10,27.37,
ANSUR2-F-12067,F,0.4580152671755723,train,187.0,151.0,549.0,130.0,114.0,excluded,fail,S13-L20,S13,,,,field_of_view,,,,,,,,,,,True
ANSUR2-F-12469,F,0.4580152671755723,validation,197.0,147.0,565.0,118.0,121.0,geometric_feasible,unevaluated,S13-L20,S13,3.0,6.0,0.0,,soft19+firm10,26.84,soft12.7+soft12.7,22.8,soft12.7+soft12.7,21.75,soft19+firm10,25.73,soft19+firm10,25.73,
ANSUR2-F-12703,F,0.4580152671755723,train,190.0,143.0,550.0,123.0,103.0,geometric_feasible,unevaluated,S13-L20,S13,-3.0,9.0,0.0,,soft12.7+soft12.7,22.52,soft19+firm10,27.15,soft12.7+soft12.7,21.99,soft19+firm10,26.04,soft19+firm10,26.15,
ANSUR2-F-12708,F,0.4580152671755723,train,182.0,156.0,575.0,126.0,110.0,geometric_feasible,unevaluated,S13-L20,S13,0.0,6.0,0.0,,soft12.7+soft12.7,22.78,soft12.7+soft12.7,24.0,soft19+firm10,26.08,soft12.7+soft12.7,21.17,soft12.7+soft12.7,21.16,
ANSUR2-F-12874,F,0.4580152671755723,train,180.0,143.0,538.0,118.0,108.0,geometric_feasible,unevaluated,S13-L20,S13,0.0,12.0,0.0,,soft12.7+soft12.7,23.74,soft12.7+soft12.7,23.79,soft19+firm10,26.23,soft19+firm10,25.11,soft19+firm10,25.1,
ANSUR2-F-12901,F,0.4580152671755723,validation,186.0,145.0,553.0,127.0,97.0,geometric_feasible,unevaluated,S13-L20,S13,6.0,6.0,3.0,,soft19,17.37,soft19,16.3,soft12.7+soft12.7,21.67,soft12.7+soft12.7,20.36,soft19+firm5,20.31,
ANSUR2-F-13019,F,0.4580152671755723,train,207.0,144.0,585.0,128.0,104.0,geometric_feasible,unevaluated,S13-L20,S13,3.0,9.0,2.0,,soft19,16.02,soft19,15.97,soft19,15.67,soft19+firm5,20.0,soft12.7+firm10,19.81,
ANSUR2-F-13027,F,0.4580152671755723,train,180.0,143.0,530.0,126.0,100.0,geometric_feasible,unevaluated,S13-L20,S13,3.0,6.0,0.0,,soft12.7+soft12.7,22.45,soft12.7+firm15,24.7,soft19+firm10,26.14,soft19+firm10,25.69,soft19+firm10,25.7,
ANSUR2-F-13147,F,0.4580152671755723,train,188.0,150.0,550.0,117.0,124.0,geometric_feasible,unevaluated,S13-L20,S13,6.0,12.0,0.0,,soft12.7+soft12.7,22.74,soft12.7+soft12.7,21.73,soft19+firm10,27.1,soft12.7+soft12.7,23.79,soft12.7+soft12.7,23.79,
ANSUR2-F-13151,F,0.4580152671755723,train,179.0,156.0,552.0,124.0,111.0,excluded,fail,S13-L20,S13,,,,pad_too_loose;field_of_view,,,,,,,,,,,True
ANSUR2-F-13163,F,0.4580152671755723,train,185.0,147.0,549.0,117.0,112.0,excluded,fail,S13-L20,S13,,,,pad_too_loose,,,,,,,,,,,True
ANSUR2-F-13171,F,0.4580152671755723,train,168.0,149.0,532.0,116.0,106.0,excluded,fail,S13-L20,S13,,,,pad_too_loose,,,,,,,,,,,True
ANSUR2-F-13268,F,0.4580152671755723,validation,188.0,150.0,580.0,126.0,111.0,geometric_feasible,unevaluated,S13-L20,S13,-3.0,3.0,0.0,,soft19+firm10,25.72,soft12.7+soft12.7,23.67,soft12.7+soft12.7,24.06,soft12.7+soft12.7,22.96,soft12.7+soft12.7,23.01,
ANSUR2-F-13290,F,0.4580152671755723,train,186.0,147.0,552.0,130.0,121.0,excluded,fail,S13-L20,S13,,,,pad_between_steps,,,,,,,,,,,True
ANSUR2-F-13297,F,0.4580152671755723,train,190.0,156.0,583.0,126.0,110.0,geometric_feasible,unevaluated,S13-L20,S13,0.0,6.0,0.0,,soft12.7+soft12.7,22.74,soft12.7+soft12.7,21.83,soft12.7+soft12.7,22.01,soft12.7+soft12.7,21.64,soft12.7+soft12.7,21.61,
ANSUR2-F-13360,F,0.4580152671755723,validation,188.0,149.0,560.0,123.0,109.0,geometric_feasible,unevaluated,S13-L20,S13,6.0,6.0,0.0,,soft19+firm10,25.65,soft19+firm10,25.84,soft19+firm10,26.51,soft19+firm10,25.91,soft19+firm10,25.91,
ANSUR2-F-13369,F,0.4580152671755723,train,184.0,143.0,552.0,135.0,126.0,excluded,fail,S13-L20,S13,,,,field_of_view,,,,,,,,,,,True
ANSUR2-F-13437,F,0.4580152671755723,validation,200.0,150.0,598.0,123.0,126.0,geometric_feasible,unevaluated,S13-L20,S13,-3.0,9.0,1.0,,soft12.7+soft12.7,20.6,soft12.7+soft12.7,21.96,soft19,17.32,soft12.7+firm10,19.81,soft12.7+firm10,19.93,
ANSUR2-F-13441,F,0.4580152671755723,validation,190.0,154.0,566.0,128.0,125.0,geometric_feasible,unevaluated,S13-L20,S13,0.0,0.0,0.0,,soft19+firm10,24.87,soft19+firm10,27.51,soft12.7+soft12.7,22.93,soft12.7+soft12.7,24.1,soft12.7+soft12.7,24.1,
ANSUR2-F-13456,F,0.4580152671755723,validation,196.0,148.0,575.0,124.0,112.0,geometric_feasible,unevaluated,S13-L20,S13,0.0,3.0,0.0,,soft19+firm10,25.28,soft19+firm10,26.05,soft12.7+soft12.7,21.87,soft19+firm10,25.57,soft19+firm10,25.6,
ANSUR2-F-13464,F,0.4580152671755723,validation,189.0,150.0,563.0,142.0,118.0,geometric_feasible,unevaluated,G226-L01,G226,6.0,0.0,0.0,,soft19,17.06,soft19,17.45,soft12.7+soft12.7,23.45,soft12.7+firm10,19.91,soft12.7+firm10,19.81,
ANSUR2-F-13472,F,0.4580152671755723,train,194.0,155.0,567.0,131.0,119.0,geometric_feasible,unevaluated,S13-L20,S13,6.0,0.0,2.0,,soft12.7+soft12.7,21.68,soft12.7+soft12.7,21.66,soft19,16.46,soft12.7+soft12.7,23.33,soft12.7+soft12.7,23.33,
ANSUR2-F-13473,F,0.4580152671755723,validation,189.0,149.0,565.0,112.0,112.0,excluded,fail,S13-L20,S13,,,,pad_too_loose,,,,,,,,,,,True
ANSUR2-F-13477,F,0.4580152671755723,train,183.0,143.0,550.0,134.0,117.0,geometric_feasible,unevaluated,S13-L20,S13,3.0,3.0,0.0,,soft19,17.22,soft12.7+firm10,19.95,soft12.7+soft12.7,20.65,soft12.7+soft12.7,20.46,soft19+firm5,20.26,
ANSUR2-F-13486,F,0.4580152671755723,train,212.0,148.0,600.0,121.0,128.0,geometric_feasible,unevaluated,G226-L11,G226,-3.0,9.0,1.0,,soft19+firm10,26.59,soft19+firm10,26.68,soft19+firm5,20.28,soft19+firm10,27.42,soft19+firm10,27.5,
ANSUR2-F-13530,F,0.4580152671755723,train,190.0,151.0,575.0,122.0,114.0,geometric_feasible,unevaluated,S13-L20,S13,0.0,9.0,0.0,,soft12.7+soft12.7,23.78,soft19+firm10,26.39,soft12.7+firm15,24.71,soft12.7+firm15,24.59,soft12.7+firm15,24.62,
ANSUR2-F-13535,F,0.4580152671755723,validation,180.0,150.0,583.0,120.0,110.0,geometric_feasible,unevaluated,S13-L20,S13,6.0,12.0,0.0,,soft12.7+soft12.7,22.24,soft12.7+soft12.7,22.46,soft19+firm10,26.46,soft12.7+soft12.7,21.31,soft12.7+soft12.7,21.27,
ANSUR2-F-13540,F,0.4580152671755723,validation,208.0,147.0,596.0,120.0,116.0,geometric_feasible,unevaluated,G226-L20,G226,0.0,12.0,0.0,,soft19+firm10,25.49,soft19+firm10,26.48,soft12.7+soft12.7,21.21,soft19+firm10,26.69,soft19+firm10,26.77,
ANSUR2-F-13605,F,0.4580152671755723,train,189.0,144.0,560.0,124.0,108.0,geometric_feasible,unevaluated,S13-L20,S13,0.0,6.0,1.0,,soft12.7+firm15,24.68,soft19+firm10,25.4,soft12.7+firm15,24.74,soft19+firm10,25.92,soft19+firm10,25.94,
ANSUR2-F-13610,F,0.4580152671755723,train,186.0,144.0,570.0,126.0,111.0,excluded,fail,S13-L20,S13,,,,field_of_view,,,,,,,,,,,True
ANSUR2-F-13614,F,0.4580152671755723,train,182.0,152.0,561.0,127.0,124.0,geometric_feasible,unevaluated,S13-L20,S13,6.0,0.0,0.0,,soft12.7+soft12.7,23.28,soft12.7+soft12.7,22.31,soft19+firm10,26.67,soft12.7+soft12.7,22.13,soft12.7+soft12.7,22.1,
ANSUR2-F-13615,F,0.4580152671755723,train,189.0,138.0,543.0,123.0,113.0,geometric_feasible,unevaluated,S13-L20,S13,3.0,9.0,0.0,,soft12.7+soft12.7,20.45,soft12.7+soft12.7,20.45,soft12.7+soft12.7,23.15,soft12.7+soft12.7,24.01,soft12.7+soft12.7,23.9,
ANSUR2-F-13622,F,0.4580152671755723,train,181.0,141.0,531.0,108.0,106.0,excluded,fail,S13-L20,S13,,,,pad_too_loose,,,,,,,,,,,True
ANSUR2-F-13733,F,0.4580152671755723,train,182.0,143.0,548.0,123.0,118.0,geometric_feasible,unevaluated,S13-L20,S13,6.0,3.0,0.0,,soft19+firm10,25.9,soft19+firm5,20.22,soft12.7+firm15,24.61,soft19+firm10,26.02,soft19+firm10,25.9,
ANSUR2-F-13734,F,0.4580152671755723,train,201.0,150.0,572.0,130.0,120.0,geometric_feasible,unevaluated,S13-L20,S13,-6.0,6.0,1.0,,soft19,15.31,soft12.7+soft12.7,21.1,soft12.7+firm5,15.01,soft19+firm5,20.05,soft19+firm5,20.18,
ANSUR2-F-13740,F,0.4580152671755723,train,185.0,141.0,544.0,116.0,106.0,excluded,fail,S13-L20,S13,,,,pad_too_loose,,,,,,,,,,,True
ANSUR2-F-13751,F,0.4580152671755723,train,182.0,148.0,558.0,127.0,128.0,geometric_feasible,unevaluated,S13-L20,S13,0.0,6.0,0.0,,soft12.7+soft12.7,21.78,soft12.7+soft12.7,23.89,soft12.7+soft12.7,22.33,soft12.7+soft12.7,24.0,soft12.7+soft12.7,23.96,
ANSUR2-F-13889,F,0.4580152671755723,train,179.0,150.0,542.0,117.0,105.0,excluded,fail,S13-L20,S13,,,,pad_too_loose,,,,,,,,,,,True
ANSUR2-F-13897,F,0.4580152671755723,train,193.0,160.0,598.0,133.0,116.0,geometric_feasible,unevaluated,S13-L20,S13,0.0,3.0,3.0,,soft19,17.12,soft19,17.61,soft19,17.98,soft19,16.65,soft19,16.64,
ANSUR2-F-13900,F,0.4580152671755723,validation,189.0,145.0,553.0,126.0,108.0,excluded,fail,S13-L20,S13,,,,field_of_view,,,,,,,,,,,True
ANSUR2-F-13920,F,0.4580152671755723,train,190.0,151.0,556.0,126.0,104.0,geometric_feasible,unevaluated,S13-L20,S13,0.0,3.0,0.0,,soft19+firm10,25.74,soft19+firm10,27.12,soft19+firm10,26.3,soft19+firm10,25.41,soft19+firm10,25.41,
ANSUR2-F-13923,F,0.4580152671755723,train,185.0,145.0,542.0,114.0,117.0,geometric_feasible,unevaluated,S13-L20,S13,3.0,12.0,0.0,,soft19+firm10,26.85,soft19+firm10,25.13,soft19+firm10,26.47,soft19+firm10,25.44,soft19+firm10,25.44,
ANSUR2-F-14050,F,0.4580152671755723,train,187.0,148.0,563.0,130.0,113.0,geometric_feasible,unevaluated,S13-L20,S13,0.0,3.0,1.0,,soft12.7+soft12.7,20.93,soft12.7+soft12.7,21.48,soft12.7+soft12.7,22.68,soft12.7+soft12.7,22.1,soft12.7+soft12.7,22.05,
ANSUR2-F-14053,F,0.4580152671755723,train,193.0,148.0,557.0,120.0,114.0,geometric_feasible,unevaluated,S13-L20,S13,3.0,9.0,0.0,,soft19+firm10,25.0,soft19+firm10,24.87,soft12.7+soft12.7,23.96,soft19+firm10,25.78,soft19+firm10,25.77,
ANSUR2-F-14058,F,0.4580152671755723,train,186.0,146.0,551.0,117.0,121.0,geometric_feasible,unevaluated,S13-L20,S13,-6.0,9.0,0.0,,soft19+firm10,26.25,soft19+firm10,27.13,soft19+firm10,25.59,soft19+firm10,25.23,soft19+firm10,25.23,
ANSUR2-F-14111,F,0.4580152671755723,validation,185.0,141.0,552.0,121.0,108.0,geometric_feasible,unevaluated,S13-L20,S13,3.0,6.0,0.0,,soft19+firm10,27.03,soft19+firm10,26.47,soft19+firm10,27.33,soft19+firm10,27.53,soft19+firm10,27.48,
ANSUR2-F-14117,F,0.4580152671755723,train,201.0,150.0,591.0,129.0,117.0,geometric_feasible,unevaluated,S13-L20,S13,0.0,0.0,2.0,,soft12.7+soft12.7,20.53,soft12.7+soft12.7,21.76,soft19,17.09,soft12.7+soft12.7,21.06,soft12.7+soft12.7,21.15,
ANSUR2-F-14118,F,0.4580152671755723,train,180.0,146.0,542.0,122.0,118.0,geometric_feasible,unevaluated,S13-L20,S13,6.0,3.0,0.0,,soft19+firm10,27.24,soft12.7+firm15,24.75,soft19+firm10,25.84,soft19+firm10,25.86,soft19+firm10,25.84,
ANSUR2-F-14121,F,0.4580152671755723,train,190.0,144.0,560.0,124.0,111.0,geometric_feasible,unevaluated,S13-L20,S13,-6.0,6.0,0.0,,soft12.7+soft12.7,21.66,soft19+firm10,25.6,soft12.7+soft12.7,21.29,soft12.7+soft12.7,23.55,soft12.7+soft12.7,23.59,
ANSUR2-F-14122,F,0.4580152671755723,train,188.0,150.0,565.0,126.0,114.0,geometric_feasible,unevaluated,S13-L20,S13,0.0,9.0,0.0,,soft12.7+firm10,19.78,soft19+firm10,26.04,soft19+firm10,25.57,soft19+firm10,25.59,soft19+firm10,25.59,
ANSUR2-F-14124,F,0.4580152671755723,train,189.0,147.0,567.0,128.0,115.0,geometric_feasible,unevaluated,G226-L20,G226,6.0,12.0,0.0,,soft19,17.9,soft19,17.41,soft19+firm10,26.12,soft12.7+soft12.7,20.49,soft12.7+soft12.7,20.42,
ANSUR2-F-14126,F,0.4580152671755723,validation,185.0,135.0,556.0,118.0,114.0,geometric_feasible,unevaluated,S13-L20,S13,3.0,9.0,0.0,,soft19+firm10,24.95,soft12.7+soft12.7,22.89,soft19+firm10,27.1,soft19+firm10,25.28,soft19+firm10,25.19,
ANSUR2-F-14136,F,0.4580152671755723,train,197.0,150.0,575.0,130.0,119.0,geometric_feasible,unevaluated,S13-L20,S13,-6.0,3.0,1.0,,soft19+firm5,20.26,soft19+firm10,26.13,soft19,17.5,soft12.7+soft12.7,23.58,soft12.7+soft12.7,23.69,
ANSUR2-F-14179,F,0.4580152671755723,validation,174.0,139.0,521.0,115.0,110.0,excluded,fail,S13-L20,S13,,,,pad_too_loose,,,,,,,,,,,True
ANSUR2-F-14181,F,0.4580152671755723,train,199.0,157.0,590.0,117.0,111.0,geometric_feasible,unevaluated,S13-L20,S13,0.0,9.0,0.0,,soft19+firm10,27.33,soft19+firm10,25.39,soft19+firm5,20.3,soft12.7+soft12.7,22.03,soft12.7+soft12.7,22.03,
ANSUR2-F-14185,F,0.4580152671755723,train,191.0,149.0,573.0,124.0,108.0,geometric_feasible,unevaluated,S13-L20,S13,0.0,3.0,0.0,,soft19+firm10,25.4,soft12.7+soft12.7,23.44,soft12.7+soft12.7,23.47,soft12.7+soft12.7,23.01,soft12.7+soft12.7,23.01,
ANSUR2-F-14190,F,0.4580152671755723,train,191.0,144.0,548.0,119.0,114.0,geometric_feasible,unevaluated,S13-L20,S13,0.0,9.0,0.0,,soft12.7+firm15,24.71,soft12.7+soft12.7,22.83,soft19+firm10,25.51,soft19+firm10,26.49,soft19+firm10,26.48,
ANSUR2-F-14191,F,0.4580152671755723,train,193.0,156.0,605.0,123.0,112.0,geometric_feasible,unevaluated,S13-L20,S13,0.0,3.0,2.0,,soft12.7+soft12.7,22.12,soft12.7+firm10,19.85,soft19,17.61,soft19,17.61,soft19,17.67,
ANSUR2-F-14193,F,0.4580152671755723,train,185.0,146.0,543.0,105.0,105.0,excluded,fail,S13-L20,S13,,,,pad_too_loose,,,,,,,,,,,True
ANSUR2-F-14196,F,0.4580152671755723,train,192.0,145.0,560.0,126.0,105.0,geometric_feasible,unevaluated,S13-L20,S13,-3.0,6.0,1.0,,soft12.7+soft12.7,22.63,soft12.7+soft12.7,22.11,soft19,17.21,soft19+firm10,25.86,soft19+firm10,25.91,
ANSUR2-F-14200,F,0.4580152671755723,train,205.0,158.0,582.0,127.0,108.0,geometric_feasible,unevaluated,G226-L11,G226,0.0,6.0,1.0,,soft19+firm10,26.88,soft19+firm10,26.27,soft19+firm10,26.88,soft19+firm10,25.62,soft19+firm10,25.62,
ANSUR2-F-14221,F,0.4580152671755723,train,179.0,147.0,537.0,114.0,120.0,excluded,fail,S13-L20,S13,,,,pad_too_loose,,,,,,,,,,,True
ANSUR2-F-14222,F,0.4580152671755723,train,191.0,144.0,557.0,123.0,108.0,geometric_feasible,unevaluated,S13-L20,S13,-3.0,9.0,1.0,,soft12.7+soft12.7,20.88,soft12.7+soft12.7,20.91,soft12.7+soft12.7,20.69,soft12.7+soft12.7,22.6,soft12.7+soft12.7,22.6,
ANSUR2-F-14225,F,0.4580152671755723,train,190.0,143.0,546.0,121.0,111.0,excluded,fail,S13-L20,S13,,,,pad_too_loose,,,,,,,,,,,True
ANSUR2-F-14233,F,0.4580152671755723,validation,186.0,147.0,575.0,125.0,106.0,geometric_feasible,unevaluated,S13-L20,S13,3.0,12.0,0.0,,soft19,16.84,soft19,17.22,soft19,17.95,soft19,17.15,soft19,17.11,
ANSUR2-F-14235,F,0.4580152671755723,train,174.0,138.0,521.0,122.0,113.0,geometric_feasible,unevaluated,S13-L20,S13,0.0,9.0,0.0,,soft12.7+soft12.7,22.44,soft12.7+soft12.7,22.26,soft19+firm10,25.07,soft12.7+soft12.7,23.87,soft12.7+soft12.7,23.88,
ANSUR2-F-14238,F,0.4580152671755723,train,187.0,153.0,560.0,119.0,115.0,geometric_feasible,unevaluated,S13-L20,S13,3.0,12.0,0.0,,soft12.7+soft12.7,23.72,soft19+firm10,26.9,soft19+firm10,25.62,soft12.7+soft12.7,23.68,soft12.7+soft12.7,23.68,
ANSUR2-F-14252,F,0.4580152671755723,train,178.0,146.0,545.0,112.0,112.0,excluded,fail,S13-L20,S13,,,,pad_too_loose,,,,,,,,,,,True
ANSUR2-F-14360,F,0.4580152671755723,train,187.0,146.0,562.0,120.0,107.0,geometric_feasible,unevaluated,S13-L20,S13,3.0,6.0,0.0,,soft19+firm10,26.93,soft12.7+soft12.7,23.6,soft19+firm10,27.13,soft19+firm10,25.49,soft19+firm10,25.42,
ANSUR2-F-14801,F,0.4580152671755723,train,192.0,142.0,557.0,120.0,104.0,geometric_feasible,unevaluated,S13-L20,S13,3.0,6.0,0.0,,soft19+firm10,25.66,soft12.7+soft12.7,21.81,soft12.7+soft12.7,23.93,soft19+firm10,25.14,soft19+firm10,25.1,
ANSUR2-F-14802,F,0.4580152671755723,validation,200.0,145.0,568.0,131.0,117.0,geometric_feasible,unevaluated,G226-L11,G226,6.0,3.0,1.0,,soft12.7+soft12.7,23.85,soft12.7+soft12.7,23.6,soft19+firm10,26.67,soft19+firm10,27.05,soft19+firm10,26.99,
ANSUR2-F-14805,F,0.4580152671755723,validation,193.0,143.0,558.0,117.0,105.0,geometric_feasible,unevaluated,S13-L20,S13,-3.0,12.0,0.0,,soft19+firm10,25.66,soft19+firm10,26.82,soft12.7+soft12.7,22.67,soft19+firm10,27.08,soft19+firm10,27.12,
ANSUR2-F-14809,F,0.4580152671755723,train,190.0,141.0,554.0,122.0,114.0,geometric_feasible,unevaluated,S13-L20,S13,-3.0,12.0,0.0,,soft12.7+soft12.7,20.71,soft19+firm10,25.05,soft12.7+soft12.7,22.66,soft19+firm10,25.02,soft19+firm10,25.21,
ANSUR2-F-14812,F,0.4580152671755723,train,178.0,143.0,540.0,126.0,99.0,geometric_feasible,unevaluated,S13-L20,S13,0.0,6.0,0.0,,soft12.7+soft12.7,22.74,soft19+firm10,25.61,soft19+firm10,25.17,soft19+firm10,25.13,soft19+firm10,25.18,
ANSUR2-F-14826,F,0.4580152671755723,train,191.0,148.0,564.0,129.0,110.0,geometric_feasible,unevaluated,S13-L20,S13,3.0,3.0,1.0,,soft12.7+soft12.7,20.67,soft19+firm5,20.27,soft12.7+soft12.7,22.43,soft12.7+soft12.7,23.54,soft12.7+soft12.7,23.45,
ANSUR2-F-15007,F,0.4580152671755723,validation,189.0,144.0,560.0,119.0,117.0,excluded,fail,S13-L20,S13,,,,pad_too_loose,,,,,,,,,,,True
ANSUR2-F-15011,F,0.4580152671755723,train,187.0,140.0,540.0,114.0,106.0,excluded,fail,S13-L20,S13,,,,pad_too_loose,,,,,,,,,,,True
ANSUR2-F-15012,F,0.4580152671755723,validation,189.0,145.0,564.0,134.0,107.0,geometric_feasible,unevaluated,S13-L20,S13,0.0,3.0,0.0,,soft19,17.66,soft19,17.97,soft12.7+soft12.7,20.94,soft19+firm5,20.1,soft12.7+firm10,19.96,
ANSUR2-F-15013,F,0.4580152671755723,validation,190.0,149.0,570.0,123.0,116.0,geometric_feasible,unevaluated,S13-L20,S13,0.0,6.0,0.0,,soft19+firm10,25.74,soft19+firm10,27.36,soft12.7+soft12.7,22.63,soft12.7+soft12.7,23.69,soft12.7+soft12.7,23.74,
ANSUR2-F-15014,F,0.4580152671755723,train,193.0,153.0,582.0,123.0,107.0,geometric_feasible,unevaluated,S13-L20,S13,0.0,6.0,0.0,,soft19+firm10,25.74,soft19+firm10,26.85,soft12.7+soft12.7,21.51,soft12.7+soft12.7,23.19,soft12.7+soft12.7,23.23,
ANSUR2-F-15015,F,0.4580152671755723,train,193.0,145.0,566.0,122.0,105.0,geometric_feasible,unevaluated,S13-L20,S13,-3.0,3.0,0.0,,soft12.7+firm15,24.69,soft19+firm10,27.35,soft12.7+soft12.7,21.42,soft19+firm10,24.9,soft19+firm10,24.96,
ANSUR2-F-15016,F,0.4580152671755723,train,195.0,156.0,568.0,131.0,107.0,geometric_feasible,unevaluated,S13-L20,S13,0.0,3.0,2.0,,soft12.7+firm10,19.76,soft12.7+firm10,19.96,soft12.7+firm10,19.9,soft19+firm5,20.35,soft19+firm5,20.34,
ANSUR2-F-15018,F,0.4580152671755723,train,179.0,144.0,525.0,111.0,111.0,excluded,fail,S13-L20,S13,,,,pad_too_loose;field_of_view,,,,,,,,,,,True
ANSUR2-F-15046,F,0.4580152671755723,validation,194.0,145.0,555.0,122.0,106.0,geometric_feasible,unevaluated,S13-L20,S13,0.0,9.0,0.0,,soft12.7+soft12.7,23.74,soft12.7+soft12.7,22.31,soft19+firm10,26.12,soft19+firm10,27.28,soft19+firm10,27.28,
ANSUR2-F-15163,F,0.4580152671755723,train,186.0,148.0,551.0,130.0,118.0,geometric_feasible,unevaluated,S13-L20,S13,3.0,0.0,0.0,,soft12.7+soft12.7,23.39,soft12.7+soft12.7,23.68,soft19,17.95,soft19+firm10,25.0,soft19+firm10,25.0,
ANSUR2-F-15164,F,0.4580152671755723,train,203.0,152.0,590.0,138.0,118.0,geometric_feasible,unevaluated,G226-L01,G226,-6.0,-3.0,1.0,,soft12.7+soft12.7,23.72,soft19+firm10,25.84,soft12.7+soft12.7,23.89,soft19+firm10,25.34,soft19+firm10,25.35,
ANSUR2-F-15165,F,0.4580152671755723,train,188.0,144.0,547.0,124.0,104.0,geometric_feasible,unevaluated,S13-L20,S13,0.0,9.0,0.0,,soft12.7+soft12.7,21.74,soft12.7+soft12.7,23.11,soft19+firm10,24.81,soft19+firm10,25.5,soft19+firm10,25.43,
ANSUR2-F-15168,F,0.4580152671755723,train,171.0,145.0,527.0,115.0,103.0,excluded,fail,S13-L20,S13,,,,pad_too_loose,,,,,,,,,,,True
ANSUR2-F-15175,F,0.4580152671755723,validation,200.0,152.0,609.0,138.0,126.0,geometric_feasible,unevaluated,G226-L01,G226,0.0,-3.0,2.0,,soft19+firm10,26.02,soft19+firm10,27.2,soft19,17.24,soft19+firm10,25.78,soft19+firm10,25.88,
ANSUR2-F-15296,F,0.4580152671755723,train,183.0,157.0,555.0,127.0,116.0,geometric_feasible,unevaluated,S13-L20,S13,0.0,6.0,0.0,,soft12.7+soft12.7,21.68,soft12.7+soft12.7,21.51,soft19+firm10,25.73,soft12.7+soft12.7,20.6,soft12.7+soft12.7,20.6,
ANSUR2-F-16054,F,0.4580152671755723,validation,203.0,162.0,607.0,145.0,110.0,geometric_feasible,unevaluated,G226-L01,G226,3.0,-6.0,1.0,,soft12.7+soft12.7,22.02,soft19+firm10,26.56,soft19,17.38,soft12.7+firm15,24.75,soft12.7+firm15,24.75,
ANSUR2-F-16058,F,0.4580152671755723,train,188.0,152.0,583.0,124.0,125.0,geometric_feasible,unevaluated,S13-L20,S13,3.0,6.0,0.0,,soft12.7+soft12.7,23.55,soft12.7+soft12.7,22.6,soft12.7+soft12.7,23.81,soft12.7+soft12.7,21.56,soft12.7+soft12.7,21.52,
ANSUR2-F-16061,F,0.4580152671755723,train,186.0,143.0,548.0,122.0,101.0,geometric_feasible,unevaluated,S13-L20,S13,6.0,3.0,0.0,,soft19+firm10,26.46,soft19+firm10,25.47,soft12.7+soft12.7,23.88,soft19+firm10,27.39,soft19+firm10,27.37,
ANSUR2-F-16063,F,0.4580152671755723,train,189.0,157.0,590.0,124.0,105.0,geometric_feasible,unevaluated,S13-L20,S13,0.0,6.0,2.0,,soft12.7+soft12.7,21.11,soft19,16.53,soft12.7+soft12.7,21.99,soft19,16.77,soft19,16.72,
ANSUR2-F-16073,F,0.4580152671755723,train,188.0,153.0,574.0,121.0,104.0,geometric_feasible,unevaluated,S13-L20,S13,3.0,6.0,0.0,,soft19+firm10,25.1,soft12.7+soft12.7,23.39,soft19+firm10,25.9,soft12.7+soft12.7,22.72,soft12.7+soft12.7,22.71,
ANSUR2-F-16084,F,0.4580152671755723,train,190.0,158.0,568.0,121.0,113.0,geometric_feasible,unevaluated,S13-L20,S13,6.0,6.0,0.0,,soft19+firm10,25.87,soft19+firm10,26.26,soft19+firm10,24.85,soft12.7+soft12.7,21.51,soft12.7+soft12.7,21.51,
ANSUR2-F-16089,F,0.4580152671755723,validation,180.0,144.0,544.0,112.0,102.0,excluded,fail,S13-L20,S13,,,,pad_too_loose,,,,,,,,,,,True
ANSUR2-F-16121,F,0.4580152671755723,train,198.0,146.0,581.0,116.0,117.0,geometric_feasible,unevaluated,S13-L20,S13,6.0,9.0,0.0,,soft19+firm10,26.88,soft12.7+soft12.7,20.81,soft19+firm10,25.48,soft12.7+soft12.7,24.05,soft12.7+soft12.7,23.96,
ANSUR2-F-16133,F,0.4580152671755723,validation,203.0,157.0,593.0,133.0,118.0,geometric_feasible,unevaluated,S13-L20,S13,0.0,6.0,3.0,,soft19,15.53,soft19,16.28,soft19,15.66,soft19,17.84,soft19,17.89,
ANSUR2-F-16140,F,0.4580152671755723,train,189.0,149.0,564.0,124.0,120.0,geometric_feasible,unevaluated,S13-L20,S13,-3.0,9.0,0.0,,soft12.7+soft12.7,21.51,soft12.7+firm15,24.69,soft12.7+soft12.7,22.84,soft12.7+soft12.7,23.78,soft12.7+soft12.7,23.83,
ANSUR2-F-16143,F,0.4580152671755723,validation,187.0,153.0,564.0,143.0,108.0,geometric_feasible,unevaluated,G226-L01,G226,0.0,-6.0,2.0,,soft12.7+soft12.7,24.02,soft19+firm10,26.25,soft19+firm10,26.6,soft19+firm10,26.75,soft19+firm10,26.75,
ANSUR2-F-16152,F,0.4580152671755723,train,193.0,154.0,578.0,133.0,109.0,geometric_feasible,unevaluated,S13-L20,S13,3.0,0.0,0.0,,soft12.7+soft12.7,21.66,soft12.7+soft12.7,23.54,soft12.7+soft12.7,21.36,soft12.7+soft12.7,23.3,soft12.7+soft12.7,23.31,
ANSUR2-F-16476,F,0.4580152671755723,validation,196.0,141.0,561.0,124.0,111.0,geometric_feasible,unevaluated,S13-L20,S13,-6.0,9.0,0.0,,soft12.7+soft12.7,21.21,soft12.7+soft12.7,23.69,soft12.7+soft12.7,22.22,soft19+firm10,25.19,soft19+firm10,25.36,
ANSUR2-F-16516,F,0.4580152671755723,train,183.0,154.0,564.0,130.0,118.0,geometric_feasible,unevaluated,S13-L20,S13,0.0,-3.0,0.0,,soft19+firm10,24.93,soft12.7+firm15,24.78,soft19+firm10,26.49,soft12.7+soft12.7,22.4,soft12.7+soft12.7,22.4,
ANSUR2-F-16532,F,0.4580152671755723,train,192.0,159.0,562.0,140.0,117.0,geometric_feasible,unevaluated,G226-L01,G226,6.0,0.0,1.0,,soft12.7+soft12.7,20.62,soft12.7+soft12.7,23.16,soft19+firm10,26.29,soft12.7+soft12.7,23.05,soft12.7+soft12.7,23.05,
ANSUR2-F-16546,F,0.4580152671755723,train,189.0,143.0,558.0,115.0,115.0,geometric_feasible,unevaluated,S13-L20,S13,3.0,9.0,0.0,,soft19+firm10,27.4,soft12.7+soft12.7,22.97,soft19+firm10,27.23,soft19+firm10,24.99,soft19+firm10,24.94,
ANSUR2-F-16551,F,0.4580152671755723,train,190.0,147.0,566.0,127.0,111.0,geometric_feasible,unevaluated,S13-L20,S13,0.0,6.0,1.0,,soft12.7+soft12.7,21.76,soft12.7+firm15,24.65,soft12.7+soft12.7,22.31,soft12.7+soft12.7,23.96,soft12.7+soft12.7,23.99,
ANSUR2-F-16556,F,0.4580152671755723,validation,188.0,150.0,574.0,127.0,116.0,geometric_feasible,unevaluated,S13-L20,S13,-3.0,6.0,0.0,,soft12.7+soft12.7,21.72,soft19+firm10,27.41,soft12.7+soft12.7,23.38,soft12.7+soft12.7,23.39,soft12.7+soft12.7,23.44,
ANSUR2-F-16570,F,0.4580152671755723,train,187.0,154.0,566.0,129.0,107.0,geometric_feasible,unevaluated,S13-L20,S13,0.0,3.0,0.0,,soft12.7+soft12.7,22.31,soft12.7+soft12.7,22.92,soft12.7+soft12.7,21.02,soft12.7+soft12.7,22.19,soft12.7+soft12.7,22.18,
ANSUR2-F-16578,F,0.4580152671755723,train,188.0,153.0,586.0,127.0,112.0,geometric_feasible,unevaluated,S13-L20,S13,-3.0,6.0,0.0,,soft12.7+soft12.7,21.71,soft12.7+soft12.7,21.45,soft12.7+soft12.7,22.05,soft12.7+soft12.7,22.16,soft12.7+soft12.7,22.08,
ANSUR2-F-16584,F,0.4580152671755723,train,194.0,147.0,568.0,124.0,123.0,geometric_feasible,unevaluated,S13-L20,S13,-6.0,12.0,0.0,,soft19,17.51,soft12.7+soft12.7,23.54,soft19,17.49,soft12.7+soft12.7,20.89,soft12.7+soft12.7,21.01,
ANSUR2-F-16591,F,0.4580152671755723,train,184.0,143.0,555.0,123.0,112.0,geometric_feasible,unevaluated,S13-L20,S13,6.0,9.0,0.0,,soft19,17.93,soft19,16.73,soft12.7+soft12.7,21.19,soft19,17.86,soft19,17.8,
ANSUR2-F-16708,F,0.4580152671755723,train,192.0,146.0,557.0,132.0,116.0,geometric_feasible,unevaluated,S13-L20,S13,-6.0,6.0,2.0,,soft19,16.65,soft12.7+soft12.7,21.16,soft12.7+soft12.7,21.63,soft12.7+soft12.7,22.9,soft12.7+soft12.7,23.16,
ANSUR2-F-16712,F,0.4580152671755723,train,193.0,143.0,572.0,128.0,115.0,geometric_feasible,unevaluated,S13-L20,S13,-6.0,9.0,2.0,,soft19,17.44,soft12.7+soft12.7,20.39,soft12.7+firm10,19.78,soft12.7+soft12.7,20.76,soft12.7+soft12.7,20.91,
ANSUR2-F-16713,F,0.4580152671755723,train,194.0,150.0,566.0,120.0,114.0,geometric_feasible,unevaluated,S13-L20,S13,0.0,6.0,0.0,,soft19+firm10,25.37,soft19+firm10,26.97,soft12.7+soft12.7,20.94,soft19+firm10,24.94,soft19+firm10,24.94,
ANSUR2-F-16714,F,0.4580152671755723,validation,187.0,144.0,540.0,116.0,115.0,geometric_feasible,unevaluated,S13-L20,S13,0.0,9.0,0.0,,soft19+firm10,26.66,soft19+firm10,26.45,soft19+firm10,25.01,soft19+firm10,26.57,soft19+firm10,26.57,
ANSUR2-F-16715,F,0.4580152671755723,train,192.0,151.0,546.0,121.0,111.0,excluded,fail,S13-L20,S13,,,,pad_too_loose,,,,,,,,,,,True
ANSUR2-F-16750,F,0.4580152671755723,train,198.0,154.0,601.0,134.0,118.0,geometric_feasible,unevaluated,G226-L01,G226,6.0,3.0,1.0,,soft12.7+soft12.7,22.97,soft12.7+soft12.7,22.69,soft19+firm10,25.32,soft12.7+soft12.7,23.29,soft12.7+soft12.7,23.22,
ANSUR2-F-16754,F,0.4580152671755723,train,200.0,157.0,580.0,124.0,121.0,geometric_feasible,unevaluated,S13-L20,S13,-6.0,12.0,0.0,,soft19,17.17,soft12.7+soft12.7,21.83,soft19,16.13,soft19+firm5,20.03,soft19+firm5,20.04,
ANSUR2-F-16755,F,0.4580152671755723,train,188.0,147.0,562.0,122.0,123.0,geometric_feasible,unevaluated,S13-L20,S13,-3.0,6.0,0.0,,soft19+firm10,25.15,soft12.7+soft12.7,23.87,soft19+firm10,24.94,soft12.7+soft12.7,23.87,soft12.7+soft12.7,23.88,
ANSUR2-F-16758,F,0.4580152671755723,train,191.0,145.0,553.0,122.0,106.0,geometric_feasible,unevaluated,S13-L20,S13,0.0,6.0,0.0,,soft12.7+firm15,24.79,soft12.7+soft12.7,22.82,soft19+firm10,25.06,soft19+firm10,25.89,soft19+firm10,25.9,
ANSUR2-F-16901,F,0.4580152671755723,validation,188.0,150.0,560.0,123.0,117.0,geometric_feasible,unevaluated,S13-L20,S13,6.0,6.0,0.0,,soft12.7+soft12.7,21.69,soft19+firm5,20.24,soft12.7+soft12.7,23.37,soft12.7+soft12.7,23.23,soft12.7+soft12.7,23.2,
ANSUR2-F-16908,F,0.4580152671755723,train,196.0,149.0,566.0,130.0,113.0,geometric_feasible,unevaluated,S13-L20,S13,3.0,0.0,0.0,,soft12.7+firm15,24.72,soft12.7+firm15,24.67,soft12.7+soft12.7,23.98,soft19+firm10,26.3,soft19+firm10,26.3,
ANSUR2-F-16926,F,0.4580152671755723,train,184.0,143.0,547.0,127.0,115.0,geometric_feasible,unevaluated,S13-L20,S13,0.0,6.0,0.0,,soft12.7+soft12.7,21.78,soft12.7+soft12.7,24.12,soft19+firm10,25.48,soft19+firm10,25.47,soft19+firm10,25.36,
ANSUR2-F-16936,F,0.4580152671755723,train,172.0,156.0,541.0,122.0,107.0,geometric_feasible,unevaluated,S13-L20,S13,6.0,12.0,0.0,,soft19,17.12,soft19,17.47,soft12.7+soft12.7,22.86,soft19,16.33,soft19,16.33,
ANSUR2-F-16937,F,0.4580152671755723,train,182.0,145.0,535.0,125.0,105.0,geometric_feasible,unevaluated,S13-L20,S13,0.0,9.0,0.0,,soft12.7+soft12.7,20.74,soft19+firm10,25.25,soft19+firm10,25.18,soft19+firm10,25.59,soft19+firm10,25.6,
ANSUR2-F-16938,F,0.4580152671755723,validation,193.0,146.0,572.0,123.0,107.0,geometric_feasible,unevaluated,S13-L20,S13,-3.0,6.0,0.0,,soft19+firm10,25.49,soft19+firm5,20.31,soft19+firm10,27.22,soft19+firm10,25.22,soft19+firm10,25.13,
ANSUR2-F-16941,F,0.4580152671755723,validation,197.0,155.0,570.0,125.0,118.0,geometric_feasible,unevaluated,S13-L20,S13,-3.0,9.0,0.0,,soft12.7+soft12.7,20.71,soft12.7+soft12.7,22.31,soft12.7+soft12.7,23.29,soft12.7+soft12.7,22.7,soft12.7+soft12.7,22.7,
ANSUR2-F-17368,F,0.4580152671755723,train,192.0,148.0,566.0,124.0,107.0,geometric_feasible,unevaluated,S13-L20,S13,0.0,6.0,0.0,,soft12.7+soft12.7,23.09,soft12.7+soft12.7,20.68,soft12.7+soft12.7,23.72,soft12.7+soft12.7,23.01,soft12.7+soft12.7,23.0,
ANSUR2-F-17458,F,0.4580152671755723,train,185.0,147.0,552.0,123.0,107.0,geometric_feasible,unevaluated,S13-L20,S13,0.0,3.0,0.0,,soft19+firm10,25.01,soft12.7+soft12.7,22.28,soft19+firm10,25.35,soft19+firm10,25.3,soft19+firm10,25.29,
ANSUR2-F-17459,F,0.4580152671755723,train,188.0,149.0,565.0,130.0,117.0,geometric_feasible,unevaluated,S13-L20,S13,3.0,9.0,2.0,,soft19,15.23,soft19,16.8,soft19,17.16,soft19,17.28,soft19,17.16,
ANSUR2-F-17462,F,0.4580152671755723,train,194.0,154.0,578.0,126.0,109.0,geometric_feasible,unevaluated,S13-L20,S13,0.0,3.0,0.0,,soft12.7+soft12.7,23.17,soft19+firm10,26.27,soft19+firm5,20.2,soft12.7+soft12.7,22.73,soft12.7+soft12.7,22.75,
ANSUR2-F-17467,F,0.4580152671755723,train,189.0,142.0,545.0,123.0,109.0,geometric_feasible,unevaluated,S13-L20,S13,0.0,6.0,1.0,,soft12.7+soft12.7,22.66,soft12.7+soft12.7,20.68,soft12.7+soft12.7,23.97,soft19+firm10,24.88,soft19+firm10,24.87,
ANSUR2-F-17468,F,0.4580152671755723,train,191.0,151.0,557.0,126.0,121.0,geometric_feasible,unevaluated,S13-L20,S13,0.0,6.0,1.0,,soft12.7+soft12.7,21.28,soft12.7+soft12.7,20.77,soft12.7+soft12.7,21.84,soft12.7+soft12.7,21.8,soft12.7+soft12.7,21.8,
ANSUR2-F-17469,F,0.4580152671755723,validation,194.0,152.0,577.0,122.0,118.0,geometric_feasible,unevaluated,S13-L20,S13,0.0,3.0,0.0,,soft19+firm10,27.55,soft12.7+firm15,24.63,soft12.7+soft12.7,23.62,soft12.7+soft12.7,23.44,soft12.7+soft12.7,23.44,
ANSUR2-F-17480,F,0.4580152671755723,validation,189.0,151.0,560.0,123.0,107.0,geometric_feasible,unevaluated,S13-L20,S13,0.0,6.0,0.0,,soft19+firm10,25.43,soft19+firm10,25.5,soft12.7+firm15,24.65,soft12.7+firm15,24.8,soft12.7+firm15,24.79,
ANSUR2-F-17499,F,0.4580152671755723,train,196.0,153.0,588.0,133.0,117.0,geometric_feasible,unevaluated,G226-L01,G226,3.0,3.0,2.0,,soft19+firm10,24.84,soft19+firm10,26.6,soft12.7+soft12.7,20.84,soft19+firm10,27.47,soft19+firm10,27.43,
ANSUR2-F-17520,F,0.4580152671755723,train,192.0,147.0,562.0,125.0,117.0,geometric_feasible,unevaluated,S13-L20,S13,3.0,9.0,2.0,,soft19,17.51,soft19,15.85,soft12.7+soft12.7,22.12,soft19+firm5,20.26,soft19+firm5,20.22,
ANSUR2-F-17539,F,0.4580152671755723,train,175.0,155.0,549.0,117.0,114.0,excluded,fail,S13-L20,S13,,,,pad_too_loose,,,,,,,,,,,True
ANSUR2-F-17544,F,0.4580152671755723,train,203.0,165.0,600.0,118.0,118.0,geometric_feasible,unevaluated,G226-L20,G226,-3.0,9.0,0.0,,soft19+firm10,27.07,soft19+firm10,26.17,soft19+firm10,26.51,soft12.7+soft12.7,21.63,soft12.7+soft12.7,21.63,
ANSUR2-F-17555,F,0.4580152671755723,train,198.0,146.0,573.0,129.0,113.0,geometric_feasible,unevaluated,S13-L20,S13,-3.0,6.0,0.0,,soft19,17.73,soft12.7+soft12.7,21.0,soft19,17.47,soft12.7+soft12.7,21.04,soft12.7+soft12.7,21.14,
ANSUR2-F-17557,F,0.4580152671755723,train,197.0,146.0,560.0,123.0,116.0,geometric_feasible,unevaluated,S13-L20,S13,-3.0,9.0,0.0,,soft12.7+soft12.7,21.84,soft12.7+soft12.7,23.69,soft12.7+soft12.7,21.78,soft19+firm10,25.27,soft19+firm10,25.34,
ANSUR2-F-17558,F,0.4580152671755723,train,201.0,158.0,590.0,133.0,126.0,excluded,fail,S13-L20,S13,,,,nose,,,,,,,,,,,True
ANSUR2-F-17562,F,0.4580152671755723,train,194.0,149.0,585.0,140.0,123.0,geometric_feasible,unevaluated,G226-L01,G226,6.0,-3.0,2.0,,soft12.7+soft12.7,23.58,soft12.7+firm15,24.79,soft19,17.32,soft19+firm10,26.81,soft19+firm10,26.68,
ANSUR2-F-17569,F,0.4580152671755723,train,193.0,152.0,563.0,132.0,119.0,geometric_feasible,unevaluated,S13-L20,S13,3.0,3.0,2.0,,soft19,17.71,soft19,17.01,soft12.7+soft12.7,21.22,soft19+firm5,20.28,soft19+firm5,20.28,
ANSUR2-F-17580,F,0.4580152671755723,train,187.0,152.0,562.0,130.0,122.0,geometric_feasible,unevaluated,S13-L20,S13,0.0,9.0,3.0,,soft12.7+firm5,15.14,soft19,15.93,soft19,17.25,soft19,16.84,soft19,16.78,
ANSUR2-F-17585,F,0.4580152671755723,train,180.0,146.0,548.0,127.0,103.0,geometric_feasible,unevaluated,S13-L20,S13,6.0,6.0,0.0,,soft12.7+soft12.7,20.42,soft12.7+soft12.7,20.98,soft19+firm10,25.14,soft12.7+soft12.7,21.68,soft12.7+soft12.7,21.67,
ANSUR2-F-17589,F,0.4580152671755723,train,181.0,150.0,544.0,125.0,110.0,excluded,fail,S13-L20,S13,,,,field_of_view,,,,,,,,,,,True
ANSUR2-F-17591,F,0.4580152671755723,train,189.0,143.0,545.0,126.0,107.0,geometric_feasible,unevaluated,S13-L20,S13,0.0,6.0,1.0,,soft12.7+soft12.7,22.47,soft12.7+soft12.7,23.32,soft19,15.55,soft19+firm10,25.42,soft19+firm10,25.43,
ANSUR2-F-17594,F,0.4580152671755723,train,186.0,151.0,564.0,128.0,111.0,geometric_feasible,unevaluated,S13-L20,S13,0.0,6.0,0.0,,soft12.7+soft12.7,20.74,soft12.7+soft12.7,23.44,soft19+firm10,25.27,soft12.7+soft12.7,23.87,soft12.7+soft12.7,23.81,
ANSUR2-F-17598,F,0.4580152671755723,train,197.0,144.0,564.0,123.0,115.0,geometric_feasible,unevaluated,S13-L20,S13,6.0,9.0,0.0,,soft12.7+soft12.7,22.48,soft12.7+soft12.7,20.64,soft19+firm10,26.62,soft19+firm10,26.98,soft19+firm10,26.84,
ANSUR2-F-17600,F,0.4580152671755723,train,196.0,146.0,568.0,121.0,103.0,geometric_feasible,unevaluated,S13-L20,S13,-6.0,3.0,0.0,,soft19+firm10,26.53,soft19+firm10,26.48,soft12.7+soft12.7,21.01,soft19+firm10,25.4,soft19+firm10,25.44,
ANSUR2-F-17602,F,0.4580152671755723,train,186.0,148.0,565.0,128.0,119.0,geometric_feasible,unevaluated,S13-L20,S13,0.0,6.0,0.0,,soft12.7+soft12.7,20.74,soft12.7+soft12.7,21.87,soft19+firm10,25.03,soft12.7+soft12.7,22.93,soft12.7+soft12.7,22.89,
ANSUR2-F-17608,F,0.4580152671755723,train,193.0,148.0,581.0,124.0,116.0,geometric_feasible,unevaluated,S13-L20,S13,3.0,3.0,1.0,,soft19+firm10,24.86,soft12.7+soft12.7,22.47,soft19,16.91,soft12.7+soft12.7,23.03,soft12.7+soft12.7,22.97,
ANSUR2-F-17610,F,0.4580152671755723,train,187.0,147.0,553.0,120.0,124.0,geometric_feasible,unevaluated,S13-L20,S13,0.0,12.0,0.0,,soft12.7+soft12.7,22.23,soft12.7+soft12.7,22.13,soft12.7+soft12.7,23.66,soft12.7+soft12.7,23.69,soft12.7+soft12.7,23.69,
ANSUR2-F-17633,F,0.4580152671755723,train,192.0,146.0,562.0,132.0,122.0,geometric_feasible,unevaluated,G226-L11,G226,6.0,3.0,0.0,,soft12.7+soft12.7,22.05,soft12.7+soft12.7,22.01,soft19+firm10,25.15,soft12.7+soft12.7,23.59,soft12.7+soft12.7,23.58,
ANSUR2-F-17644,F,0.4580152671755723,validation,187.0,157.0,588.0,137.0,116.0,geometric_feasible,unevaluated,G226-L11,G226,3.0,0.0,1.0,,soft12.7+soft12.7,23.98,soft19+firm10,26.97,soft19+firm10,25.67,soft19+firm10,25.15,soft19+firm10,25.16,
ANSUR2-F-17645,F,0.4580152671755723,validation,199.0,147.0,570.0,126.0,119.0,geometric_feasible,unevaluated,G226-L20,G226,0.0,12.0,0.0,,soft12.7+soft12.7,22.11,soft12.7+soft12.7,23.21,soft12.7+soft12.7,22.04,soft12.7+firm15,24.61,soft12.7+firm15,24.64,
ANSUR2-F-17649,F,0.4580152671755723,train,190.0,144.0,600.0,140.0,108.0,geometric_feasible,unevaluated,G226-L01,G226,3.0,0.0,1.0,,soft12.7+soft12.7,20.66,soft12.7+soft12.7,22.52,soft12.7+soft12.7,23.76,soft12.7+soft12.7,23.47,soft12.7+soft12.7,23.29,
ANSUR2-F-17651,F,0.4580152671755723,train,199.0,144.0,560.0,131.0,128.0,geometric_feasible,unevaluated,S13-L20,S13,-6.0,6.0,1.0,,soft19,17.54,soft12.7+soft12.7,21.19,soft12.7+firm10,19.94,soft12.7+soft12.7,23.38,soft12.7+soft12.7,23.65,
ANSUR2-F-17661,F,0.4580152671755723,train,183.0,149.0,537.0,116.0,108.0,geometric_feasible,unevaluated,S13-L20,S13,0.0,12.0,0.0,,soft19+firm10,26.69,soft19+firm10,26.57,soft19+firm10,27.32,soft12.7+firm15,24.64,soft12.7+firm15,24.63,
ANSUR2-F-17676,F,0.4580152671755723,train,196.0,151.0,576.0,126.0,120.0,geometric_feasible,unevaluated,S13-L20,S13,-6.0,6.0,1.0,,soft12.7+soft12.7,21.97,soft19+firm10,25.6,soft12.7+soft12.7,21.94,soft12.7+soft12.7,23.55,soft12.7+soft12.7,23.56,
ANSUR2-F-17678,F,0.4580152671755723,train,210.0,152.0,609.0,136.0,117.0,geometric_feasible,unevaluated,G226-L20,G226,0.0,9.0,0.0,,soft19,16.02,soft12.7+soft12.7,23.02,soft19+firm5,20.04,soft12.7+soft12.7,23.11,soft12.7+soft12.7,23.43,
ANSUR2-F-17689,F,0.4580152671755723,validation,204.0,152.0,595.0,133.0,107.0,geometric_feasible,unevaluated,G226-L11,G226,0.0,0.0,1.0,,soft19+firm10,25.74,soft19+firm10,24.9,soft19+firm10,25.25,soft19+firm10,25.91,soft19+firm10,25.91,
ANSUR2-F-17695,F,0.4580152671755723,train,201.0,150.0,608.0,132.0,122.0,geometric_feasible,unevaluated,S13-L20,S13,0.0,6.0,2.0,,soft19,16.78,soft12.7+soft12.7,20.65,soft19,16.41,soft12.7+firm10,19.83,soft12.7+firm10,19.96,
ANSUR2-F-17706,F,0.4580152671755723,train,204.0,152.0,587.0,121.0,121.0,geometric_feasible,unevaluated,S13-L20,S13,-3.0,3.0,1.0,,soft12.7+soft12.7,23.78,soft12.7+soft12.7,22.35,soft19,16.99,soft12.7+soft12.7,23.9,soft12.7+soft12.7,23.93,
ANSUR2-F-17740,F,0.4580152671755723,validation,169.0,159.0,540.0,133.0,111.0,excluded,fail,S13-L20,S13,,,,field_of_view,,,,,,,,,,,True
ANSUR2-F-17755,F,0.4580152671755723,train,204.0,155.0,568.0,134.0,124.0,geometric_feasible,unevaluated,S13-L20,S13,0.0,3.0,2.0,,soft19,17.74,soft12.7+soft12.7,21.94,soft19,17.43,soft12.7+soft12.7,23.08,soft12.7+soft12.7,23.07,
ANSUR2-F-17760,F,0.4580152671755723,train,192.0,151.0,565.0,123.0,123.0,geometric_feasible,unevaluated,S13-L20,S13,-6.0,6.0,0.0,,soft12.7+soft12.7,22.83,soft19+firm10,25.91,soft12.7+soft12.7,22.48,soft12.7+soft12.7,23.71,soft12.7+soft12.7,23.71,
ANSUR2-F-17761,F,0.4580152671755723,train,194.0,150.0,558.0,122.0,114.0,geometric_feasible,unevaluated,S13-L20,S13,0.0,3.0,1.0,,soft19+firm10,25.4,soft19+firm10,27.42,soft12.7+firm10,19.77,soft19+firm10,25.67,soft19+firm10,25.67,
ANSUR2-F-17772,F,0.4580152671755723,validation,184.0,148.0,560.0,123.0,99.0,geometric_feasible,unevaluated,S13-L20,S13,0.0,9.0,2.0,,soft12.7+soft12.7,20.42,soft12.7+soft12.7,20.73,soft12.7+soft12.7,20.37,soft12.7+firm10,19.91,soft12.7+firm10,19.91,
ANSUR2-F-17776,F,0.4580152671755723,train,190.0,146.0,564.0,125.0,106.0,excluded,fail,S13-L20,S13,,,,field_of_view,,,,,,,,,,,True
ANSUR2-F-17787,F,0.4580152671755723,train,208.0,159.0,617.0,129.0,121.0,geometric_feasible,unevaluated,G226-L01,G226,6.0,3.0,2.0,,soft19+firm10,25.12,soft12.7+soft12.7,23.62,soft19,16.91,soft12.7+soft12.7,23.39,soft12.7+soft12.7,23.35,
ANSUR2-F-17796,F,0.4580152671755723,train,188.0,136.0,560.0,123.0,105.0,geometric_feasible,unevaluated,S13-L20,S13,-3.0,3.0,0.0,,soft19+firm10,27.28,soft19+firm10,26.15,soft19+firm10,26.19,soft19+firm10,27.4,soft19+firm10,27.49,
ANSUR2-F-17802,F,0.4580152671755723,train,184.0,148.0,555.0,131.0,110.0,geometric_feasible,unevaluated,S13-L20,S13,0.0,6.0,0.0,,soft19,17.74,soft12.7+soft12.7,21.82,soft12.7+firm15,24.8,soft12.7+soft12.7,23.2,soft12.7+soft12.7,23.01,
ANSUR2-F-17817,F,0.4580152671755723,validation,191.0,145.0,549.0,121.0,119.0,geometric_feasible,unevaluated,S13-L20,S13,0.0,12.0,0.0,,soft12.7+soft12.7,20.98,soft19+firm10,26.62,soft19,17.36,soft19+firm10,25.28,soft19+firm10,25.4,
ANSUR2-F-17820,F,0.4580152671755723,train,206.0,153.0,595.0,139.0,135.0,excluded,fail,S13-L20,S13,,,,pad_too_tight,,,,,,,,,,,True
ANSUR2-F-17822,F,0.4580152671755723,train,192.0,149.0,556.0,124.0,124.0,geometric_feasible,unevaluated,S13-L20,S13,0.0,6.0,0.0,,soft12.7+soft12.7,23.74,soft19+firm5,20.29,soft19+firm10,25.35,soft12.7+soft12.7,23.98,soft12.7+soft12.7,23.98,
ANSUR2-F-17834,F,0.4580152671755723,validation,199.0,150.0,571.0,128.0,126.0,geometric_feasible,unevaluated,S13-L20,S13,0.0,3.0,1.0,,soft12.7+soft12.7,22.44,soft19,17.33,soft12.7+firm15,24.71,soft12.7+firm15,24.58,soft12.7+firm15,24.58,
ANSUR2-F-17843,F,0.4580152671755723,validation,197.0,145.0,554.0,128.0,116.0,geometric_feasible,unevaluated,S13-L20,S13,-3.0,6.0,2.0,,soft19,16.65,soft12.7+firm10,19.97,soft19,16.01,soft12.7+soft12.7,21.32,soft12.7+soft12.7,21.41,
ANSUR2-F-17865,F,0.4580152671755723,validation,177.0,144.0,530.0,120.0,111.0,geometric_feasible,unevaluated,S13-L20,S13,3.0,9.0,0.0,,soft19+firm10,25.31,soft19+firm10,26.16,soft19+firm10,27.39,soft19+firm10,26.08,soft19+firm10,26.07,
ANSUR2-F-17866,F,0.4580152671755723,train,186.0,147.0,544.0,130.0,106.0,geometric_feasible,unevaluated,S13-L20,S13,0.0,9.0,2.0,,soft19,15.41,soft19,16.66,soft19,16.31,soft19,17.74,soft19,17.73,
ANSUR2-F-17886,F,0.4580152671755723,validation,187.0,138.0,546.0,128.0,107.0,geometric_feasible,unevaluated,S13-L20,S13,0.0,0.0,2.0,,soft12.7+soft12.7,22.59,soft12.7+soft12.7,20.95,soft12.7+soft12.7,23.25,soft12.7+soft12.7,24.05,soft12.7+soft12.7,24.01,
ANSUR2-F-17890,F,0.4580152671755723,train,181.0,152.0,544.0,131.0,114.0,geometric_feasible,unevaluated,S13-L20,S13,3.0,6.0,0.0,,soft19,17.23,soft19,17.7,soft12.7+soft12.7,23.63,soft12.7+firm10,19.88,soft12.7+firm10,19.87,
ANSUR2-F-17900,F,0.4580152671755723,train,186.0,160.0,565.0,133.0,110.0,geometric_feasible,unevaluated,S13-L20,S13,-3.0,6.0,2.0,,soft19,15.47,soft12.7+firm10,19.99,soft19,17.72,soft19,17.23,soft19,17.23,
ANSUR2-F-17911,F,0.4580152671755723,train,183.0,154.0,556.0,122.0,112.0,geometric_feasible,unevaluated,S13-L20,S13,0.0,9.0,0.0,,soft12.7+soft12.7,22.08,soft12.7+soft12.7,23.39,soft12.7+soft12.7,23.01,soft12.7+soft12.7,21.38,soft12.7+soft12.7,21.38,
ANSUR2-F-17915,F,0.4580152671755723,validation,203.0,164.0,605.0,120.0,115.0,geometric_feasible,unevaluated,S13-L20,S13,0.0,9.0,1.0,,soft12.7+soft12.7,20.82,soft12.7+soft12.7,23.27,soft12.7+firm5,15.07,soft19,17.97,soft19,17.98,
ANSUR2-F-17921,F,0.4580152671755723,train,182.0,153.0,550.0,126.0,128.0,geometric_feasible,unevaluated,S13-L20,S13,3.0,6.0,0.0,,soft12.7+soft12.7,22.09,soft12.7+soft12.7,22.76,soft19+firm10,26.33,soft12.7+soft12.7,22.99,soft12.7+soft12.7,22.99,
ANSUR2-F-17926,F,0.4580152671755723,validation,195.0,145.0,566.0,125.0,114.0,geometric_feasible,unevaluated,S13-L20,S13,0.0,3.0,0.0,,soft19+firm10,25.72,soft19+firm10,25.96,soft12.7+soft12.7,22.24,soft19+firm10,26.56,soft19+firm10,26.59,
ANSUR2-F-17932,F,0.4580152671755723,validation,214.0,152.0,635.0,139.0,136.0,geometric_feasible,unevaluated,G226-L01,G226,0.0,-3.0,2.0,,soft12.7+soft12.7,23.75,soft12.7+soft12.7,23.6,soft19,15.22,soft12.7+soft12.7,23.76,soft12.7+soft12.7,23.93,
ANSUR2-F-17946,F,0.4580152671755723,validation,200.0,151.0,600.0,134.0,114.0,geometric_feasible,unevaluated,G226-L11,G226,0.0,3.0,1.0,,soft12.7+soft12.7,24.02,soft19+firm10,24.88,soft19+firm10,27.33,soft19+firm10,25.65,soft19+firm10,25.59,
ANSUR2-F-17954,F,0.4580152671755723,train,177.0,149.0,537.0,118.0,106.0,excluded,fail,S13-L20,S13,,,,pad_too_loose,,,,,,,,,,,True
ANSUR2-F-17963,F,0.4580152671755723,train,199.0,150.0,571.0,127.0,110.0,geometric_feasible,unevaluated,S13-L20,S13,0.0,6.0,1.0,,soft12.7+soft12.7,21.61,soft12.7+soft12.7,21.53,soft12.7+soft12.7,21.5,soft12.7+soft12.7,23.97,soft12.7+soft12.7,23.96,
ANSUR2-F-17983,F,0.4580152671755723,train,184.0,138.0,534.0,112.0,107.0,excluded,fail,S13-L20,S13,,,,pad_too_loose,,,,,,,,,,,True
ANSUR2-F-17987,F,0.4580152671755723,validation,192.0,143.0,560.0,130.0,114.0,geometric_feasible,unevaluated,S13-L20,S13,6.0,3.0,3.0,,soft19,17.2,soft19,16.3,soft12.7+soft12.7,21.6,soft12.7+firm10,19.98,soft12.7+firm10,19.93,
ANSUR2-F-18001,F,0.4580152671755723,train,197.0,142.0,607.0,130.0,111.0,geometric_feasible,unevaluated,S13-L20,S13,0.0,0.0,2.0,,soft12.7+soft12.7,21.46,soft12.7+soft12.7,23.17,soft19,18.01,soft12.7+soft12.7,21.93,soft12.7+soft12.7,22.09,
ANSUR2-F-18004,F,0.4580152671755723,train,185.0,144.0,600.0,130.0,117.0,geometric_feasible,unevaluated,S13-L20,S13,3.0,3.0,0.0,,soft12.7+soft12.7,21.52,soft12.7+soft12.7,21.81,soft19+firm10,25.8,soft12.7+soft12.7,23.07,soft12.7+soft12.7,22.97,
ANSUR2-F-18020,F,0.4580152671755723,validation,194.0,162.0,570.0,143.0,111.0,geometric_feasible,unevaluated,G226-L01,G226,3.0,-6.0,2.0,,soft12.7+soft12.7,24.02,soft19+firm10,25.99,soft19,16.36,soft19+firm10,25.07,soft19+firm10,25.06,
ANSUR2-F-18024,F,0.4580152671755723,train,186.0,146.0,544.0,120.0,113.0,geometric_feasible,unevaluated,S13-L20,S13,0.0,9.0,0.0,,soft19+firm10,25.41,soft19+firm10,25.64,soft19+firm10,25.42,soft19+firm10,25.81,soft19+firm10,25.81,
ANSUR2-F-18026,F,0.4580152671755723,train,197.0,143.0,579.0,129.0,115.0,geometric_feasible,unevaluated,S13-L20,S13,3.0,6.0,1.0,,soft19,16.68,soft19,15.95,soft19,16.22,soft19,17.99,soft19,17.93,
ANSUR2-F-18030,F,0.4580152671755723,train,185.0,149.0,537.0,118.0,106.0,excluded,fail,S13-L20,S13,,,,pad_too_loose,,,,,,,,,,,True
ANSUR2-F-18040,F,0.4580152671755723,train,183.0,147.0,562.0,129.0,110.0,geometric_feasible,unevaluated,S13-L20,S13,6.0,3.0,0.0,,soft12.7+soft12.7,21.99,soft12.7+soft12.7,23.5,soft19+firm10,25.96,soft12.7+soft12.7,23.21,soft12.7+soft12.7,23.16,
ANSUR2-F-18041,F,0.4580152671755723,train,195.0,161.0,585.0,138.0,119.0,geometric_feasible,unevaluated,G226-L11,G226,-3.0,3.0,0.0,,soft19+firm5,20.02,soft19+firm10,24.85,soft12.7+soft12.7,23.02,soft12.7+soft12.7,22.4,soft12.7+soft12.7,22.4,
ANSUR2-F-18042,F,0.4580152671755723,train,189.0,142.0,553.0,122.0,113.0,geometric_feasible,unevaluated,S13-L20,S13,0.0,9.0,0.0,,soft12.7+soft12.7,23.74,soft12.7+soft12.7,23.67,soft19+firm10,25.29,soft19+firm10,26.11,soft19+firm10,26.08,
ANSUR2-F-18054,F,0.4580152671755723,train,196.0,149.0,571.0,132.0,111.0,geometric_feasible,unevaluated,G226-L20,G226,-6.0,6.0,0.0,,soft12.7+soft12.7,22.65,soft19+firm10,25.96,soft19+firm10,25.01,soft19+firm10,25.85,soft19+firm10,25.95,
ANSUR2-F-18085,F,0.4580152671755723,train,190.0,146.0,557.0,137.0,114.0,geometric_feasible,unevaluated,G226-L01,G226,0.0,0.0,2.0,,soft12.7+soft12.7,23.91,soft19+firm10,26.25,soft19+firm10,25.44,soft19+firm10,26.35,soft19+firm10,26.35,
ANSUR2-F-18090,F,0.4580152671755723,validation,186.0,146.0,557.0,122.0,103.0,geometric_feasible,unevaluated,S13-L20,S13,0.0,6.0,1.0,,soft12.7+soft12.7,23.76,soft12.7+soft12.7,20.95,soft19+firm10,26.39,soft12.7+soft12.7,23.23,soft12.7+soft12.7,23.18,
ANSUR2-F-18097,F,0.4580152671755723,train,195.0,143.0,580.0,125.0,126.0,geometric_feasible,unevaluated,S13-L20,S13,0.0,9.0,1.0,,soft19,17.39,soft19,15.93,soft19,16.93,soft19,17.83,soft19,17.76,
ANSUR2-F-18105,F,0.4580152671755723,validation,181.0,149.0,543.0,122.0,108.0,geometric_feasible,unevaluated,S13-L20,S13,0.0,12.0,0.0,,soft12.7+soft12.7,20.74,soft19+firm10,27.0,soft19+firm10,25.4,soft19+firm10,25.56,soft19+firm10,25.56,
ANSUR2-F-18106,F,0.4580152671755723,validation,198.0,156.0,597.0,128.0,114.0,geometric_feasible,unevaluated,S13-L20,S13,-3.0,9.0,2.0,,soft19,16.28,soft19,16.81,soft19,16.35,soft19,16.42,soft19,16.44,
ANSUR2-F-18115,F,0.4580152671755723,train,186.0,152.0,549.0,124.0,110.0,excluded,fail,S13-L20,S13,,,,pad_too_loose,,,,,,,,,,,True
ANSUR2-F-18123,F,0.4580152671755723,train,195.0,152.0,566.0,117.0,126.0,geometric_feasible,unevaluated,S13-L20,S13,3.0,9.0,0.0,,soft19+firm10,27.15,soft19+firm10,26.59,soft12.7+soft12.7,22.46,soft12.7+firm15,24.72,soft12.7+firm15,24.72,
ANSUR2-F-18128,F,0.4580152671755723,train,190.0,151.0,558.0,125.0,115.0,geometric_feasible,unevaluated,S13-L20,S13,0.0,9.0,1.0,,soft12.7+soft12.7,20.57,soft12.7+soft12.7,21.0,soft12.7+soft12.7,21.5,soft12.7+soft12.7,21.88,soft12.7+soft12.7,21.88,
ANSUR2-F-18129,F,0.4580152671755723,train,188.0,145.0,543.0,120.0,111.0,geometric_feasible,unevaluated,S13-L20,S13,0.0,6.0,0.0,,soft19+firm10,27.0,soft19+firm10,26.92,soft19+firm10,25.97,soft19+firm10,27.03,soft19+firm10,27.03,
ANSUR2-F-18140,F,0.4580152671755723,train,191.0,153.0,564.0,127.0,111.0,geometric_feasible,unevaluated,S13-L20,S13,-3.0,6.0,1.0,,soft12.7+soft12.7,21.57,soft19+firm10,24.81,soft12.7+soft12.7,22.72,soft12.7+soft12.7,23.78,soft12.7+soft12.7,23.77,
ANSUR2-F-18150,F,0.4580152671755723,train,199.0,148.0,560.0,133.0,110.0,geometric_feasible,unevaluated,S13-L20,S13,0.0,6.0,2.0,,soft19,15.74,soft19,16.88,soft19,17.87,soft12.7+soft12.7,20.38,soft12.7+soft12.7,20.38,
ANSUR2-F-18151,F,0.4580152671755723,train,199.0,143.0,560.0,140.0,114.0,geometric_feasible,unevaluated,G226-L01,G226,6.0,-3.0,1.0,,soft12.7+soft12.7,22.5,soft12.7+soft12.7,23.16,soft19,17.92,soft19+firm10,27.42,soft19+firm10,27.18,
ANSUR2-F-18155,F,0.4580152671755723,train,184.0,150.0,558.0,129.0,116.0,geometric_feasible,unevaluated,S13-L20,S13,3.0,3.0,0.0,,soft12.7+soft12.7,22.01,soft12.7+soft12.7,23.22,soft12.7+soft12.7,23.31,soft12.7+soft12.7,22.88,soft12.7+soft12.7,22.87,
ANSUR2-F-18160,F,0.4580152671755723,validation,193.0,153.0,578.0,137.0,116.0,geometric_feasible,unevaluated,G226-L11,G226,6.0,3.0,0.0,,soft19+firm5,20.27,soft12.7+soft12.7,21.95,soft19+firm10,25.62,soft12.7+soft12.7,22.98,soft12.7+soft12.7,22.86,
ANSUR2-F-18176,F,0.4580152671755723,train,179.0,157.0,548.0,136.0,109.0,excluded,fail,S13-L20,S13,,,,field_of_view,,,,,,,,,,,True
ANSUR2-F-18185,F,0.4580152671755723,train,192.0,137.0,555.0,133.0,117.0,geometric_feasible,unevaluated,S13-L20,S13,0.0,6.0,0.0,,soft19,15.75,soft12.7+soft12.7,20.66,soft12.7+soft12.7,20.97,soft12.7+soft12.7,23.06,soft12.7+soft12.7,22.97,
ANSUR2-F-18190,F,0.4580152671755723,train,193.0,149.0,554.0,119.0,105.0,geometric_feasible,unevaluated,S13-L20,S13,-6.0,6.0,0.0,,soft19+firm10,27.16,soft12.7+soft12.7,21.91,soft19+firm10,26.12,soft19+firm10,25.03,soft19+firm10,25.04,
ANSUR2-F-18198,F,0.4580152671755723,validation,191.0,150.0,563.0,128.0,107.0,geometric_feasible,unevaluated,S13-L20,S13,3.0,6.0,1.0,,soft19+firm5,20.3,soft12.7+soft12.7,21.32,soft12.7+soft12.7,22.42,soft12.7+soft12.7,22.62,soft12.7+soft12.7,22.58,
ANSUR2-F-18203,F,0.4580152671755723,train,181.0,149.0,553.0,117.0,122.0,geometric_feasible,unevaluated,S13-L20,S13,3.0,12.0,0.0,,soft19+firm10,25.24,soft19+firm10,25.63,soft19+firm10,24.92,soft12.7+soft12.7,22.87,soft12.7+soft12.7,22.86,
ANSUR2-F-18206,F,0.4580152671755723,train,197.0,150.0,565.0,127.0,128.0,geometric_feasible,unevaluated,S13-L20,S13,0.0,6.0,1.0,,soft12.7+soft12.7,20.81,soft19+firm5,20.16,soft12.7+soft12.7,22.82,soft12.7+soft12.7,23.62,soft12.7+soft12.7,23.62,
ANSUR2-F-18207,F,0.4580152671755723,validation,200.0,158.0,595.0,135.0,105.0,geometric_feasible,unevaluated,S13-L20,S13,0.0,0.0,3.0,,soft12.7+firm10,19.78,soft12.7+soft12.7,21.09,soft12.7+soft12.7,21.96,soft12.7+soft12.7,21.37,soft12.7+soft12.7,21.37,
ANSUR2-F-18228,F,0.4580152671755723,validation,190.0,149.0,559.0,127.0,117.0,geometric_feasible,unevaluated,S13-L20,S13,0.0,6.0,0.0,,soft12.7+soft12.7,21.33,soft12.7+soft12.7,21.04,soft12.7+soft12.7,23.95,soft12.7+soft12.7,23.51,soft12.7+soft12.7,23.51,
ANSUR2-F-18239,F,0.4580152671755723,train,184.0,143.0,561.0,120.0,112.0,geometric_feasible,unevaluated,S13-L20,S13,3.0,9.0,0.0,,soft12.7+soft12.7,23.72,soft12.7+soft12.7,21.91,soft19+firm10,25.24,soft12.7+soft12.7,23.15,soft12.7+soft12.7,23.06,
ANSUR2-F-18240,F,0.4580152671755723,train,190.0,152.0,555.0,130.0,106.0,geometric_feasible,unevaluated,S13-L20,S13,3.0,3.0,0.0,,soft12.7+soft12.7,21.38,soft12.7+soft12.7,23.27,soft19,15.54,soft12.7+soft12.7,23.48,soft12.7+soft12.7,23.48,
ANSUR2-F-18247,F,0.4580152671755723,train,190.0,148.0,557.0,119.0,110.0,geometric_feasible,unevaluated,S13-L20,S13,0.0,9.0,0.0,,soft19+firm10,25.63,soft19+firm10,25.37,soft12.7+soft12.7,23.63,soft12.7+firm15,24.78,soft12.7+firm15,24.78,
ANSUR2-F-18248,F,0.4580152671755723,validation,197.0,152.0,581.0,120.0,110.0,geometric_feasible,unevaluated,S13-L20,S13,0.0,9.0,0.0,,soft19+firm10,25.46,soft19+firm10,26.79,soft19,17.87,soft12.7+soft12.7,22.46,soft12.7+soft12.7,22.51,
ANSUR2-F-18251,F,0.4580152671755723,train,178.0,153.0,545.0,120.0,111.0,geometric_feasible,unevaluated,S13-L20,S13,0.0,12.0,0.0,,soft12.7+soft12.7,22.74,soft12.7+soft12.7,23.83,soft19+firm10,26.78,soft12.7+soft12.7,22.89,soft12.7+soft12.7,22.89,
ANSUR2-F-18252,F,0.4580152671755723,train,189.0,157.0,566.0,133.0,114.0,geometric_feasible,unevaluated,S13-L20,S13,0.0,6.0,1.0,,soft19,15.75,soft12.7+soft12.7,21.35,soft12.7+firm10,19.92,soft19+firm5,20.1,soft19+firm5,20.1,
ANSUR2-F-18256,F,0.4580152671755723,train,180.0,152.0,537.0,128.0,112.0,geometric_feasible,unevaluated,S13-L20,S13,0.0,6.0,0.0,,soft12.7+soft12.7,20.74,soft12.7+soft12.7,23.02,soft19+firm10,26.74,soft12.7+soft12.7,23.62,soft12.7+soft12.7,23.61,
ANSUR2-F-18259,F,0.4580152671755723,validation,186.0,146.0,545.0,128.0,106.0,geometric_feasible,unevaluated,S13-L20,S13,-3.0,3.0,0.0,,soft12.7+soft12.7,22.81,soft19+firm10,26.06,soft12.7+soft12.7,22.8,soft19+firm10,25.1,soft19+firm10,25.1,
ANSUR2-F-18262,F,0.4580152671755723,train,191.0,145.0,558.0,117.0,116.0,geometric_feasible,unevaluated,S13-L20,S13,-3.0,9.0,0.0,,soft19+firm10,25.89,soft12.7+soft12.7,21.86,soft19+firm10,25.21,soft19+firm10,25.41,soft19+firm10,25.41,
ANSUR2-F-18265,F,0.4580152671755723,validation,202.0,149.0,598.0,128.0,118.0,excluded,fail,S13-L20,S13,,,,pad_too_tight,,,,,,,,,,,True
ANSUR2-F-18271,F,0.4580152671755723,train,188.0,139.0,534.0,121.0,108.0,geometric_feasible,unevaluated,S13-L20,S13,0.0,9.0,0.0,,soft12.7+soft12.7,23.75,soft19+firm10,26.15,soft12.7+soft12.7,22.31,soft19+firm10,27.29,soft19+firm10,27.28,
ANSUR2-F-18279,F,0.4580152671755723,train,192.0,147.0,576.0,114.0,116.0,geometric_feasible,unevaluated,S13-L20,S13,6.0,12.0,0.0,,soft19+firm10,26.72,soft12.7+soft12.7,20.37,soft19+firm10,27.27,soft12.7+soft12.7,22.43,soft12.7+soft12.7,22.32,
ANSUR2-F-18294,F,0.4580152671755723,train,192.0,151.0,572.0,137.0,112.0,geometric_feasible,unevaluated,G226-L01,G226,6.0,0.0,1.0,,soft12.7+soft12.7,23.65,soft19+firm10,25.38,soft12.7+soft12.7,22.15,soft19+firm10,26.95,soft19+firm10,26.85,
ANSUR2-F-18295,F,0.4580152671755723,train,186.0,149.0,564.0,135.0,116.0,excluded,fail,G226-L01,G226,,,,field_of_view,,,,,,,,,,,True
ANSUR2-F-18335,F,0.4580152671755723,validation,194.0,143.0,555.0,125.0,107.0,geometric_feasible,unevaluated,S13-L20,S13,-6.0,9.0,0.0,,soft12.7+soft12.7,20.67,soft12.7+soft12.7,21.7,soft12.7+firm15,24.65,soft19+firm10,26.58,soft19+firm10,26.84,
ANSUR2-F-18336,F,0.4580152671755723,train,188.0,152.0,569.0,127.0,122.0,geometric_feasible,unevaluated,S13-L20,S13,0.0,3.0,0.0,,soft12.7+soft12.7,22.7,soft12.7+soft12.7,21.23,soft12.7+firm15,24.74,soft12.7+soft12.7,21.49,soft12.7+soft12.7,21.46,
ANSUR2-F-18342,F,0.4580152671755723,train,197.0,153.0,589.0,128.0,115.0,geometric_feasible,unevaluated,S13-L20,S13,0.0,6.0,1.0,,soft12.7+soft12.7,20.74,soft12.7+soft12.7,21.55,soft12.7+soft12.7,22.93,soft12.7+soft12.7,22.58,soft12.7+soft12.7,22.54,
ANSUR2-F-18343,F,0.4580152671755723,train,188.0,147.0,552.0,122.0,101.0,geometric_feasible,unevaluated,S13-L20,S13,6.0,6.0,0.0,,soft19+firm10,25.66,soft19+firm10,26.25,soft12.7+firm15,24.7,soft19+firm10,26.23,soft19+firm10,26.23,
ANSUR2-F-18352,F,0.4580152671755723,train,185.0,147.0,563.0,124.0,110.0,geometric_feasible,unevaluated,S13-L20,S13,6.0,6.0,0.0,,soft12.7+soft12.7,23.79,soft12.7+soft12.7,23.83,soft19+firm10,27.31,soft12.7+soft12.7,23.35,soft12.7+soft12.7,23.34,
ANSUR2-F-18354,F,0.4580152671755723,validation,189.0,150.0,557.0,120.0,109.0,geometric_feasible,unevaluated,S13-L20,S13,0.0,9.0,0.0,,soft19+firm10,25.55,soft12.7+firm15,24.73,soft19+firm10,26.98,soft19+firm10,25.23,soft19+firm10,25.23,
ANSUR2-F-18360,F,0.4580152671755723,train,188.0,152.0,558.0,126.0,117.0,geometric_feasible,unevaluated,S13-L20,S13,0.0,6.0,1.0,,soft12.7+soft12.7,21.75,soft12.7+soft12.7,21.76,soft12.7+soft12.7,22.46,soft12.7+soft12.7,21.85,soft12.7+soft12.7,21.85,
ANSUR2-F-18374,F,0.4580152671755723,validation,195.0,148.0,568.0,123.0,109.0,excluded,fail,S13-L20,S13,,,,nose,,,,,,,,,,,True
ANSUR2-F-18393,F,0.4580152671755723,train,200.0,143.0,570.0,120.0,111.0,geometric_feasible,unevaluated,S13-L20,S13,0.0,9.0,0.0,,soft12.7+soft12.7,23.75,soft12.7+soft12.7,22.88,soft12.7+soft12.7,20.41,soft19+firm10,26.69,soft19+firm10,26.73,
ANSUR2-F-18411,F,0.4580152671755723,train,202.0,145.0,576.0,133.0,116.0,geometric_feasible,unevaluated,S13-L20,S13,0.0,3.0,1.0,,soft19,16.96,soft19,16.07,soft19,16.76,soft19+firm5,20.14,soft19+firm5,20.05,
ANSUR2-F-18415,F,0.4580152671755723,validation,183.0,143.0,553.0,126.0,112.0,excluded,fail,S13-L20,S13,,,,field_of_view,,,,,,,,,,,True
ANSUR2-F-18423,F,0.4580152671755723,train,185.0,138.0,558.0,120.0,115.0,excluded,fail,S13-L20,S13,,,,pad_too_loose,,,,,,,,,,,True
ANSUR2-F-18425,F,0.4580152671755723,train,197.0,153.0,582.0,115.0,113.0,excluded,fail,S13-L20,S13,,,,pad_too_loose,,,,,,,,,,,True
ANSUR2-F-18427,F,0.4580152671755723,validation,190.0,152.0,566.0,124.0,113.0,geometric_feasible,unevaluated,S13-L20,S13,6.0,6.0,0.0,,soft12.7+soft12.7,21.41,soft19+firm5,20.1,soft19+firm10,25.95,soft12.7+soft12.7,21.64,soft12.7+soft12.7,21.62,
ANSUR2-F-18429,F,0.4580152671755723,train,195.0,145.0,578.0,128.0,109.0,geometric_feasible,unevaluated,S13-L20,S13,0.0,6.0,1.0,,soft12.7+soft12.7,20.37,soft12.7+soft12.7,23.03,soft12.7+firm10,19.78,soft12.7+soft12.7,22.55,soft12.7+soft12.7,22.59,
ANSUR2-F-18430,F,0.4580152671755723,train,209.0,154.0,600.0,139.0,116.0,geometric_feasible,unevaluated,G226-L01,G226,6.0,-6.0,2.0,,soft12.7+soft12.7,23.72,soft12.7+soft12.7,21.99,soft19,17.48,soft19+firm10,26.35,soft19+firm10,26.32,
ANSUR2-F-18454,F,0.4580152671755723,train,174.0,150.0,540.0,124.0,107.0,excluded,fail,S13-L20,S13,,,,field_of_view,,,,,,,,,,,True
ANSUR2-F-18465,F,0.4580152671755723,train,202.0,152.0,576.0,129.0,101.0,geometric_feasible,unevaluated,G226-L11,G226,0.0,9.0,0.0,,soft12.7+soft12.7,23.02,soft12.7+soft12.7,23.84,soft19+firm10,25.64,soft19+firm10,26.01,soft19+firm10,26.01,
ANSUR2-F-18481,F,0.4580152671755723,train,202.0,153.0,588.0,130.0,108.0,geometric_feasible,unevaluated,S13-L20,S13,-3.0,9.0,0.0,,soft19,15.71,soft12.7+soft12.7,22.03,soft19,16.07,soft12.7+soft12.7,23.32,soft12.7+soft12.7,23.61,
ANSUR2-F-18499,F,0.4580152671755723,train,186.0,154.0,567.0,130.0,116.0,excluded,fail,S13-L20,S13,,,,pad_between_steps,,,,,,,,,,,True
ANSUR2-F-18503,F,0.4580152671755723,validation,200.0,153.0,591.0,130.0,119.0,geometric_feasible,unevaluated,G226-L11,G226,0.0,3.0,1.0,,soft19+firm10,26.42,soft19+firm10,27.1,soft19+firm10,25.71,soft19+firm10,25.65,soft19+firm10,25.66,
ANSUR2-F-18528,F,0.4580152671755723,validation,195.0,150.0,567.0,125.0,118.0,geometric_feasible,unevaluated,S13-L20,S13,0.0,6.0,2.0,,soft12.7+soft12.7,22.21,soft12.7+soft12.7,21.39,soft12.7+soft12.7,23.06,soft12.7+soft12.7,23.86,soft12.7+soft12.7,23.86,
ANSUR2-F-18535,F,0.4580152671755723,validation,188.0,155.0,569.0,125.0,117.0,geometric_feasible,unevaluated,S13-L20,S13,0.0,3.0,0.0,,soft19+firm10,25.78,soft19+firm10,26.29,soft12.7+soft12.7,22.42,soft12.7+soft12.7,22.69,soft12.7+soft12.7,22.69,
ANSUR2-F-18543,F,0.4580152671755723,validation,194.0,142.0,574.0,127.0,114.0,geometric_feasible,unevaluated,S13-L20,S13,-6.0,3.0,2.0,,soft12.7+soft12.7,20.98,soft12.7+soft12.7,23.69,soft12.7+firm10,19.93,soft12.7+soft12.7,22.09,soft12.7+soft12.7,22.18,
ANSUR2-F-18544,F,0.4580152671755723,validation,174.0,137.0,519.0,121.0,107.0,excluded,fail,S13-L20,S13,,,,pad_too_loose,,,,,,,,,,,True
ANSUR2-F-18560,F,0.4580152671755723,validation,179.0,143.0,534.0,121.0,114.0,geometric_feasible,unevaluated,S13-L20,S13,0.0,6.0,0.0,,soft19+firm10,26.56,soft19+firm10,26.39,soft12.7+soft12.7,23.95,soft19+firm10,26.77,soft19+firm10,26.77,
ANSUR2-F-20090,F,0.4580152671755723,train,193.0,145.0,557.0,130.0,120.0,geometric_feasible,unevaluated,S13-L20,S13,6.0,6.0,0.0,,soft19,16.75,soft19,16.6,soft12.7+soft12.7,22.28,soft12.7+soft12.7,20.73,soft12.7+soft12.7,20.58,
ANSUR2-F-20094,F,0.4580152671755723,train,197.0,146.0,562.0,126.0,117.0,geometric_feasible,unevaluated,S13-L20,S13,0.0,3.0,1.0,,soft12.7+soft12.7,23.91,soft12.7+soft12.7,23.15,soft12.7+soft12.7,20.39,soft19+firm10,25.7,soft19+firm10,25.7,
ANSUR2-F-20096,F,0.4580152671755723,train,179.0,148.0,551.0,124.0,114.0,geometric_feasible,unevaluated,S13-L20,S13,0.0,6.0,0.0,,soft12.7+soft12.7,23.98,soft19+firm10,26.29,soft12.7+soft12.7,24.05,soft12.7+soft12.7,23.47,soft12.7+soft12.7,23.46,
ANSUR2-F-20109,F,0.4580152671755723,train,182.0,156.0,554.0,127.0,111.0,excluded,fail,S13-L20,S13,,,,field_of_view,,,,,,,,,,,True
ANSUR2-F-20111,F,0.4580152671755723,train,190.0,150.0,560.0,119.0,115.0,geometric_feasible,unevaluated,S13-L20,S13,3.0,9.0,0.0,,soft19+firm10,26.2,soft19+firm10,25.45,soft19+firm10,26.06,soft12.7+firm15,24.7,soft12.7+firm15,24.7,
ANSUR2-F-20647,F,0.4580152671755723,train,188.0,143.0,544.0,124.0,116.0,geometric_feasible,unevaluated,S13-L20,S13,3.0,6.0,0.0,,soft12.7+soft12.7,23.95,soft12.7+soft12.7,23.98,soft19+firm10,26.37,soft19+firm10,26.62,soft19+firm10,26.58,
ANSUR2-F-20663,F,0.4580152671755723,validation,183.0,140.0,528.0,123.0,113.0,geometric_feasible,unevaluated,S13-L20,S13,3.0,9.0,0.0,,soft12.7+soft12.7,22.72,soft19+firm10,25.5,soft19+firm10,25.9,soft19+firm10,27.1,soft19+firm10,27.11,
ANSUR2-F-20700,F,0.4580152671755723,train,193.0,152.0,571.0,130.0,113.0,geometric_feasible,unevaluated,S13-L20,S13,0.0,9.0,0.0,,soft12.7+firm5,15.13,soft19,17.72,soft12.7+firm5,15.18,soft19,17.39,soft19,17.47,
ANSUR2-F-21179,F,0.4580152671755723,train,180.0,148.0,534.0,138.0,119.0,excluded,fail,G226-L01,G226,,,,field_of_view,,,,,,,,,,,True
ANSUR2-F-21185,F,0.4580152671755723,train,186.0,135.0,534.0,119.0,123.0,geometric_feasible,unevaluated,S13-L20,S13,-3.0,9.0,0.0,,soft12.7+soft12.7,23.35,soft19+firm10,26.84,soft12.7+soft12.7,22.31,soft19+firm10,26.76,soft19+firm10,26.8,
ANSUR2-F-21228,F,0.4580152671755723,validation,176.0,137.0,561.0,131.0,116.0,geometric_feasible,unevaluated,S13-L20,S13,0.0,3.0,0.0,,soft12.7+soft12.7,20.78,soft19+firm10,26.79,soft12.7+firm10,19.85,soft19+firm10,26.59,soft19+firm10,26.44,
ANSUR2-F-21411,F,0.4580152671755723,train,190.0,148.0,555.0,127.0,112.0,geometric_feasible,unevaluated,S13-L20,S13,0.0,6.0,0.0,,soft12.7+soft12.7,21.78,soft12.7+firm15,24.68,soft12.7+firm15,24.77,soft19+firm10,25.67,soft19+firm10,25.67,
ANSUR2-F-21414,F,0.4580152671755723,train,193.0,142.0,572.0,119.0,110.0,geometric_feasible,unevaluated,S13-L20,S13,-6.0,3.0,0.0,,soft19+firm10,27.38,soft19+firm10,27.43,soft12.7+soft12.7,22.18,soft19+firm10,24.81,soft19+firm10,24.92,
ANSUR2-F-21432,F,0.4580152671755723,validation,186.0,141.0,555.0,126.0,109.0,geometric_feasible,unevaluated,S13-L20,S13,0.0,3.0,0.0,,soft19+firm10,24.94,soft19+firm10,24.92,soft12.7+soft12.7,22.27,soft19+firm10,26.11,soft19+firm10,26.07,
ANSUR2-F-21501,F,0.4580152671755723,train,192.0,151.0,600.0,128.0,115.0,geometric_feasible,unevaluated,S13-L20,S13,0.0,3.0,1.0,,soft12.7+soft12.7,21.49,soft12.7+soft12.7,23.62,soft19,17.96,soft19+firm5,20.02,soft19+firm5,20.12,
ANSUR2-F-21548,F,0.4580152671755723,train,205.0,150.0,602.0,124.0,125.0,geometric_feasible,unevaluated,G226-L20,G226,3.0,12.0,0.0,,soft12.7+soft12.7,24.09,soft12.7+soft12.7,24.13,soft19+firm10,26.02,soft19+firm10,25.51,soft19+firm10,25.47,
ANSUR2-F-21561,F,0.4580152671755723,validation,199.0,144.0,565.0,142.0,106.0,geometric_feasible,unevaluated,G226-L01,G226,0.0,-3.0,2.0,,soft12.7+soft12.7,22.02,soft19+firm10,25.91,soft12.7+firm5,15.15,soft19+firm10,27.1,soft19+firm10,27.38,
ANSUR2-F-21565,F,0.4580152671755723,train,199.0,155.0,590.0,141.0,107.0,geometric_feasible,unevaluated,G226-L01,G226,3.0,0.0,2.0,,soft19+firm5,20.02,soft19+firm10,26.22,soft12.7+soft12.7,20.61,soft19+firm10,26.53,soft19+firm10,26.35,
ANSUR2-F-21587,F,0.4580152671755723,train,184.0,149.0,550.0,119.0,108.0,geometric_feasible,unevaluated,S13-L20,S13,0.0,12.0,0.0,,soft12.7+soft12.7,22.73,soft12.7+soft12.7,22.58,soft19+firm10,25.12,soft12.7+soft12.7,23.53,soft12.7+soft12.7,23.53,
ANSUR2-F-21592,F,0.4580152671755723,train,188.0,152.0,557.0,133.0,110.0,geometric_feasible,unevaluated,G226-L11,G226,6.0,6.0,0.0,,soft12.7+soft12.7,21.41,soft12.7+soft12.7,23.71,soft19+firm10,26.4,soft12.7+soft12.7,23.97,soft12.7+soft12.7,23.97,
ANSUR2-F-21653,F,0.4580152671755723,validation,208.0,162.0,618.0,134.0,107.0,geometric_feasible,unevaluated,G226-L01,G226,0.0,0.0,2.0,,soft19+firm10,25.89,soft12.7+soft12.7,23.31,soft19+firm10,25.34,soft12.7+soft12.7,23.52,soft12.7+soft12.7,23.51,
ANSUR2-F-21718,F,0.4580152671755723,train,194.0,147.0,565.0,126.0,110.0,geometric_feasible,unevaluated,S13-L20,S13,-6.0,3.0,2.0,,soft12.7+soft12.7,20.63,soft12.7+soft12.7,23.51,soft19,17.74,soft12.7+soft12.7,22.81,soft12.7+soft12.7,22.83,
ANSUR2-F-21720,F,0.4580152671755723,validation,186.0,145.0,562.0,131.0,109.0,geometric_feasible,unevaluated,S13-L20,S13,0.0,3.0,1.0,,soft12.7+soft12.7,20.74,soft12.7+soft12.7,22.69,soft12.7+soft12.7,23.56,soft12.7+soft12.7,23.19,soft12.7+soft12.7,23.11,
ANSUR2-F-21944,F,0.4580152671755723,train,188.0,146.0,576.0,132.0,118.0,geometric_feasible,unevaluated,S13-L20,S13,0.0,6.0,1.0,,soft19,16.75,soft12.7+soft12.7,21.62,soft12.7+soft12.7,21.03,soft12.7+soft12.7,21.08,soft12.7+soft12.7,21.23,
ANSUR2-F-22030,F,0.4580152671755723,train,200.0,153.0,570.0,120.0,111.0,geometric_feasible,unevaluated,S13-L20,S13,6.0,6.0,0.0,,soft19+firm10,25.29,soft12.7+soft12.7,21.39,soft12.7+soft12.7,21.44,soft12.7+soft12.7,23.49,soft12.7+soft12.7,23.48,
ANSUR2-F-22035,F,0.4580152671755723,train,171.0,146.0,527.0,121.0,103.0,geometric_feasible,unevaluated,S13-L20,S13,3.0,12.0,0.0,,soft12.7+soft12.7,21.19,soft12.7+soft12.7,22.57,soft19+firm10,24.95,soft12.7+soft12.7,22.05,soft12.7+soft12.7,22.05,
ANSUR2-F-22043,F,0.4580152671755723,train,192.0,152.0,570.0,140.0,113.0,geometric_feasible,unevaluated,G226-L01,G226,3.0,0.0,1.0,,soft12.7+soft12.7,21.02,soft19+firm10,26.58,soft12.7+soft12.7,21.84,soft19+firm10,26.77,soft19+firm10,26.69,
ANSUR2-F-22045,F,0.4580152671755723,train,199.0,144.0,558.0,124.0,121.0,geometric_feasible,unevaluated,S13-L20,S13,0.0,9.0,0.0,,soft12.7+soft12.7,21.42,soft12.7+soft12.7,21.95,soft12.7+firm10,19.78,soft19+firm10,25.09,soft19+firm10,25.09,
ANSUR2-F-22046,F,0.4580152671755723,train,190.0,146.0,554.0,136.0,124.0,geometric_feasible,unevaluated,S13-L20,S13,3.0,3.0,2.0,,soft19,15.49,soft19,17.5,soft12.7+soft12.7,20.68,soft12.7+soft12.7,20.87,soft12.7+soft12.7,20.57,
ANSUR2-F-22060,F,0.4580152671755723,train,190.0,144.0,564.0,118.0,107.0,geometric_feasible,unevaluated,S13-L20,S13,6.0,6.0,0.0,,soft19+firm10,26.91,soft12.7+soft12.7,23.75,soft12.7+soft12.7,22.96,soft19+firm10,25.86,soft19+firm10,25.77,
ANSUR2-F-22061,F,0.4580152671755723,train,185.0,152.0,605.0,126.0,106.0,geometric_feasible,unevaluated,S13-L20,S13,0.0,12.0,2.0,,soft19,16.61,soft19,17.06,soft19+firm5,20.06,soft19,17.4,soft19,17.36,
ANSUR2-F-22064,F,0.4580152671755723,train,186.0,144.0,550.0,121.0,107.0,geometric_feasible,unevaluated,S13-L20,S13,-3.0,9.0,0.0,,soft12.7+soft12.7,22.93,soft19+firm10,26.53,soft12.7+soft12.7,22.79,soft19+firm10,24.94,soft19+firm10,24.96,
ANSUR2-F-22065,F,0.4580152671755723,train,194.0,146.0,568.0,118.0,122.0,geometric_feasible,unevaluated,S13-L20,S13,-3.0,6.0,0.0,,soft19+firm10,27.25,soft12.7+soft12.7,22.89,soft19+firm10,24.95,soft19+firm10,25.49,soft19+firm10,25.51,
ANSUR2-F-22072,F,0.4580152671755723,train,183.0,146.0,560.0,123.0,111.0,geometric_feasible,unevaluated,S13-L20,S13,0.0,9.0,0.0,,soft12.7+soft12.7,21.94,soft12.7+soft12.7,21.58,soft12.7+firm15,24.6,soft12.7+soft12.7,22.16,soft12.7+soft12.7,22.11,
ANSUR2-F-22073,F,0.4580152671755723,train,182.0,144.0,556.0,130.0,110.0,geometric_feasible,unevaluated,S13-L20,S13,-3.0,9.0,2.0,,soft12.7+firm5,15.05,soft19,17.4,soft19,16.82,soft19,16.62,soft19,16.78,
ANSUR2-F-22075,F,0.4580152671755723,validation,191.0,147.0,564.0,114.0,106.0,excluded,fail,S13-L20,S13,,,,pad_too_loose,,,,,,,,,,,True
ANSUR2-F-22085,F,0.4580152671755723,validation,196.0,150.0,608.0,130.0,112.0,geometric_feasible,unevaluated,S13-L20,S13,-6.0,6.0,2.0,,soft19,16.23,soft12.7+soft12.7,21.39,soft19,15.35,soft19,17.32,soft19,17.42,
ANSUR2-F-22086,F,0.4580152671755723,train,196.0,144.0,586.0,130.0,112.0,geometric_feasible,unevaluated,S13-L20,S13,-3.0,3.0,1.0,,soft12.7+soft12.7,21.72,soft19+firm10,25.78,soft12.7,11.92,soft12.7+soft12.7,23.65,soft12.7+soft12.7,23.81,
ANSUR2-F-22089,F,0.4580152671755723,validation,190.0,140.0,556.0,130.0,118.0,geometric_feasible,unevaluated,G226-L11,G226,6.0,6.0,1.0,,soft12.7+soft12.7,23.34,soft12.7+soft12.7,23.42,soft12.7+soft12.7,23.47,soft19+firm10,26.79,soft19+firm10,26.65,
ANSUR2-F-22091,F,0.4580152671755723,train,192.0,156.0,560.0,122.0,116.0,geometric_feasible,unevaluated,S13-L20,S13,0.0,12.0,0.0,,soft12.7+soft12.7,20.74,soft12.7+soft12.7,23.54,soft12.7+soft12.7,22.32,soft12.7+soft12.7,22.19,soft12.7+soft12.7,22.18,
ANSUR2-F-22095,F,0.4580152671755723,validation,189.0,147.0,560.0,123.0,113.0,geometric_feasible,unevaluated,S13-L20,S13,0.0,6.0,0.0,,soft12.7+soft12.7,23.6,soft12.7+soft12.7,21.8,soft19+firm10,25.13,soft12.7+soft12.7,23.91,soft12.7+soft12.7,23.9,
ANSUR2-F-22096,F,0.4580152671755723,validation,199.0,155.0,598.0,137.0,116.0,geometric_feasible,unevaluated,S13-L20,S13,3.0,0.0,3.0,,soft19,16.41,soft19,16.81,soft19,15.8,soft19,17.64,soft19,17.58,
ANSUR2-F-22099,F,0.4580152671755723,train,187.0,146.0,586.0,127.0,109.0,geometric_feasible,unevaluated,S13-L20,S13,0.0,6.0,0.0,,soft12.7+soft12.7,21.74,soft12.7+soft12.7,22.64,soft19+firm10,25.4,soft12.7+soft12.7,23.55,soft12.7+soft12.7,23.45,
ANSUR2-F-22102,F,0.4580152671755723,validation,193.0,154.0,567.0,140.0,118.0,geometric_feasible,unevaluated,G226-L11,G226,6.0,-3.0,1.0,,soft12.7+soft12.7,23.46,soft19+firm10,25.1,soft19,15.79,soft19+firm10,26.7,soft19+firm10,26.7,
ANSUR2-F-23334,F,0.4580152671755723,train,191.0,150.0,541.0,133.0,110.0,geometric_feasible,unevaluated,S13-L20,S13,0.0,6.0,1.0,,soft12.7+firm5,15.16,soft19,17.34,soft19,15.65,soft19,17.93,soft19,17.92,
ANSUR2-F-23347,F,0.4580152671755723,validation,200.0,159.0,599.0,126.0,120.0,geometric_feasible,unevaluated,S13-L20,S13,0.0,6.0,1.0,,soft12.7+soft12.7,22.74,soft12.7+soft12.7,21.21,soft12.7+soft12.7,22.72,soft12.7+soft12.7,20.67,soft12.7+soft12.7,20.66,
ANSUR2-F-23350,F,0.4580152671755723,train,189.0,148.0,566.0,127.0,112.0,geometric_feasible,unevaluated,S13-L20,S13,3.0,3.0,0.0,,soft12.7+firm15,24.64,soft19+firm10,26.11,soft19,17.02,soft19+firm10,25.62,soft19+firm10,25.6,
ANSUR2-F-23664,F,0.4580152671755723,train,193.0,149.0,550.0,134.0,119.0,geometric_feasible,unevaluated,G226-L01,G226,6.0,3.0,0.0,,soft12.7+soft12.7,22.79,soft12.7+soft12.7,23.67,soft19,16.56,soft19+firm10,26.36,soft19+firm10,26.36,
ANSUR2-F-23840,F,0.4580152671755723,train,197.0,151.0,578.0,125.0,101.0,excluded,fail,S13-L20,S13,,,,nose,,,,,,,,,,,True
ANSUR2-F-23845,F,0.4580152671755723,train,197.0,149.0,584.0,136.0,121.0,geometric_feasible,unevaluated,S13-L20,S13,0.0,3.0,1.0,,soft12.7+firm5,15.06,soft19,16.1,soft19,15.49,soft19,17.09,soft19,17.21,
ANSUR2-F-23902,F,0.4580152671755723,validation,196.0,149.0,610.0,123.0,118.0,geometric_feasible,unevaluated,S13-L20,S13,0.0,3.0,0.0,,soft19+firm10,26.97,soft19,17.82,soft12.7+soft12.7,22.82,soft12.7+soft12.7,20.87,soft12.7+soft12.7,20.73,
ANSUR2-F-23903,F,0.4580152671755723,train,194.0,151.0,567.0,128.0,112.0,geometric_feasible,unevaluated,S13-L20,S13,6.0,6.0,2.0,,soft19,17.19,soft19,16.37,soft12.7+soft12.7,21.93,soft12.7+firm10,19.83,soft12.7+firm10,19.81,
ANSUR2-F-23916,F,0.4580152671755723,train,195.0,142.0,558.0,130.0,117.0,geometric_feasible,unevaluated,G226-L11,G226,0.0,6.0,1.0,,soft12.7+soft12.7,21.99,soft12.7+soft12.7,20.81,soft19+firm10,25.8,soft19+firm10,25.32,soft19+firm10,25.27,
ANSUR2-F-23930,F,0.4580152671755723,train,186.0,147.0,542.0,135.0,110.0,geometric_feasible,unevaluated,G226-L01,G226,0.0,3.0,2.0,,soft12.7+soft12.7,22.51,soft12.7+soft12.7,22.86,soft12.7+soft12.7,21.52,soft19+firm10,25.31,soft19+firm10,25.31,
ANSUR2-F-23940,F,0.4580152671755723,train,191.0,144.0,565.0,120.0,107.0,geometric_feasible,unevaluated,S13-L20,S13,0.0,12.0,0.0,,soft12.7+soft12.7,22.78,soft19+firm10,25.26,soft19+firm10,27.46,soft19+firm10,26.97,soft19+firm10,26.91,
ANSUR2-F-23944,F,0.4580152671755723,train,196.0,148.0,561.0,127.0,108.0,geometric_feasible,unevaluated,S13-L20,S13,0.0,12.0,2.0,,soft19,15.75,soft19,17.55,soft19,17.78,soft19+firm5,20.16,soft19+firm5,20.16,
ANSUR2-F-23974,F,0.4580152671755723,train,190.0,144.0,555.0,122.0,111.0,geometric_feasible,unevaluated,S13-L20,S13,3.0,3.0,0.0,,soft19+firm10,26.43,soft12.7+soft12.7,23.13,soft19+firm10,26.41,soft19+firm10,25.7,soft19+firm10,25.68,
ANSUR2-F-24072,F,0.4580152671755723,validation,182.0,146.0,581.0,138.0,117.0,geometric_feasible,unevaluated,G226-L01,G226,3.0,0.0,1.0,,soft12.7+soft12.7,22.73,soft19+firm10,25.39,soft12.7+soft12.7,21.8,soft12.7+firm15,24.75,soft12.7+firm15,24.62,
ANSUR2-F-24077,F,0.4580152671755723,train,196.0,151.0,573.0,132.0,101.0,geometric_feasible,unevaluated,S13-L20,S13,6.0,6.0,1.0,,soft19,15.28,soft19,16.01,soft19,17.74,soft19,18.02,soft19,17.92,
ANSUR2-F-24087,F,0.4580152671755723,train,200.0,144.0,561.0,128.0,108.0,geometric_feasible,unevaluated,S13-L20,S13,-3.0,9.0,1.0,,soft19,17.22,soft12.7+soft12.7,22.2,soft19,16.97,soft12.7+soft12.7,22.76,soft12.7+soft12.7,23.08,
ANSUR2-F-24095,F,0.4580152671755723,train,196.0,144.0,568.0,135.0,108.0,geometric_feasible,unevaluated,S13-L20,S13,3.0,3.0,2.0,,soft19,16.37,soft19,17.78,soft12.7+firm10,19.92,soft12.7+soft12.7,20.82,soft12.7+soft12.7,20.57,
ANSUR2-F-24102,F,0.4580152671755723,train,192.0,145.0,558.0,132.0,121.0,geometric_feasible,unevaluated,G226-L11,G226,0.0,6.0,1.0,,soft12.7+soft12.7,22.99,soft19+firm10,26.45,soft19+firm10,24.86,soft19+firm10,26.52,soft19+firm10,26.69,
ANSUR2-F-24103,F,0.4580152671755723,validation,182.0,144.0,537.0,130.0,106.0,geometric_feasible,unevaluated,S13-L20,S13,0.0,9.0,0.0,,soft19,15.75,soft12.7+soft12.7,20.69,soft12.7+soft12.7,22.39,soft12.7+soft12.7,22.44,soft12.7+soft12.7,22.25,
ANSUR2-F-24732,F,0.4580152671755723,train,187.0,152.0,543.0,136.0,121.0,excluded,fail,S13-L20,S13,,,,field_of_view,,,,,,,,,,,True
ANSUR2-F-24739,F,0.4580152671755723,train,189.0,146.0,553.0,135.0,113.0,geometric_feasible,unevaluated,S13-L20,S13,6.0,3.0,1.0,,soft19,16.51,soft12.7+firm10,19.94,soft19,15.51,soft12.7+soft12.7,22.49,soft12.7+soft12.7,22.2,
ANSUR2-F-24746,F,0.4580152671755723,train,187.0,153.0,570.0,133.0,107.0,excluded,fail,S13-L20,S13,,,,field_of_view,,,,,,,,,,,True
ANSUR2-F-24786,F,0.4580152671755723,validation,191.0,145.0,557.0,132.0,103.0,geometric_feasible,unevaluated,S13-L20,S13,3.0,0.0,2.0,,soft12.7+soft12.7,21.72,soft12.7+soft12.7,22.33,soft12.7+soft12.7,22.35,soft12.7+soft12.7,24.11,soft12.7+soft12.7,24.02,
ANSUR2-F-25023,F,0.4580152671755723,train,196.0,150.0,587.0,127.0,122.0,geometric_feasible,unevaluated,S13-L20,S13,3.0,3.0,1.0,,soft12.7+soft12.7,21.61,soft12.7+firm10,19.86,soft12.7+soft12.7,20.66,soft12.7+soft12.7,20.48,soft12.7+soft12.7,20.42,
ANSUR2-F-25036,F,0.4580152671755723,train,181.0,148.0,524.0,132.0,100.0,geometric_feasible,unevaluated,S13-L20,S13,3.0,6.0,1.0,,soft19,16.72,soft12.7+soft12.7,20.63,soft12.7+soft12.7,23.24,soft12.7+soft12.7,21.88,soft12.7+soft12.7,21.88,
ANSUR2-F-25039,F,0.4580152671755723,train,191.0,145.0,552.0,135.0,120.0,geometric_feasible,unevaluated,G226-L01,G226,0.0,3.0,2.0,,soft12.7+soft12.7,22.94,soft19+firm10,25.12,soft19+firm10,24.86,soft19+firm10,25.96,soft19+firm10,25.96,
ANSUR2-F-25049,F,0.4580152671755723,train,194.0,139.0,554.0,122.0,112.0,geometric_feasible,unevaluated,S13-L20,S13,0.0,6.0,0.0,,soft12.7+soft12.7,21.51,soft19+firm10,27.32,soft19,16.22,soft19+firm10,26.14,soft19+firm10,26.22,
ANSUR2-F-25060,F,0.4580152671755723,validation,192.0,149.0,563.0,128.0,112.0,geometric_feasible,unevaluated,S13-L20,S13,3.0,6.0,1.0,,soft19+firm5,20.32,soft12.7+soft12.7,20.81,soft12.7+soft12.7,21.14,soft12.7+soft12.7,22.18,soft12.7+soft12.7,22.18,
ANSUR2-F-25062,F,0.4580152671755723,train,194.0,151.0,560.0,133.0,109.0,geometric_feasible,unevaluated,G226-L11,G226,0.0,3.0,1.0,,soft12.7+soft12.7,23.27,soft12.7+soft12.7,22.86,soft19+firm10,27.15,soft19+firm10,25.23,soft19+firm10,25.23,
ANSUR2-F-25082,F,0.4580152671755723,train,180.0,147.0,539.0,134.0,109.0,geometric_feasible,unevaluated,S13-L20,S13,0.0,0.0,2.0,,soft12.7+firm10,19.86,soft12.7+soft12.7,20.61,soft19,16.48,soft12.7+soft12.7,21.52,soft12.7+soft12.7,21.52,
ANSUR2-F-25088,F,0.4580152671755723,train,183.0,145.0,553.0,139.0,105.0,excluded,fail,G226-L01,G226,,,,field_of_view,,,,,,,,,,,True
ANSUR2-F-25092,F,0.4580152671755723,train,185.0,138.0,533.0,122.0,110.0,geometric_feasible,unevaluated,S13-L20,S13,3.0,9.0,0.0,,soft12.7+soft12.7,22.88,soft12.7+soft12.7,23.57,soft12.7+soft12.7,23.19,soft19+firm10,25.56,soft19+firm10,25.46,
ANSUR2-F-25093,F,0.4580152671755723,train,190.0,151.0,559.0,128.0,118.0,geometric_feasible,unevaluated,S13-L20,S13,-6.0,0.0,0.0,,soft12.7+soft12.7,22.57,soft19+firm10,27.28,soft12.7+soft12.7,21.97,soft12.7+soft12.7,24.07,soft12.7+soft12.7,24.07,
ANSUR2-F-25094,F,0.4580152671755723,train,187.0,151.0,561.0,126.0,115.0,geometric_feasible,unevaluated,S13-L20,S13,-6.0,3.0,1.0,,soft12.7+soft12.7,22.19,soft12.7+soft12.7,20.67,soft12.7+soft12.7,23.17,soft12.7+soft12.7,21.42,soft12.7+soft12.7,21.43,
ANSUR2-F-25106,F,0.4580152671755723,train,191.0,149.0,555.0,129.0,116.0,geometric_feasible,unevaluated,S13-L20,S13,-6.0,9.0,1.0,,soft19,16.18,soft12.7+soft12.7,21.68,soft19,16.59,soft12.7+soft12.7,20.89,soft12.7+soft12.7,21.13,
ANSUR2-F-25131,F,0.4580152671755723,train,196.0,140.0,556.0,123.0,112.0,geometric_feasible,unevaluated,S13-L20,S13,-6.0,9.0,1.0,,soft19,17.45,soft12.7+soft12.7,21.57,soft19,15.77,soft12.7+soft12.7,21.63,soft12.7+soft12.7,21.68,
ANSUR2-F-25209,F,0.4580152671755723,validation,193.0,147.0,560.0,134.0,94.0,geometric_feasible,unevaluated,G226-L11,G226,0.0,6.0,1.0,,soft12.7+soft12.7,21.02,soft19+firm10,25.03,soft12.7+soft12.7,21.84,soft19+firm10,26.65,soft19+firm10,26.62,
ANSUR2-F-25219,F,0.4580152671755723,validation,186.0,134.0,534.0,128.0,107.0,geometric_feasible,unevaluated,S13-L20,S13,0.0,9.0,0.0,,soft19,17.74,soft12.7+soft12.7,23.61,soft12.7+soft12.7,22.91,soft19+firm10,26.35,soft19+firm10,26.13,
ANSUR2-F-25226,F,0.4580152671755723,train,200.0,150.0,568.0,132.0,108.0,geometric_feasible,unevaluated,G226-L01,G226,6.0,3.0,2.0,,soft12.7+soft12.7,23.87,soft12.7+soft12.7,23.87,soft19+firm10,26.33,soft19+firm10,26.29,soft19+firm10,26.29,
ANSUR2-F-25241,F,0.4580152671755723,train,168.0,157.0,543.0,134.0,108.0,excluded,fail,S13-L20,S13,,,,field_of_view,,,,,,,,,,,True
ANSUR2-F-25244,F,0.4580152671755723,train,187.0,144.0,555.0,127.0,117.0,excluded,fail,S13-L20,S13,,,,field_of_view,,,,,,,,,,,True
ANSUR2-F-25248,F,0.4580152671755723,train,196.0,149.0,572.0,131.0,111.0,geometric_feasible,unevaluated,G226-L01,G226,6.0,3.0,2.0,,soft12.7+soft12.7,23.47,soft12.7+soft12.7,22.22,soft19+firm10,26.11,soft19+firm10,26.6,soft19+firm10,26.55,
ANSUR2-F-25252,F,0.4580152671755723,train,189.0,150.0,560.0,121.0,117.0,geometric_feasible,unevaluated,S13-L20,S13,6.0,6.0,0.0,,soft19+firm10,27.29,soft12.7+soft12.7,22.87,soft12.7+soft12.7,23.82,soft19+firm10,25.29,soft19+firm10,25.28,
ANSUR2-F-25253,F,0.4580152671755723,train,195.0,145.0,560.0,132.0,111.0,geometric_feasible,unevaluated,G226-L01,G226,6.0,0.0,2.0,,soft12.7+soft12.7,23.25,soft12.7+soft12.7,22.09,soft12.7+soft12.7,22.67,soft19+firm10,26.49,soft19+firm10,26.46,
ANSUR2-F-25258,F,0.4580152671755723,validation,200.0,153.0,590.0,135.0,111.0,geometric_feasible,unevaluated,S13-L20,S13,-6.0,0.0,1.0,,soft19,17.94,soft12.7+firm15,24.74,soft12.7+firm5,15.16,soft19+firm5,20.31,soft12.7+soft12.7,20.4,
ANSUR2-F-25264,F,0.4580152671755723,train,189.0,154.0,564.0,126.0,120.0,geometric_feasible,unevaluated,S13-L20,S13,6.0,6.0,0.0,,soft12.7+soft12.7,21.88,soft12.7+soft12.7,22.13,soft19+firm10,25.21,soft12.7+soft12.7,22.07,soft12.7+soft12.7,22.07,
ANSUR2-F-25272,F,0.4580152671755723,validation,194.0,148.0,558.0,128.0,116.0,excluded,fail,S13-L20,S13,,,,field_of_view,,,,,,,,,,,True
ANSUR2-F-25281,F,0.4580152671755723,train,182.0,147.0,539.0,127.0,104.0,geometric_feasible,unevaluated,S13-L20,S13,3.0,6.0,0.0,,soft12.7+soft12.7,21.72,soft19+firm10,25.1,soft12.7+soft12.7,23.14,soft19+firm10,25.69,soft19+firm10,25.69,
ANSUR2-F-25282,F,0.4580152671755723,train,201.0,137.0,570.0,124.0,116.0,geometric_feasible,unevaluated,S13-L20,S13,-3.0,9.0,0.0,,soft12.7+soft12.7,20.8,soft12.7+soft12.7,21.78,soft19,17.62,soft12.7+firm15,24.63,soft12.7+firm15,24.72,
ANSUR2-F-25286,F,0.4580152671755723,train,171.0,146.0,524.0,130.0,107.0,excluded,fail,S13-L20,S13,,,,pad_too_loose,,,,,,,,,,,True
ANSUR2-F-25295,F,0.4580152671755723,train,190.0,156.0,580.0,134.0,108.0,geometric_feasible,unevaluated,S13-L20,S13,0.0,3.0,1.0,,soft19,17.74,soft12.7+soft12.7,21.3,soft12.7+soft12.7,22.68,soft12.7+soft12.7,21.34,soft12.7+soft12.7,21.28,
ANSUR2-F-25296,F,0.4580152671755723,validation,185.0,149.0,566.0,127.0,114.0,geometric_feasible,unevaluated,S13-L20,S13,3.0,6.0,0.0,,soft12.7+soft12.7,21.51,soft12.7+soft12.7,23.17,soft12.7+soft12.7,24.01,soft12.7+soft12.7,22.65,soft12.7+soft12.7,22.64,
ANSUR2-F-25319,F,0.4580152671755723,train,181.0,145.0,544.0,127.0,109.0,geometric_feasible,unevaluated,S13-L20,S13,3.0,3.0,0.0,,soft12.7+soft12.7,22.45,soft12.7+soft12.7,22.52,soft19+firm10,25.07,soft12.7+soft12.7,23.31,soft12.7+soft12.7,23.31,
ANSUR2-F-25321,F,0.4580152671755723,train,200.0,152.0,588.0,127.0,111.0,geometric_feasible,unevaluated,S13-L20,S13,0.0,3.0,0.0,,soft12.7+firm15,24.74,soft19+firm10,26.41,soft19,17.47,soft12.7+soft12.7,23.67,soft12.7+soft12.7,23.74,
ANSUR2-F-25330,F,0.4580152671755723,train,187.0,152.0,545.0,125.0,112.0,geometric_feasible,unevaluated,S13-L20,S13,0.0,3.0,0.0,,soft19+firm10,26.35,soft19+firm10,26.73,soft12.7+soft12.7,22.01,soft19+firm10,25.16,soft19+firm10,25.15,
ANSUR2-F-25337,F,0.4580152671755723,train,183.0,137.0,549.0,122.0,111.0,geometric_feasible,unevaluated,S13-L20,S13,3.0,6.0,0.0,,soft12.7+soft12.7,23.27,soft12.7+soft12.7,22.6,soft12.7+soft12.7,23.96,soft12.7+soft12.7,23.38,soft12.7+soft12.7,23.32,
ANSUR2-F-25341,F,0.4580152671755723,train,189.0,150.0,558.0,126.0,104.0,geometric_feasible,unevaluated,S13-L20,S13,3.0,0.0,0.0,,soft19+firm10,27.0,soft19+firm10,26.37,soft19+firm10,26.08,soft19+firm10,24.95,soft19+firm10,24.96,
ANSUR2-F-25342,F,0.4580152671755723,validation,197.0,146.0,571.0,133.0,110.0,geometric_feasible,unevaluated,S13-L20,S13,6.0,3.0,2.0,,soft19,17.4,soft19,17.12,soft12.7+soft12.7,22.17,soft12.7+soft12.7,20.89,soft12.7+soft12.7,20.78,
ANSUR2-F-25344,F,0.4580152671755723,train,201.0,147.0,592.0,130.0,119.0,geometric_feasible,unevaluated,G226-L11,G226,6.0,0.0,1.0,,soft19+firm10,26.68,soft12.7+soft12.7,23.92,soft12.7+soft12.7,22.4,soft19+firm10,26.14,soft19+firm10,26.03,
ANSUR2-F-25349,F,0.4580152671755723,train,187.0,139.0,537.0,127.0,111.0,geometric_feasible,unevaluated,S13-L20,S13,0.0,6.0,0.0,,soft12.7+soft12.7,20.81,soft12.7+soft12.7,20.94,soft12.7+soft12.7,21.66,soft12.7+soft12.7,23.9,soft12.7+soft12.7,23.77,
ANSUR2-F-25360,F,0.4580152671755723,train,183.0,147.0,570.0,120.0,107.0,geometric_feasible,unevaluated,S13-L20,S13,-6.0,6.0,0.0,,soft19+firm10,25.85,soft19+firm10,26.11,soft12.7+soft12.7,23.76,soft12.7+soft12.7,22.86,soft12.7+soft12.7,22.9,
ANSUR2-F-25367,F,0.4580152671755723,train,183.0,145.0,534.0,109.0,112.0,excluded,fail,S13-L20,S13,,,,pad_too_loose,,,,,,,,,,,True
ANSUR2-F-25383,F,0.4580152671755723,train,198.0,158.0,578.0,120.0,118.0,geometric_feasible,unevaluated,S13-L20,S13,0.0,9.0,0.0,,soft12.7+firm15,24.68,soft19+firm10,26.54,soft12.7+firm10,19.91,soft12.7+soft12.7,22.23,soft12.7+soft12.7,22.22,
ANSUR2-F-25409,F,0.4580152671755723,train,185.0,144.0,547.0,122.0,115.0,geometric_feasible,unevaluated,S13-L20,S13,-3.0,9.0,0.0,,soft12.7+soft12.7,23.56,soft19+firm10,26.12,soft19+firm10,25.77,soft19+firm10,26.47,soft19+firm10,26.53,
ANSUR2-F-25429,F,0.4580152671755723,validation,183.0,154.0,554.0,117.0,112.0,excluded,fail,S13-L20,S13,,,,pad_too_loose,,,,,,,,,,,True
ANSUR2-F-25431,F,0.4580152671755723,train,206.0,145.0,597.0,124.0,116.0,geometric_feasible,unevaluated,S13-L20,S13,0.0,9.0,0.0,,soft19+firm5,20.3,soft12.7+soft12.7,21.14,soft19,16.93,soft12.7+soft12.7,22.94,soft12.7+soft12.7,23.07,
ANSUR2-F-25432,F,0.4580152671755723,validation,195.0,155.0,577.0,135.0,104.0,geometric_feasible,unevaluated,S13-L20,S13,0.0,3.0,1.0,,soft19,16.04,soft19,17.78,soft19,16.16,soft19,17.94,soft19,17.94,
ANSUR2-F-25435,F,0.4580152671755723,train,192.0,144.0,557.0,133.0,122.0,geometric_feasible,unevaluated,S13-L20,S13,3.0,0.0,1.0,,soft19+firm5,20.16,soft19+firm5,20.25,soft12.7+soft12.7,21.49,soft12.7+soft12.7,22.69,soft12.7+soft12.7,22.63,
ANSUR2-F-25467,F,0.4580152671755723,validation,174.0,145.0,530.0,119.0,105.0,excluded,fail,S13-L20,S13,,,,pad_too_loose;field_of_view,,,,,,,,,,,True
ANSUR2-F-25477,F,0.4580152671755723,train,194.0,148.0,556.0,127.0,110.0,geometric_feasible,unevaluated,S13-L20,S13,0.0,6.0,1.0,,soft12.7+soft12.7,21.1,soft12.7+soft12.7,21.07,soft12.7+soft12.7,21.6,soft12.7+soft12.7,23.24,soft12.7+soft12.7,23.23,
ANSUR2-F-25482,F,0.4580152671755723,train,193.0,146.0,574.0,134.0,115.0,geometric_feasible,unevaluated,S13-L20,S13,6.0,3.0,1.0,,soft19,17.13,soft19,17.85,soft12.7+soft12.7,23.69,soft12.7+soft12.7,20.58,soft12.7+soft12.7,20.42,
ANSUR2-F-25501,F,0.4580152671755723,train,187.0,155.0,551.0,137.0,108.0,geometric_feasible,unevaluated,G226-L01,G226,3.0,-3.0,2.0,,soft19+firm10,26.66,soft19+firm10,27.08,soft12.7+soft12.7,22.52,soft19+firm10,27.35,soft19+firm10,27.35,
ANSUR2-F-25510,F,0.4580152671755723,validation,185.0,147.0,548.0,134.0,103.0,geometric_feasible,unevaluated,S13-L20,S13,3.0,3.0,2.0,,soft19,17.37,soft12.7+firm10,19.83,soft19,15.84,soft12.7+soft12.7,20.94,soft12.7+soft12.7,20.8,
ANSUR2-F-25511,F,0.4580152671755723,train,190.0,147.0,556.0,131.0,112.0,geometric_feasible,unevaluated,S13-L20,S13,3.0,6.0,1.0,,soft19,17.17,soft19,17.41,soft12.7+soft12.7,21.14,soft19+firm5,20.33,soft19+firm5,20.19,
ANSUR2-F-25525,F,0.4580152671755723,validation,194.0,147.0,567.0,134.0,118.0,geometric_feasible,unevaluated,S13-L20,S13,0.0,3.0,2.0,,soft19,17.78,soft12.7+firm10,19.81,soft12.7+soft12.7,21.47,soft12.7+soft12.7,22.32,soft12.7+soft12.7,22.12,
ANSUR2-F-25531,F,0.4580152671755723,validation,192.0,144.0,548.0,130.0,117.0,geometric_feasible,unevaluated,S13-L20,S13,3.0,6.0,1.0,,soft19,17.28,soft19,17.12,soft12.7+soft12.7,21.25,soft12.7+soft12.7,21.45,soft12.7+soft12.7,21.27,
ANSUR2-F-25548,F,0.4580152671755723,train,187.0,150.0,547.0,118.0,115.0,geometric_feasible,unevaluated,S13-L20,S13,0.0,12.0,0.0,,soft12.7+firm15,24.74,soft19+firm10,25.89,soft19+firm10,27.0,soft12.7+firm15,24.78,soft12.7+firm15,24.78,
ANSUR2-F-25550,F,0.4580152671755723,validation,177.0,147.0,531.0,124.0,111.0,excluded,fail,S13-L20,S13,,,,pad_too_loose,,,,,,,,,,,True
ANSUR2-F-25577,F,0.4580152671755723,train,193.0,154.0,575.0,131.0,109.0,geometric_feasible,unevaluated,G226-L11,G226,0.0,6.0,1.0,,soft12.7+soft12.7,22.15,soft12.7+soft12.7,21.89,soft19+firm10,26.58,soft12.7+soft12.7,23.54,soft12.7+soft12.7,23.54,
ANSUR2-F-25583,F,0.4580152671755723,train,193.0,138.0,555.0,121.0,106.0,geometric_feasible,unevaluated,S13-L20,S13,-3.0,9.0,0.0,,soft12.7+soft12.7,22.72,soft19+firm10,25.62,soft12.7+soft12.7,21.31,soft19+firm10,25.98,soft19+firm10,26.03,
ANSUR2-F-25590,F,0.4580152671755723,train,200.0,152.0,587.0,126.0,115.0,geometric_feasible,unevaluated,S13-L20,S13,0.0,6.0,2.0,,soft12.7+soft12.7,22.25,soft19,17.61,soft12.7+firm15,24.67,soft12.7+soft12.7,22.81,soft12.7+soft12.7,22.74,
ANSUR2-F-25609,F,0.4580152671755723,validation,189.0,150.0,573.0,131.0,117.0,geometric_feasible,unevaluated,G226-L20,G226,6.0,3.0,0.0,,soft19+firm10,25.17,soft19+firm10,25.46,soft12.7+soft12.7,21.78,soft19+firm10,26.51,soft19+firm10,26.48,
ANSUR2-F-25621,F,0.4580152671755723,train,178.0,147.0,538.0,113.0,111.0,excluded,fail,S13-L20,S13,,,,pad_too_loose,,,,,,,,,,,True
ANSUR2-F-25644,F,0.4580152671755723,validation,204.0,150.0,595.0,133.0,105.0,geometric_feasible,unevaluated,G226-L01,G226,3.0,0.0,1.0,,soft19+firm10,26.15,soft12.7+soft12.7,23.85,soft12.7+soft12.7,23.62,soft19+firm10,27.52,soft19+firm10,27.45,
ANSUR2-F-25659,F,0.4580152671755723,train,214.0,143.0,634.0,142.0,116.0,geometric_feasible,unevaluated,G226-L01,G226,0.0,-3.0,2.0,,soft12.7+soft12.7,22.02,soft12.7+soft12.7,23.03,soft12.7+soft12.7,20.82,soft19+firm10,26.7,soft19+firm10,26.76,
ANSUR2-F-25674,F,0.4580152671755723,train,184.0,157.0,558.0,136.0,109.0,geometric_feasible,unevaluated,G226-L01,G226,6.0,-3.0,1.0,,soft19+firm10,26.33,soft19+firm10,26.4,soft12.7+soft12.7,22.62,soft19+firm10,25.07,soft19+firm10,25.07,
ANSUR2-F-25679,F,0.4580152671755723,train,194.0,145.0,583.0,130.0,102.0,geometric_feasible,unevaluated,S13-L20,S13,0.0,6.0,1.0,,soft19,17.78,soft12.7+soft12.7,21.67,soft19,17.04,soft12.7+firm10,19.85,soft12.7+firm10,19.92,
ANSUR2-F-25687,F,0.4580152671755723,train,191.0,160.0,587.0,123.0,124.0,excluded,fail,S13-L20,S13,,,,field_of_view,,,,,,,,,,,True
ANSUR2-F-25694,F,0.4580152671755723,train,183.0,141.0,526.0,123.0,116.0,geometric_feasible,unevaluated,S13-L20,S13,3.0,3.0,0.0,,soft19+firm10,25.69,soft19+firm10,25.11,soft19+firm10,27.51,soft19+firm10,27.25,soft19+firm10,27.27,
ANSUR2-F-25704,F,0.4580152671755723,validation,201.0,152.0,587.0,138.0,115.0,geometric_feasible,unevaluated,G226-L11,G226,6.0,0.0,1.0,,soft12.7+soft12.7,22.74,soft19+firm10,25.11,soft19+firm10,26.46,soft19+firm10,26.98,soft19+firm10,26.84,
ANSUR2-F-25712,F,0.4580152671755723,validation,187.0,141.0,567.0,123.0,114.0,geometric_feasible,unevaluated,S13-L20,S13,0.0,12.0,1.0,,soft19,17.65,soft19,17.36,soft19,17.38,soft19,18.05,soft19,18.04,
ANSUR2-F-25715,F,0.4580152671755723,validation,199.0,152.0,574.0,134.0,104.0,geometric_feasible,unevaluated,S13-L20,S13,0.0,3.0,2.0,,soft19,17.78,soft12.7+soft12.7,22.46,soft12.7+soft12.7,22.01,soft12.7+soft12.7,24.01,soft12.7+soft12.7,24.01,
ANSUR2-F-25717,F,0.4580152671755723,train,191.0,144.0,550.0,132.0,114.0,geometric_feasible,unevaluated,S13-L20,S13,0.0,6.0,0.0,,soft19,16.75,soft12.7+soft12.7,22.33,soft12.7+soft12.7,20.77,soft12.7+soft12.7,23.46,soft12.7+soft12.7,23.74,
ANSUR2-F-25729,F,0.4580152671755723,train,186.0,153.0,574.0,129.0,111.0,excluded,fail,S13-L20,S13,,,,field_of_view,,,,,,,,,,,True
ANSUR2-F-25751,F,0.4580152671755723,validation,181.0,149.0,570.0,134.0,107.0,geometric_feasible,unevaluated,S13-L20,S13,0.0,3.0,3.0,,soft19,17.78,soft12.7+soft12.7,22.6,soft19,17.96,soft12.7+soft12.7,22.2,soft12.7+soft12.7,22.09,
ANSUR2-F-25755,F,0.4580152671755723,validation,196.0,156.0,610.0,139.0,124.0,geometric_feasible,unevaluated,G226-L11,G226,6.0,-3.0,1.0,,soft19+firm10,24.99,soft12.7+soft12.7,21.9,soft12.7+firm10,19.95,soft12.7+soft12.7,23.15,soft12.7+soft12.7,23.06,
ANSUR2-F-25769,F,0.4580152671755723,train,189.0,144.0,547.0,121.0,109.0,geometric_feasible,unevaluated,S13-L20,S13,-3.0,9.0,0.0,,soft12.7+soft12.7,21.7,soft12.7+soft12.7,20.51,soft12.7+soft12.7,21.21,soft12.7+soft12.7,22.98,soft12.7+soft12.7,22.98,
ANSUR2-F-25778,F,0.4580152671755723,validation,207.0,147.0,582.0,130.0,114.0,geometric_feasible,unevaluated,G226-L11,G226,3.0,6.0,1.0,,soft12.7+soft12.7,22.74,soft12.7+soft12.7,22.44,soft12.7+soft12.7,23.81,soft19+firm10,26.07,soft19+firm10,26.0,
ANSUR2-F-25780,F,0.4580152671755723,validation,184.0,144.0,538.0,130.0,113.0,geometric_feasible,unevaluated,S13-L20,S13,0.0,9.0,0.0,,soft19,15.75,soft12.7+soft12.7,20.72,soft19,17.62,soft19+firm5,20.29,soft12.7+soft12.7,20.53,
ANSUR2-F-25783,F,0.4580152671755723,validation,188.0,150.0,558.0,127.0,109.0,geometric_feasible,unevaluated,S13-L20,S13,-3.0,0.0,0.0,,soft19+firm10,25.24,soft12.7+soft12.7,21.61,soft19+firm10,25.93,soft12.7+soft12.7,23.37,soft12.7+soft12.7,23.36,
ANSUR2-F-25793,F,0.4580152671755723,validation,194.0,153.0,577.0,126.0,109.0,geometric_feasible,unevaluated,S13-L20,S13,-3.0,6.0,2.0,,soft12.7+soft12.7,21.96,soft12.7+soft12.7,20.65,soft12.7+soft12.7,22.32,soft12.7+soft12.7,22.03,soft12.7+soft12.7,22.03,
ANSUR2-F-25805,F,0.4580152671755723,validation,196.0,144.0,564.0,129.0,110.0,geometric_feasible,unevaluated,S13-L20,S13,6.0,3.0,1.0,,soft12.7+soft12.7,20.73,soft12.7+soft12.7,20.49,soft12.7+soft12.7,23.35,soft12.7+soft12.7,23.75,soft12.7+soft12.7,23.7,
ANSUR2-F-25808,F,0.4580152671755723,train,193.0,146.0,562.0,133.0,111.0,geometric_feasible,unevaluated,S13-L20,S13,-3.0,6.0,1.0,,soft19,15.73,soft12.7+soft12.7,21.38,soft19,17.96,soft12.7+soft12.7,20.8,soft12.7+soft12.7,21.04,
ANSUR2-F-25809,F,0.4580152671755723,train,182.0,142.0,524.0,129.0,113.0,geometric_feasible,unevaluated,S13-L20,S13,6.0,3.0,0.0,,soft12.7+soft12.7,21.59,soft12.7+soft12.7,22.09,soft12.7+firm10,19.81,soft19+firm10,26.28,soft19+firm10,26.12,
ANSUR2-F-25810,F,0.4580152671755723,train,185.0,142.0,542.0,128.0,115.0,excluded,fail,S13-L20,S13,,,,field_of_view,,,,,,,,,,,True
ANSUR2-F-25826,F,0.4580152671755723,train,184.0,139.0,527.0,123.0,116.0,geometric_feasible,unevaluated,S13-L20,S13,6.0,6.0,0.0,,soft12.7+soft12.7,22.88,soft12.7+soft12.7,21.74,soft19+firm10,26.69,soft19+firm10,25.9,soft19+firm10,25.88,
ANSUR2-F-25827,F,0.4580152671755723,train,185.0,145.0,583.0,137.0,109.0,geometric_feasible,unevaluated,G226-L01,G226,6.0,-3.0,2.0,,soft19+firm10,26.01,soft19+firm10,26.95,soft19,15.89,soft19+firm10,27.39,soft19+firm10,27.34,
ANSUR2-F-25829,F,0.4580152671755723,validation,202.0,147.0,579.0,131.0,123.0,geometric_feasible,unevaluated,G226-L11,G226,3.0,6.0,0.0,,soft12.7+soft12.7,23.74,soft19+firm10,25.66,soft12.7+soft12.7,23.91,soft19+firm10,26.85,soft19+firm10,26.74,
ANSUR2-F-25830,F,0.4580152671755723,train,190.0,142.0,546.0,121.0,108.0,geometric_feasible,unevaluated,S13-L20,S13,0.0,12.0,0.0,,soft12.7+soft12.7,21.7,soft12.7+soft12.7,22.01,soft19+firm10,24.94,soft19+firm10,25.67,soft19+firm10,25.51,
ANSUR2-F-25835,F,0.4580152671755723,validation,194.0,161.0,595.0,137.0,121.0,geometric_feasible,unevaluated,S13-L20,S13,3.0,0.0,3.0,,soft19,16.68,soft19,16.69,soft12.7+soft12.7,21.86,soft19,17.51,soft19,17.49,
ANSUR2-F-25839,F,0.4580152671755723,train,194.0,149.0,557.0,124.0,117.0,geometric_feasible,unevaluated,S13-L20,S13,0.0,3.0,0.0,,soft19+firm10,27.01,soft12.7+firm15,24.79,soft19,17.26,soft19+firm10,26.43,soft19+firm10,26.43,
ANSUR2-F-25859,F,0.4580152671755723,validation,189.0,154.0,570.0,126.0,111.0,geometric_feasible,unevaluated,S13-L20,S13,3.0,6.0,0.0,,soft12.7+soft12.7,22.72,soft19+firm10,25.09,soft19+firm10,24.98,soft12.7+soft12.7,23.69,soft12.7+soft12.7,23.69,
ANSUR2-F-25868,F,0.4580152671755723,train,202.0,152.0,588.0,132.0,123.0,geometric_feasible,unevaluated,S13-L20,S13,6.0,-3.0,2.0,,soft12.7+soft12.7,21.38,soft12.7+soft12.7,20.43,soft19,15.71,soft12.7+soft12.7,22.32,soft12.7+soft12.7,22.3,
ANSUR2-F-25873,F,0.4580152671755723,validation,185.0,140.0,568.0,125.0,104.0,geometric_feasible,unevaluated,S13-L20,S13,-3.0,9.0,1.0,,soft19+firm5,20.05,soft12.7+soft12.7,21.44,soft19+firm5,20.15,soft12.7+soft12.7,20.73,soft12.7+soft12.7,20.79,
ANSUR2-F-25880,F,0.4580152671755723,train,190.0,151.0,564.0,132.0,111.0,excluded,fail,S13-L20,S13,,,,field_of_view,,,,,,,,,,,True
ANSUR2-F-25881,F,0.4580152671755723,train,179.0,158.0,550.0,131.0,104.0,geometric_feasible,unevaluated,S13-L20,S13,6.0,6.0,0.0,,soft19,17.66,soft12.7+soft12.7,22.9,soft19+firm10,25.32,soft12.7+soft12.7,21.47,soft12.7+soft12.7,21.48,
ANSUR2-F-25888,F,0.4580152671755723,validation,169.0,152.0,540.0,128.0,112.0,geometric_feasible,unevaluated,S13-L20,S13,3.0,9.0,0.0,,soft19,17.72,soft12.7+soft12.7,21.86,soft19+firm10,25.2,soft12.7+soft12.7,21.0,soft12.7+soft12.7,20.93,
ANSUR2-F-25895,F,0.4580152671755723,train,198.0,146.0,570.0,134.0,123.0,geometric_feasible,unevaluated,G226-L01,G226,3.0,3.0,2.0,,soft12.7+soft12.7,23.87,soft19+firm10,26.25,soft19+firm10,25.65,soft19+firm10,27.49,soft19+firm10,27.37,
ANSUR2-F-25913,F,0.4580152671755723,validation,197.0,146.0,568.0,131.0,116.0,geometric_feasible,unevaluated,S13-L20,S13,6.0,3.0,2.0,,soft19,17.83,soft19,17.23,soft12.7+soft12.7,22.56,soft12.7+soft12.7,21.43,soft12.7+soft12.7,21.34,
ANSUR2-F-25920,F,0.4580152671755723,train,202.0,159.0,601.0,133.0,112.0,geometric_feasible,unevaluated,S13-L20,S13,0.0,6.0,3.0,,soft19,15.73,soft19,16.22,soft19,17.43,soft19,17.69,soft19,17.66,
ANSUR2-F-25924,F,0.4580152671755723,train,200.0,151.0,586.0,138.0,119.0,geometric_feasible,unevaluated,G226-L01,G226,0.0,-3.0,1.0,,soft12.7+soft12.7,23.98,soft12.7+soft12.7,23.44,soft19,17.42,soft19+firm10,25.08,soft19+firm10,25.07,
ANSUR2-F-25928,F,0.4580152671755723,train,188.0,157.0,593.0,140.0,117.0,excluded,fail,S13-L20,S13,,,,field_of_view,,,,,,,,,,,True
ANSUR2-F-25933,F,0.4580152671755723,validation,198.0,143.0,598.0,129.0,111.0,geometric_feasible,unevaluated,G226-L01,G226,3.0,3.0,2.0,,soft19+firm10,26.46,soft12.7+firm15,24.62,soft19+firm10,27.14,soft19+firm10,26.77,soft19+firm10,26.68,
ANSUR2-F-25934,F,0.4580152671755723,train,190.0,152.0,580.0,126.0,113.0,geometric_feasible,unevaluated,S13-L20,S13,-3.0,9.0,3.0,,soft19,16.19,soft19,15.67,soft19,15.97,soft19,15.43,soft19,15.45,
ANSUR2-F-25946,F,0.4580152671755723,train,190.0,157.0,565.0,134.0,114.0,geometric_feasible,unevaluated,S13-L20,S13,0.0,3.0,3.0,,soft19,17.74,soft12.7+soft12.7,21.09,soft12.7+soft12.7,21.69,soft12.7+soft12.7,20.86,soft12.7+soft12.7,20.86,
ANSUR2-F-25952,F,0.4580152671755723,train,189.0,147.0,559.0,134.0,112.0,geometric_feasible,unevaluated,G226-L11,G226,6.0,6.0,1.0,,soft12.7+soft12.7,21.0,soft19+firm10,25.92,soft19+firm10,26.77,soft19+firm10,27.44,soft19+firm10,27.16,
ANSUR2-F-25954,F,0.4580152671755723,train,201.0,154.0,598.0,139.0,109.0,geometric_feasible,unevaluated,G226-L01,G226,0.0,0.0,1.0,,soft12.7+soft12.7,22.02,soft19+firm10,24.84,soft19+firm10,26.87,soft19+firm10,25.79,soft19+firm10,25.72,
ANSUR2-F-25963,F,0.4580152671755723,validation,184.0,144.0,534.0,129.0,117.0,geometric_feasible,unevaluated,S13-L20,S13,0.0,3.0,1.0,,soft12.7+soft12.7,21.86,soft12.7+soft12.7,22.89,soft19,17.94,soft12.7+soft12.7,23.7,soft12.7+soft12.7,23.69,
ANSUR2-F-25964,F,0.4580152671755723,train,185.0,143.0,552.0,138.0,119.0,geometric_feasible,unevaluated,G226-L01,G226,3.0,0.0,2.0,,soft12.7+soft12.7,22.79,soft19+firm10,26.53,soft19,15.27,soft19+firm10,27.53,soft19+firm10,27.25,
ANSUR2-F-25967,F,0.4580152671755723,train,197.0,143.0,553.0,127.0,105.0,geometric_feasible,unevaluated,S13-L20,S13,3.0,6.0,0.0,,soft12.7+soft12.7,21.55,soft12.7+soft12.7,23.19,soft19+firm5,20.13,soft19+firm10,26.48,soft19+firm10,26.47,
ANSUR2-F-25982,F,0.4580152671755723,validation,190.0,146.0,553.0,128.0,120.0,geometric_feasible,unevaluated,S13-L20,S13,0.0,3.0,1.0,,soft12.7+soft12.7,23.62,soft12.7+soft12.7,23.7,soft19+firm10,24.86,soft19+firm10,25.67,soft19+firm10,25.68,
ANSUR2-F-25987,F,0.4580152671755723,train,193.0,149.0,558.0,136.0,111.0,geometric_feasible,unevaluated,G226-L11,G226,0.0,3.0,1.0,,soft12.7+soft12.7,22.02,soft19+firm10,25.01,soft12.7+soft12.7,22.7,soft19+firm10,25.39,soft19+firm10,25.39,
ANSUR2-F-25995,F,0.4580152671755723,validation,215.0,160.0,603.0,135.0,122.0,excluded,fail,G226-L01,G226,,,,nose,,,,,,,,,,,True
ANSUR2-F-25998,F,0.4580152671755723,train,195.0,143.0,577.0,129.0,115.0,geometric_feasible,unevaluated,S13-L20,S13,0.0,6.0,1.0,,soft12.7+firm10,19.78,soft12.7+soft12.7,21.01,soft12.7+soft12.7,20.86,soft12.7+soft12.7,22.33,soft12.7+soft12.7,22.37,
ANSUR2-F-25999,F,0.4580152671755723,train,195.0,148.0,580.0,138.0,119.0,excluded,fail,G226-L01,G226,,,,field_of_view,,,,,,,,,,,True
ANSUR2-F-26003,F,0.4580152671755723,train,196.0,147.0,588.0,127.0,108.0,geometric_feasible,unevaluated,S13-L20,S13,0.0,6.0,2.0,,soft19,17.21,soft19,17.94,soft19,16.06,soft19,17.7,soft19,17.78,
ANSUR2-F-26021,F,0.4580152671755723,validation,192.0,153.0,565.0,128.0,113.0,geometric_feasible,unevaluated,S13-L20,S13,0.0,3.0,1.0,,soft12.7+soft12.7,21.35,soft12.7+soft12.7,22.37,soft12.7+soft12.7,20.88,soft12.7+soft12.7,21.73,soft12.7+soft12.7,21.73,
ANSUR2-F-26026,F,0.4580152671755723,validation,193.0,150.0,560.0,127.0,105.0,geometric_feasible,unevaluated,S13-L20,S13,-3.0,9.0,2.0,,soft19,17.66,soft12.7+soft12.7,21.39,soft19,15.58,soft12.7+soft12.7,21.02,soft12.7+soft12.7,21.15,
ANSUR2-F-26030,F,0.4580152671755723,train,177.0,136.0,516.0,126.0,119.0,excluded,fail,S13-L20,S13,,,,field_of_view,,,,,,,,,,,True
ANSUR2-F-26031,F,0.4580152671755723,train,189.0,144.0,552.0,120.0,110.0,geometric_feasible,unevaluated,S13-L20,S13,0.0,9.0,0.0,,soft12.7+soft12.7,22.58,soft12.7+soft12.7,21.0,soft12.7+soft12.7,23.45,soft12.7+soft12.7,23.89,soft12.7+soft12.7,23.88,
ANSUR2-F-26040,F,0.4580152671755723,train,179.0,151.0,542.0,131.0,114.0,geometric_feasible,unevaluated,S13-L20,S13,3.0,6.0,0.0,,soft19,17.72,soft12.7+soft12.7,23.05,soft12.7+soft12.7,21.31,soft12.7+soft12.7,23.47,soft12.7+soft12.7,23.46,
ANSUR2-F-26051,F,0.4580152671755723,train,183.0,148.0,549.0,131.0,108.0,excluded,fail,S13-L20,S13,,,,field_of_view,,,,,,,,,,,True
ANSUR2-F-26053,F,0.4580152671755723,train,193.0,153.0,568.0,137.0,119.0,geometric_feasible,unevaluated,G226-L01,G226,0.0,0.0,2.0,,soft12.7+soft12.7,24.02,soft19+firm10,27.32,soft12.7+soft12.7,22.87,soft19+firm10,26.41,soft19+firm10,26.41,
ANSUR2-F-26063,F,0.4580152671755723,train,189.0,144.0,557.0,124.0,112.0,geometric_feasible,unevaluated,S13-L20,S13,0.0,6.0,0.0,,soft12.7+firm15,24.58,soft12.7+soft12.7,23.48,soft19+firm10,27.34,soft19+firm10,26.73,soft19+firm10,26.7,
ANSUR2-F-26068,F,0.4580152671755723,train,196.0,153.0,603.0,140.0,117.0,geometric_feasible,unevaluated,S13-L20,S13,0.0,-3.0,3.0,,soft19,17.74,soft12.7+soft12.7,21.96,soft19,16.99,soft19+firm5,20.03,soft19+firm5,20.15,
ANSUR2-F-26072,F,0.4580152671755723,train,179.0,142.0,557.0,126.0,107.0,geometric_feasible,unevaluated,S13-L20,S13,3.0,9.0,1.0,,soft19,17.46,soft19,17.02,soft12.7+soft12.7,21.11,soft19,17.99,soft19,17.93,
ANSUR2-F-26076,F,0.4580152671755723,validation,193.0,154.0,578.0,133.0,113.0,geometric_feasible,unevaluated,S13-L20,S13,-3.0,0.0,2.0,,soft12.7+soft12.7,21.59,soft19+firm10,26.02,soft19,15.86,soft12.7+soft12.7,23.26,soft12.7+soft12.7,23.27,
ANSUR2-F-26080,F,0.4580152671755723,train,188.0,145.0,555.0,127.0,114.0,geometric_feasible,unevaluated,S13-L20,S13,3.0,6.0,0.0,,soft19,18.0,soft19,17.38,soft12.7+soft12.7,22.51,soft12.7+soft12.7,20.47,soft12.7+soft12.7,20.43,
ANSUR2-F-26081,F,0.4580152671755723,train,185.0,144.0,540.0,129.0,114.0,excluded,fail,S13-L20,S13,,,,field_of_view,,,,,,,,,,,True
ANSUR2-F-26084,F,0.4580152671755723,validation,188.0,148.0,548.0,133.0,121.0,geometric_feasible,unevaluated,G226-L11,G226,6.0,3.0,1.0,,soft12.7+soft12.7,23.03,soft12.7+soft12.7,23.32,soft12.7+soft12.7,22.14,soft19+firm10,26.16,soft19+firm10,26.07,
ANSUR2-F-26089,F,0.4580152671755723,train,190.0,145.0,550.0,129.0,108.0,geometric_feasible,unevaluated,S13-L20,S13,3.0,6.0,2.0,,soft19,17.89,soft19,17.77,soft12.7+soft12.7,21.68,soft12.7+soft12.7,21.53,soft12.7+soft12.7,21.4,
ANSUR2-F-26097,F,0.4580152671755723,train,187.0,150.0,565.0,133.0,116.0,geometric_feasible,unevaluated,G226-L11,G226,6.0,6.0,1.0,,soft12.7+soft12.7,21.15,soft12.7+soft12.7,22.14,soft19+firm10,26.47,soft12.7+soft12.7,22.71,soft12.7+soft12.7,22.68,
ANSUR2-F-26099,F,0.4580152671755723,validation,211.0,147.0,598.0,130.0,119.0,geometric_feasible,unevaluated,G226-L20,G226,-3.0,6.0,0.0,,soft12.7+soft12.7,23.86,soft12.7+soft12.7,22.14,soft12.7+soft12.7,21.31,soft19+firm10,26.65,soft19+firm10,26.75,
ANSUR2-F-26102,F,0.4580152671755723,validation,180.0,145.0,588.0,139.0,121.0,geometric_feasible,unevaluated,G226-L01,G226,6.0,0.0,1.0,,soft12.7+soft12.7,21.67,soft19+firm10,25.08,soft19+firm10,27.23,soft19+firm10,24.92,soft12.7+firm15,24.76,
ANSUR2-F-26114,F,0.4580152671755723,train,195.0,155.0,585.0,124.0,103.0,geometric_feasible,unevaluated,S13-L20,S13,6.0,6.0,0.0,,soft12.7+soft12.7,21.57,soft12.7+soft12.7,20.38,soft19+firm10,26.16,soft12.7+soft12.7,20.91,soft12.7+soft12.7,20.87,
ANSUR2-F-26121,F,0.4580152671755723,train,190.0,150.0,560.0,133.0,114.0,geometric_feasible,unevaluated,G226-L11,G226,6.0,3.0,1.0,,soft12.7+soft12.7,23.15,soft12.7+soft12.7,23.74,soft12.7+soft12.7,21.47,soft19+firm10,25.77,soft19+firm10,25.67,
ANSUR2-F-26132,F,0.4580152671755723,validation,184.0,146.0,541.0,129.0,119.0,excluded,fail,S13-L20,S13,,,,field_of_view,,,,,,,,,,,True
ANSUR2-F-27070,F,0.4580152671755723,train,175.0,140.0,517.0,110.0,104.0,excluded,fail,S13-L20,S13,,,,pad_too_loose,,,,,,,,,,,True
ANSUR2-F-27072,F,0.4580152671755723,train,185.0,144.0,545.0,119.0,115.0,geometric_feasible,unevaluated,S13-L20,S13,0.0,9.0,0.0,,soft19+firm10,25.93,soft19+firm10,26.25,soft19+firm10,25.69,soft19+firm10,26.39,soft19+firm10,26.39,
ANSUR2-F-27084,F,0.4580152671755723,train,183.0,145.0,544.0,107.0,108.0,excluded,fail,S13-L20,S13,,,,pad_too_loose,,,,,,,,,,,True
ANSUR2-F-27089,F,0.4580152671755723,train,205.0,151.0,580.0,134.0,116.0,geometric_feasible,unevaluated,G226-L20,G226,0.0,3.0,0.0,,soft12.7+soft12.7,24.02,soft12.7+firm15,24.61,soft12.7+soft12.7,22.46,soft19+firm10,27.06,soft19+firm10,27.06,
ANSUR2-F-27094,F,0.4580152671755723,train,180.0,148.0,538.0,118.0,111.0,geometric_feasible,unevaluated,S13-L20,S13,-3.0,9.0,0.0,,soft19+firm10,26.47,soft19+firm10,26.26,soft19+firm10,26.57,soft12.7+soft12.7,23.91,soft12.7+soft12.7,23.92,
ANSUR2-F-27099,F,0.4580152671755723,train,183.0,141.0,535.0,122.0,115.0,geometric_feasible,unevaluated,S13-L20,S13,3.0,6.0,0.0,,soft12.7+soft12.7,23.29,soft12.7+soft12.7,22.65,soft19+firm10,26.74,soft19+firm10,25.54,soft19+firm10,25.54,
ANSUR2-F-27104,F,0.4580152671755723,train,186.0,147.0,555.0,122.0,111.0,geometric_feasible,unevaluated,S13-L20,S13,0.0,9.0,0.0,,soft12.7+soft12.7,21.88,soft12.7+soft12.7,21.78,soft12.7+soft12.7,22.56,soft12.7+soft12.7,22.62,soft12.7+soft12.7,22.63,
ANSUR2-F-27211,F,0.4580152671755723,train,198.0,145.0,575.0,127.0,108.0,geometric_feasible,unevaluated,S13-L20,S13,0.0,6.0,1.0,,soft12.7+soft12.7,21.74,soft12.7+soft12.7,22.88,soft12.7+soft12.7,22.83,soft19+firm10,25.01,soft19+firm10,25.02,
ANSUR2-F-27217,F,0.4580152671755723,train,185.0,145.0,537.0,129.0,109.0,geometric_feasible,unevaluated,S13-L20,S13,0.0,9.0,0.0,,soft19,16.75,soft19+firm5,20.07,soft12.7+soft12.7,20.47,soft12.7+soft12.7,21.49,soft12.7+soft12.7,21.49,
ANSUR2-F-27218,F,0.4580152671755723,validation,190.0,147.0,553.0,124.0,121.0,geometric_feasible,unevaluated,S13-L20,S13,3.0,6.0,1.0,,soft12.7+soft12.7,22.16,soft12.7+soft12.7,21.93,soft12.7+soft12.7,22.55,soft12.7+soft12.7,23.49,soft12.7+soft12.7,23.49,
ANSUR2-F-27229,F,0.4580152671755723,train,200.0,140.0,568.0,130.0,114.0,geometric_feasible,unevaluated,G226-L11,G226,0.0,6.0,1.0,,soft12.7+soft12.7,23.63,soft12.7+soft12.7,23.45,soft12.7+soft12.7,23.55,soft19+firm10,26.3,soft19+firm10,26.28,
ANSUR2-F-27231,F,0.4580152671755723,validation,187.0,144.0,546.0,117.0,117.0,geometric_feasible,unevaluated,S13-L20,S13,3.0,9.0,0.0,,soft19+firm10,27.28,soft19+firm10,26.05,soft19+firm10,27.13,soft19+firm10,27.04,soft19+firm10,27.04,
ANSUR2-F-27237,F,0.4580152671755723,train,188.0,148.0,589.0,121.0,107.0,excluded,fail,S13-L20,S13,,,,field_of_view,,,,,,,,,,,True
ANSUR2-F-27240,F,0.4580152671755723,train,195.0,144.0,564.0,133.0,105.0,geometric_feasible,unevaluated,G226-L11,G226,0.0,6.0,1.0,,soft12.7+soft12.7,22.02,soft12.7+soft12.7,23.41,soft19+firm10,25.08,soft19+firm10,25.72,soft19+firm10,25.55,
ANSUR2-F-27437,F,0.4580152671755723,validation,180.0,144.0,537.0,125.0,122.0,geometric_feasible,unevaluated,S13-L20,S13,6.0,6.0,0.0,,soft12.7+soft12.7,21.08,soft12.7+soft12.7,21.1,soft12.7+soft12.7,22.03,soft12.7+soft12.7,23.53,soft12.7+soft12.7,23.47,
ANSUR2-F-27438,F,0.4580152671755723,validation,198.0,154.0,595.0,139.0,123.0,geometric_feasible,unevaluated,G226-L11,G226,3.0,0.0,1.0,,soft12.7+soft12.7,21.93,soft19+firm10,24.84,soft12.7+firm5,15.14,soft19+firm10,25.23,soft19+firm10,25.1,
ANSUR2-F-27440,F,0.4580152671755723,train,186.0,148.0,550.0,128.0,119.0,excluded,fail,S13-L20,S13,,,,field_of_view,,,,,,,,,,,True
ANSUR2-F-27441,F,0.4580152671755723,validation,195.0,150.0,592.0,140.0,119.0,geometric_feasible,unevaluated,G226-L01,G226,3.0,-6.0,2.0,,soft19+firm10,26.09,soft12.7+soft12.7,23.79,soft19+firm5,20.14,soft19+firm10,26.56,soft19+firm10,26.45,
ANSUR2-F-27455,F,0.4580152671755723,validation,183.0,145.0,542.0,129.0,119.0,geometric_feasible,unevaluated,S13-L20,S13,3.0,9.0,0.0,,soft19,16.65,soft19+firm5,20.15,soft19+firm5,20.15,soft12.7+soft12.7,20.92,soft12.7+soft12.7,20.77,
ANSUR2-F-27469,F,0.4580152671755723,train,196.0,155.0,577.0,148.0,120.0,excluded,fail,S13-L20,S13,,,,pad_too_tight,,,,,,,,,,,True
ANSUR2-F-27472,F,0.4580152671755723,validation,190.0,139.0,564.0,133.0,117.0,geometric_feasible,unevaluated,S13-L20,S13,0.0,0.0,1.0,,soft19+firm5,20.17,soft19+firm5,20.02,soft12.7+soft12.7,21.6,soft12.7+soft12.7,21.96,soft12.7+soft12.7,21.89,
ANSUR2-F-27475,F,0.4580152671755723,validation,187.0,155.0,557.0,129.0,120.0,geometric_feasible,unevaluated,S13-L20,S13,0.0,3.0,0.0,,soft12.7+soft12.7,22.74,soft19+firm10,26.49,soft12.7+soft12.7,22.29,soft12.7+soft12.7,23.19,soft12.7+soft12.7,23.18,
ANSUR2-F-27476,F,0.4580152671755723,train,185.0,142.0,536.0,117.0,117.0,geometric_feasible,unevaluated,S13-L20,S13,3.0,9.0,0.0,,soft19+firm10,26.45,soft19+firm10,25.78,soft19+firm10,27.29,soft19+firm10,27.4,soft19+firm10,27.41,
ANSUR2-F-27481,F,0.4580152671755723,train,178.0,146.0,527.0,131.0,113.0,excluded,fail,S13-L20,S13,,,,field_of_view,,,,,,,,,,,True
ANSUR2-F-27482,F,0.4580152671755723,train,187.0,154.0,553.0,131.0,122.0,geometric_feasible,unevaluated,S13-L20,S13,0.0,6.0,1.0,,soft19,17.75,soft12.7+firm10,19.85,soft12.7+soft12.7,21.47,soft19+firm5,20.27,soft19+firm5,20.27,
ANSUR2-F-27624,F,0.4580152671755723,validation,183.0,143.0,543.0,129.0,114.0,geometric_feasible,unevaluated,S13-L20,S13,3.0,6.0,2.0,,soft19,17.63,soft19,17.57,soft12.7+soft12.7,23.23,soft12.7+soft12.7,20.55,soft12.7+soft12.7,20.45,
ANSUR2-F-27625,F,0.4580152671755723,train,193.0,150.0,560.0,115.0,120.0,geometric_feasible,unevaluated,S13-L20,S13,3.0,12.0,0.0,,soft19+firm10,27.53,soft19+firm10,26.24,soft19+firm10,25.71,soft19+firm10,26.08,soft19+firm10,26.08,
ANSUR2-F-27838,F,0.4580152671755723,train,183.0,140.0,538.0,130.0,108.0,geometric_feasible,unevaluated,S13-L20,S13,0.0,3.0,0.0,,soft12.7+soft12.7,21.78,soft19+firm10,24.97,soft12.7+firm15,24.59,soft19+firm10,27.09,soft19+firm10,26.89,
ANSUR2-F-27839,F,0.4580152671755723,train,178.0,147.0,538.0,135.0,112.0,geometric_feasible,unevaluated,G226-L11,G226,6.0,3.0,0.0,,soft12.7+soft12.7,21.39,soft12.7+soft12.7,22.39,soft19+firm10,26.56,soft12.7+soft12.7,23.64,soft12.7+soft12.7,23.53,
ANSUR2-F-27849,F,0.4580152671755723,validation,189.0,150.0,550.0,113.0,114.0,excluded,fail,S13-L20,S13,,,,pad_too_loose,,,,,,,,,,,True
ANSUR2-F-28088,F,0.4580152671755723,train,185.0,147.0,542.0,122.0,117.0,geometric_feasible,unevaluated,S13-L20,S13,0.0,9.0,0.0,,soft12.7+soft12.7,23.74,soft19+firm10,25.23,soft19+firm10,27.29,soft19+firm10,26.37,soft19+firm10,26.36,
ANSUR2-F-28091,F,0.4580152671755723,validation,202.0,140.0,552.0,126.0,111.0,geometric_feasible,unevaluated,G226-L11,G226,-3.0,9.0,1.0,,soft12.7+soft12.7,22.68,soft12.7+soft12.7,23.92,soft12.7+soft12.7,22.47,soft19+firm10,27.25,soft19+firm10,27.25,
ANSUR2-F-28093,F,0.4580152671755723,train,193.0,143.0,549.0,119.0,117.0,geometric_feasible,unevaluated,S13-L20,S13,0.0,12.0,0.0,,soft12.7+soft12.7,23.74,soft12.7+soft12.7,23.91,soft12.7+soft12.7,23.53,soft19+firm10,26.38,soft19+firm10,26.38,
ANSUR2-F-28097,F,0.4580152671755723,train,179.0,149.0,537.0,128.0,109.0,geometric_feasible,unevaluated,S13-L20,S13,6.0,6.0,0.0,,soft12.7+firm10,19.83,soft12.7+soft12.7,20.8,soft19+firm10,25.82,soft12.7+soft12.7,22.29,soft12.7+soft12.7,22.29,
ANSUR2-F-28165,F,0.4580152671755723,validation,192.0,146.0,571.0,129.0,122.0,geometric_feasible,unevaluated,G226-L11,G226,0.0,3.0,1.0,,soft19+firm10,26.18,soft19+firm10,25.34,soft19+firm10,25.5,soft19+firm10,26.83,soft19+firm10,26.79,
ANSUR2-F-28168,F,0.4580152671755723,validation,184.0,149.0,546.0,132.0,119.0,excluded,fail,S13-L20,S13,,,,field_of_view,,,,,,,,,,,True
ANSUR2-F-28172,F,0.4580152671755723,train,190.0,150.0,568.0,129.0,117.0,geometric_feasible,unevaluated,S13-L20,S13,3.0,9.0,0.0,,soft19,16.72,soft12.7+soft12.7,21.33,soft12.7+soft12.7,21.97,soft12.7+soft12.7,22.05,soft12.7+soft12.7,21.89,
ANSUR2-F-28176,F,0.4580152671755723,train,193.0,153.0,570.0,132.0,120.0,geometric_feasible,unevaluated,S13-L20,S13,6.0,6.0,0.0,,soft19,16.62,soft19+firm5,20.35,soft12.7+soft12.7,22.36,soft12.7+soft12.7,21.69,soft12.7+soft12.7,21.5,
ANSUR2-F-28177,F,0.4580152671755723,train,185.0,144.0,550.0,131.0,123.0,geometric_feasible,unevaluated,S13-L20,S13,3.0,3.0,1.0,,soft19+firm5,20.02,soft12.7+soft12.7,20.93,soft12.7+soft12.7,21.56,soft12.7+soft12.7,21.84,soft12.7+soft12.7,21.77,
ANSUR2-F-28180,F,0.4580152671755723,train,193.0,148.0,563.0,119.0,114.0,geometric_feasible,unevaluated,S13-L20,S13,0.0,6.0,0.0,,soft19+firm10,27.18,soft12.7+soft12.7,21.67,soft19+firm10,26.77,soft19+firm10,25.46,soft19+firm10,25.46,
ANSUR2-F-28181,F,0.4580152671755723,validation,180.0,143.0,538.0,118.0,112.0,excluded,fail,S13-L20,S13,,,,pad_too_loose,,,,,,,,,,,True
ANSUR2-F-28182,F,0.4580152671755723,train,179.0,143.0,546.0,120.0,117.0,excluded,fail,S13-L20,S13,,,,field_of_view,,,,,,,,,,,True
ANSUR2-F-28241,F,0.4580152671755723,validation,187.0,150.0,559.0,125.0,105.0,geometric_feasible,unevaluated,S13-L20,S13,3.0,3.0,0.0,,soft19+firm10,25.54,soft19+firm10,24.85,soft19+firm10,27.27,soft12.7+soft12.7,24.01,soft12.7+soft12.7,24.0,
ANSUR2-F-28244,F,0.4580152671755723,validation,182.0,153.0,550.0,119.0,110.0,geometric_feasible,unevaluated,S13-L20,S13,3.0,6.0,0.0,,soft19+firm10,27.39,soft19+firm10,26.24,soft19+firm10,26.19,soft12.7+soft12.7,23.04,soft12.7+soft12.7,23.04,
ANSUR2-F-28245,F,0.4580152671755723,train,183.0,150.0,544.0,118.0,114.0,excluded,fail,S13-L20,S13,,,,pad_too_loose,,,,,,,,,,,True
ANSUR2-F-28247,F,0.4580152671755723,train,182.0,158.0,552.0,131.0,109.0,excluded,fail,S13-L20,S13,,,,field_of_view,,,,,,,,,,,True
ANSUR2-F-28248,F,0.4580152671755723,train,177.0,151.0,543.0,125.0,101.0,geometric_feasible,unevaluated,S13-L20,S13,6.0,3.0,0.0,,soft12.7+soft12.7,22.11,soft12.7+soft12.7,21.74,soft19+firm10,27.04,soft12.7+soft12.7,21.15,soft12.7+soft12.7,21.14,
ANSUR2-F-28253,F,0.4580152671755723,train,200.0,143.0,577.0,123.0,113.0,geometric_feasible,unevaluated,S13-L20,S13,0.0,3.0,0.0,,soft19+firm10,26.09,soft19+firm10,26.4,soft19,17.14,soft19+firm10,25.61,soft19+firm10,25.73,
ANSUR2-F-28254,F,0.4580152671755723,train,193.0,144.0,557.0,126.0,117.0,geometric_feasible,unevaluated,S13-L20,S13,-6.0,9.0,1.0,,soft19,16.24,soft12.7+soft12.7,21.28,soft19,15.55,soft12.7+firm10,19.88,soft12.7+firm10,19.96,
ANSUR2-F-28255,F,0.4580152671755723,train,177.0,137.0,507.0,121.0,115.0,geometric_feasible,unevaluated,S13-L20,S13,6.0,12.0,0.0,,soft12.7+soft12.7,21.34,soft12.7+soft12.7,23.8,soft19+firm10,27.36,soft19+firm10,26.65,soft19+firm10,26.59,
ANSUR2-F-28261,F,0.4580152671755723,validation,195.0,152.0,580.0,121.0,112.0,geometric_feasible,unevaluated,S13-L20,S13,0.0,6.0,1.0,,soft12.7+soft12.7,23.4,soft19,17.36,soft12.7+soft12.7,23.57,soft19+firm5,20.27,soft19+firm5,20.22,
ANSUR2-F-28268,F,0.4580152671755723,validation,169.0,141.0,502.0,122.0,102.0,geometric_feasible,unevaluated,S13-L20,S13,3.0,12.0,0.0,,soft12.7+soft12.7,20.44,soft12.7+soft12.7,22.74,soft19+firm10,24.95,soft12.7+soft12.7,23.14,soft12.7+soft12.7,23.16,
ANSUR2-F-28269,F,0.4580152671755723,train,193.0,153.0,568.0,128.0,115.0,geometric_feasible,unevaluated,S13-L20,S13,3.0,3.0,0.0,,soft12.7+soft12.7,23.72,soft19+firm10,27.38,soft12.7+soft12.7,21.86,soft12.7+firm15,24.7,soft12.7+firm15,24.7,
ANSUR2-F-28270,F,0.4580152671755723,train,195.0,145.0,571.0,132.0,122.0,geometric_feasible,unevaluated,S13-L20,S13,3.0,6.0,0.0,,soft19,16.72,soft19+firm5,20.24,soft12.7+soft12.7,20.72,soft12.7+soft12.7,22.05,soft12.7+soft12.7,21.78,
ANSUR2-F-28272,F,0.4580152671755723,train,178.0,146.0,529.0,122.0,102.0,geometric_feasible,unevaluated,S13-L20,S13,3.0,9.0,0.0,,soft12.7+soft12.7,23.36,soft19+firm10,24.86,soft19+firm10,25.68,soft12.7+firm15,24.61,soft12.7+firm15,24.61,
ANSUR2-F-28273,F,0.4580152671755723,validation,185.0,142.0,558.0,121.0,114.0,geometric_feasible,unevaluated,S13-L20,S13,3.0,6.0,0.0,,soft19+firm10,26.6,soft19+firm10,24.92,soft12.7+soft12.7,23.69,soft19+firm10,26.74,soft19+firm10,26.66,
ANSUR2-F-28275,F,0.4580152671755723,train,192.0,143.0,579.0,133.0,111.0,geometric_feasible,unevaluated,S13-L20,S13,6.0,3.0,2.0,,soft19,17.4,soft19,16.07,soft12.7+firm15,24.71,soft19+firm5,20.09,soft19+firm5,20.0,
ANSUR2-F-28278,F,0.4580152671755723,train,194.0,156.0,575.0,131.0,117.0,geometric_feasible,unevaluated,S13-L20,S13,-3.0,6.0,2.0,,soft19,17.48,soft12.7+soft12.7,21.58,soft19,17.9,soft12.7+firm10,19.94,soft12.7+firm10,19.98,
ANSUR2-F-28279,F,0.4580152671755723,train,178.0,145.0,525.0,124.0,104.0,excluded,fail,S13-L20,S13,,,,field_of_view,,,,,,,,,,,True
ANSUR2-F-28282,F,0.4580152671755723,train,183.0,141.0,541.0,125.0,110.0,geometric_feasible,unevaluated,S13-L20,S13,3.0,9.0,0.0,,soft19+firm5,20.3,soft12.7+soft12.7,21.26,soft19+firm10,25.57,soft12.7+soft12.7,23.81,soft12.7+soft12.7,23.65,
ANSUR2-F-28288,F,0.4580152671755723,train,183.0,136.0,528.0,108.0,108.0,excluded,fail,S13-L20,S13,,,,pad_too_loose,,,,,,,,,,,True
ANSUR2-F-28292,F,0.4580152671755723,validation,201.0,148.0,580.0,129.0,95.0,geometric_feasible,unevaluated,S13-L20,S13,-3.0,9.0,1.0,,soft19,16.33,soft19,16.83,soft19,17.78,soft12.7+firm10,19.77,soft12.7+firm10,19.95,
ANSUR2-F-28300,F,0.4580152671755723,validation,195.0,141.0,558.0,122.0,115.0,geometric_feasible,unevaluated,S13-L20,S13,-3.0,6.0,0.0,,soft12.7+soft12.7,22.73,soft19+firm10,25.68,soft19,17.65,soft19+firm10,26.2,soft19+firm10,26.24,
ANSUR2-F-28301,F,0.4580152671755723,validation,197.0,152.0,583.0,127.0,107.0,geometric_feasible,unevaluated,G226-L11,G226,-3.0,6.0,1.0,,soft19+firm10,24.8,soft12.7+soft12.7,22.33,soft19+firm10,26.97,soft12.7+firm15,24.66,soft12.7+firm15,24.64,
ANSUR2-F-28304,F,0.4580152671755723,train,203.0,155.0,592.0,126.0,122.0,geometric_feasible,unevaluated,S13-L20,S13,0.0,6.0,1.0,,soft12.7+soft12.7,20.74,soft12.7+soft12.7,21.03,soft19,17.86,soft12.7+soft12.7,21.56,soft12.7+soft12.7,21.58,
ANSUR2-F-28311,F,0.4580152671755723,train,202.0,137.0,565.0,130.0,116.0,geometric_feasible,unevaluated,S13-L20,S13,-3.0,3.0,1.0,,soft19,17.02,soft12.7+soft12.7,21.17,soft12.7+firm5,15.1,soft12.7+soft12.7,22.47,soft12.7+soft12.7,22.64,
ANSUR2-F-28502,F,0.4580152671755723,train,191.0,147.0,562.0,125.0,107.0,geometric_feasible,unevaluated,S13-L20,S13,-6.0,6.0,2.0,,soft12.7+soft12.7,20.72,soft19,17.94,soft12.7+soft12.7,20.89,soft12.7+soft12.7,21.17,soft12.7+soft12.7,21.17,
ANSUR2-F-28505,F,0.4580152671755723,validation,190.0,151.0,580.0,122.0,102.0,geometric_feasible,unevaluated,S13-L20,S13,0.0,6.0,0.0,,soft12.7+firm15,24.61,soft12.7+soft12.7,22.8,soft12.7+soft12.7,22.52,soft12.7+soft12.7,21.83,soft12.7+soft12.7,21.86,
ANSUR2-F-28508,F,0.4580152671755723,train,199.0,152.0,575.0,132.0,113.0,geometric_feasible,unevaluated,G226-L11,G226,0.0,9.0,1.0,,soft19+firm5,20.02,soft12.7+soft12.7,22.93,soft19+firm10,27.3,soft19+firm10,25.98,soft19+firm10,25.89,
ANSUR2-F-28513,F,0.4580152671755723,train,186.0,141.0,537.0,121.0,108.0,geometric_feasible,unevaluated,S13-L20,S13,0.0,6.0,0.0,,soft19+firm10,25.44,soft12.7+soft12.7,23.57,soft19+firm10,27.35,soft19+firm10,27.53,soft19+firm10,27.53,
ANSUR2-F-28517,F,0.4580152671755723,validation,183.0,145.0,535.0,129.0,114.0,geometric_feasible,unevaluated,S13-L20,S13,3.0,3.0,1.0,,soft12.7+soft12.7,21.79,soft12.7+soft12.7,22.6,soft12.7+soft12.7,23.88,soft12.7+soft12.7,23.75,soft12.7+soft12.7,23.75,
ANSUR2-F-28520,F,0.4580152671755723,train,193.0,144.0,560.0,119.0,113.0,geometric_feasible,unevaluated,S13-L20,S13,0.0,12.0,0.0,,soft12.7+soft12.7,23.22,soft12.7+soft12.7,22.36,soft19+firm10,24.91,soft19+firm10,25.82,soft19+firm10,25.77,
ANSUR2-F-28521,F,0.4580152671755723,validation,194.0,152.0,576.0,128.0,115.0,geometric_feasible,unevaluated,S13-L20,S13,0.0,0.0,0.0,,soft19+firm10,26.74,soft19+firm10,27.03,soft12.7+soft12.7,23.56,soft12.7+firm15,24.72,soft12.7+firm15,24.73,
ANSUR2-F-28522,F,0.4580152671755723,validation,179.0,155.0,542.0,120.0,113.0,excluded,fail,S13-L20,S13,,,,pad_too_loose,,,,,,,,,,,True
ANSUR2-F-28523,F,0.4580152671755723,validation,178.0,145.0,531.0,122.0,106.0,geometric_feasible,unevaluated,S13-L20,S13,0.0,12.0,0.0,,soft12.7+soft12.7,20.72,soft12.7+soft12.7,21.77,soft12.7+soft12.7,22.36,soft12.7+soft12.7,22.08,soft12.7+soft12.7,22.08,
ANSUR2-F-28562,F,0.4580152671755723,validation,170.0,138.0,520.0,115.0,107.0,excluded,fail,S13-L20,S13,,,,pad_too_loose;field_of_view,,,,,,,,,,,True
ANSUR2-F-28563,F,0.4580152671755723,train,177.0,151.0,540.0,125.0,115.0,geometric_feasible,unevaluated,S13-L20,S13,0.0,9.0,0.0,,soft12.7+soft12.7,20.74,soft12.7+soft12.7,21.93,soft19+firm10,27.07,soft12.7+soft12.7,23.11,soft12.7+soft12.7,23.11,
ANSUR2-F-28567,F,0.4580152671755723,train,200.0,158.0,588.0,142.0,129.0,excluded,fail,G226-L01,G226,,,,pad_too_tight,,,,,,,,,,,True
ANSUR2-F-28569,F,0.4580152671755723,train,198.0,155.0,581.0,133.0,116.0,geometric_feasible,unevaluated,S13-L20,S13,0.0,0.0,1.0,,soft12.7+soft12.7,20.65,soft12.7+soft12.7,20.37,soft12.7+soft12.7,21.19,soft12.7+soft12.7,21.79,soft12.7+soft12.7,21.79,
ANSUR2-F-28590,F,0.4580152671755723,validation,181.0,148.0,547.0,132.0,118.0,geometric_feasible,unevaluated,S13-L20,S13,6.0,6.0,1.0,,soft19,16.38,soft19,17.98,soft19+firm10,25.39,soft12.7+soft12.7,20.54,soft19+firm5,20.35,
ANSUR2-F-28594,F,0.4580152671755723,train,187.0,143.0,560.0,130.0,121.0,geometric_feasible,unevaluated,S13-L20,S13,0.0,3.0,1.0,,soft12.7+soft12.7,21.57,soft12.7+soft12.7,22.81,soft12.7+soft12.7,22.08,soft12.7+soft12.7,23.26,soft12.7+soft12.7,23.32,
ANSUR2-F-28596,F,0.4580152671755723,train,183.0,146.0,548.0,122.0,112.0,geometric_feasible,unevaluated,S13-L20,S13,-3.0,6.0,0.0,,soft19+firm10,25.85,soft19+firm10,27.05,soft19+firm10,26.28,soft19+firm10,26.16,soft19+firm10,26.16,
ANSUR2-F-28597,F,0.4580152671755723,train,191.0,147.0,550.0,111.0,109.0,excluded,fail,S13-L20,S13,,,,pad_too_loose,,,,,,,,,,,True
ANSUR2-F-28598,F,0.4580152671755723,validation,183.0,142.0,538.0,116.0,111.0,geometric_feasible,unevaluated,S13-L20,S13,-3.0,12.0,0.0,,soft12.7+firm15,24.61,soft12.7+soft12.7,21.73,soft19+firm10,26.04,soft19+firm10,25.35,soft19+firm10,25.35,
ANSUR2-F-28611,F,0.4580152671755723,train,187.0,142.0,574.0,130.0,110.0,geometric_feasible,unevaluated,S13-L20,S13,3.0,3.0,0.0,,soft12.7+soft12.7,21.41,soft12.7+soft12.7,23.36,soft19,15.5,soft12.7+soft12.7,23.74,soft12.7+soft12.7,23.61,
ANSUR2-F-28612,F,0.4580152671755723,train,195.0,148.0,573.0,123.0,119.0,geometric_feasible,unevaluated,S13-L20,S13,-3.0,6.0,0.0,,soft12.7+soft12.7,23.24,soft12.7+soft12.7,23.44,soft12.7+soft12.7,22.0,soft12.7+soft12.7,23.59,soft12.7+soft12.7,23.62,
ANSUR2-F-28616,F,0.4580152671755723,train,184.0,148.0,543.0,121.0,115.0,geometric_feasible,unevaluated,S13-L20,S13,0.0,9.0,0.0,,soft12.7+firm15,24.71,soft19+firm10,24.81,soft19+firm10,26.39,soft19+firm10,24.98,soft19+firm10,24.98,
ANSUR2-F-28679,F,0.4580152671755723,validation,193.0,148.0,567.0,123.0,112.0,geometric_feasible,unevaluated,S13-L20,S13,-3.0,6.0,1.0,,soft12.7+soft12.7,20.46,soft12.7+soft12.7,23.33,soft19,17.22,soft12.7+soft12.7,21.01,soft12.7+soft12.7,21.05,
ANSUR2-F-28680,F,0.4580152671755723,train,172.0,156.0,534.0,127.0,102.0,excluded,fail,S13-L20,S13,,,,field_of_view,,,,,,,,,,,True
ANSUR2-F-28681,F,0.4580152671755723,validation,199.0,147.0,572.0,125.0,118.0,geometric_feasible,unevaluated,S13-L20,S13,0.0,6.0,1.0,,soft19+firm5,20.05,soft12.7+soft12.7,22.72,soft19,16.86,soft12.7+soft12.7,23.25,soft12.7+soft12.7,23.29,
ANSUR2-F-28692,F,0.4580152671755723,train,186.0,157.0,559.0,117.0,107.0,excluded,fail,S13-L20,S13,,,,pad_too_loose,,,,,,,,,,,True
ANSUR2-F-28720,F,0.4580152671755723,train,194.0,145.0,554.0,124.0,103.0,geometric_feasible,unevaluated,S13-L20,S13,-6.0,6.0,0.0,,soft12.7+soft12.7,21.58,soft19+firm10,25.13,soft12.7+soft12.7,21.28,soft19+firm10,25.05,soft19+firm10,25.11,
ANSUR2-F-28721,F,0.4580152671755723,train,200.0,150.0,600.0,126.0,111.0,geometric_feasible,unevaluated,G226-L20,G226,6.0,9.0,0.0,,soft12.7+soft12.7,22.83,soft12.7+soft12.7,20.39,soft19+firm10,27.17,soft12.7+soft12.7,22.21,soft12.7+soft12.7,22.1,
ANSUR2-F-28725,F,0.4580152671755723,train,180.0,145.0,528.0,125.0,108.0,geometric_feasible,unevaluated,S13-L20,S13,0.0,6.0,0.0,,soft12.7+soft12.7,23.74,soft19+firm10,25.17,soft12.7+soft12.7,23.85,soft19+firm10,26.92,soft19+firm10,26.91,
ANSUR2-F-28731,F,0.4580152671755723,train,188.0,143.0,555.0,115.0,117.0,excluded,fail,S13-L20,S13,,,,pad_too_loose,,,,,,,,,,,True
ANSUR2-F-28737,F,0.4580152671755723,validation,195.0,145.0,563.0,123.0,111.0,excluded,fail,S13-L20,S13,,,,pad_too_loose,,,,,,,,,,,True
ANSUR2-F-28746,F,0.4580152671755723,train,191.0,144.0,569.0,131.0,116.0,geometric_feasible,unevaluated,G226-L01,G226,-3.0,6.0,2.0,,soft12.7+soft12.7,23.92,soft19+firm10,27.08,soft19+firm10,26.54,soft19+firm10,26.61,soft19+firm10,26.72,
ANSUR2-F-28749,F,0.4580152671755723,train,181.0,148.0,539.0,120.0,118.0,excluded,fail,S13-L20,S13,,,,pad_too_loose,,,,,,,,,,,True
ANSUR2-F-28750,F,0.4580152671755723,train,198.0,148.0,575.0,128.0,120.0,geometric_feasible,unevaluated,S13-L20,S13,-3.0,6.0,2.0,,soft19+firm5,20.06,soft12.7+soft12.7,20.66,soft12.7+soft12.7,20.39,soft12.7+soft12.7,22.41,soft12.7+soft12.7,22.47,
ANSUR2-F-28766,F,0.4580152671755723,validation,196.0,156.0,580.0,118.0,115.0,geometric_feasible,unevaluated,S13-L20,S13,-3.0,6.0,0.0,,soft19+firm10,26.61,soft19+firm10,25.12,soft12.7+soft12.7,22.27,soft12.7+soft12.7,22.27,soft12.7+soft12.7,22.27,
ANSUR2-F-28816,F,0.4580152671755723,validation,200.0,148.0,585.0,119.0,127.0,geometric_feasible,unevaluated,S13-L20,S13,-3.0,9.0,0.0,,soft12.7+soft12.7,23.94,soft12.7+soft12.7,22.14,soft19,16.89,soft12.7+soft12.7,21.33,soft12.7+soft12.7,21.43,
ANSUR2-F-28818,F,0.4580152671755723,validation,190.0,153.0,558.0,125.0,104.0,geometric_feasible,unevaluated,S13-L20,S13,-3.0,3.0,0.0,,soft12.7+soft12.7,22.62,soft19+firm10,27.23,soft12.7+soft12.7,20.37,soft12.7+soft12.7,23.0,soft12.7+soft12.7,23.0,
ANSUR2-F-28819,F,0.4580152671755723,train,195.0,151.0,561.0,123.0,109.0,geometric_feasible,unevaluated,S13-L20,S13,0.0,9.0,0.0,,soft12.7+soft12.7,21.76,soft12.7+soft12.7,23.4,soft12.7+soft12.7,20.66,soft12.7+soft12.7,23.6,soft12.7+soft12.7,23.6,
ANSUR2-F-28820,F,0.4580152671755723,validation,200.0,148.0,580.0,119.0,115.0,geometric_feasible,unevaluated,S13-L20,S13,0.0,6.0,0.0,,soft19+firm10,27.42,soft12.7+soft12.7,20.92,soft12.7+soft12.7,22.33,soft19+firm10,24.99,soft19+firm10,24.95,
ANSUR2-F-28822,F,0.4580152671755723,train,189.0,156.0,580.0,130.0,107.0,geometric_feasible,unevaluated,S13-L20,S13,-3.0,9.0,0.0,,soft19,15.71,soft12.7+soft12.7,20.83,soft12.7+soft12.7,21.09,soft12.7+firm10,19.97,soft19+firm5,20.09,
ANSUR2-F-28825,F,0.4580152671755723,train,189.0,151.0,550.0,124.0,104.0,geometric_feasible,unevaluated,S13-L20,S13,3.0,0.0,0.0,,soft19+firm10,26.9,soft19+firm10,26.62,soft12.7+soft12.7,23.4,soft12.7+soft12.7,23.85,soft12.7+soft12.7,23.85,
ANSUR2-F-28828,F,0.4580152671755723,train,178.0,146.0,538.0,123.0,107.0,geometric_feasible,unevaluated,S13-L20,S13,0.0,9.0,0.0,,soft12.7+soft12.7,22.74,soft19+firm10,27.25,soft12.7+soft12.7,22.49,soft19+firm10,25.98,soft19+firm10,25.98,
ANSUR2-F-28832,F,0.4580152671755723,train,195.0,143.0,563.0,112.0,116.0,geometric_feasible,unevaluated,S13-L20,S13,3.0,12.0,0.0,,soft19+firm10,26.96,soft12.7+soft12.7,23.62,soft12.7+soft12.7,23.81,soft19+firm10,26.75,soft19+firm10,26.72,
ANSUR2-F-28836,F,0.4580152671755723,validation,193.0,143.0,553.0,120.0,104.0,geometric_feasible,unevaluated,S13-L20,S13,0.0,9.0,0.0,,soft12.7+soft12.7,22.57,soft12.7+soft12.7,21.49,soft12.7+soft12.7,21.16,soft12.7+firm15,24.7,soft12.7+firm15,24.7,
ANSUR2-F-28840,F,0.4580152671755723,train,195.0,148.0,570.0,127.0,120.0,geometric_feasible,unevaluated,S13-L20,S13,0.0,6.0,0.0,,soft12.7+soft12.7,20.73,soft12.7+soft12.7,22.22,soft12.7+soft12.7,20.4,soft12.7+soft12.7,22.99,soft12.7+soft12.7,23.01,
ANSUR2-F-28844,F,0.4580152671755723,train,179.0,144.0,523.0,112.0,101.0,excluded,fail,S13-L20,S13,,,,pad_too_loose,,,,,,,,,,,True
ANSUR2-F-28848,F,0.4580152671755723,train,193.0,144.0,556.0,123.0,109.0,geometric_feasible,unevaluated,S13-L20,S13,0.0,6.0,1.0,,soft12.7+soft12.7,21.25,soft12.7+firm15,24.62,soft19,17.61,soft12.7+firm15,24.74,soft12.7+firm15,24.76,
ANSUR2-F-28852,F,0.4580152671755723,validation,194.0,145.0,560.0,127.0,125.0,geometric_feasible,unevaluated,S13-L20,S13,6.0,12.0,0.0,,soft19,15.57,soft19,17.93,soft12.7+soft12.7,21.24,soft12.7+soft12.7,21.05,soft12.7+soft12.7,20.82,
ANSUR2-F-28856,F,0.4580152671755723,train,188.0,148.0,548.0,121.0,106.0,geometric_feasible,unevaluated,S13-L20,S13,3.0,9.0,0.0,,soft12.7+firm15,24.69,soft19+firm10,25.97,soft19+firm10,27.16,soft19+firm10,26.12,soft19+firm10,26.12,
ANSUR2-F-28857,F,0.4580152671755723,train,195.0,153.0,586.0,134.0,112.0,geometric_feasible,unevaluated,S13-L20,S13,3.0,3.0,2.0,,soft19,15.75,soft19,16.65,soft19,15.69,soft19,16.59,soft19,16.55,
ANSUR2-F-28951,F,0.4580152671755723,train,182.0,143.0,530.0,115.0,107.0,excluded,fail,S13-L20,S13,,,,pad_too_loose,,,,,,,,,,,True
ANSUR2-F-29017,F,0.4580152671755723,train,183.0,143.0,533.0,120.0,99.0,geometric_feasible,unevaluated,S13-L20,S13,-3.0,9.0,0.0,,soft12.7+soft12.7,22.55,soft19+firm10,25.85,soft12.7+soft12.7,21.92,soft12.7+firm15,24.75,soft12.7+firm15,24.75,
ANSUR2-F-29018,F,0.4580152671755723,train,195.0,146.0,575.0,130.0,119.0,geometric_feasible,unevaluated,S13-L20,S13,3.0,9.0,1.0,,soft19,15.26,soft19,16.63,soft19,15.65,soft19,17.77,soft19,17.61,
ANSUR2-F-29022,F,0.4580152671755723,train,182.0,144.0,531.0,122.0,110.0,geometric_feasible,unevaluated,S13-L20,S13,0.0,9.0,0.0,,soft12.7+soft12.7,23.67,soft19+firm10,26.07,soft12.7+firm15,24.77,soft19+firm10,25.84,soft19+firm10,25.84,
ANSUR2-F-29026,F,0.4580152671755723,train,191.0,147.0,552.0,118.0,105.0,geometric_feasible,unevaluated,S13-L20,S13,-3.0,12.0,0.0,,soft12.7+soft12.7,22.68,soft19+firm10,26.3,soft12.7+soft12.7,21.68,soft19+firm10,25.57,soft19+firm10,25.58,
ANSUR2-F-29027,F,0.4580152671755723,train,192.0,151.0,565.0,130.0,124.0,geometric_feasible,unevaluated,G226-L11,G226,6.0,6.0,0.0,,soft12.7+soft12.7,23.16,soft12.7+soft12.7,23.43,soft19+firm10,27.52,soft19+firm10,24.87,soft19+firm10,24.87,
ANSUR2-F-29069,F,0.4580152671755723,train,185.0,151.0,558.0,124.0,114.0,geometric_feasible,unevaluated,S13-L20,S13,0.0,6.0,0.0,,soft12.7+firm15,24.77,soft19+firm10,26.49,soft12.7+firm15,24.7,soft12.7+soft12.7,23.62,soft12.7+soft12.7,23.62,
ANSUR2-F-29072,F,0.4580152671755723,train,183.0,137.0,536.0,120.0,118.0,geometric_feasible,unevaluated,S13-L20,S13,3.0,9.0,0.0,,soft12.7+soft12.7,23.32,soft12.7+soft12.7,22.81,soft12.7+soft12.7,23.35,soft19+firm10,26.91,soft19+firm10,26.77,
ANSUR2-F-29124,F,0.4580152671755723,validation,196.0,143.0,555.0,127.0,115.0,excluded,fail,S13-L20,S13,,,,nose,,,,,,,,,,,True
ANSUR2-F-29125,F,0.4580152671755723,train,184.0,146.0,543.0,124.0,110.0,geometric_feasible,unevaluated,S13-L20,S13,-3.0,6.0,0.0,,soft12.7+firm15,24.56,soft19+firm10,25.81,soft19+firm10,27.02,soft19+firm10,26.58,soft19+firm10,26.58,
ANSUR2-F-29127,F,0.4580152671755723,validation,190.0,150.0,567.0,128.0,113.0,geometric_feasible,unevaluated,S13-L20,S13,0.0,9.0,0.0,,soft19,17.74,soft12.7+soft12.7,23.28,soft12.7+soft12.7,20.46,soft12.7+soft12.7,22.08,soft12.7+soft12.7,22.25,
ANSUR2-F-29284,F,0.4580152671755723,validation,193.0,152.0,582.0,132.0,109.0,geometric_feasible,unevaluated,S13-L20,S13,0.0,3.0,1.0,,soft12.7+firm10,19.78,soft12.7+soft12.7,23.69,soft12.7+soft12.7,23.16,soft12.7+soft12.7,23.25,soft12.7+soft12.7,23.28,
ANSUR2-F-29287,F,0.4580152671755723,train,185.0,142.0,538.0,128.0,100.0,geometric_feasible,unevaluated,S13-L20,S13,0.0,6.0,0.0,,soft12.7+soft12.7,20.74,soft12.7+soft12.7,22.7,soft19+firm10,25.72,soft19+firm10,25.69,soft19+firm10,25.48,
ANSUR2-F-29290,F,0.4580152671755723,train,176.0,151.0,554.0,122.0,103.0,geometric_feasible,unevaluated,S13-L20,S13,6.0,12.0,0.0,,soft19,17.74,soft19,17.71,soft12.7+soft12.7,22.94,soft19,17.39,soft19,17.37,
ANSUR2-F-29296,F,0.4580152671755723,validation,187.0,145.0,548.0,118.0,116.0,excluded,fail,S13-L20,S13,,,,pad_too_loose,,,,,,,,,,,True
ANSUR2-F-29337,F,0.4580152671755723,train,188.0,149.0,550.0,126.0,118.0,geometric_feasible,unevaluated,S13-L20,S13,0.0,0.0,0.0,,soft19+firm10,27.05,soft19+firm10,26.67,soft12.7+firm5,15.04,soft19+firm10,26.15,soft19+firm10,26.15,
ANSUR2-F-29367,F,0.4580152671755723,train,199.0,140.0,595.0,120.0,113.0,excluded,fail,S13-L20,S13,,,,field_of_view,,,,,,,,,,,True
ANSUR2-F-29374,F,0.4580152671755723,validation,190.0,151.0,580.0,131.0,125.0,geometric_feasible,unevaluated,S13-L20,S13,0.0,3.0,2.0,,soft12.7+soft12.7,20.43,soft12.7+soft12.7,21.02,soft12.7+soft12.7,20.46,soft12.7+soft12.7,21.38,soft12.7+soft12.7,21.33,
ANSUR2-F-29376,F,0.4580152671755723,train,187.0,144.0,540.0,127.0,104.0,geometric_feasible,unevaluated,S13-L20,S13,0.0,6.0,1.0,,soft12.7+soft12.7,21.74,soft12.7+soft12.7,23.91,soft19+firm10,25.18,soft19+firm10,25.87,soft19+firm10,25.87,
ANSUR2-F-29377,F,0.4580152671755723,validation,192.0,141.0,565.0,128.0,111.0,geometric_feasible,unevaluated,S13-L20,S13,3.0,3.0,0.0,,soft12.7+soft12.7,23.68,soft19+firm10,26.59,soft12.7+soft12.7,21.38,soft19+firm10,26.85,soft19+firm10,26.91,
ANSUR2-F-29379,F,0.4580152671755723,validation,187.0,149.0,569.0,126.0,114.0,geometric_feasible,unevaluated,S13-L20,S13,0.0,9.0,0.0,,soft12.7+firm10,19.78,soft12.7+soft12.7,23.18,soft12.7+soft12.7,20.47,soft12.7+soft12.7,21.34,soft12.7+soft12.7,21.36,
ANSUR2-F-29383,F,0.4580152671755723,train,185.0,143.0,543.0,128.0,116.0,geometric_feasible,unevaluated,S13-L20,S13,-3.0,6.0,0.0,,soft12.7+soft12.7,20.71,soft12.7+soft12.7,22.43,soft12.7+soft12.7,23.95,soft12.7+firm15,24.72,soft12.7+firm15,24.72,
ANSUR2-F-29385,F,0.4580152671755723,train,190.0,138.0,543.0,121.0,117.0,geometric_feasible,unevaluated,S13-L20,S13,3.0,6.0,0.0,,soft12.7+soft12.7,23.57,soft12.7+soft12.7,22.25,soft12.7+soft12.7,23.53,soft19+firm10,25.98,soft19+firm10,25.96,
ANSUR2-F-29389,F,0.4580152671755723,train,177.0,150.0,544.0,121.0,104.0,excluded,fail,S13-L20,S13,,,,pad_too_loose;field_of_view,,,,,,,,,,,True
ANSUR2-F-29390,F,0.4580152671755723,train,205.0,155.0,606.0,130.0,116.0,geometric_feasible,unevaluated,G226-L01,G226,3.0,3.0,2.0,,soft19+firm10,26.3,soft19+firm10,24.81,soft19+firm10,25.59,soft19+firm10,25.83,soft19+firm10,25.77,
ANSUR2-F-29391,F,0.4580152671755723,train,194.0,155.0,605.0,135.0,111.0,geometric_feasible,unevaluated,G226-L11,G226,3.0,3.0,1.0,,soft12.7+soft12.7,23.02,soft19+firm10,26.28,soft12.7+soft12.7,22.66,soft19+firm10,24.97,soft19+firm10,24.91,
ANSUR2-F-29395,F,0.4580152671755723,validation,191.0,153.0,587.0,131.0,115.0,geometric_feasible,unevaluated,S13-L20,S13,0.0,3.0,2.0,,soft12.7+soft12.7,20.72,soft12.7+soft12.7,20.79,soft12.7+soft12.7,20.88,soft12.7+soft12.7,20.72,soft12.7+soft12.7,20.67,
ANSUR2-F-29398,F,0.4580152671755723,validation,184.0,148.0,540.0,139.0,107.0,geometric_feasible,unevaluated,G226-L01,G226,0.0,0.0,2.0,,soft12.7+soft12.7,22.02,soft19+firm10,25.36,soft19,15.59,soft19+firm10,26.42,soft19+firm10,26.42,
ANSUR2-F-29406,F,0.4580152671755723,validation,187.0,140.0,538.0,123.0,112.0,geometric_feasible,unevaluated,S13-L20,S13,0.0,9.0,0.0,,soft12.7+soft12.7,22.78,soft12.7+firm15,24.7,soft19+firm10,25.51,soft19+firm10,27.19,soft19+firm10,27.16,
ANSUR2-F-29407,F,0.4580152671755723,validation,178.0,150.0,539.0,124.0,111.0,geometric_feasible,unevaluated,S13-L20,S13,6.0,6.0,0.0,,soft12.7+soft12.7,23.2,soft12.7+soft12.7,22.95,soft19+firm10,25.32,soft19+firm10,25.71,soft19+firm10,25.7,
ANSUR2-F-29465,F,0.4580152671755723,train,174.0,157.0,543.0,132.0,110.0,geometric_feasible,unevaluated,S13-L20,S13,3.0,6.0,0.0,,soft19,16.72,soft12.7+soft12.7,22.35,soft19+firm10,27.16,soft12.7+soft12.7,21.92,soft12.7+soft12.7,21.92,
ANSUR2-F-29470,F,0.4580152671755723,train,196.0,148.0,586.0,110.0,109.0,geometric_feasible,unevaluated,S13-L20,S13,-3.0,12.0,0.0,,soft19+firm10,26.77,soft19+firm10,26.19,soft19,17.62,soft12.7+soft12.7,21.31,soft12.7+soft12.7,21.45,
ANSUR2-F-29473,F,0.4580152671755723,validation,184.0,144.0,547.0,117.0,117.0,excluded,fail,S13-L20,S13,,,,pad_too_loose,,,,,,,,,,,True
ANSUR2-F-29474,F,0.4580152671755723,train,194.0,149.0,575.0,134.0,116.0,geometric_feasible,unevaluated,S13-L20,S13,3.0,3.0,1.0,,soft19,17.72,soft12.7+soft12.7,21.06,soft19,17.1,soft12.7+soft12.7,22.74,soft12.7+soft12.7,22.55,
ANSUR2-F-29475,F,0.4580152671755723,train,198.0,141.0,572.0,133.0,121.0,geometric_feasible,unevaluated,G226-L01,G226,3.0,3.0,2.0,,soft12.7+soft12.7,22.72,soft12.7+soft12.7,22.59,soft19+firm10,25.05,soft19+firm10,25.59,soft19+firm10,25.49,
ANSUR2-F-29479,F,0.4580152671755723,train,192.0,155.0,568.0,129.0,120.0,geometric_feasible,unevaluated,S13-L20,S13,0.0,0.0,0.0,,soft12.7+firm15,24.61,soft12.7+soft12.7,21.9,soft19+firm10,26.79,soft12.7+soft12.7,22.91,soft12.7+soft12.7,22.9,
ANSUR2-F-29482,F,0.4580152671755723,validation,192.0,156.0,570.0,132.0,127.0,geometric_feasible,unevaluated,G226-L01,G226,6.0,3.0,2.0,,soft19+firm10,25.01,soft19+firm10,26.03,soft19,17.49,soft19+firm10,27.07,soft19+firm10,27.07,
ANSUR2-F-29483,F,0.4580152671755723,train,192.0,151.0,561.0,125.0,119.0,geometric_feasible,unevaluated,S13-L20,S13,0.0,6.0,0.0,,soft12.7+soft12.7,23.78,soft19+firm10,26.68,soft12.7+soft12.7,24.0,soft19+firm10,25.43,soft19+firm10,25.43,
ANSUR2-F-29484,F,0.4580152671755723,train,177.0,141.0,518.0,123.0,106.0,geometric_feasible,unevaluated,S13-L20,S13,0.0,12.0,0.0,,soft12.7+firm10,19.78,soft12.7+soft12.7,23.45,soft19+firm10,25.09,soft12.7+firm15,24.79,soft12.7+firm15,24.79,
ANSUR2-F-29485,F,0.4580152671755723,train,186.0,145.0,542.0,127.0,114.0,geometric_feasible,unevaluated,S13-L20,S13,-3.0,3.0,1.0,,soft12.7+soft12.7,23.15,soft19+firm10,26.51,soft12.7+soft12.7,23.09,soft19+firm10,25.65,soft19+firm10,25.65,
ANSUR2-F-29489,F,0.4580152671755723,validation,181.0,150.0,550.0,122.0,124.0,geometric_feasible,unevaluated,S13-L20,S13,0.0,9.0,0.0,,soft12.7+soft12.7,23.78,soft19+firm10,24.9,soft19+firm10,26.24,soft12.7+soft12.7,24.02,soft12.7+soft12.7,24.02,
ANSUR2-F-29491,F,0.4580152671755723,train,188.0,141.0,541.0,121.0,111.0,geometric_feasible,unevaluated,S13-L20,S13,-3.0,12.0,0.0,,soft12.7+soft12.7,21.54,soft19+firm10,25.7,soft12.7+soft12.7,21.72,soft19+firm10,25.23,soft19+firm10,25.38,
ANSUR2-F-29493,F,0.4580152671755723,validation,179.0,148.0,543.0,129.0,109.0,geometric_feasible,unevaluated,S13-L20,S13,6.0,6.0,0.0,,soft19,17.5,soft19,17.75,soft12.7+soft12.7,20.38,soft19+firm5,20.05,soft12.7+firm10,19.97,
ANSUR2-F-29497,F,0.4580152671755723,validation,182.0,132.0,523.0,124.0,106.0,excluded,fail,S13-L20,S13,,,,field_of_view,,,,,,,,,,,True
ANSUR2-F-29498,F,0.4580152671755723,train,178.0,155.0,547.0,123.0,112.0,geometric_feasible,unevaluated,S13-L20,S13,6.0,9.0,0.0,,soft12.7+soft12.7,21.17,soft12.7+soft12.7,21.49,soft19+firm10,27.52,soft12.7+soft12.7,21.4,soft12.7+soft12.7,21.41,
ANSUR2-F-29501,F,0.4580152671755723,train,205.0,151.0,582.0,136.0,121.0,geometric_feasible,unevaluated,G226-L11,G226,3.0,3.0,1.0,,soft12.7+soft12.7,22.02,soft19+firm10,25.62,soft19,15.47,soft19+firm10,27.37,soft19+firm10,27.37,
ANSUR2-F-920103,F,0.4580152671755723,validation,189.0,148.0,561.0,130.0,114.0,excluded,fail,S13-L20,S13,,,,field_of_view,,,,,,,,,,,True
ANSUR2-M-10032,M,1.263940520446096,validation,201.0,146.0,568.0,120.0,131.0,geometric_feasible,unevaluated,S13-L20,S13,3.0,3.0,0.0,,soft19+firm10,26.18,soft12.7+soft12.7,22.89,soft19,17.99,soft19+firm10,26.22,soft19+firm10,26.22,
ANSUR2-M-10092,M,1.263940520446096,train,199.0,158.0,576.0,127.0,106.0,geometric_feasible,unevaluated,S13-L20,S13,-3.0,6.0,1.0,,soft12.7+soft12.7,20.62,soft12.7+soft12.7,22.04,soft12.7+soft12.7,20.66,soft12.7+soft12.7,21.48,soft12.7+soft12.7,21.48,
ANSUR2-M-10244,M,1.263940520446096,train,190.0,146.0,549.0,116.0,111.0,geometric_feasible,unevaluated,S13-L20,S13,-3.0,9.0,0.0,,soft19+firm10,27.42,soft12.7+soft12.7,20.98,soft19+firm10,25.53,soft12.7+firm15,24.71,soft12.7+firm15,24.71,
ANSUR2-M-10246,M,1.263940520446096,train,200.0,155.0,578.0,142.0,137.0,excluded,fail,S13-L20,S13,,,,pad_too_tight,,,,,,,,,,,True
ANSUR2-M-10260,M,1.263940520446096,train,189.0,148.0,548.0,126.0,118.0,geometric_feasible,unevaluated,S13-L20,S13,3.0,3.0,0.0,,soft19+firm10,24.86,soft12.7+soft12.7,22.94,soft12.7+firm15,24.6,soft19+firm10,26.85,soft19+firm10,26.85,
ANSUR2-M-10286,M,1.263940520446096,train,186.0,160.0,565.0,128.0,112.0,geometric_feasible,unevaluated,S13-L20,S13,6.0,6.0,0.0,,soft12.7+firm10,19.91,soft12.7+soft12.7,20.53,soft19+firm10,25.58,soft12.7+firm10,19.97,soft12.7+firm10,19.97,
ANSUR2-M-10303,M,1.263940520446096,validation,195.0,160.0,575.0,133.0,116.0,geometric_feasible,unevaluated,S13-L20,S13,0.0,6.0,3.0,,soft19,15.61,soft19,16.49,soft19,16.53,soft19,16.49,soft19,16.49,
ANSUR2-M-10319,M,1.263940520446096,train,197.0,149.0,568.0,132.0,114.0,geometric_feasible,unevaluated,S13-L20,S13,-3.0,6.0,1.0,,soft19,15.77,soft12.7+soft12.7,21.07,soft19,15.77,soft12.7+firm10,19.96,soft19+firm5,20.15,
ANSUR2-M-10338,M,1.263940520446096,train,203.0,150.0,573.0,140.0,122.0,geometric_feasible,unevaluated,G226-L20,G226,0.0,3.0,0.0,,soft19,18.02,soft19+firm10,27.19,soft12.7+soft12.7,22.6,soft19+firm10,26.84,soft19+firm10,26.9,
ANSUR2-M-10339,M,1.263940520446096,train,201.0,153.0,575.0,135.0,128.0,geometric_feasible,unevaluated,G226-L01,G226,3.0,0.0,2.0,,soft12.7+firm15,24.57,soft19+firm10,24.83,soft12.7,12.03,soft19+firm10,26.91,soft19+firm10,26.91,
ANSUR2-M-10354,M,1.263940520446096,validation,196.0,155.0,575.0,115.0,122.0,geometric_feasible,unevaluated,S13-L20,S13,-3.0,6.0,0.0,,soft19+firm10,25.04,soft19+firm10,26.59,soft19,16.28,soft12.7+soft12.7,21.02,soft12.7+soft12.7,21.03,
ANSUR2-M-10358,M,1.263940520446096,train,203.0,150.0,571.0,130.0,132.0,geometric_feasible,unevaluated,S13-L20,S13,-3.0,0.0,2.0,,soft12.7+soft12.7,20.43,soft12.7+soft12.7,21.54,soft19,17.9,soft12.7+soft12.7,23.94,soft12.7+soft12.7,23.94,
ANSUR2-M-10385,M,1.263940520446096,validation,202.0,152.0,570.0,126.0,133.0,geometric_feasible,unevaluated,S13-L20,S13,0.0,3.0,2.0,,soft12.7+soft12.7,20.57,soft19,17.68,soft19,17.07,soft12.7+soft12.7,21.04,soft12.7+soft12.7,21.03,
ANSUR2-M-10389,M,1.263940520446096,train,197.0,149.0,560.0,136.0,123.0,geometric_feasible,unevaluated,G226-L11,G226,6.0,6.0,1.0,,soft19,15.62,soft19,15.7,soft19,17.37,soft12.7+soft12.7,20.82,soft12.7+soft12.7,20.61,
ANSUR2-M-10406,M,1.263940520446096,train,193.0,150.0,562.0,138.0,111.0,geometric_feasible,unevaluated,S13-L20,S13,0.0,0.0,2.0,,soft19,16.75,soft12.7+soft12.7,20.44,soft12.7+soft12.7,21.75,soft12.7+soft12.7,22.45,soft12.7+soft12.7,22.46,
ANSUR2-M-10447,M,1.263940520446096,train,197.0,152.0,563.0,133.0,126.0,geometric_feasible,unevaluated,G226-L11,G226,0.0,6.0,1.0,,soft12.7+soft12.7,22.02,soft19+firm10,24.88,soft19+firm10,26.26,soft19+firm10,26.06,soft19+firm10,26.07,
ANSUR2-M-10451,M,1.263940520446096,train,207.0,156.0,594.0,124.0,120.0,geometric_feasible,unevaluated,S13-L20,S13,-6.0,3.0,0.0,,soft19+firm10,26.06,soft12.7+soft12.7,22.58,soft19,15.3,soft12.7+soft12.7,22.4,soft12.7+soft12.7,22.42,
ANSUR2-M-10467,M,1.263940520446096,train,206.0,146.0,568.0,131.0,120.0,geometric_feasible,unevaluated,S13-L20,S13,-3.0,3.0,1.0,,soft19,17.55,soft19,16.39,soft19,17.17,soft12.7+soft12.7,22.17,soft12.7+soft12.7,22.16,
ANSUR2-M-10471,M,1.263940520446096,validation,190.0,162.0,573.0,145.0,127.0,geometric_feasible,unevaluated,G226-L01,G226,3.0,-6.0,0.0,,soft12.7+soft12.7,21.71,soft12.7+soft12.7,23.44,soft19+firm10,27.37,soft12.7+soft12.7,23.19,soft12.7+soft12.7,23.2,
ANSUR2-M-10510,M,1.263940520446096,train,197.0,150.0,563.0,135.0,132.0,geometric_feasible,unevaluated,S13-L20,S13,6.0,0.0,2.0,,soft19,17.91,soft19,17.97,soft12.7+soft12.7,21.03,soft12.7+soft12.7,22.01,soft12.7+soft12.7,21.92,
ANSUR2-M-10517,M,1.263940520446096,train,183.0,144.0,530.0,111.0,107.0,excluded,fail,S13-L20,S13,,,,pad_too_loose,,,,,,,,,,,True
ANSUR2-M-10524,M,1.263940520446096,validation,201.0,157.0,578.0,126.0,133.0,geometric_feasible,unevaluated,S13-L20,S13,-3.0,3.0,1.0,,soft12.7+soft12.7,22.63,soft12.7+soft12.7,23.75,soft12.7+firm10,19.89,soft12.7+soft12.7,22.48,soft12.7+soft12.7,22.48,
ANSUR2-M-10564,M,1.263940520446096,train,200.0,148.0,566.0,132.0,117.0,geometric_feasible,unevaluated,S13-L20,S13,-3.0,6.0,1.0,,soft19,16.63,soft12.7+soft12.7,21.65,soft19,16.76,soft12.7+soft12.7,21.77,soft12.7+soft12.7,22.02,
ANSUR2-M-10599,M,1.263940520446096,validation,201.0,155.0,570.0,138.0,126.0,geometric_feasible,unevaluated,G226-L01,G226,0.0,0.0,2.0,,soft12.7+soft12.7,23.02,soft19+firm10,25.11,soft12.7+soft12.7,22.96,soft19+firm10,26.4,soft19+firm10,26.41,
ANSUR2-M-10601,M,1.263940520446096,train,200.0,154.0,574.0,125.0,133.0,geometric_feasible,unevaluated,G226-L11,G226,6.0,3.0,1.0,,soft19+firm10,27.3,soft12.7+soft12.7,22.57,soft12.7+soft12.7,21.4,soft19+firm10,27.12,soft19+firm10,27.13,
ANSUR2-M-10622,M,1.263940520446096,train,185.0,158.0,557.0,132.0,116.0,geometric_feasible,unevaluated,S13-L20,S13,0.0,3.0,1.0,,soft12.7+firm10,19.78,soft12.7+soft12.7,22.0,soft12.7+soft12.7,23.57,soft12.7+soft12.7,21.0,soft12.7+soft12.7,21.0,
ANSUR2-M-10624,M,1.263940520446096,validation,207.0,153.0,585.0,126.0,125.0,geometric_feasible,unevaluated,G226-L20,G226,-3.0,12.0,0.0,,soft12.7+soft12.7,23.02,soft19+firm10,26.55,soft12.7+firm15,24.57,soft19+firm10,27.27,soft19+firm10,27.27,
ANSUR2-M-10632,M,1.263940520446096,train,218.0,168.0,628.0,149.0,136.0,excluded,fail,G226-L01,G226,,,,pad_too_tight,,,,,,,,,,,True
ANSUR2-M-10646,M,1.263940520446096,train,202.0,144.0,567.0,132.0,127.0,geometric_feasible,unevaluated,G226-L11,G226,3.0,6.0,1.0,,soft12.7+soft12.7,22.33,soft12.7+soft12.7,22.72,soft19+firm10,25.79,soft19+firm10,27.09,soft19+firm10,26.86,
ANSUR2-M-10662,M,1.263940520446096,train,185.0,150.0,541.0,136.0,104.0,geometric_feasible,unevaluated,S13-L20,S13,0.0,3.0,0.0,,soft19,15.41,soft19,17.0,soft19,17.31,soft19,17.56,soft19,17.55,
ANSUR2-M-10670,M,1.263940520446096,train,195.0,157.0,566.0,135.0,113.0,geometric_feasible,unevaluated,S13-L20,S13,0.0,3.0,3.0,,soft19,16.75,soft19,17.22,soft12.7+soft12.7,21.84,soft12.7+soft12.7,20.47,soft12.7+soft12.7,20.48,
ANSUR2-M-10677,M,1.263940520446096,train,198.0,155.0,574.0,130.0,121.0,geometric_feasible,unevaluated,S13-L20,S13,0.0,9.0,1.0,,soft19,15.75,soft12.7+firm10,19.92,soft19,17.27,soft12.7+firm10,19.97,soft12.7+firm10,19.97,
ANSUR2-M-10680,M,1.263940520446096,train,203.0,153.0,580.0,129.0,115.0,geometric_feasible,unevaluated,S13-L20,S13,-6.0,6.0,2.0,,soft19,15.63,soft12.7+soft12.7,22.72,soft12.7,11.87,soft19+firm5,20.32,soft12.7+soft12.7,20.36,
ANSUR2-M-10687,M,1.263940520446096,train,193.0,143.0,552.0,125.0,122.0,geometric_feasible,unevaluated,S13-L20,S13,0.0,9.0,0.0,,soft12.7+soft12.7,20.74,soft12.7+soft12.7,23.7,soft12.7+soft12.7,21.67,soft19+firm10,25.2,soft19+firm10,25.35,
ANSUR2-M-10695,M,1.263940520446096,train,178.0,151.0,530.0,122.0,105.0,excluded,fail,S13-L20,S13,,,,field_of_view,,,,,,,,,,,True
ANSUR2-M-10696,M,1.263940520446096,train,205.0,158.0,592.0,138.0,123.0,geometric_feasible,unevaluated,G226-L01,G226,-3.0,-3.0,2.0,,soft19+firm10,25.62,soft19+firm10,26.46,soft19+firm10,26.59,soft19+firm10,26.44,soft19+firm10,26.43,
ANSUR2-M-10707,M,1.263940520446096,validation,208.0,152.0,593.0,133.0,123.0,geometric_feasible,unevaluated,G226-L01,G226,0.0,0.0,2.0,,soft19+firm10,25.29,soft12.7+soft12.7,22.46,soft19+firm10,26.85,soft19+firm10,27.41,soft19+firm10,27.4,
ANSUR2-M-10712,M,1.263940520446096,train,201.0,146.0,565.0,129.0,131.0,geometric_feasible,unevaluated,G226-L20,G226,-6.0,6.0,0.0,,soft12.7+soft12.7,23.76,soft19+firm10,26.9,soft12.7+soft12.7,23.63,soft19+firm10,27.26,soft19+firm10,27.31,
ANSUR2-M-10735,M,1.263940520446096,train,211.0,154.0,601.0,144.0,116.0,geometric_feasible,unevaluated,G226-L01,G226,-3.0,-3.0,0.0,,soft19,17.3,soft12.7+soft12.7,21.67,soft19,17.05,soft12.7+soft12.7,21.26,soft12.7+soft12.7,21.38,
ANSUR2-M-10748,M,1.263940520446096,train,209.0,155.0,600.0,137.0,126.0,geometric_feasible,unevaluated,G226-L01,G226,-3.0,0.0,2.0,,soft12.7+soft12.7,23.71,soft12.7+soft12.7,23.34,soft19,15.93,soft19+firm10,26.19,soft19+firm10,26.2,
ANSUR2-M-10762,M,1.263940520446096,train,189.0,158.0,563.0,131.0,122.0,geometric_feasible,unevaluated,S13-L20,S13,6.0,6.0,0.0,,soft19,15.86,soft19,17.46,soft19,16.63,soft19,16.7,soft19,16.7,
ANSUR2-M-10812,M,1.263940520446096,train,201.0,156.0,581.0,127.0,116.0,geometric_feasible,unevaluated,G226-L01,G226,3.0,6.0,2.0,,soft19+firm10,26.29,soft19+firm10,25.54,soft19+firm10,25.98,soft19+firm10,26.75,soft19+firm10,26.75,
ANSUR2-M-10817,M,1.263940520446096,validation,212.0,153.0,596.0,132.0,133.0,geometric_feasible,unevaluated,G226-L11,G226,-3.0,3.0,1.0,,soft12.7+firm15,24.68,soft12.7+soft12.7,23.53,soft12.7+soft12.7,23.91,soft19+firm10,27.36,soft19+firm10,27.36,
ANSUR2-M-10821,M,1.263940520446096,train,200.0,148.0,560.0,132.0,127.0,geometric_feasible,unevaluated,S13-L20,S13,3.0,6.0,2.0,,soft19,16.73,soft12.7+firm10,19.83,soft12.7+soft12.7,21.09,soft12.7+soft12.7,23.29,soft12.7+soft12.7,23.3,
ANSUR2-M-10823,M,1.263940520446096,train,197.0,145.0,561.0,127.0,120.0,geometric_feasible,unevaluated,S13-L20,S13,0.0,6.0,0.0,,soft12.7+soft12.7,21.74,soft12.7+soft12.7,22.83,soft19+firm10,24.89,soft19+firm10,27.36,soft19+firm10,27.35,
ANSUR2-M-10827,M,1.263940520446096,train,206.0,161.0,582.0,137.0,124.0,geometric_feasible,unevaluated,S13-L20,S13,-6.0,-3.0,3.0,,soft19,17.4,soft12.7+firm15,24.71,soft12.7,12.06,soft12.7+soft12.7,20.43,soft12.7+soft12.7,20.43,
ANSUR2-M-10833,M,1.263940520446096,validation,198.0,154.0,580.0,121.0,108.0,geometric_feasible,unevaluated,S13-L20,S13,0.0,6.0,0.0,,soft19+firm10,27.21,soft19+firm10,25.59,soft12.7+soft12.7,21.17,soft12.7+soft12.7,23.92,soft12.7+soft12.7,23.92,
ANSUR2-M-10840,M,1.263940520446096,train,203.0,164.0,603.0,143.0,132.0,excluded,fail,G226-L11,G226,,,,pad_too_tight,,,,,,,,,,,True
ANSUR2-M-10851,M,1.263940520446096,train,203.0,148.0,576.0,138.0,120.0,geometric_feasible,unevaluated,G226-L01,G226,3.0,-3.0,2.0,,soft19+firm10,25.01,soft19+firm10,25.42,soft12.7+soft12.7,22.92,soft19+firm10,27.42,soft19+firm10,27.42,
ANSUR2-M-10853,M,1.263940520446096,validation,199.0,160.0,577.0,135.0,112.0,geometric_feasible,unevaluated,G226-L01,G226,0.0,-3.0,2.0,,soft19+firm10,27.37,soft19+firm10,25.1,soft12.7+soft12.7,21.01,soft19+firm10,25.39,soft19+firm10,25.39,
ANSUR2-M-10855,M,1.263940520446096,validation,194.0,147.0,560.0,132.0,126.0,excluded,fail,S13-L20,S13,,,,field_of_view,,,,,,,,,,,True
ANSUR2-M-10870,M,1.263940520446096,validation,198.0,158.0,570.0,133.0,123.0,geometric_feasible,unevaluated,S13-L20,S13,-6.0,3.0,2.0,,soft19,16.87,soft12.7+soft12.7,22.79,soft19,16.84,soft12.7+soft12.7,20.42,soft12.7+soft12.7,20.42,
ANSUR2-M-10890,M,1.263940520446096,train,200.0,152.0,570.0,136.0,117.0,geometric_feasible,unevaluated,G226-L11,G226,0.0,3.0,1.0,,soft12.7+soft12.7,22.02,soft12.7+soft12.7,23.32,soft12.7+soft12.7,23.71,soft19+firm10,26.43,soft19+firm10,26.44,
ANSUR2-M-10922,M,1.263940520446096,train,200.0,157.0,581.0,133.0,126.0,geometric_feasible,unevaluated,S13-L20,S13,-3.0,6.0,2.0,,soft19,15.72,soft12.7+firm10,19.91,soft19,17.14,soft12.7+firm10,19.79,soft12.7+firm10,19.79,
ANSUR2-M-10923,M,1.263940520446096,train,201.0,156.0,580.0,141.0,122.0,geometric_feasible,unevaluated,G226-L11,G226,0.0,0.0,1.0,,soft19+firm5,20.02,soft19+firm10,26.33,soft12.7+soft12.7,22.63,soft19+firm10,27.14,soft19+firm10,27.14,
ANSUR2-M-10944,M,1.263940520446096,train,191.0,157.0,558.0,128.0,110.0,geometric_feasible,unevaluated,S13-L20,S13,3.0,3.0,1.0,,soft12.7+soft12.7,22.2,soft12.7+soft12.7,22.0,soft12.7+soft12.7,23.32,soft12.7+soft12.7,20.49,soft12.7+soft12.7,20.49,
ANSUR2-M-10977,M,1.263940520446096,train,215.0,158.0,608.0,130.0,137.0,geometric_feasible,unevaluated,G226-L01,G226,-6.0,-3.0,1.0,,soft19+firm10,25.55,soft12.7+soft12.7,23.92,soft12.7+soft12.7,21.1,soft19+firm10,25.48,soft19+firm10,25.48,
ANSUR2-M-10981,M,1.263940520446096,train,198.0,150.0,575.0,128.0,127.0,geometric_feasible,unevaluated,S13-L20,S13,-3.0,6.0,1.0,,soft19,18.01,soft12.7+soft12.7,21.93,soft19,17.77,soft12.7+soft12.7,21.27,soft12.7+soft12.7,21.36,
ANSUR2-M-10994,M,1.263940520446096,train,206.0,150.0,585.0,126.0,130.0,geometric_feasible,unevaluated,G226-L20,G226,0.0,12.0,0.0,,soft12.7+soft12.7,23.02,soft12.7+firm15,24.72,soft19+firm10,25.73,soft19+firm10,27.46,soft19+firm10,27.45,
ANSUR2-M-11028,M,1.263940520446096,train,201.0,151.0,573.0,132.0,121.0,geometric_feasible,unevaluated,G226-L20,G226,0.0,6.0,0.0,,soft12.7+soft12.7,23.02,soft12.7+soft12.7,23.67,soft19+firm10,26.65,soft19+firm10,26.53,soft19+firm10,26.53,
ANSUR2-M-11037,M,1.263940520446096,train,209.0,150.0,580.0,127.0,118.0,geometric_feasible,unevaluated,S13-L20,S13,0.0,3.0,0.0,,soft12.7+soft12.7,20.92,soft12.7+soft12.7,22.36,soft12.7,12.05,soft19+firm10,24.91,soft19+firm10,24.91,
ANSUR2-M-11051,M,1.263940520446096,train,203.0,139.0,570.0,133.0,117.0,geometric_feasible,unevaluated,G226-L20,G226,0.0,3.0,0.0,,soft12.7+soft12.7,23.18,soft12.7+firm15,24.66,soft19,16.34,soft19+firm10,27.09,soft19+firm10,27.24,
ANSUR2-M-11093,M,1.263940520446096,train,198.0,151.0,556.0,131.0,119.0,geometric_feasible,unevaluated,S13-L20,S13,0.0,6.0,1.0,,soft19,17.74,soft12.7+soft12.7,22.36,soft12.7+soft12.7,21.34,soft12.7+soft12.7,23.7,soft12.7+soft12.7,23.71,
ANSUR2-M-11103,M,1.263940520446096,train,205.0,152.0,577.0,135.0,122.0,geometric_feasible,unevaluated,G226-L11,G226,3.0,3.0,1.0,,soft12.7+soft12.7,22.05,soft12.7+soft12.7,22.26,soft19+firm10,24.96,soft19+firm10,25.44,soft19+firm10,25.45,
ANSUR2-M-11112,M,1.263940520446096,train,199.0,150.0,565.0,127.0,132.0,geometric_feasible,unevaluated,S13-L20,S13,0.0,6.0,0.0,,soft12.7+soft12.7,20.44,soft12.7+soft12.7,21.91,soft12.7+firm10,19.76,soft12.7+soft12.7,23.4,soft12.7+soft12.7,23.4,
ANSUR2-M-11125,M,1.263940520446096,train,194.0,150.0,567.0,118.0,123.0,geometric_feasible,unevaluated,S13-L20,S13,3.0,9.0,0.0,,soft19+firm10,27.13,soft19+firm10,25.99,soft12.7+soft12.7,20.84,soft19+firm10,26.03,soft19+firm10,26.03,
ANSUR2-M-11139,M,1.263940520446096,train,201.0,156.0,577.0,132.0,138.0,geometric_feasible,unevaluated,G226-L20,G226,0.0,3.0,0.0,,soft19+firm10,25.55,soft19+firm10,26.21,soft19,16.84,soft19+firm10,26.26,soft19+firm10,26.26,
ANSUR2-M-11142,M,1.263940520446096,train,200.0,163.0,595.0,143.0,120.0,geometric_feasible,unevaluated,G226-L01,G226,6.0,-3.0,0.0,,soft12.7+soft12.7,20.41,soft12.7+soft12.7,21.6,soft19+firm10,25.6,soft12.7+soft12.7,22.15,soft12.7+soft12.7,22.15,
ANSUR2-M-11146,M,1.263940520446096,train,191.0,157.0,555.0,134.0,116.0,geometric_feasible,unevaluated,S13-L20,S13,-3.0,3.0,2.0,,soft19,17.71,soft12.7+soft12.7,21.22,soft19,17.66,soft12.7+soft12.7,21.86,soft12.7+soft12.7,21.87,
ANSUR2-M-11150,M,1.263940520446096,train,192.0,161.0,570.0,137.0,125.0,geometric_feasible,unevaluated,G226-L01,G226,-3.0,3.0,2.0,,soft12.7+soft12.7,20.99,soft12.7+soft12.7,23.58,soft12.7+soft12.7,23.73,soft12.7+soft12.7,22.29,soft12.7+soft12.7,22.3,
ANSUR2-M-11170,M,1.263940520446096,train,206.0,150.0,585.0,127.0,127.0,geometric_feasible,unevaluated,G226-L20,G226,6.0,12.0,0.0,,soft12.7+soft12.7,21.1,soft12.7+soft12.7,21.12,soft19+firm10,25.89,soft19+firm10,25.01,soft19+firm10,24.9,
ANSUR2-M-11190,M,1.263940520446096,validation,196.0,148.0,560.0,133.0,123.0,geometric_feasible,unevaluated,S13-L20,S13,-6.0,3.0,0.0,,soft19,16.34,soft12.7+soft12.7,23.17,soft19,16.29,soft12.7+soft12.7,21.18,soft12.7+soft12.7,21.37,
ANSUR2-M-11193,M,1.263940520446096,validation,193.0,156.0,566.0,135.0,115.0,geometric_feasible,unevaluated,S13-L20,S13,3.0,3.0,0.0,,soft19,16.72,soft19+firm5,20.07,soft12.7+soft12.7,21.08,soft12.7+soft12.7,20.8,soft12.7+soft12.7,20.81,
ANSUR2-M-11194,M,1.263940520446096,train,188.0,154.0,557.0,130.0,116.0,geometric_feasible,unevaluated,S13-L20,S13,0.0,3.0,1.0,,soft12.7+soft12.7,20.99,soft12.7+soft12.7,22.8,soft12.7+soft12.7,21.01,soft12.7+soft12.7,21.23,soft12.7+soft12.7,21.23,
ANSUR2-M-11199,M,1.263940520446096,train,218.0,163.0,621.0,148.0,123.0,excluded,fail,G226-L01,G226,,,,pad_too_tight,,,,,,,,,,,True
ANSUR2-M-11203,M,1.263940520446096,train,193.0,145.0,546.0,124.0,131.0,geometric_feasible,unevaluated,S13-L20,S13,0.0,0.0,0.0,,soft12.7+soft12.7,23.99,soft12.7+soft12.7,22.95,soft12.7+soft12.7,21.24,soft19+firm10,24.89,soft19+firm10,24.89,
ANSUR2-M-11204,M,1.263940520446096,train,210.0,160.0,603.0,136.0,122.0,geometric_feasible,unevaluated,G226-L01,G226,0.0,0.0,2.0,,soft19+firm10,25.02,soft19+firm10,26.72,soft19,17.72,soft19+firm10,25.78,soft19+firm10,25.78,
ANSUR2-M-11214,M,1.263940520446096,train,183.0,148.0,535.0,136.0,111.0,excluded,fail,S13-L20,S13,,,,field_of_view,,,,,,,,,,,True
ANSUR2-M-11216,M,1.263940520446096,train,195.0,161.0,583.0,136.0,133.0,geometric_feasible,unevaluated,S13-L20,S13,6.0,3.0,2.0,,soft19,15.23,soft19,16.24,soft12.7+soft12.7,20.73,soft19,17.88,soft19,17.84,
ANSUR2-M-11219,M,1.263940520446096,train,203.0,144.0,564.0,137.0,119.0,geometric_feasible,unevaluated,G226-L20,G226,0.0,6.0,0.0,,soft19,18.02,soft12.7+soft12.7,23.87,soft12.7+soft12.7,22.97,soft19+firm10,26.43,soft19+firm10,26.49,
ANSUR2-M-11226,M,1.263940520446096,validation,203.0,155.0,583.0,143.0,110.0,geometric_feasible,unevaluated,G226-L01,G226,6.0,-6.0,2.0,,soft12.7+soft12.7,22.07,soft12.7+soft12.7,21.95,soft19,15.41,soft19+firm10,25.74,soft19+firm10,25.67,
ANSUR2-M-11228,M,1.263940520446096,train,187.0,145.0,543.0,125.0,112.0,geometric_feasible,unevaluated,S13-L20,S13,0.0,6.0,0.0,,soft12.7+soft12.7,23.54,soft12.7+soft12.7,23.6,soft19+firm10,25.66,soft19+firm10,25.73,soft19+firm10,25.73,
ANSUR2-M-11253,M,1.263940520446096,validation,217.0,157.0,607.0,133.0,124.0,geometric_feasible,unevaluated,G226-L01,G226,-3.0,-3.0,2.0,,soft19+firm10,26.99,soft12.7+soft12.7,23.34,soft19,16.57,soft19+firm10,26.72,soft19+firm10,26.72,
ANSUR2-M-11265,M,1.263940520446096,train,213.0,157.0,603.0,133.0,127.0,geometric_feasible,unevaluated,G226-L01,G226,0.0,0.0,2.0,,soft19+firm10,26.97,soft12.7+soft12.7,23.23,soft19+firm10,25.48,soft19+firm10,27.18,soft19+firm10,27.18,
ANSUR2-M-11277,M,1.263940520446096,validation,200.0,153.0,574.0,124.0,115.0,geometric_feasible,unevaluated,S13-L20,S13,0.0,6.0,1.0,,soft12.7+soft12.7,21.13,soft19,15.36,soft12.7+soft12.7,22.75,soft12.7+soft12.7,21.75,soft12.7+soft12.7,21.75,
ANSUR2-M-11278,M,1.263940520446096,train,194.0,153.0,560.0,128.0,121.0,geometric_feasible,unevaluated,G226-L11,G226,6.0,3.0,1.0,,soft19+firm10,26.63,soft19+firm10,25.35,soft12.7+soft12.7,20.51,soft19+firm10,27.41,soft19+firm10,27.4,
ANSUR2-M-11283,M,1.263940520446096,train,207.0,162.0,600.0,140.0,127.0,geometric_feasible,unevaluated,G226-L11,G226,0.0,3.0,1.0,,soft19,18.02,soft12.7+soft12.7,21.88,soft19,17.99,soft12.7+soft12.7,22.11,soft12.7+soft12.7,22.11,
ANSUR2-M-11299,M,1.263940520446096,train,202.0,155.0,583.0,130.0,127.0,geometric_feasible,unevaluated,G226-L01,G226,6.0,0.0,2.0,,soft19+firm10,26.4,soft19+firm10,25.22,soft12.7+soft12.7,23.22,soft19+firm10,26.22,soft19+firm10,26.23,
ANSUR2-M-11314,M,1.263940520446096,train,176.0,149.0,530.0,126.0,116.0,geometric_feasible,unevaluated,S13-L20,S13,6.0,6.0,0.0,,soft12.7+soft12.7,22.43,soft19+firm10,25.98,soft12.7+soft12.7,22.75,soft19+firm10,26.03,soft19+firm10,26.04,
ANSUR2-M-11322,M,1.263940520446096,validation,192.0,150.0,567.0,137.0,117.0,geometric_feasible,unevaluated,G226-L01,G226,0.0,0.0,2.0,,soft12.7+soft12.7,23.92,soft19+firm10,27.3,soft19+firm10,25.13,soft19+firm10,26.14,soft19+firm10,26.14,
ANSUR2-M-11324,M,1.263940520446096,train,201.0,177.0,597.0,131.0,123.0,excluded,fail,S13-L20,S13,,,,pad_too_tight,,,,,,,,,,,True
ANSUR2-M-11326,M,1.263940520446096,train,198.0,157.0,582.0,140.0,128.0,geometric_feasible,unevaluated,G226-L01,G226,3.0,-3.0,1.0,,soft12.7+soft12.7,23.95,soft19+firm10,26.32,soft12.7+soft12.7,20.47,soft19+firm10,26.88,soft19+firm10,26.88,
ANSUR2-M-11356,M,1.263940520446096,train,194.0,150.0,563.0,140.0,128.0,geometric_feasible,unevaluated,G226-L01,G226,0.0,3.0,2.0,,soft19,18.02,soft19+firm10,25.09,soft19+firm5,20.29,soft19+firm10,26.2,soft19+firm10,26.2,
ANSUR2-M-11359,M,1.263940520446096,validation,205.0,150.0,578.0,136.0,121.0,geometric_feasible,unevaluated,G226-L20,G226,-3.0,9.0,0.0,,soft19,15.91,soft12.7+soft12.7,20.78,soft19,17.43,soft12.7+soft12.7,21.82,soft12.7+soft12.7,22.15,
ANSUR2-M-11360,M,1.263940520446096,train,195.0,149.0,560.0,140.0,119.0,geometric_feasible,unevaluated,G226-L01,G226,6.0,-3.0,2.0,,soft12.7+soft12.7,22.19,soft12.7+soft12.7,22.48,soft19+firm10,27.31,soft19+firm10,25.6,soft19+firm10,25.5,
ANSUR2-M-11369,M,1.263940520446096,train,192.0,161.0,563.0,134.0,112.0,geometric_feasible,unevaluated,S13-L20,S13,0.0,3.0,2.0,,soft19,17.74,soft12.7+soft12.7,21.19,soft12.7+soft12.7,21.89,soft19+firm5,20.04,soft19+firm5,20.03,
ANSUR2-M-11373,M,1.263940520446096,train,215.0,142.0,576.0,140.0,134.0,geometric_feasible,unevaluated,G226-L11,G226,-6.0,3.0,1.0,,soft19,18.0,soft12.7+soft12.7,23.95,soft12.7+soft12.7,20.69,soft19+firm10,26.58,soft19+firm10,27.0,
ANSUR2-M-11374,M,1.263940520446096,train,183.0,159.0,555.0,132.0,117.0,excluded,fail,S13-L20,S13,,,,field_of_view,,,,,,,,,,,True
ANSUR2-M-11375,M,1.263940520446096,validation,210.0,156.0,594.0,126.0,136.0,geometric_feasible,unevaluated,S13-L20,S13,-3.0,0.0,2.0,,soft12.7+soft12.7,24.12,soft12.7+soft12.7,22.83,soft12.7,11.87,soft12.7+soft12.7,23.3,soft12.7+soft12.7,23.3,
ANSUR2-M-11380,M,1.263940520446096,train,198.0,154.0,570.0,129.0,121.0,geometric_feasible,unevaluated,S13-L20,S13,0.0,3.0,2.0,,soft12.7+soft12.7,22.25,soft12.7+soft12.7,22.42,soft12.7+soft12.7,21.17,soft12.7+soft12.7,22.68,soft12.7+soft12.7,22.67,
ANSUR2-M-11386,M,1.263940520446096,validation,201.0,153.0,573.0,126.0,119.0,geometric_feasible,unevaluated,S13-L20,S13,6.0,9.0,2.0,,soft19,16.66,soft19,15.76,soft19+firm5,20.02,soft19+firm5,20.13,soft19+firm5,20.13,
ANSUR2-M-11412,M,1.263940520446096,train,200.0,155.0,575.0,137.0,127.0,geometric_feasible,unevaluated,G226-L01,G226,3.0,0.0,2.0,,soft12.7+soft12.7,23.43,soft12.7+firm15,24.67,soft12.7+soft12.7,21.48,soft19+firm10,25.29,soft19+firm10,25.3,
ANSUR2-M-11418,M,1.263940520446096,validation,204.0,159.0,584.0,127.0,123.0,geometric_feasible,unevaluated,S13-L20,S13,6.0,6.0,0.0,,soft19+firm5,20.24,soft12.7+soft12.7,20.4,soft19,16.78,soft12.7+soft12.7,20.84,soft12.7+soft12.7,20.83,
ANSUR2-M-11421,M,1.263940520446096,train,200.0,147.0,575.0,130.0,115.0,geometric_feasible,unevaluated,G226-L11,G226,0.0,6.0,1.0,,soft12.7+soft12.7,21.87,soft19+firm10,25.49,soft12.7+soft12.7,21.49,soft19+firm10,25.08,soft19+firm10,25.16,
ANSUR2-M-11422,M,1.263940520446096,validation,196.0,150.0,564.0,139.0,119.0,geometric_feasible,unevaluated,G226-L11,G226,0.0,6.0,1.0,,soft19,16.02,soft12.7+firm10,19.96,soft19+firm5,20.02,soft12.7+soft12.7,23.49,soft12.7+soft12.7,23.28,
ANSUR2-M-11439,M,1.263940520446096,train,190.0,153.0,558.0,126.0,119.0,geometric_feasible,unevaluated,S13-L20,S13,0.0,6.0,0.0,,soft12.7+soft12.7,22.1,soft12.7+soft12.7,21.68,soft12.7+soft12.7,24.03,soft12.7+soft12.7,22.49,soft12.7+soft12.7,22.48,
ANSUR2-M-11440,M,1.263940520446096,validation,197.0,156.0,575.0,130.0,118.0,geometric_feasible,unevaluated,G226-L11,G226,3.0,6.0,1.0,,soft12.7+firm15,24.57,soft19+firm10,25.42,soft19+firm10,25.73,soft19+firm10,25.59,soft19+firm10,25.61,
ANSUR2-M-11441,M,1.263940520446096,validation,192.0,152.0,562.0,134.0,114.0,geometric_feasible,unevaluated,S13-L20,S13,0.0,0.0,3.0,,soft19+firm5,20.09,soft19+firm5,20.19,soft19,17.42,soft12.7+soft12.7,21.11,soft12.7+soft12.7,21.11,
ANSUR2-M-11445,M,1.263940520446096,validation,212.0,156.0,590.0,140.0,126.0,geometric_feasible,unevaluated,G226-L01,G226,-6.0,0.0,1.0,,soft19,16.51,soft19+firm5,20.23,soft19,15.87,soft12.7+soft12.7,20.79,soft12.7+soft12.7,20.8,
ANSUR2-M-11447,M,1.263940520446096,train,198.0,163.0,581.0,139.0,117.0,geometric_feasible,unevaluated,G226-L20,G226,0.0,6.0,0.0,,soft19,16.02,soft12.7+soft12.7,20.43,soft12.7+soft12.7,22.56,soft19+firm5,20.33,soft19+firm5,20.33,
ANSUR2-M-11466,M,1.263940520446096,train,199.0,156.0,568.0,125.0,125.0,geometric_feasible,unevaluated,G226-L20,G226,-3.0,12.0,0.0,,soft12.7+soft12.7,24.02,soft12.7+firm15,24.74,soft19+firm10,27.42,soft19+firm10,26.01,soft19+firm10,26.01,
ANSUR2-M-11488,M,1.263940520446096,train,194.0,150.0,553.0,134.0,119.0,geometric_feasible,unevaluated,S13-L20,S13,0.0,3.0,1.0,,soft19,17.74,soft19+firm5,20.0,soft12.7+soft12.7,21.47,soft12.7+soft12.7,22.28,soft12.7+soft12.7,22.28,
ANSUR2-M-11501,M,1.263940520446096,validation,204.0,160.0,590.0,137.0,125.0,geometric_feasible,unevaluated,G226-L01,G226,0.0,0.0,2.0,,soft12.7+soft12.7,24.02,soft19+firm10,26.74,soft19,15.23,soft19+firm10,26.11,soft19+firm10,26.11,
ANSUR2-M-11545,M,1.263940520446096,train,196.0,154.0,567.0,134.0,111.0,geometric_feasible,unevaluated,S13-L20,S13,0.0,3.0,2.0,,soft19,17.78,soft12.7+soft12.7,21.25,soft12.7,11.83,soft12.7+soft12.7,21.86,soft12.7+soft12.7,21.85,
ANSUR2-M-11685,M,1.263940520446096,train,190.0,153.0,555.0,128.0,117.0,geometric_feasible,unevaluated,S13-L20,S13,3.0,6.0,2.0,,soft12.7+firm10,19.98,soft12.7+soft12.7,20.98,soft19,16.17,soft12.7+soft12.7,21.56,soft12.7+soft12.7,21.56,
ANSUR2-M-11708,M,1.263940520446096,train,200.0,157.0,577.0,140.0,130.0,geometric_feasible,unevaluated,G226-L01,G226,3.0,-6.0,2.0,,soft12.7+firm15,24.69,soft12.7+soft12.7,23.24,soft19,15.6,soft19+firm10,26.36,soft19+firm10,26.37,
ANSUR2-M-11722,M,1.263940520446096,train,198.0,161.0,580.0,140.0,120.0,geometric_feasible,unevaluated,G226-L01,G226,0.0,-3.0,2.0,,soft12.7+soft12.7,23.99,soft19+firm10,25.51,soft19,17.57,soft19+firm10,24.82,soft19+firm10,24.82,
ANSUR2-M-11736,M,1.263940520446096,validation,193.0,146.0,550.0,129.0,116.0,geometric_feasible,unevaluated,S13-L20,S13,-6.0,6.0,1.0,,soft19,16.91,soft19+firm5,20.33,soft19,16.82,soft12.7+soft12.7,20.57,soft12.7+soft12.7,20.67,
ANSUR2-M-11754,M,1.263940520446096,train,204.0,162.0,587.0,134.0,113.0,geometric_feasible,unevaluated,S13-L20,S13,3.0,3.0,2.0,,soft19,16.21,soft19,16.14,soft19,15.84,soft19,16.97,soft19,16.97,
ANSUR2-M-11761,M,1.263940520446096,train,200.0,153.0,568.0,128.0,133.0,geometric_feasible,unevaluated,G226-L11,G226,3.0,6.0,1.0,,soft19+firm10,25.56,soft19+firm10,25.65,soft19+firm10,26.75,soft19+firm10,26.56,soft19+firm10,26.55,
ANSUR2-M-11819,M,1.263940520446096,train,210.0,156.0,599.0,132.0,123.0,geometric_feasible,unevaluated,G226-L11,G226,3.0,0.0,1.0,,soft19+firm10,26.62,soft12.7+soft12.7,23.17,soft19+firm10,27.03,soft19+firm10,26.67,soft19+firm10,26.67,
ANSUR2-M-11839,M,1.263940520446096,train,195.0,146.0,566.0,130.0,121.0,geometric_feasible,unevaluated,S13-L20,S13,6.0,3.0,2.0,,soft19,17.71,soft19,16.41,soft12.7+firm10,19.79,soft12.7+soft12.7,20.97,soft12.7+soft12.7,20.92,
ANSUR2-M-11842,M,1.263940520446096,validation,198.0,156.0,578.0,142.0,128.0,geometric_feasible,unevaluated,G226-L01,G226,0.0,-3.0,1.0,,soft12.7+soft12.7,21.44,soft12.7+soft12.7,22.11,soft12.7+soft12.7,23.02,soft12.7+soft12.7,22.49,soft12.7+soft12.7,22.49,
ANSUR2-M-11863,M,1.263940520446096,train,197.0,148.0,567.0,136.0,133.0,geometric_feasible,unevaluated,S13-L20,S13,3.0,3.0,2.0,,soft19,15.56,soft19,17.93,soft19,17.05,soft12.7+firm10,20.0,soft12.7+firm10,19.79,
ANSUR2-M-11878,M,1.263940520446096,train,196.0,150.0,560.0,125.0,126.0,geometric_feasible,unevaluated,S13-L20,S13,3.0,3.0,0.0,,soft12.7+soft12.7,23.39,soft12.7+soft12.7,21.96,soft12.7+soft12.7,21.45,soft12.7+soft12.7,23.61,soft12.7+soft12.7,23.61,
ANSUR2-M-11880,M,1.263940520446096,train,199.0,165.0,589.0,146.0,129.0,geometric_feasible,unevaluated,G226-L01,G226,0.0,-6.0,2.0,,soft12.7+soft12.7,21.02,soft12.7+soft12.7,23.61,soft12.7+firm5,15.1,soft12.7+soft12.7,22.58,soft12.7+soft12.7,22.58,
ANSUR2-M-11881,M,1.263940520446096,train,206.0,154.0,602.0,145.0,125.0,excluded,fail,S13-L20,S13,,,,pad_too_tight,,,,,,,,,,,True
ANSUR2-M-11886,M,1.263940520446096,train,213.0,160.0,603.0,134.0,115.0,excluded,fail,G226-L01,G226,,,,nose,,,,,,,,,,,True
ANSUR2-M-11905,M,1.263940520446096,train,197.0,162.0,578.0,144.0,119.0,excluded,fail,S13-L20,S13,,,,pad_too_tight,,,,,,,,,,,True
ANSUR2-M-11944,M,1.263940520446096,validation,201.0,156.0,590.0,131.0,112.0,geometric_feasible,unevaluated,S13-L20,S13,0.0,6.0,1.0,,soft19,17.67,soft12.7+soft12.7,20.9,soft19,16.31,soft12.7+soft12.7,20.38,soft12.7+soft12.7,20.42,
ANSUR2-M-11948,M,1.263940520446096,train,195.0,157.0,572.0,142.0,133.0,geometric_feasible,unevaluated,G226-L11,G226,0.0,3.0,1.0,,soft19,16.02,soft12.7+soft12.7,20.85,soft19,16.72,soft12.7+soft12.7,20.88,soft12.7+soft12.7,20.87,
ANSUR2-M-11953,M,1.263940520446096,validation,201.0,153.0,579.0,132.0,118.0,geometric_feasible,unevaluated,S13-L20,S13,0.0,6.0,2.0,,soft19,16.51,soft19+firm5,20.09,soft19,15.65,soft19+firm5,20.3,soft12.7+soft12.7,20.44,
ANSUR2-M-11967,M,1.263940520446096,train,189.0,162.0,570.0,140.0,111.0,geometric_feasible,unevaluated,G226-L11,G226,6.0,0.0,1.0,,soft12.7+soft12.7,20.54,soft12.7+soft12.7,22.63,soft12.7+soft12.7,22.28,soft12.7+soft12.7,23.13,soft12.7+soft12.7,23.13,
ANSUR2-M-11980,M,1.263940520446096,train,199.0,151.0,578.0,136.0,121.0,geometric_feasible,unevaluated,G226-L01,G226,3.0,0.0,1.0,,soft12.7+soft12.7,21.7,soft12.7+soft12.7,21.47,soft12.7+soft12.7,22.11,soft12.7+soft12.7,22.79,soft12.7+soft12.7,22.79,
ANSUR2-M-12023,M,1.263940520446096,validation,204.0,152.0,590.0,133.0,121.0,geometric_feasible,unevaluated,G226-L01,G226,3.0,0.0,2.0,,soft19+firm10,26.7,soft19+firm10,26.77,soft19+firm10,25.6,soft19+firm10,27.52,soft19+firm10,27.52,
ANSUR2-M-12047,M,1.263940520446096,train,198.0,149.0,570.0,143.0,118.0,geometric_feasible,unevaluated,S13-L20,S13,-3.0,-6.0,3.0,,soft19,17.32,soft12.7+soft12.7,21.39,soft19,17.18,soft12.7+soft12.7,21.97,soft12.7+soft12.7,22.2,
ANSUR2-M-12057,M,1.263940520446096,train,194.0,150.0,553.0,144.0,114.0,geometric_feasible,unevaluated,G226-L01,G226,6.0,0.0,1.0,,soft19,15.87,soft19,17.83,soft19,17.75,soft12.7+soft12.7,20.97,soft12.7+soft12.7,20.96,
ANSUR2-M-12059,M,1.263940520446096,train,200.0,147.0,565.0,135.0,121.0,geometric_feasible,unevaluated,S13-L20,S13,0.0,0.0,1.0,,soft19,17.8,soft12.7+soft12.7,21.46,soft19,16.74,soft12.7+soft12.7,22.6,soft12.7+soft12.7,22.75,
ANSUR2-M-12062,M,1.263940520446096,validation,196.0,152.0,561.0,127.0,122.0,geometric_feasible,unevaluated,S13-L20,S13,-3.0,12.0,1.0,,soft19,15.61,soft12.7+soft12.7,21.57,soft19,16.88,soft12.7+soft12.7,20.86,soft12.7+soft12.7,20.86,
ANSUR2-M-12064,M,1.263940520446096,validation,201.0,147.0,570.0,133.0,129.0,geometric_feasible,unevaluated,G226-L01,G226,0.0,6.0,2.0,,soft12.7+soft12.7,21.98,soft12.7+soft12.7,22.45,soft19+firm10,24.98,soft19+firm10,25.96,soft19+firm10,25.87,
ANSUR2-M-12102,M,1.263940520446096,validation,203.0,155.0,579.0,127.0,120.0,geometric_feasible,unevaluated,G226-L20,G226,-3.0,12.0,0.0,,soft12.7+soft12.7,21.89,soft19+firm10,26.59,soft12.7+soft12.7,22.85,soft19+firm10,25.54,soft19+firm10,25.54,
ANSUR2-M-12103,M,1.263940520446096,train,201.0,155.0,580.0,133.0,136.0,geometric_feasible,unevaluated,S13-L20,S13,6.0,3.0,2.0,,soft19,17.27,soft19,17.26,soft12.7+firm10,19.95,soft12.7+soft12.7,20.63,soft12.7+soft12.7,20.58,
ANSUR2-M-12123,M,1.263940520446096,train,197.0,163.0,592.0,130.0,122.0,geometric_feasible,unevaluated,S13-L20,S13,-6.0,9.0,1.0,,soft12.7+firm5,15.0,soft12.7+soft12.7,22.23,soft19,15.41,soft19,17.65,soft19,17.69,
ANSUR2-M-12134,M,1.263940520446096,train,209.0,161.0,596.0,134.0,124.0,geometric_feasible,unevaluated,G226-L01,G226,-3.0,-3.0,2.0,,soft19+firm10,25.97,soft12.7+soft12.7,22.83,soft12.7+firm15,24.67,soft12.7+soft12.7,23.77,soft12.7+soft12.7,23.77,
ANSUR2-M-12142,M,1.263940520446096,train,209.0,159.0,594.0,146.0,136.0,geometric_feasible,unevaluated,G226-L01,G226,3.0,-9.0,2.0,,soft12.7+soft12.7,24.02,soft19+firm10,27.23,soft12.7+soft12.7,22.91,soft19+firm10,26.22,soft19+firm10,26.21,
ANSUR2-M-12149,M,1.263940520446096,validation,186.0,153.0,558.0,131.0,123.0,excluded,fail,S13-L20,S13,,,,field_of_view,,,,,,,,,,,True
ANSUR2-M-12157,M,1.263940520446096,train,199.0,150.0,576.0,134.0,123.0,geometric_feasible,unevaluated,S13-L20,S13,3.0,3.0,2.0,,soft19,17.72,soft12.7+soft12.7,20.77,soft19,17.81,soft12.7+soft12.7,22.25,soft12.7+soft12.7,22.13,
ANSUR2-M-12164,M,1.263940520446096,train,198.0,150.0,555.0,131.0,130.0,geometric_feasible,unevaluated,S13-L20,S13,-3.0,3.0,1.0,,soft12.7+soft12.7,20.71,soft12.7+soft12.7,23.25,soft19,15.97,soft19+firm10,26.02,soft19+firm10,26.03,
ANSUR2-M-12169,M,1.263940520446096,train,200.0,157.0,573.0,132.0,117.0,geometric_feasible,unevaluated,G226-L20,G226,0.0,6.0,0.0,,soft12.7+soft12.7,20.6,soft12.7+firm10,19.89,soft12.7+firm15,24.67,soft12.7+soft12.7,22.49,soft12.7+soft12.7,22.49,
ANSUR2-M-12172,M,1.263940520446096,train,200.0,161.0,577.0,133.0,118.0,geometric_feasible,unevaluated,S13-L20,S13,0.0,6.0,3.0,,soft19,15.71,soft19,17.68,soft19,17.01,soft19,17.86,soft19,17.85,
ANSUR2-M-12190,M,1.263940520446096,validation,200.0,159.0,590.0,139.0,124.0,geometric_feasible,unevaluated,G226-L01,G226,3.0,-3.0,2.0,,soft12.7+soft12.7,23.16,soft12.7+soft12.7,22.93,soft19,17.51,soft12.7+firm15,24.8,soft12.7+firm15,24.8,
ANSUR2-M-12214,M,1.263940520446096,train,193.0,144.0,545.0,134.0,124.0,geometric_feasible,unevaluated,S13-L20,S13,0.0,0.0,1.0,,soft12.7+soft12.7,20.74,soft12.7+firm15,24.72,soft12.7+soft12.7,23.8,soft19+firm10,26.52,soft19+firm10,26.53,
ANSUR2-M-12224,M,1.263940520446096,validation,201.0,161.0,590.0,138.0,133.0,geometric_feasible,unevaluated,S13-L20,S13,-3.0,0.0,2.0,,soft19,16.6,soft12.7+soft12.7,22.27,soft19,15.33,soft12.7+firm10,19.96,soft19+firm5,20.02,
ANSUR2-M-12235,M,1.263940520446096,train,199.0,155.0,576.0,136.0,125.0,geometric_feasible,unevaluated,G226-L11,G226,0.0,3.0,1.0,,soft12.7+soft12.7,22.02,soft19+firm10,25.72,soft12.7+soft12.7,23.0,soft19+firm10,27.19,soft19+firm10,27.19,
ANSUR2-M-12243,M,1.263940520446096,train,194.0,149.0,564.0,128.0,124.0,geometric_feasible,unevaluated,G226-L20,G226,0.0,12.0,0.0,,soft12.7+soft12.7,21.02,soft12.7+soft12.7,22.52,soft19+firm10,27.3,soft19+firm10,25.93,soft19+firm10,25.81,
ANSUR2-M-12261,M,1.263940520446096,validation,207.0,152.0,584.0,139.0,120.0,geometric_feasible,unevaluated,G226-L01,G226,0.0,3.0,2.0,,soft19,17.24,soft19,17.24,soft19,16.58,soft12.7+soft12.7,22.12,soft12.7+soft12.7,22.01,
ANSUR2-M-12265,M,1.263940520446096,train,201.0,152.0,574.0,129.0,125.0,geometric_feasible,unevaluated,S13-L20,S13,6.0,3.0,3.0,,soft19,17.98,soft19,16.07,soft12.7+soft12.7,21.82,soft12.7+soft12.7,21.32,soft12.7+soft12.7,21.31,
ANSUR2-M-12269,M,1.263940520446096,validation,206.0,141.0,564.0,131.0,126.0,geometric_feasible,unevaluated,S13-L20,S13,6.0,6.0,1.0,,soft19,17.31,soft19,17.62,soft19,15.95,soft12.7+soft12.7,22.78,soft12.7+soft12.7,22.54,
ANSUR2-M-12292,M,1.263940520446096,train,199.0,150.0,560.0,127.0,132.0,geometric_feasible,unevaluated,S13-L20,S13,0.0,6.0,1.0,,soft12.7+soft12.7,21.14,soft12.7+soft12.7,22.55,soft19+firm5,20.04,soft12.7+soft12.7,24.0,soft12.7+soft12.7,24.0,
ANSUR2-M-12317,M,1.263940520446096,train,209.0,158.0,598.0,127.0,117.0,geometric_feasible,unevaluated,G226-L11,G226,-6.0,6.0,1.0,,soft19+firm10,26.21,soft12.7+soft12.7,22.25,soft19+firm10,25.91,soft19+firm10,25.66,soft19+firm10,25.66,
ANSUR2-M-12319,M,1.263940520446096,train,205.0,149.0,584.0,140.0,130.0,geometric_feasible,unevaluated,G226-L01,G226,0.0,3.0,2.0,,soft19,18.02,soft19+firm10,25.14,soft19,16.66,soft19+firm10,26.45,soft19+firm10,26.67,
ANSUR2-M-12320,M,1.263940520446096,validation,192.0,154.0,568.0,131.0,120.0,geometric_feasible,unevaluated,G226-L11,G226,6.0,3.0,1.0,,soft19+firm10,25.39,soft19+firm10,25.98,soft19+firm10,26.25,soft19+firm10,25.92,soft19+firm10,25.92,
ANSUR2-M-12337,M,1.263940520446096,validation,199.0,162.0,589.0,140.0,134.0,excluded,fail,G226-L01,G226,,,,field_of_view,,,,,,,,,,,True
ANSUR2-M-12339,M,1.263940520446096,train,196.0,141.0,548.0,130.0,113.0,geometric_feasible,unevaluated,S13-L20,S13,-3.0,3.0,2.0,,soft19,17.76,soft12.7+soft12.7,22.41,soft19,17.01,soft12.7+soft12.7,23.22,soft12.7+soft12.7,23.37,
ANSUR2-M-12356,M,1.263940520446096,train,192.0,150.0,570.0,137.0,125.0,geometric_feasible,unevaluated,G226-L11,G226,0.0,6.0,1.0,,soft19,18.02,soft19+firm10,27.08,soft12.7+soft12.7,22.92,soft19+firm10,26.35,soft19+firm10,26.57,
ANSUR2-M-12358,M,1.263940520446096,train,198.0,159.0,583.0,132.0,128.0,geometric_feasible,unevaluated,G226-L01,G226,3.0,3.0,2.0,,soft19+firm10,25.99,soft19+firm10,27.15,soft19+firm10,27.29,soft19+firm10,25.79,soft19+firm10,25.79,
ANSUR2-M-12367,M,1.263940520446096,train,210.0,160.0,585.0,138.0,117.0,geometric_feasible,unevaluated,G226-L20,G226,-3.0,6.0,0.0,,soft19,17.02,soft19+firm10,25.19,soft12.7+soft12.7,22.91,soft19+firm10,25.0,soft19+firm10,25.0,
ANSUR2-M-12369,M,1.263940520446096,train,199.0,151.0,575.0,130.0,126.0,geometric_feasible,unevaluated,G226-L01,G226,0.0,3.0,2.0,,soft19+firm10,25.37,soft12.7+firm15,24.76,soft19+firm10,26.12,soft19+firm10,26.16,soft19+firm10,26.16,
ANSUR2-M-12386,M,1.263940520446096,validation,201.0,149.0,577.0,138.0,120.0,excluded,fail,G226-L11,G226,,,,field_of_view,,,,,,,,,,,True
ANSUR2-M-12399,M,1.263940520446096,train,215.0,151.0,603.0,131.0,121.0,geometric_feasible,unevaluated,G226-L11,G226,0.0,6.0,1.0,,soft12.7+soft12.7,22.29,soft12.7+soft12.7,21.32,soft12.7+soft12.7,21.06,soft19+firm10,25.59,soft19+firm10,25.61,
ANSUR2-M-12417,M,1.263940520446096,train,194.0,144.0,544.0,127.0,113.0,geometric_feasible,unevaluated,S13-L20,S13,0.0,6.0,2.0,,soft19,18.05,soft12.7+soft12.7,20.5,soft19,15.91,soft12.7+soft12.7,21.9,soft12.7+soft12.7,21.9,
ANSUR2-M-12420,M,1.263940520446096,validation,206.0,156.0,589.0,132.0,126.0,geometric_feasible,unevaluated,S13-L20,S13,-6.0,3.0,2.0,,soft19,15.66,soft12.7+soft12.7,22.32,soft12.7,11.84,soft19+firm5,20.13,soft19+firm5,20.17,
ANSUR2-M-12422,M,1.263940520446096,train,198.0,156.0,568.0,135.0,116.0,geometric_feasible,unevaluated,S13-L20,S13,3.0,0.0,2.0,,soft19,16.0,soft19,15.84,soft19,16.16,soft19,17.33,soft19,17.32,
ANSUR2-M-12436,M,1.263940520446096,validation,193.0,157.0,568.0,127.0,129.0,geometric_feasible,unevaluated,S13-L20,S13,0.0,6.0,0.0,,soft12.7+soft12.7,21.74,soft19+firm10,26.22,soft12.7+soft12.7,20.68,soft12.7+soft12.7,21.93,soft12.7+soft12.7,21.93,
ANSUR2-M-12438,M,1.263940520446096,validation,200.0,156.0,562.0,128.0,129.0,geometric_feasible,unevaluated,S13-L20,S13,0.0,9.0,1.0,,soft19,17.7,soft19+firm5,20.16,soft19,17.93,soft12.7+soft12.7,20.46,soft12.7+soft12.7,20.45,
ANSUR2-M-12440,M,1.263940520446096,validation,198.0,153.0,558.0,129.0,113.0,geometric_feasible,unevaluated,S13-L20,S13,-3.0,6.0,2.0,,soft19,17.92,soft12.7+soft12.7,22.01,soft19,17.67,soft12.7+soft12.7,21.55,soft12.7+soft12.7,21.55,
ANSUR2-M-12448,M,1.263940520446096,train,217.0,170.0,628.0,139.0,136.0,geometric_feasible,unevaluated,G226-L11,G226,0.0,6.0,1.0,,soft19,15.92,soft19,16.38,soft19,17.88,soft19,17.71,soft19,17.71,
ANSUR2-M-12449,M,1.263940520446096,train,190.0,161.0,562.0,126.0,122.0,geometric_feasible,unevaluated,S13-L20,S13,0.0,6.0,0.0,,soft12.7+soft12.7,22.74,soft19+firm10,27.22,soft12.7+soft12.7,23.57,soft12.7+soft12.7,20.69,soft12.7+soft12.7,20.69,
ANSUR2-M-12451,M,1.263940520446096,train,211.0,155.0,600.0,136.0,122.0,geometric_feasible,unevaluated,G226-L11,G226,0.0,3.0,1.0,,soft12.7+soft12.7,21.73,soft12.7+soft12.7,23.68,soft12.7+soft12.7,20.59,soft19+firm10,24.83,soft19+firm10,24.84,
ANSUR2-M-12452,M,1.263940520446096,validation,194.0,156.0,547.0,128.0,127.0,geometric_feasible,unevaluated,S13-L20,S13,3.0,3.0,0.0,,soft12.7+soft12.7,23.72,soft19+firm10,24.93,soft12.7+soft12.7,21.98,soft12.7+soft12.7,23.38,soft12.7+soft12.7,23.37,
ANSUR2-M-12456,M,1.263940520446096,train,209.0,159.0,587.0,135.0,139.0,geometric_feasible,unevaluated,G226-L11,G226,3.0,0.0,1.0,,soft19+firm10,25.88,soft19+firm10,26.84,soft12.7+soft12.7,23.54,soft19+firm10,25.72,soft19+firm10,25.71,
ANSUR2-M-12463,M,1.263940520446096,train,196.0,166.0,563.0,142.0,115.0,geometric_feasible,unevaluated,G226-L01,G226,0.0,3.0,2.0,,soft19,16.02,soft12.7+soft12.7,20.68,soft19,18.04,soft12.7+firm10,19.95,soft12.7+firm10,19.95,
ANSUR2-M-12480,M,1.263940520446096,train,204.0,153.0,566.0,120.0,123.0,excluded,fail,S13-L20,S13,,,,nose,,,,,,,,,,,True
ANSUR2-M-12509,M,1.263940520446096,train,188.0,166.0,566.0,133.0,117.0,excluded,fail,S13-L20,S13,,,,field_of_view,,,,,,,,,,,True
ANSUR2-M-12511,M,1.263940520446096,train,197.0,151.0,551.0,126.0,111.0,geometric_feasible,unevaluated,S13-L20,S13,0.0,3.0,2.0,,soft12.7+soft12.7,22.46,soft12.7+soft12.7,20.99,soft12.7+soft12.7,20.93,soft12.7+soft12.7,22.86,soft12.7+soft12.7,22.85,
ANSUR2-M-12554,M,1.263940520446096,train,206.0,158.0,595.0,139.0,126.0,geometric_feasible,unevaluated,G226-L01,G226,3.0,-3.0,2.0,,soft12.7+soft12.7,22.69,soft12.7+soft12.7,22.07,soft19,15.46,soft19+firm10,25.46,soft19+firm10,25.46,
ANSUR2-M-12578,M,1.263940520446096,validation,207.0,164.0,603.0,139.0,128.0,geometric_feasible,unevaluated,G226-L01,G226,0.0,-3.0,2.0,,soft12.7+soft12.7,23.8,soft12.7+firm15,24.65,soft19,15.48,soft12.7+soft12.7,23.12,soft12.7+soft12.7,23.12,
ANSUR2-M-12586,M,1.263940520446096,train,198.0,150.0,574.0,137.0,127.0,geometric_feasible,unevaluated,G226-L01,G226,3.0,-3.0,1.0,,soft19+firm10,25.89,soft19+firm10,26.75,soft19,16.93,soft19+firm10,27.14,soft19+firm10,27.13,
ANSUR2-M-12590,M,1.263940520446096,train,206.0,160.0,589.0,132.0,126.0,geometric_feasible,unevaluated,G226-L11,G226,-3.0,3.0,1.0,,soft19+firm10,25.74,soft19+firm10,25.58,soft19+firm10,26.18,soft12.7+firm15,24.78,soft12.7+firm15,24.78,
ANSUR2-M-12594,M,1.263940520446096,train,203.0,149.0,567.0,117.0,122.0,geometric_feasible,unevaluated,S13-L20,S13,-3.0,6.0,0.0,,soft19+firm10,26.64,soft19+firm10,25.11,soft19,16.38,soft19+firm10,26.2,soft19+firm10,26.2,
ANSUR2-M-12602,M,1.263940520446096,train,202.0,153.0,573.0,134.0,110.0,geometric_feasible,unevaluated,G226-L11,G226,6.0,9.0,0.0,,soft19,16.84,soft19,17.25,soft12.7+soft12.7,22.75,soft12.7+soft12.7,21.43,soft12.7+soft12.7,21.23,
ANSUR2-M-12612,M,1.263940520446096,train,204.0,156.0,586.0,141.0,133.0,geometric_feasible,unevaluated,G226-L01,G226,0.0,-3.0,2.0,,soft12.7+soft12.7,23.02,soft12.7+soft12.7,23.69,soft19,16.52,soft19+firm10,26.02,soft19+firm10,26.03,
ANSUR2-M-12616,M,1.263940520446096,train,205.0,145.0,569.0,122.0,115.0,geometric_feasible,unevaluated,S13-L20,S13,-3.0,9.0,0.0,,soft12.7+soft12.7,22.37,soft12.7+soft12.7,22.61,soft19,15.3,soft19+firm10,27.02,soft19+firm10,27.06,
ANSUR2-M-12619,M,1.263940520446096,train,202.0,153.0,566.0,132.0,118.0,geometric_feasible,unevaluated,S13-L20,S13,-6.0,3.0,2.0,,soft19,16.88,soft12.7+soft12.7,22.67,soft19,15.56,soft12.7+soft12.7,21.92,soft12.7+soft12.7,21.92,
ANSUR2-M-12649,M,1.263940520446096,train,189.0,149.0,554.0,133.0,127.0,geometric_feasible,unevaluated,S13-L20,S13,-6.0,3.0,1.0,,soft19,16.84,soft19+firm10,25.6,soft19,16.84,soft12.7+soft12.7,21.07,soft12.7+soft12.7,21.23,
ANSUR2-M-12653,M,1.263940520446096,train,198.0,156.0,579.0,135.0,122.0,geometric_feasible,unevaluated,G226-L01,G226,3.0,0.0,1.0,,soft19+firm10,25.63,soft19+firm10,27.11,soft19+firm5,20.08,soft19+firm10,26.8,soft19+firm10,26.8,
ANSUR2-M-12655,M,1.263940520446096,train,188.0,151.0,544.0,130.0,113.0,geometric_feasible,unevaluated,S13-L20,S13,-3.0,3.0,1.0,,soft12.7+soft12.7,21.06,soft12.7+soft12.7,21.47,soft12.7+soft12.7,22.27,soft12.7+soft12.7,22.05,soft12.7+soft12.7,22.06,
ANSUR2-M-12659,M,1.263940520446096,train,190.0,146.0,564.0,131.0,117.0,geometric_feasible,unevaluated,S13-L20,S13,3.0,6.0,2.0,,soft19,17.72,soft12.7+soft12.7,21.09,soft12.7+soft12.7,22.41,soft12.7+soft12.7,22.46,soft12.7+soft12.7,22.24,
ANSUR2-M-12687,M,1.263940520446096,train,196.0,156.0,575.0,123.0,126.0,geometric_feasible,unevaluated,S13-L20,S13,-3.0,9.0,0.0,,soft12.7+soft12.7,22.49,soft12.7+soft12.7,22.55,soft12.7+soft12.7,22.69,soft12.7+soft12.7,21.95,soft12.7+soft12.7,21.96,
ANSUR2-M-12690,M,1.263940520446096,train,208.0,165.0,611.0,138.0,129.0,geometric_feasible,unevaluated,G226-L01,G226,-3.0,-3.0,2.0,,soft12.7+soft12.7,22.93,soft19+firm10,26.65,soft19,17.43,soft12.7+soft12.7,22.74,soft12.7+soft12.7,22.74,
ANSUR2-M-12715,M,1.263940520446096,train,212.0,161.0,599.0,131.0,134.0,geometric_feasible,unevaluated,G226-L11,G226,6.0,0.0,1.0,,soft19+firm10,26.63,soft12.7+soft12.7,23.36,soft19+firm10,26.15,soft12.7+firm15,24.78,soft12.7+firm15,24.79,
ANSUR2-M-12729,M,1.263940520446096,train,202.0,154.0,575.0,130.0,119.0,geometric_feasible,unevaluated,S13-L20,S13,3.0,3.0,2.0,,soft12.7+soft12.7,21.61,soft12.7+soft12.7,23.0,soft19,17.13,soft12.7+soft12.7,23.74,soft12.7+soft12.7,23.75,
ANSUR2-M-12731,M,1.263940520446096,train,199.0,159.0,577.0,140.0,118.0,geometric_feasible,unevaluated,G226-L01,G226,0.0,-3.0,2.0,,soft12.7+soft12.7,21.81,soft12.7+soft12.7,21.57,soft12.7+firm15,24.67,soft12.7+soft12.7,23.41,soft12.7+soft12.7,23.41,
ANSUR2-M-12734,M,1.263940520446096,validation,203.0,150.0,563.0,126.0,136.0,geometric_feasible,unevaluated,G226-L11,G226,-3.0,6.0,1.0,,soft19+firm10,27.38,soft12.7+soft12.7,23.72,soft19+firm10,27.2,soft19+firm10,27.52,soft19+firm10,27.52,
ANSUR2-M-12736,M,1.263940520446096,validation,193.0,154.0,563.0,141.0,129.0,geometric_feasible,unevaluated,G226-L01,G226,3.0,-3.0,1.0,,soft12.7+soft12.7,23.02,soft19+firm10,27.17,soft12.7+firm15,24.68,soft19+firm10,26.75,soft19+firm10,26.76,
ANSUR2-M-12742,M,1.263940520446096,train,208.0,160.0,587.0,129.0,129.0,geometric_feasible,unevaluated,S13-L20,S13,0.0,0.0,2.0,,soft12.7+soft12.7,21.59,soft12.7+soft12.7,20.67,soft19,15.75,soft12.7+soft12.7,20.7,soft12.7+soft12.7,20.69,
ANSUR2-M-12744,M,1.263940520446096,validation,208.0,154.0,590.0,142.0,131.0,geometric_feasible,unevaluated,G226-L01,G226,-6.0,-3.0,2.0,,soft12.7+soft12.7,21.11,soft19+firm10,25.4,soft19,17.88,soft19+firm10,24.89,soft19+firm10,25.03,
ANSUR2-M-12751,M,1.263940520446096,validation,208.0,152.0,580.0,129.0,136.0,geometric_feasible,unevaluated,S13-L20,S13,0.0,6.0,2.0,,soft19,16.66,soft19,16.59,soft12.7+firm5,14.97,soft12.7+soft12.7,20.43,soft12.7+soft12.7,20.42,
ANSUR2-M-12758,M,1.263940520446096,train,190.0,156.0,582.0,125.0,119.0,geometric_feasible,unevaluated,S13-L20,S13,0.0,3.0,0.0,,soft19+firm10,26.74,soft19+firm10,25.9,soft12.7+soft12.7,23.45,soft12.7+soft12.7,22.12,soft12.7+soft12.7,22.12,
ANSUR2-M-12764,M,1.263940520446096,train,199.0,156.0,577.0,132.0,129.0,geometric_feasible,unevaluated,S13-L20,S13,0.0,6.0,1.0,,soft19,16.75,soft12.7+soft12.7,20.64,soft12.7+soft12.7,21.23,soft12.7+soft12.7,22.03,soft12.7+soft12.7,22.03,
ANSUR2-M-12768,M,1.263940520446096,train,193.0,162.0,565.0,130.0,124.0,geometric_feasible,unevaluated,S13-L20,S13,0.0,3.0,0.0,,soft12.7+soft12.7,21.74,soft12.7+soft12.7,21.62,soft19+firm10,25.38,soft19+firm5,20.09,soft19+firm5,20.08,
ANSUR2-M-12794,M,1.263940520446096,train,194.0,155.0,565.0,131.0,120.0,geometric_feasible,unevaluated,G226-L01,G226,0.0,3.0,2.0,,soft19+firm10,26.76,soft19+firm10,27.46,soft12.7+soft12.7,22.86,soft19+firm10,26.44,soft19+firm10,26.44,
ANSUR2-M-12808,M,1.263940520446096,validation,201.0,153.0,580.0,133.0,117.0,geometric_feasible,unevaluated,G226-L11,G226,3.0,6.0,1.0,,soft12.7+soft12.7,21.58,soft12.7+soft12.7,22.68,soft12.7+soft12.7,21.05,soft19+firm10,25.33,soft19+firm10,25.22,
ANSUR2-M-12820,M,1.263940520446096,validation,208.0,152.0,587.0,130.0,136.0,geometric_feasible,unevaluated,G226-L01,G226,-6.0,3.0,2.0,,soft12.7+soft12.7,23.07,soft12.7+soft12.7,22.17,soft19,15.36,soft19+firm10,25.22,soft19+firm10,25.22,
ANSUR2-M-12821,M,1.263940520446096,train,196.0,156.0,573.0,132.0,113.0,geometric_feasible,unevaluated,S13-L20,S13,6.0,0.0,0.0,,soft12.7+soft12.7,21.52,soft12.7+soft12.7,21.94,soft12.7+soft12.7,23.33,soft12.7+soft12.7,22.65,soft12.7+soft12.7,22.65,
ANSUR2-M-12824,M,1.263940520446096,validation,197.0,153.0,564.0,136.0,127.0,geometric_feasible,unevaluated,S13-L20,S13,6.0,0.0,2.0,,soft19,16.48,soft19,16.94,soft19,15.41,soft19+firm5,20.02,soft19+firm5,20.03,
ANSUR2-M-12890,M,1.263940520446096,validation,208.0,159.0,587.0,121.0,135.0,geometric_feasible,unevaluated,G226-L20,G226,-3.0,12.0,0.0,,soft19+firm10,26.29,soft19+firm5,20.11,soft19+firm10,26.41,soft12.7+soft12.7,23.58,soft12.7+soft12.7,23.58,
ANSUR2-M-12891,M,1.263940520446096,train,201.0,152.0,566.0,126.0,117.0,geometric_feasible,unevaluated,G226-L20,G226,-3.0,12.0,0.0,,soft12.7+soft12.7,23.02,soft19+firm10,26.25,soft19+firm10,26.58,soft19+firm10,27.33,soft19+firm10,27.33,
ANSUR2-M-12908,M,1.263940520446096,train,203.0,149.0,568.0,135.0,120.0,geometric_feasible,unevaluated,S13-L20,S13,-3.0,3.0,2.0,,soft19,16.61,soft12.7+soft12.7,20.81,soft19,18.0,soft12.7+soft12.7,22.54,soft12.7+soft12.7,22.68,
ANSUR2-M-12931,M,1.263940520446096,train,210.0,158.0,593.0,135.0,119.0,geometric_feasible,unevaluated,G226-L11,G226,0.0,9.0,1.0,,soft19,17.02,soft12.7+soft12.7,22.71,soft19,15.37,soft12.7+soft12.7,23.33,soft12.7+soft12.7,23.33,
ANSUR2-M-12933,M,1.263940520446096,train,212.0,160.0,593.0,136.0,117.0,geometric_feasible,unevaluated,G226-L01,G226,0.0,0.0,2.0,,soft12.7+soft12.7,23.56,soft19+firm10,27.05,soft19,15.58,soft19+firm10,25.53,soft19+firm10,25.53,
ANSUR2-M-12936,M,1.263940520446096,train,210.0,156.0,590.0,132.0,117.0,geometric_feasible,unevaluated,G226-L01,G226,-6.0,0.0,2.0,,soft12.7+soft12.7,24.01,soft19+firm10,26.47,soft19,18.03,soft19+firm10,25.87,soft19+firm10,25.88,
ANSUR2-M-12942,M,1.263940520446096,validation,200.0,146.0,562.0,137.0,121.0,geometric_feasible,unevaluated,S13-L20,S13,0.0,0.0,3.0,,soft19,16.55,soft19,16.9,soft19,17.11,soft12.7+soft12.7,20.8,soft12.7+soft12.7,20.8,
ANSUR2-M-12952,M,1.263940520446096,validation,206.0,154.0,583.0,144.0,123.0,geometric_feasible,unevaluated,G226-L01,G226,0.0,0.0,1.0,,soft19,16.72,soft19+firm5,20.22,soft19,17.58,soft12.7+soft12.7,20.94,soft12.7+soft12.7,20.94,
ANSUR2-M-12953,M,1.263940520446096,train,209.0,152.0,585.0,136.0,122.0,geometric_feasible,unevaluated,G226-L11,G226,6.0,0.0,0.0,,soft12.7+firm15,24.58,soft19+firm10,26.29,soft12.7+firm10,19.8,soft19+firm10,27.51,soft19+firm10,27.51,
ANSUR2-M-12956,M,1.263940520446096,train,208.0,156.0,603.0,140.0,122.0,geometric_feasible,unevaluated,G226-L01,G226,0.0,-3.0,1.0,,soft12.7+soft12.7,24.02,soft19+firm10,26.19,soft12.7+soft12.7,24.12,soft19+firm10,26.35,soft19+firm10,26.39,
ANSUR2-M-12958,M,1.263940520446096,train,199.0,167.0,584.0,132.0,112.0,geometric_feasible,unevaluated,G226-L20,G226,0.0,6.0,0.0,,soft12.7+soft12.7,23.02,soft19+firm10,24.97,soft12.7+soft12.7,21.21,soft12.7+soft12.7,22.01,soft12.7+soft12.7,22.01,
ANSUR2-M-12968,M,1.263940520446096,train,198.0,151.0,566.0,125.0,109.0,geometric_feasible,unevaluated,S13-L20,S13,0.0,0.0,1.0,,soft12.7+firm15,24.7,soft19,17.92,soft12.7+soft12.7,20.49,soft19+firm10,25.39,soft19+firm10,25.38,
ANSUR2-M-12971,M,1.263940520446096,train,214.0,167.0,610.0,140.0,124.0,geometric_feasible,unevaluated,G226-L11,G226,-6.0,0.0,0.0,,soft12.7+soft12.7,20.56,soft19+firm10,25.72,soft12.7+soft12.7,21.22,soft12.7+soft12.7,22.18,soft12.7+soft12.7,22.17,
ANSUR2-M-12974,M,1.263940520446096,validation,205.0,156.0,577.0,136.0,128.0,geometric_feasible,unevaluated,G226-L01,G226,0.0,-3.0,2.0,,soft19+firm10,26.3,soft19+firm10,25.75,soft12.7+soft12.7,22.1,soft19+firm10,26.08,soft19+firm10,26.08,
ANSUR2-M-13043,M,1.263940520446096,train,202.0,162.0,595.0,138.0,127.0,geometric_feasible,unevaluated,G226-L01,G226,-3.0,0.0,2.0,,soft12.7+soft12.7,23.02,soft19+firm10,25.4,soft12.7+soft12.7,21.53,soft12.7+firm15,24.76,soft12.7+firm15,24.76,
ANSUR2-M-13046,M,1.263940520446096,validation,194.0,146.0,557.0,133.0,112.0,geometric_feasible,unevaluated,G226-L11,G226,3.0,6.0,1.0,,soft12.7+soft12.7,22.0,soft12.7+soft12.7,23.68,soft19+firm10,26.73,soft19+firm10,26.38,soft19+firm10,26.22,
ANSUR2-M-13047,M,1.263940520446096,train,195.0,157.0,548.0,130.0,123.0,geometric_feasible,unevaluated,S13-L20,S13,0.0,3.0,0.0,,soft12.7+soft12.7,21.72,soft12.7+soft12.7,23.5,soft12.7+soft12.7,20.78,soft12.7+soft12.7,21.36,soft12.7+soft12.7,21.35,
ANSUR2-M-13052,M,1.263940520446096,validation,201.0,153.0,572.0,120.0,119.0,geometric_feasible,unevaluated,S13-L20,S13,0.0,12.0,0.0,,soft12.7+soft12.7,22.74,soft12.7+soft12.7,21.88,soft12.7+soft12.7,20.68,soft12.7+soft12.7,23.83,soft12.7+soft12.7,23.82,
ANSUR2-M-13054,M,1.263940520446096,train,202.0,157.0,564.0,125.0,119.0,geometric_feasible,unevaluated,S13-L20,S13,0.0,6.0,1.0,,soft12.7+soft12.7,21.18,soft12.7+soft12.7,24.04,soft19,16.13,soft12.7+soft12.7,21.87,soft12.7+soft12.7,21.86,
ANSUR2-M-13059,M,1.263940520446096,validation,197.0,154.0,562.0,129.0,121.0,geometric_feasible,unevaluated,S13-L20,S13,0.0,6.0,2.0,,soft12.7+firm10,19.78,soft12.7+soft12.7,20.87,soft12.7+soft12.7,22.83,soft12.7+soft12.7,23.14,soft12.7+soft12.7,23.14,
ANSUR2-M-13067,M,1.263940520446096,train,198.0,157.0,575.0,131.0,119.0,geometric_feasible,unevaluated,S13-L20,S13,-3.0,6.0,2.0,,soft19,16.11,soft19,17.86,soft19,16.13,soft19,18.01,soft19,18.01,
ANSUR2-M-13080,M,1.263940520446096,train,194.0,145.0,554.0,118.0,119.0,geometric_feasible,unevaluated,S13-L20,S13,-6.0,6.0,0.0,,soft19+firm10,26.63,soft19+firm10,26.75,soft12.7+soft12.7,20.51,soft19+firm10,26.43,soft19+firm10,26.43,
ANSUR2-M-13098,M,1.263940520446096,train,211.0,146.0,581.0,134.0,127.0,geometric_feasible,unevaluated,G226-L11,G226,0.0,6.0,1.0,,soft12.7+soft12.7,20.77,soft12.7+soft12.7,21.25,soft19,16.03,soft19+firm10,25.64,soft19+firm10,25.64,
ANSUR2-M-13242,M,1.263940520446096,train,193.0,157.0,570.0,137.0,134.0,geometric_feasible,unevaluated,G226-L01,G226,6.0,-3.0,0.0,,soft12.7+soft12.7,23.35,soft12.7+soft12.7,22.19,soft19+firm10,26.4,soft19+firm10,25.21,soft19+firm10,25.21,
ANSUR2-M-13249,M,1.263940520446096,validation,207.0,153.0,581.0,132.0,124.0,geometric_feasible,unevaluated,S13-L20,S13,3.0,6.0,2.0,,soft19,16.44,soft19,17.72,soft19,16.85,soft12.7+soft12.7,20.89,soft12.7+soft12.7,20.9,
ANSUR2-M-13311,M,1.263940520446096,train,192.0,150.0,566.0,127.0,118.0,geometric_feasible,unevaluated,S13-L20,S13,6.0,6.0,1.0,,soft12.7+soft12.7,20.82,soft12.7+soft12.7,21.08,soft19+firm10,25.68,soft12.7+soft12.7,23.43,soft12.7+soft12.7,23.38,
ANSUR2-M-13522,M,1.263940520446096,train,193.0,154.0,553.0,128.0,125.0,geometric_feasible,unevaluated,S13-L20,S13,0.0,9.0,1.0,,soft19,17.54,soft12.7+soft12.7,21.58,soft19,17.72,soft19+firm5,20.34,soft19+firm5,20.33,
ANSUR2-M-13580,M,1.263940520446096,train,211.0,150.0,595.0,130.0,121.0,geometric_feasible,unevaluated,S13-L20,S13,0.0,0.0,2.0,,soft12.7+soft12.7,21.11,soft12.7+soft12.7,21.62,soft12.7,11.89,soft12.7+soft12.7,24.03,soft12.7+soft12.7,24.12,
ANSUR2-M-13595,M,1.263940520446096,train,198.0,153.0,561.0,124.0,108.0,geometric_feasible,unevaluated,S13-L20,S13,0.0,6.0,1.0,,soft12.7+soft12.7,22.89,soft12.7+soft12.7,21.18,soft12.7+soft12.7,21.66,soft12.7+soft12.7,22.77,soft12.7+soft12.7,22.77,
ANSUR2-M-13627,M,1.263940520446096,validation,196.0,155.0,565.0,130.0,114.0,geometric_feasible,unevaluated,G226-L01,G226,3.0,0.0,2.0,,soft19+firm10,27.09,soft19+firm10,26.32,soft19+firm10,27.46,soft19+firm10,24.89,soft19+firm10,24.88,
ANSUR2-M-13648,M,1.263940520446096,train,205.0,153.0,585.0,125.0,117.0,geometric_feasible,unevaluated,S13-L20,S13,-6.0,9.0,0.0,,soft19+firm5,20.17,soft12.7+soft12.7,23.82,soft19,15.71,soft12.7+soft12.7,23.49,soft12.7+soft12.7,23.51,
ANSUR2-M-13650,M,1.263940520446096,validation,199.0,150.0,575.0,133.0,108.0,geometric_feasible,unevaluated,G226-L01,G226,6.0,0.0,2.0,,soft19+firm10,25.23,soft19+firm10,25.2,soft19+firm10,25.98,soft19+firm10,26.33,soft19+firm10,26.33,
ANSUR2-M-13658,M,1.263940520446096,train,201.0,155.0,577.0,130.0,126.0,geometric_feasible,unevaluated,S13-L20,S13,-3.0,9.0,1.0,,soft19,15.61,soft12.7+soft12.7,21.21,soft19,15.26,soft19+firm5,20.17,soft19+firm5,20.36,
ANSUR2-M-13674,M,1.263940520446096,validation,202.0,160.0,594.0,127.0,123.0,geometric_feasible,unevaluated,S13-L20,S13,0.0,9.0,2.0,,soft19,16.51,soft19,15.22,soft19,17.16,soft19,17.17,soft19,17.17,
ANSUR2-M-13682,M,1.263940520446096,train,196.0,144.0,550.0,131.0,130.0,geometric_feasible,unevaluated,S13-L20,S13,-6.0,3.0,1.0,,soft19+firm5,20.31,soft12.7+soft12.7,23.81,soft12.7+soft12.7,22.02,soft19+firm10,25.61,soft19+firm10,25.79,
ANSUR2-M-13684,M,1.263940520446096,train,205.0,156.0,580.0,130.0,127.0,geometric_feasible,unevaluated,G226-L01,G226,0.0,3.0,2.0,,soft19+firm10,27.06,soft19+firm10,26.53,soft19+firm10,27.5,soft19+firm10,26.88,soft19+firm10,26.88,
ANSUR2-M-13705,M,1.263940520446096,train,204.0,159.0,575.0,125.0,126.0,geometric_feasible,unevaluated,S13-L20,S13,0.0,6.0,1.0,,soft12.7+soft12.7,21.21,soft12.7+soft12.7,23.43,soft19,16.17,soft12.7+soft12.7,21.09,soft12.7+soft12.7,21.08,
ANSUR2-M-13708,M,1.263940520446096,validation,204.0,154.0,579.0,125.0,135.0,geometric_feasible,unevaluated,S13-L20,S13,-6.0,9.0,1.0,,soft19+firm5,20.12,soft12.7+firm10,19.83,soft12.7+firm10,19.77,soft12.7+soft12.7,23.24,soft12.7+soft12.7,23.23,
ANSUR2-M-13715,M,1.263940520446096,validation,198.0,155.0,566.0,132.0,121.0,geometric_feasible,unevaluated,G226-L01,G226,3.0,3.0,2.0,,soft19+firm10,25.72,soft19+firm10,26.27,soft12.7+soft12.7,22.39,soft19+firm10,27.44,soft19+firm10,27.43,
ANSUR2-M-13727,M,1.263940520446096,train,196.0,150.0,558.0,133.0,120.0,geometric_feasible,unevaluated,S13-L20,S13,6.0,3.0,3.0,,soft19,16.68,soft19,16.45,soft12.7+soft12.7,22.59,soft12.7+soft12.7,21.51,soft12.7+soft12.7,21.37,
ANSUR2-M-13728,M,1.263940520446096,validation,200.0,146.0,570.0,125.0,124.0,geometric_feasible,unevaluated,S13-L20,S13,0.0,6.0,1.0,,soft12.7+soft12.7,22.75,soft12.7+soft12.7,20.54,soft12.7+soft12.7,21.39,soft19+firm10,25.46,soft19+firm10,25.44,
ANSUR2-M-13749,M,1.263940520446096,train,211.0,158.0,598.0,128.0,118.0,geometric_feasible,unevaluated,G226-L20,G226,0.0,3.0,0.0,,soft19+firm10,25.49,soft19+firm10,25.93,soft12.7+soft12.7,21.03,soft19+firm10,24.98,soft19+firm10,24.99,
ANSUR2-M-13754,M,1.263940520446096,train,186.0,152.0,537.0,126.0,123.0,geometric_feasible,unevaluated,S13-L20,S13,-6.0,6.0,0.0,,soft12.7+soft12.7,22.54,soft19+firm10,27.1,soft19+firm10,25.92,soft19+firm10,24.87,soft19+firm10,24.88,
ANSUR2-M-13759,M,1.263940520446096,train,195.0,151.0,570.0,127.0,117.0,geometric_feasible,unevaluated,S13-L20,S13,3.0,3.0,2.0,,soft12.7+soft12.7,22.21,soft12.7+soft12.7,21.92,soft12.7+soft12.7,21.6,soft12.7+soft12.7,22.97,soft12.7+soft12.7,22.97,
ANSUR2-M-13763,M,1.263940520446096,train,188.0,150.0,557.0,131.0,108.0,geometric_feasible,unevaluated,S13-L20,S13,0.0,3.0,2.0,,soft19+firm5,20.11,soft12.7+soft12.7,20.67,soft12.7+soft12.7,20.49,soft12.7+soft12.7,21.13,soft12.7+soft12.7,21.12,
ANSUR2-M-13769,M,1.263940520446096,train,197.0,151.0,559.0,119.0,112.0,geometric_feasible,unevaluated,S13-L20,S13,0.0,6.0,0.0,,soft19+firm10,24.97,soft12.7+firm15,24.57,soft19,17.97,soft12.7+soft12.7,23.31,soft12.7+soft12.7,23.31,
ANSUR2-M-13773,M,1.263940520446096,train,193.0,158.0,560.0,141.0,131.0,geometric_feasible,unevaluated,G226-L01,G226,3.0,0.0,1.0,,soft19+firm5,20.02,soft12.7+firm15,24.63,soft19+firm10,25.99,soft12.7+soft12.7,24.07,soft12.7+soft12.7,24.06,
ANSUR2-M-13780,M,1.263940520446096,train,194.0,150.0,563.0,130.0,121.0,geometric_feasible,unevaluated,S13-L20,S13,0.0,9.0,0.0,,soft19,15.75,soft12.7+soft12.7,22.3,soft19+firm5,20.34,soft12.7+soft12.7,22.77,soft12.7+soft12.7,22.83,
ANSUR2-M-13783,M,1.263940520446096,train,196.0,152.0,561.0,125.0,133.0,geometric_feasible,unevaluated,S13-L20,S13,0.0,3.0,1.0,,soft12.7+soft12.7,23.91,soft12.7+soft12.7,20.96,soft12.7+soft12.7,23.43,soft12.7+soft12.7,23.22,soft12.7+soft12.7,23.21,
ANSUR2-M-13801,M,1.263940520446096,train,194.0,148.0,553.0,129.0,116.0,geometric_feasible,unevaluated,S13-L20,S13,0.0,9.0,1.0,,soft19,16.75,soft19+firm5,20.15,soft12.7+soft12.7,22.43,soft12.7+soft12.7,23.18,soft12.7+soft12.7,23.19,
ANSUR2-M-13814,M,1.263940520446096,validation,212.0,154.0,601.0,130.0,127.0,geometric_feasible,unevaluated,G226-L01,G226,-6.0,3.0,2.0,,soft12.7+soft12.7,20.69,soft19+firm10,26.31,soft19,17.07,soft12.7+soft12.7,23.99,soft12.7+soft12.7,24.06,
ANSUR2-M-13816,M,1.263940520446096,validation,206.0,154.0,587.0,126.0,115.0,geometric_feasible,unevaluated,S13-L20,S13,-6.0,9.0,0.0,,soft19,17.95,soft12.7+soft12.7,22.61,soft19,15.53,soft12.7+soft12.7,22.12,soft12.7+soft12.7,22.2,
ANSUR2-M-13820,M,1.263940520446096,train,198.0,152.0,572.0,125.0,119.0,geometric_feasible,unevaluated,S13-L20,S13,0.0,3.0,0.0,,soft19+firm10,26.74,soft19+firm10,26.82,soft19+firm5,20.16,soft19+firm10,25.35,soft19+firm10,25.35,
ANSUR2-M-13829,M,1.263940520446096,train,209.0,158.0,605.0,128.0,126.0,geometric_feasible,unevaluated,G226-L01,G226,-3.0,3.0,2.0,,soft19+firm10,27.15,soft12.7+soft12.7,23.38,soft19,18.05,soft19+firm10,26.07,soft19+firm10,26.07,
ANSUR2-M-13835,M,1.263940520446096,train,192.0,154.0,565.0,128.0,122.0,geometric_feasible,unevaluated,S13-L20,S13,-3.0,3.0,1.0,,soft12.7+soft12.7,23.04,soft19+firm10,25.16,soft12.7+soft12.7,23.54,soft12.7+soft12.7,24.12,soft12.7+soft12.7,24.12,
ANSUR2-M-13838,M,1.263940520446096,train,205.0,159.0,586.0,131.0,130.0,geometric_feasible,unevaluated,G226-L11,G226,3.0,3.0,1.0,,soft19+firm10,27.02,soft19+firm10,24.9,soft19+firm10,26.33,soft19+firm10,26.15,soft19+firm10,26.14,
ANSUR2-M-13840,M,1.263940520446096,validation,206.0,156.0,582.0,130.0,131.0,geometric_feasible,unevaluated,S13-L20,S13,3.0,6.0,3.0,,soft19,17.35,soft19,17.23,soft19,18.02,soft19+firm5,20.27,soft19+firm5,20.28,
ANSUR2-M-13843,M,1.263940520446096,train,212.0,166.0,606.0,134.0,133.0,geometric_feasible,unevaluated,G226-L11,G226,0.0,0.0,1.0,,soft19+firm10,27.02,soft12.7+soft12.7,22.97,soft19,15.42,soft12.7+soft12.7,23.1,soft12.7+soft12.7,23.1,
ANSUR2-M-13856,M,1.263940520446096,train,200.0,149.0,562.0,133.0,122.0,geometric_feasible,unevaluated,S13-L20,S13,0.0,6.0,2.0,,soft19,15.74,soft19,16.93,soft19,17.69,soft19+firm5,20.28,soft19+firm5,20.27,
ANSUR2-M-13869,M,1.263940520446096,train,197.0,152.0,563.0,120.0,140.0,geometric_feasible,unevaluated,S13-L20,S13,-6.0,3.0,0.0,,soft19+firm10,25.73,soft12.7+soft12.7,23.73,soft12.7+soft12.7,21.83,soft12.7+firm15,24.76,soft12.7+firm15,24.76,
ANSUR2-M-13871,M,1.263940520446096,validation,205.0,156.0,577.0,122.0,119.0,geometric_feasible,unevaluated,S13-L20,S13,3.0,9.0,1.0,,soft12.7+soft12.7,21.19,soft19,15.55,soft12.7+soft12.7,20.58,soft12.7+soft12.7,21.24,soft12.7+soft12.7,21.23,
ANSUR2-M-13872,M,1.263940520446096,validation,197.0,163.0,573.0,128.0,128.0,geometric_feasible,unevaluated,S13-L20,S13,0.0,3.0,1.0,,soft12.7+soft12.7,20.48,soft19+firm5,20.29,soft12.7+firm10,19.84,soft19,17.7,soft19,17.69,
ANSUR2-M-13901,M,1.263940520446096,train,188.0,157.0,568.0,129.0,126.0,geometric_feasible,unevaluated,S13-L20,S13,-3.0,3.0,0.0,,soft12.7+soft12.7,22.71,soft19+firm10,26.58,soft12.7+firm15,24.77,soft12.7+soft12.7,22.45,soft12.7+soft12.7,22.45,
ANSUR2-M-13914,M,1.263940520446096,train,200.0,155.0,575.0,122.0,125.0,excluded,fail,S13-L20,S13,,,,pad_too_loose,,,,,,,,,,,True
ANSUR2-M-13928,M,1.263940520446096,train,201.0,159.0,580.0,129.0,121.0,geometric_feasible,unevaluated,G226-L11,G226,0.0,9.0,1.0,,soft12.7+soft12.7,22.55,soft12.7+soft12.7,22.37,soft19+firm10,25.06,soft12.7+soft12.7,23.16,soft12.7+soft12.7,23.15,
ANSUR2-M-13935,M,1.263940520446096,train,190.0,156.0,547.0,136.0,129.0,excluded,fail,S13-L20,S13,,,,field_of_view,,,,,,,,,,,True
ANSUR2-M-13936,M,1.263940520446096,train,203.0,153.0,577.0,127.0,128.0,geometric_feasible,unevaluated,S13-L20,S13,-6.0,9.0,1.0,,soft19,16.76,soft12.7+soft12.7,22.48,soft19,15.7,soft12.7+soft12.7,21.37,soft12.7+soft12.7,21.48,
ANSUR2-M-13939,M,1.263940520446096,train,200.0,161.0,586.0,136.0,126.0,geometric_feasible,unevaluated,G226-L01,G226,-6.0,0.0,2.0,,soft19+firm10,24.82,soft19+firm10,27.47,soft19,17.69,soft19+firm10,25.49,soft19+firm10,25.49,
ANSUR2-M-13947,M,1.263940520446096,train,197.0,153.0,566.0,125.0,128.0,geometric_feasible,unevaluated,S13-L20,S13,0.0,9.0,1.0,,soft12.7+soft12.7,20.74,soft12.7+soft12.7,22.3,soft12.7+soft12.7,22.8,soft12.7+soft12.7,23.73,soft12.7+soft12.7,23.73,
ANSUR2-M-13956,M,1.263940520446096,train,209.0,154.0,595.0,132.0,134.0,geometric_feasible,unevaluated,S13-L20,S13,3.0,0.0,2.0,,soft12.7+soft12.7,21.13,soft19,17.29,soft19,17.55,soft12.7+soft12.7,23.04,soft12.7+soft12.7,23.03,
ANSUR2-M-13969,M,1.263940520446096,validation,208.0,177.0,615.0,137.0,127.0,geometric_feasible,unevaluated,G226-L01,G226,3.0,-3.0,2.0,,soft19+firm10,27.02,soft19+firm10,25.02,soft19,15.57,soft19,17.66,soft19,17.64,
ANSUR2-M-13973,M,1.263940520446096,train,212.0,155.0,594.0,135.0,119.0,excluded,fail,G226-L01,G226,,,,nose,,,,,,,,,,,True
ANSUR2-M-13982,M,1.263940520446096,validation,198.0,156.0,575.0,133.0,125.0,geometric_feasible,unevaluated,G226-L01,G226,6.0,0.0,2.0,,soft19+firm10,24.93,soft12.7+soft12.7,22.4,soft12.7+soft12.7,20.49,soft19+firm10,27.24,soft19+firm10,27.25,
ANSUR2-M-14001,M,1.263940520446096,train,207.0,157.0,588.0,125.0,124.0,geometric_feasible,unevaluated,G226-L20,G226,6.0,6.0,0.0,,soft19+firm10,27.44,soft19+firm10,26.01,soft19+firm10,25.0,soft19+firm10,25.62,soft19+firm10,25.62,
ANSUR2-M-14005,M,1.263940520446096,validation,198.0,151.0,570.0,135.0,124.0,geometric_feasible,unevaluated,S13-L20,S13,-3.0,3.0,2.0,,soft19,16.69,soft19+firm5,20.04,soft19,17.92,soft12.7+soft12.7,21.62,soft12.7+soft12.7,21.7,
ANSUR2-M-14007,M,1.263940520446096,train,206.0,156.0,580.0,127.0,121.0,geometric_feasible,unevaluated,S13-L20,S13,-6.0,3.0,2.0,,soft19+firm5,20.1,soft12.7+soft12.7,23.02,soft12.7+firm5,15.1,soft12.7+soft12.7,22.43,soft12.7+soft12.7,22.43,
ANSUR2-M-14010,M,1.263940520446096,train,215.0,161.0,610.0,134.0,131.0,geometric_feasible,unevaluated,G226-L01,G226,6.0,0.0,2.0,,soft19+firm10,26.68,soft19+firm10,25.15,soft12.7+soft12.7,21.83,soft19+firm10,25.04,soft19+firm10,25.03,
ANSUR2-M-14019,M,1.263940520446096,validation,197.0,154.0,574.0,139.0,125.0,geometric_feasible,unevaluated,G226-L01,G226,0.0,0.0,1.0,,soft12.7+soft12.7,22.02,soft19+firm10,26.97,soft19,16.1,soft19+firm10,26.67,soft19+firm10,26.67,
ANSUR2-M-14021,M,1.263940520446096,train,195.0,147.0,556.0,129.0,121.0,geometric_feasible,unevaluated,S13-L20,S13,0.0,6.0,0.0,,soft12.7+firm10,19.78,soft19+firm5,20.1,soft19+firm10,26.22,soft19+firm10,26.66,soft19+firm10,26.65,
ANSUR2-M-14022,M,1.263940520446096,train,196.0,154.0,577.0,124.0,116.0,geometric_feasible,unevaluated,S13-L20,S13,6.0,9.0,0.0,,soft19+firm5,20.1,soft12.7+firm10,19.81,soft12.7+soft12.7,22.93,soft12.7+soft12.7,21.26,soft12.7+soft12.7,21.26,
ANSUR2-M-14023,M,1.263940520446096,train,206.0,157.0,577.0,136.0,137.0,geometric_feasible,unevaluated,G226-L01,G226,0.0,3.0,2.0,,soft12.7+soft12.7,21.96,soft12.7+soft12.7,22.58,soft19,16.71,soft12.7+soft12.7,24.11,soft12.7+soft12.7,24.11,
ANSUR2-M-14026,M,1.263940520446096,train,204.0,153.0,578.0,135.0,124.0,excluded,fail,S13-L20,S13,,,,pad_between_steps,,,,,,,,,,,True
ANSUR2-M-14038,M,1.263940520446096,train,192.0,166.0,570.0,140.0,121.0,geometric_feasible,unevaluated,G226-L01,G226,6.0,-6.0,2.0,,soft19+firm10,26.83,soft12.7+firm15,24.58,soft19,17.16,soft12.7+soft12.7,22.91,soft12.7+soft12.7,22.92,
ANSUR2-M-14039,M,1.263940520446096,train,202.0,158.0,587.0,140.0,128.0,excluded,fail,S13-L20,S13,,,,pad_too_tight,,,,,,,,,,,True
ANSUR2-M-14044,M,1.263940520446096,train,196.0,159.0,573.0,134.0,118.0,geometric_feasible,unevaluated,S13-L20,S13,3.0,3.0,1.0,,soft19,17.64,soft12.7+firm10,19.97,soft12.7+soft12.7,21.59,soft12.7+soft12.7,20.77,soft12.7+soft12.7,20.77,
ANSUR2-M-14045,M,1.263940520446096,train,197.0,152.0,567.0,133.0,123.0,geometric_feasible,unevaluated,G226-L11,G226,-3.0,6.0,1.0,,soft12.7+soft12.7,22.02,soft19+firm10,27.16,soft19+firm10,26.53,soft19+firm10,27.21,soft19+firm10,27.21,
ANSUR2-M-14066,M,1.263940520446096,train,202.0,157.0,585.0,132.0,125.0,geometric_feasible,unevaluated,S13-L20,S13,-3.0,3.0,3.0,,soft19,16.62,soft12.7+soft12.7,21.46,soft19,15.32,soft19+firm5,20.15,soft19+firm5,20.18,
ANSUR2-M-14069,M,1.263940520446096,validation,207.0,151.0,575.0,138.0,133.0,geometric_feasible,unevaluated,G226-L01,G226,0.0,0.0,2.0,,soft12.7+soft12.7,21.82,soft19+firm10,24.84,soft12.7+soft12.7,21.35,soft19+firm10,25.65,soft19+firm10,25.65,
ANSUR2-M-14073,M,1.263940520446096,train,197.0,157.0,566.0,137.0,122.0,geometric_feasible,unevaluated,G226-L01,G226,3.0,0.0,2.0,,soft12.7+soft12.7,23.69,soft19+firm10,25.87,soft19,15.34,soft19+firm10,26.14,soft19+firm10,26.13,
ANSUR2-M-14075,M,1.263940520446096,validation,196.0,153.0,577.0,126.0,122.0,geometric_feasible,unevaluated,S13-L20,S13,3.0,3.0,0.0,,soft19+firm10,25.6,soft12.7+soft12.7,22.98,soft19+firm10,25.82,soft12.7+soft12.7,24.08,soft12.7+soft12.7,24.08,
ANSUR2-M-14079,M,1.263940520446096,train,204.0,154.0,580.0,134.0,118.0,geometric_feasible,unevaluated,G226-L01,G226,6.0,-3.0,2.0,,soft19+firm10,25.11,soft12.7+soft12.7,22.41,soft19+firm5,20.09,soft19+firm10,27.37,soft19+firm10,27.37,
ANSUR2-M-14081,M,1.263940520446096,train,202.0,153.0,582.0,131.0,113.0,geometric_feasible,unevaluated,S13-L20,S13,0.0,6.0,2.0,,soft19,17.74,soft19+firm5,20.12,soft19,15.28,soft12.7+soft12.7,22.12,soft12.7+soft12.7,22.12,
ANSUR2-M-14085,M,1.263940520446096,train,198.0,153.0,568.0,135.0,117.0,geometric_feasible,unevaluated,G226-L01,G226,0.0,3.0,2.0,,soft12.7+soft12.7,23.02,soft19+firm10,25.35,soft19+firm5,20.29,soft19+firm10,26.53,soft19+firm10,26.53,
ANSUR2-M-14089,M,1.263940520446096,train,199.0,147.0,575.0,128.0,113.0,geometric_feasible,unevaluated,G226-L20,G226,-3.0,9.0,0.0,,soft12.7+soft12.7,22.79,soft19+firm10,25.0,soft12.7+soft12.7,22.82,soft19+firm10,25.08,soft19+firm10,25.12,
ANSUR2-M-14092,M,1.263940520446096,train,192.0,154.0,553.0,116.0,108.0,geometric_feasible,unevaluated,S13-L20,S13,3.0,12.0,0.0,,soft19+firm10,25.96,soft19+firm10,26.06,soft19+firm10,25.26,soft12.7+soft12.7,23.93,soft12.7+soft12.7,23.92,
ANSUR2-M-14106,M,1.263940520446096,validation,190.0,153.0,557.0,129.0,120.0,geometric_feasible,unevaluated,S13-L20,S13,-6.0,3.0,0.0,,soft12.7+soft12.7,20.92,soft12.7+soft12.7,23.94,soft12.7+soft12.7,21.16,soft12.7+soft12.7,22.35,soft12.7+soft12.7,22.34,
ANSUR2-M-14108,M,1.263940520446096,validation,208.0,148.0,594.0,129.0,134.0,geometric_feasible,unevaluated,S13-L20,S13,-3.0,6.0,2.0,,soft19,16.71,soft12.7+firm10,19.89,soft12.7+firm5,15.11,soft12.7+soft12.7,20.83,soft12.7+soft12.7,20.96,
ANSUR2-M-14109,M,1.263940520446096,validation,197.0,152.0,568.0,127.0,134.0,geometric_feasible,unevaluated,S13-L20,S13,-3.0,9.0,1.0,,soft19,17.75,soft12.7+soft12.7,20.44,soft19,17.74,soft12.7+soft12.7,20.82,soft12.7+soft12.7,20.81,
ANSUR2-M-14110,M,1.263940520446096,train,191.0,154.0,554.0,124.0,125.0,geometric_feasible,unevaluated,S13-L20,S13,-3.0,9.0,0.0,,soft12.7+soft12.7,21.71,soft19+firm10,25.77,soft12.7+soft12.7,23.68,soft12.7+soft12.7,23.69,soft12.7+soft12.7,23.69,
ANSUR2-M-14133,M,1.263940520446096,train,211.0,157.0,603.0,148.0,125.0,excluded,fail,G226-L01,G226,,,,pad_between_steps,,,,,,,,,,,True
ANSUR2-M-14151,M,1.263940520446096,train,187.0,155.0,540.0,128.0,124.0,geometric_feasible,unevaluated,S13-L20,S13,0.0,6.0,0.0,,soft12.7+soft12.7,20.74,soft19+firm10,25.96,soft12.7+soft12.7,23.79,soft12.7+soft12.7,22.81,soft12.7+soft12.7,22.8,
ANSUR2-M-14156,M,1.263940520446096,validation,202.0,156.0,580.0,120.0,132.0,geometric_feasible,unevaluated,G226-L20,G226,-6.0,12.0,0.0,,soft19+firm10,25.19,soft19+firm10,26.69,soft12.7+firm15,24.64,soft19+firm10,24.92,soft19+firm10,24.91,
ANSUR2-M-14157,M,1.263940520446096,train,203.0,160.0,582.0,128.0,131.0,geometric_feasible,unevaluated,S13-L20,S13,-6.0,3.0,2.0,,soft12.7+soft12.7,21.76,soft12.7+firm15,24.61,soft19,16.12,soft12.7+soft12.7,20.43,soft12.7+soft12.7,20.43,
ANSUR2-M-14158,M,1.263940520446096,validation,199.0,153.0,571.0,124.0,120.0,geometric_feasible,unevaluated,S13-L20,S13,0.0,3.0,1.0,,soft12.7+soft12.7,22.72,soft19+firm10,25.63,soft19,16.39,soft12.7+soft12.7,23.14,soft12.7+soft12.7,23.13,
ANSUR2-M-14164,M,1.263940520446096,validation,196.0,159.0,578.0,133.0,125.0,geometric_feasible,unevaluated,S13-L20,S13,0.0,6.0,3.0,,soft19,15.68,soft19,17.35,soft19,16.98,soft19,17.46,soft19,17.46,
ANSUR2-M-14175,M,1.263940520446096,train,202.0,161.0,577.0,127.0,121.0,geometric_feasible,unevaluated,S13-L20,S13,3.0,3.0,1.0,,soft12.7+soft12.7,22.89,soft12.7+soft12.7,20.37,soft12.7+soft12.7,21.86,soft19+firm5,20.22,soft19+firm5,20.21,
ANSUR2-M-14176,M,1.263940520446096,train,200.0,158.0,578.0,134.0,122.0,geometric_feasible,unevaluated,S13-L20,S13,-6.0,-6.0,1.0,,soft12.7+soft12.7,20.71,soft19+firm10,26.15,soft19,16.72,soft12.7+soft12.7,21.56,soft12.7+soft12.7,21.56,
ANSUR2-M-14177,M,1.263940520446096,train,200.0,163.0,590.0,132.0,134.0,geometric_feasible,unevaluated,G226-L01,G226,6.0,3.0,2.0,,soft12.7+firm15,24.62,soft12.7+firm15,24.63,soft19+firm10,25.11,soft12.7+soft12.7,24.04,soft12.7+soft12.7,24.04,
ANSUR2-M-14210,M,1.263940520446096,train,203.0,153.0,573.0,130.0,127.0,geometric_feasible,unevaluated,G226-L01,G226,3.0,0.0,2.0,,soft19+firm10,26.91,soft19+firm10,25.66,soft19+firm10,25.71,soft19+firm10,27.44,soft19+firm10,27.44,
ANSUR2-M-14213,M,1.263940520446096,train,202.0,147.0,566.0,127.0,113.0,geometric_feasible,unevaluated,S13-L20,S13,0.0,6.0,1.0,,soft12.7+soft12.7,21.52,soft19+firm10,25.07,soft19,15.77,soft19+firm10,26.39,soft19+firm10,26.38,
ANSUR2-M-14243,M,1.263940520446096,train,197.0,153.0,574.0,138.0,128.0,geometric_feasible,unevaluated,G226-L01,G226,-3.0,-3.0,2.0,,soft19+firm10,25.14,soft19+firm10,26.58,soft19,17.79,soft19+firm10,26.29,soft19+firm10,26.28,
ANSUR2-M-14244,M,1.263940520446096,train,208.0,163.0,606.0,135.0,123.0,geometric_feasible,unevaluated,G226-L11,G226,0.0,3.0,1.0,,soft12.7+soft12.7,22.24,soft12.7+soft12.7,22.29,soft19,16.85,soft12.7+soft12.7,23.3,soft12.7+soft12.7,23.3,
ANSUR2-M-14260,M,1.263940520446096,validation,212.0,153.0,594.0,133.0,125.0,geometric_feasible,unevaluated,G226-L11,G226,-3.0,3.0,1.0,,soft12.7+soft12.7,20.39,soft19+firm10,26.16,soft19,17.04,soft19+firm10,25.35,soft19+firm10,25.4,
ANSUR2-M-14262,M,1.263940520446096,train,215.0,165.0,622.0,148.0,130.0,excluded,fail,G226-L01,G226,,,,pad_too_tight;unpadded_gap,,,,,,,,,,,True
ANSUR2-M-14263,M,1.263940520446096,train,200.0,156.0,579.0,126.0,123.0,geometric_feasible,unevaluated,S13-L20,S13,0.0,3.0,2.0,,soft12.7+soft12.7,22.7,soft12.7+soft12.7,21.2,soft19+firm5,20.03,soft12.7+soft12.7,21.51,soft12.7+soft12.7,21.51,
ANSUR2-M-14291,M,1.263940520446096,train,198.0,155.0,576.0,131.0,120.0,geometric_feasible,unevaluated,S13-L20,S13,-6.0,3.0,2.0,,soft19,16.69,soft12.7+soft12.7,22.46,soft19,15.84,soft12.7+firm10,20.0,soft19+firm5,20.02,
ANSUR2-M-14298,M,1.263940520446096,train,206.0,158.0,580.0,129.0,123.0,geometric_feasible,unevaluated,G226-L11,G226,3.0,9.0,1.0,,soft12.7+soft12.7,22.98,soft12.7+firm15,24.72,soft19+firm10,25.94,soft19+firm10,25.88,soft19+firm10,25.88,
ANSUR2-M-14300,M,1.263940520446096,train,202.0,154.0,574.0,137.0,118.0,geometric_feasible,unevaluated,G226-L11,G226,0.0,3.0,1.0,,soft12.7+soft12.7,21.02,soft19+firm10,26.01,soft19,17.2,soft19+firm10,26.88,soft19+firm10,26.89,
ANSUR2-M-14308,M,1.263940520446096,train,196.0,159.0,575.0,138.0,126.0,geometric_feasible,unevaluated,G226-L01,G226,0.0,3.0,2.0,,soft19+firm5,20.02,soft19+firm10,27.07,soft12.7+soft12.7,23.39,soft19+firm10,26.42,soft19+firm10,26.43,
ANSUR2-M-14313,M,1.263940520446096,train,200.0,154.0,570.0,130.0,124.0,geometric_feasible,unevaluated,S13-L20,S13,-3.0,6.0,2.0,,soft19,17.77,soft12.7+soft12.7,20.89,soft19,17.75,soft12.7+soft12.7,21.13,soft12.7+soft12.7,21.12,
ANSUR2-M-14318,M,1.263940520446096,validation,200.0,149.0,583.0,134.0,119.0,geometric_feasible,unevaluated,S13-L20,S13,-3.0,3.0,2.0,,soft19,17.68,soft12.7+soft12.7,21.25,soft12.7+firm10,19.96,soft12.7+soft12.7,22.07,soft12.7+soft12.7,22.26,
ANSUR2-M-14326,M,1.263940520446096,train,214.0,145.0,588.0,134.0,126.0,geometric_feasible,unevaluated,G226-L11,G226,3.0,3.0,1.0,,soft12.7+soft12.7,20.81,soft12.7+soft12.7,24.11,soft19,15.42,soft19+firm10,26.81,soft19+firm10,26.98,
ANSUR2-M-14334,M,1.263940520446096,validation,186.0,149.0,544.0,130.0,109.0,geometric_feasible,unevaluated,S13-L20,S13,6.0,9.0,0.0,,soft19,15.34,soft19,17.73,soft12.7+soft12.7,22.63,soft12.7+soft12.7,20.62,soft12.7+soft12.7,20.37,
ANSUR2-M-14335,M,1.263940520446096,train,195.0,156.0,571.0,126.0,120.0,geometric_feasible,unevaluated,S13-L20,S13,0.0,6.0,0.0,,soft12.7+soft12.7,22.67,soft12.7+soft12.7,23.03,soft12.7+soft12.7,22.97,soft12.7+soft12.7,22.52,soft12.7+soft12.7,22.51,
ANSUR2-M-14348,M,1.263940520446096,validation,206.0,156.0,587.0,145.0,138.0,geometric_feasible,unevaluated,G226-L01,G226,-3.0,0.0,2.0,,soft19,15.94,soft12.7+soft12.7,21.92,soft19,17.51,soft12.7+soft12.7,21.11,soft12.7+soft12.7,21.3,
ANSUR2-M-14357,M,1.263940520446096,train,200.0,156.0,574.0,130.0,123.0,geometric_feasible,unevaluated,S13-L20,S13,0.0,0.0,1.0,,soft12.7+soft12.7,20.94,soft12.7+soft12.7,23.8,soft19,16.17,soft12.7+soft12.7,21.46,soft12.7+soft12.7,21.46,
ANSUR2-M-14374,M,1.263940520446096,train,184.0,146.0,552.0,114.0,111.0,excluded,fail,S13-L20,S13,,,,pad_too_loose,,,,,,,,,,,True
ANSUR2-M-14375,M,1.263940520446096,train,213.0,161.0,607.0,142.0,108.0,excluded,fail,G226-L01,G226,,,,nose,,,,,,,,,,,True
ANSUR2-M-14376,M,1.263940520446096,train,200.0,155.0,578.0,133.0,128.0,geometric_feasible,unevaluated,G226-L01,G226,0.0,0.0,2.0,,soft19+firm10,26.41,soft19+firm10,26.24,soft19+firm10,26.49,soft19+firm10,25.87,soft19+firm10,25.88,
ANSUR2-M-14377,M,1.263940520446096,train,194.0,146.0,552.0,124.0,120.0,geometric_feasible,unevaluated,S13-L20,S13,0.0,3.0,0.0,,soft19+firm10,25.28,soft12.7+soft12.7,22.21,soft19+firm10,26.68,soft19+firm10,27.08,soft19+firm10,27.07,
ANSUR2-M-14378,M,1.263940520446096,train,208.0,161.0,612.0,133.0,132.0,geometric_feasible,unevaluated,G226-L01,G226,3.0,-3.0,2.0,,soft19+firm10,26.22,soft19+firm10,24.95,soft19,16.14,soft12.7+soft12.7,23.96,soft12.7+soft12.7,23.96,
ANSUR2-M-14380,M,1.263940520446096,train,208.0,163.0,593.0,139.0,120.0,geometric_feasible,unevaluated,G226-L01,G226,-3.0,0.0,2.0,,soft12.7+soft12.7,21.01,soft12.7+soft12.7,21.18,soft12.7+soft12.7,21.53,soft12.7+soft12.7,21.39,soft12.7+soft12.7,21.39,
ANSUR2-M-14388,M,1.263940520446096,train,203.0,154.0,583.0,128.0,123.0,geometric_feasible,unevaluated,S13-L20,S13,-3.0,6.0,1.0,,soft12.7+soft12.7,20.54,soft12.7+soft12.7,22.03,soft12.7+firm10,19.79,soft12.7+soft12.7,23.76,soft12.7+soft12.7,23.8,
ANSUR2-M-14395,M,1.263940520446096,train,193.0,153.0,558.0,125.0,115.0,geometric_feasible,unevaluated,S13-L20,S13,3.0,6.0,0.0,,soft12.7+soft12.7,23.72,soft19+firm10,26.97,soft19+firm5,20.31,soft12.7+soft12.7,24.11,soft12.7+soft12.7,24.1,
ANSUR2-M-14403,M,1.263940520446096,validation,215.0,160.0,611.0,130.0,124.0,geometric_feasible,unevaluated,G226-L01,G226,-3.0,6.0,2.0,,soft19+firm10,24.95,soft12.7+soft12.7,21.11,soft19+firm10,25.11,soft19+firm10,25.16,soft19+firm10,25.16,
ANSUR2-M-14508,M,1.263940520446096,train,195.0,146.0,557.0,123.0,115.0,geometric_feasible,unevaluated,S13-L20,S13,6.0,9.0,0.0,,soft12.7+soft12.7,22.22,soft12.7+soft12.7,22.78,soft19+firm10,25.34,soft19+firm10,26.06,soft19+firm10,25.97,
ANSUR2-M-14531,M,1.263940520446096,validation,193.0,156.0,564.0,120.0,124.0,geometric_feasible,unevaluated,S13-L20,S13,6.0,6.0,0.0,,soft12.7+firm15,24.66,soft12.7+soft12.7,21.63,soft19,15.67,soft12.7+soft12.7,23.27,soft12.7+soft12.7,23.27,
ANSUR2-M-14536,M,1.263940520446096,train,201.0,149.0,564.0,119.0,111.0,geometric_feasible,unevaluated,S13-L20,S13,0.0,6.0,0.0,,soft19+firm10,26.07,soft19+firm10,25.51,soft19,17.69,soft19+firm10,26.07,soft19+firm10,26.06,
ANSUR2-M-14539,M,1.263940520446096,validation,200.0,152.0,561.0,114.0,123.0,geometric_feasible,unevaluated,S13-L20,S13,-6.0,9.0,0.0,,soft19+firm10,26.4,soft12.7+soft12.7,22.58,soft12.7+soft12.7,21.73,soft12.7+firm15,24.62,soft12.7+firm15,24.62,
ANSUR2-M-14541,M,1.263940520446096,train,197.0,146.0,564.0,124.0,115.0,geometric_feasible,unevaluated,S13-L20,S13,0.0,6.0,0.0,,soft12.7+firm15,24.77,soft12.7+soft12.7,20.44,soft19+firm10,26.73,soft19+firm10,27.52,soft19+firm10,27.5,
ANSUR2-M-14551,M,1.263940520446096,validation,203.0,143.0,564.0,130.0,127.0,geometric_feasible,unevaluated,S13-L20,S13,-6.0,6.0,1.0,,soft19,15.38,soft19,17.84,soft12.7+firm5,15.19,soft19+firm5,20.35,soft12.7+soft12.7,20.53,
ANSUR2-M-14554,M,1.263940520446096,validation,204.0,167.0,598.0,144.0,129.0,geometric_feasible,unevaluated,G226-L01,G226,3.0,0.0,1.0,,soft12.7+firm5,15.18,soft19,15.71,soft19,15.76,soft19,16.36,soft19,16.36,
ANSUR2-M-14559,M,1.263940520446096,train,200.0,150.0,572.0,115.0,123.0,geometric_feasible,unevaluated,S13-L20,S13,0.0,12.0,0.0,,soft19+firm10,26.69,soft12.7+soft12.7,22.9,soft12.7+firm10,19.97,soft19+firm10,25.02,soft19+firm10,25.02,
ANSUR2-M-14569,M,1.263940520446096,train,198.0,154.0,586.0,122.0,115.0,geometric_feasible,unevaluated,S13-L20,S13,0.0,6.0,0.0,,soft19+firm10,25.53,soft19+firm10,25.61,soft12.7+soft12.7,20.73,soft12.7+soft12.7,23.53,soft12.7+soft12.7,23.54,
ANSUR2-M-14571,M,1.263940520446096,train,192.0,147.0,546.0,119.0,116.0,geometric_feasible,unevaluated,S13-L20,S13,-6.0,9.0,0.0,,soft19+firm10,25.77,soft12.7+soft12.7,21.99,soft12.7+soft12.7,24.07,soft19+firm10,26.67,soft19+firm10,26.68,
ANSUR2-M-14575,M,1.263940520446096,validation,188.0,145.0,534.0,128.0,109.0,geometric_feasible,unevaluated,S13-L20,S13,-3.0,9.0,0.0,,soft19,17.71,soft19+firm10,26.68,soft12.7+soft12.7,22.23,soft19+firm10,25.84,soft19+firm10,25.84,
ANSUR2-M-14578,M,1.263940520446096,train,199.0,158.0,587.0,129.0,117.0,geometric_feasible,unevaluated,S13-L20,S13,0.0,9.0,2.0,,soft12.7+firm5,15.19,soft19,17.14,soft12.7+firm5,15.13,soft19,17.2,soft19,17.2,
ANSUR2-M-14579,M,1.263940520446096,train,192.0,151.0,566.0,124.0,125.0,geometric_feasible,unevaluated,S13-L20,S13,3.0,3.0,0.0,,soft19+firm10,26.87,soft19+firm10,25.46,soft19+firm10,26.01,soft12.7+firm15,24.8,soft12.7+firm15,24.8,
ANSUR2-M-14608,M,1.263940520446096,train,188.0,155.0,550.0,123.0,109.0,geometric_feasible,unevaluated,S13-L20,S13,0.0,6.0,0.0,,soft19+firm10,25.63,soft19+firm10,26.87,soft19,17.11,soft12.7+soft12.7,23.62,soft12.7+soft12.7,23.62,
ANSUR2-M-14611,M,1.263940520446096,validation,194.0,149.0,558.0,110.0,116.0,excluded,fail,S13-L20,S13,,,,pad_too_loose,,,,,,,,,,,True
ANSUR2-M-14622,M,1.263940520446096,train,200.0,162.0,588.0,136.0,128.0,geometric_feasible,unevaluated,S13-L20,S13,-3.0,3.0,2.0,,soft19,15.29,soft19,16.38,soft19,16.49,soft19,16.78,soft19,16.78,
ANSUR2-M-14632,M,1.263940520446096,train,202.0,160.0,595.0,130.0,134.0,geometric_feasible,unevaluated,S13-L20,S13,3.0,9.0,2.0,,soft19,15.43,soft19,16.83,soft19,16.0,soft19,17.45,soft19,17.45,
ANSUR2-M-14636,M,1.263940520446096,train,199.0,147.0,584.0,124.0,117.0,geometric_feasible,unevaluated,S13-L20,S13,-6.0,6.0,0.0,,soft12.7+soft12.7,21.53,soft12.7+firm15,24.59,soft12.7+soft12.7,20.37,soft12.7+soft12.7,23.04,soft12.7+soft12.7,23.12,
ANSUR2-M-14639,M,1.263940520446096,validation,203.0,165.0,595.0,139.0,120.0,geometric_feasible,unevaluated,G226-L01,G226,6.0,0.0,2.0,,soft12.7+soft12.7,21.89,soft12.7+soft12.7,23.94,soft19,16.69,soft12.7+soft12.7,23.44,soft12.7+soft12.7,23.43,
ANSUR2-M-14654,M,1.263940520446096,train,203.0,159.0,590.0,135.0,125.0,geometric_feasible,unevaluated,S13-L20,S13,0.0,3.0,2.0,,soft19,16.78,soft19+firm5,20.29,soft12.7+firm5,15.12,soft12.7+firm10,19.88,soft12.7+firm10,19.88,
ANSUR2-M-14665,M,1.263940520446096,train,201.0,154.0,571.0,130.0,125.0,geometric_feasible,unevaluated,G226-L11,G226,0.0,3.0,1.0,,soft19+firm10,27.14,soft19+firm10,27.52,soft19+firm10,26.25,soft19+firm10,26.3,soft19+firm10,26.3,
ANSUR2-M-14675,M,1.263940520446096,train,199.0,146.0,559.0,130.0,108.0,geometric_feasible,unevaluated,G226-L11,G226,0.0,3.0,1.0,,soft12.7+soft12.7,23.93,soft12.7+soft12.7,21.84,soft19+firm10,26.81,soft19+firm10,26.9,soft19+firm10,26.91,
ANSUR2-M-14699,M,1.263940520446096,train,197.0,158.0,574.0,133.0,120.0,geometric_feasible,unevaluated,S13-L20,S13,-3.0,0.0,1.0,,soft12.7+soft12.7,20.4,soft19+firm10,26.76,soft19,15.65,soft12.7+soft12.7,22.33,soft12.7+soft12.7,22.33,
ANSUR2-M-14701,M,1.263940520446096,validation,189.0,158.0,563.0,120.0,110.0,geometric_feasible,unevaluated,S13-L20,S13,-3.0,12.0,0.0,,soft12.7+soft12.7,22.68,soft19+firm10,26.0,soft12.7+soft12.7,23.71,soft12.7+soft12.7,21.04,soft12.7+soft12.7,21.04,
ANSUR2-M-14703,M,1.263940520446096,train,197.0,152.0,557.0,119.0,123.0,geometric_feasible,unevaluated,S13-L20,S13,0.0,6.0,0.0,,soft19+firm10,26.75,soft19+firm10,25.9,soft12.7+soft12.7,21.32,soft12.7+firm15,24.67,soft12.7+firm15,24.66,
ANSUR2-M-14737,M,1.263940520446096,validation,194.0,149.0,553.0,130.0,120.0,geometric_feasible,unevaluated,S13-L20,S13,3.0,3.0,2.0,,soft12.7+soft12.7,20.37,soft12.7+soft12.7,20.41,soft12.7+soft12.7,21.99,soft12.7+soft12.7,22.9,soft12.7+soft12.7,22.9,
ANSUR2-M-14741,M,1.263940520446096,train,205.0,153.0,586.0,128.0,123.0,geometric_feasible,unevaluated,G226-L20,G226,-3.0,9.0,0.0,,soft12.7+soft12.7,22.35,soft19+firm10,26.17,soft12.7+soft12.7,20.48,soft19+firm10,25.56,soft19+firm10,25.61,
ANSUR2-M-14748,M,1.263940520446096,train,190.0,157.0,558.0,128.0,117.0,geometric_feasible,unevaluated,S13-L20,S13,3.0,9.0,0.0,,soft19,17.73,soft12.7+soft12.7,23.3,soft12.7+soft12.7,24.0,soft12.7+soft12.7,22.36,soft12.7+soft12.7,22.36,
ANSUR2-M-14749,M,1.263940520446096,validation,201.0,157.0,577.0,140.0,118.0,geometric_feasible,unevaluated,G226-L01,G226,3.0,-3.0,1.0,,soft12.7+soft12.7,23.75,soft19+firm10,26.26,soft19,15.43,soft19+firm10,25.76,soft19+firm10,25.75,
ANSUR2-M-14750,M,1.263940520446096,validation,190.0,158.0,568.0,135.0,115.0,geometric_feasible,unevaluated,G226-L11,G226,6.0,6.0,0.0,,soft12.7+firm10,19.78,soft12.7+soft12.7,23.34,soft19+firm10,25.76,soft12.7+soft12.7,22.8,soft12.7+soft12.7,22.8,
ANSUR2-M-14753,M,1.263940520446096,train,198.0,154.0,574.0,125.0,127.0,geometric_feasible,unevaluated,S13-L20,S13,0.0,0.0,0.0,,soft19+firm10,25.9,soft12.7+soft12.7,23.42,soft12.7+soft12.7,21.89,soft12.7+soft12.7,23.31,soft12.7+soft12.7,23.3,
ANSUR2-M-14754,M,1.263940520446096,validation,212.0,152.0,587.0,129.0,116.0,geometric_feasible,unevaluated,G226-L20,G226,-3.0,12.0,0.0,,soft19+firm5,20.02,soft19+firm10,25.1,soft12.7+soft12.7,24.08,soft19+firm10,27.5,soft19+firm10,27.5,
ANSUR2-M-14755,M,1.263940520446096,train,196.0,153.0,573.0,145.0,122.0,geometric_feasible,unevaluated,G226-L01,G226,0.0,0.0,0.0,,soft19,16.02,soft12.7+firm10,19.84,soft19,15.52,soft12.7+soft12.7,20.77,soft12.7+soft12.7,20.77,
ANSUR2-M-14760,M,1.263940520446096,train,206.0,152.0,590.0,128.0,124.0,geometric_feasible,unevaluated,S13-L20,S13,-3.0,3.0,1.0,,soft12.7+soft12.7,20.37,soft12.7+soft12.7,21.08,soft19,16.32,soft12.7+soft12.7,22.72,soft12.7+soft12.7,22.76,
ANSUR2-M-14761,M,1.263940520446096,train,202.0,153.0,578.0,135.0,130.0,geometric_feasible,unevaluated,S13-L20,S13,3.0,3.0,3.0,,soft19,16.65,soft19,16.14,soft12.7+soft12.7,21.62,soft12.7+soft12.7,21.45,soft12.7+soft12.7,21.26,
ANSUR2-M-14762,M,1.263940520446096,train,214.0,157.0,607.0,137.0,128.0,excluded,fail,G226-L01,G226,,,,nose,,,,,,,,,,,True
ANSUR2-M-14764,M,1.263940520446096,train,191.0,149.0,545.0,128.0,117.0,geometric_feasible,unevaluated,S13-L20,S13,6.0,6.0,1.0,,soft19,17.21,soft19,16.9,soft12.7+soft12.7,21.66,soft12.7+soft12.7,20.65,soft12.7+soft12.7,20.64,
ANSUR2-M-14766,M,1.263940520446096,train,186.0,153.0,545.0,129.0,120.0,geometric_feasible,unevaluated,S13-L20,S13,0.0,9.0,2.0,,soft12.7+firm5,15.15,soft12.7+firm5,15.15,soft19,17.99,soft19,16.58,soft19,16.58,
ANSUR2-M-14769,M,1.263940520446096,train,204.0,158.0,583.0,127.0,126.0,geometric_feasible,unevaluated,S13-L20,S13,0.0,6.0,1.0,,soft12.7+soft12.7,21.42,soft12.7+soft12.7,21.06,soft12.7+firm10,19.87,soft12.7+soft12.7,22.08,soft12.7+soft12.7,22.07,
ANSUR2-M-14771,M,1.263940520446096,train,204.0,158.0,593.0,128.0,119.0,geometric_feasible,unevaluated,S13-L20,S13,0.0,3.0,1.0,,soft12.7+soft12.7,21.26,soft12.7+soft12.7,23.01,soft19,16.1,soft12.7+soft12.7,21.29,soft12.7+soft12.7,21.29,
ANSUR2-M-14772,M,1.263940520446096,validation,212.0,154.0,603.0,133.0,122.0,geometric_feasible,unevaluated,G226-L01,G226,0.0,0.0,2.0,,soft12.7+firm15,24.67,soft19+firm10,26.58,soft19+firm5,20.28,soft19+firm10,27.22,soft19+firm10,27.24,
ANSUR2-M-14790,M,1.263940520446096,train,204.0,158.0,588.0,129.0,121.0,geometric_feasible,unevaluated,S13-L20,S13,-3.0,0.0,1.0,,soft12.7+soft12.7,21.54,soft12.7+firm15,24.74,soft12.7+firm5,14.97,soft12.7+soft12.7,21.46,soft12.7+soft12.7,21.45,
ANSUR2-M-14792,M,1.263940520446096,train,200.0,156.0,589.0,118.0,115.0,geometric_feasible,unevaluated,S13-L20,S13,0.0,6.0,0.0,,soft19+firm10,24.81,soft19+firm10,25.39,soft19,17.28,soft12.7+soft12.7,21.5,soft12.7+soft12.7,21.52,
ANSUR2-M-14798,M,1.263940520446096,validation,188.0,147.0,544.0,119.0,114.0,geometric_feasible,unevaluated,S13-L20,S13,0.0,6.0,0.0,,soft19+firm10,27.07,soft19+firm10,27.46,soft19,17.54,soft19+firm10,26.27,soft19+firm10,26.27,
ANSUR2-M-14800,M,1.263940520446096,train,199.0,149.0,573.0,129.0,116.0,geometric_feasible,unevaluated,S13-L20,S13,0.0,0.0,1.0,,soft12.7+soft12.7,22.19,soft19+firm10,25.99,soft19,16.81,soft19+firm10,25.38,soft19+firm10,25.42,
ANSUR2-M-14813,M,1.263940520446096,train,199.0,153.0,583.0,123.0,121.0,geometric_feasible,unevaluated,S13-L20,S13,-3.0,3.0,0.0,,soft12.7+soft12.7,22.84,soft12.7+soft12.7,23.17,soft19,17.8,soft12.7+soft12.7,21.2,soft12.7+soft12.7,21.23,
ANSUR2-M-14817,M,1.263940520446096,validation,202.0,158.0,583.0,124.0,124.0,geometric_feasible,unevaluated,S13-L20,S13,-6.0,6.0,1.0,,soft12.7+soft12.7,21.13,soft12.7+soft12.7,22.81,soft19,17.16,soft12.7+soft12.7,20.67,soft12.7+soft12.7,20.67,
ANSUR2-M-14818,M,1.263940520446096,train,199.0,156.0,580.0,128.0,119.0,geometric_feasible,unevaluated,S13-L20,S13,-6.0,3.0,2.0,,soft19,17.9,soft12.7+soft12.7,22.19,soft19,16.22,soft12.7+firm10,19.78,soft12.7+firm10,19.78,
ANSUR2-M-14819,M,1.263940520446096,train,189.0,153.0,557.0,128.0,123.0,geometric_feasible,unevaluated,S13-L20,S13,6.0,6.0,0.0,,soft19,17.7,soft19,16.84,soft12.7+soft12.7,23.92,soft19+firm5,20.29,soft19+firm5,20.3,
ANSUR2-M-14830,M,1.263940520446096,train,213.0,157.0,605.0,133.0,115.0,geometric_feasible,unevaluated,G226-L11,G226,0.0,0.0,1.0,,soft19+firm10,26.72,soft19+firm10,25.59,soft12.7+soft12.7,22.06,soft19+firm10,26.4,soft19+firm10,26.4,
ANSUR2-M-14833,M,1.263940520446096,train,213.0,161.0,615.0,139.0,121.0,geometric_feasible,unevaluated,G226-L01,G226,-3.0,0.0,2.0,,soft19+firm5,20.22,soft12.7+soft12.7,23.0,soft19,17.48,soft12.7+soft12.7,22.63,soft12.7+soft12.7,22.64,
ANSUR2-M-14840,M,1.263940520446096,train,198.0,155.0,578.0,134.0,120.0,geometric_feasible,unevaluated,S13-L20,S13,3.0,3.0,2.0,,soft19,17.23,soft19,17.62,soft19+firm5,20.22,soft12.7+soft12.7,20.65,soft12.7+soft12.7,20.55,
ANSUR2-M-14843,M,1.263940520446096,train,207.0,150.0,585.0,140.0,124.0,geometric_feasible,unevaluated,G226-L01,G226,6.0,0.0,1.0,,soft19,17.72,soft19,16.63,soft12.7+soft12.7,20.98,soft12.7+soft12.7,23.27,soft12.7+soft12.7,23.09,
ANSUR2-M-14849,M,1.263940520446096,train,202.0,152.0,580.0,123.0,117.0,geometric_feasible,unevaluated,S13-L20,S13,-6.0,3.0,1.0,,soft19+firm10,26.11,soft12.7+soft12.7,21.19,soft12.7+soft12.7,21.55,soft12.7+firm15,24.58,soft12.7+firm15,24.58,
ANSUR2-M-14851,M,1.263940520446096,train,199.0,146.0,556.0,124.0,124.0,geometric_feasible,unevaluated,S13-L20,S13,6.0,6.0,1.0,,soft12.7+firm10,19.77,soft19,17.48,soft12.7+soft12.7,20.95,soft12.7+soft12.7,23.48,soft12.7+soft12.7,23.48,
ANSUR2-M-14853,M,1.263940520446096,train,206.0,156.0,592.0,133.0,128.0,geometric_feasible,unevaluated,G226-L01,G226,6.0,3.0,1.0,,soft12.7+soft12.7,22.0,soft12.7+soft12.7,22.06,soft12.7+soft12.7,21.65,soft12.7+soft12.7,23.14,soft12.7+soft12.7,23.13,
ANSUR2-M-14854,M,1.263940520446096,validation,196.0,153.0,574.0,122.0,127.0,geometric_feasible,unevaluated,S13-L20,S13,0.0,9.0,0.0,,soft12.7+soft12.7,20.91,soft19,17.05,soft12.7+soft12.7,21.88,soft12.7+soft12.7,20.75,soft12.7+soft12.7,20.75,
ANSUR2-M-14861,M,1.263940520446096,train,191.0,153.0,565.0,128.0,123.0,geometric_feasible,unevaluated,S13-L20,S13,0.0,6.0,1.0,,soft12.7+soft12.7,20.53,soft12.7+soft12.7,21.61,soft12.7+soft12.7,20.95,soft12.7+soft12.7,21.63,soft12.7+soft12.7,21.63,
ANSUR2-M-14867,M,1.263940520446096,validation,196.0,162.0,572.0,144.0,120.0,geometric_feasible,unevaluated,G226-L01,G226,0.0,-3.0,0.0,,soft12.7+firm10,19.94,soft12.7+soft12.7,21.46,soft12.7+soft12.7,23.48,soft12.7+soft12.7,20.89,soft12.7+soft12.7,20.89,
ANSUR2-M-14880,M,1.263940520446096,train,211.0,154.0,588.0,136.0,123.0,geometric_feasible,unevaluated,G226-L01,G226,3.0,0.0,2.0,,soft12.7+firm15,24.73,soft19+firm10,25.05,soft12.7+soft12.7,23.23,soft19+firm10,27.23,soft19+firm10,27.24,
ANSUR2-M-14882,M,1.263940520446096,train,196.0,162.0,574.0,127.0,118.0,geometric_feasible,unevaluated,S13-L20,S13,3.0,6.0,1.0,,soft12.7+soft12.7,21.02,soft12.7+soft12.7,21.22,soft12.7+soft12.7,20.42,soft19+firm5,20.02,soft19+firm5,20.01,
ANSUR2-M-14886,M,1.263940520446096,validation,197.0,144.0,555.0,135.0,114.0,geometric_feasible,unevaluated,S13-L20,S13,0.0,3.0,2.0,,soft19,16.75,soft19,17.48,soft19,17.42,soft19+firm10,26.25,soft19+firm10,25.85,
ANSUR2-M-14889,M,1.263940520446096,train,200.0,160.0,581.0,130.0,126.0,geometric_feasible,unevaluated,S13-L20,S13,-3.0,0.0,2.0,,soft12.7+soft12.7,22.28,soft12.7+soft12.7,23.49,soft12.7+soft12.7,20.72,soft12.7+soft12.7,20.78,soft12.7+soft12.7,20.78,
ANSUR2-M-14894,M,1.263940520446096,train,206.0,153.0,584.0,128.0,127.0,geometric_feasible,unevaluated,G226-L11,G226,0.0,6.0,1.0,,soft19+firm10,24.97,soft19+firm10,26.75,soft12.7+soft12.7,22.92,soft19+firm10,26.79,soft19+firm10,26.79,
ANSUR2-M-14898,M,1.263940520446096,train,199.0,158.0,578.0,130.0,117.0,geometric_feasible,unevaluated,S13-L20,S13,-6.0,3.0,1.0,,soft12.7+soft12.7,21.32,soft19+firm5,20.09,soft12.7+soft12.7,23.15,soft12.7+soft12.7,22.01,soft12.7+soft12.7,22.01,
ANSUR2-M-14900,M,1.263940520446096,train,209.0,146.0,594.0,130.0,123.0,geometric_feasible,unevaluated,G226-L20,G226,-6.0,9.0,0.0,,soft12.7+soft12.7,20.74,soft19+firm10,25.25,soft12.7+soft12.7,20.77,soft12.7+firm15,24.64,soft12.7+firm15,24.79,
ANSUR2-M-14912,M,1.263940520446096,train,208.0,153.0,584.0,124.0,130.0,geometric_feasible,unevaluated,S13-L20,S13,-3.0,3.0,2.0,,soft12.7+soft12.7,22.67,soft19+firm5,20.24,soft19,16.26,soft12.7+soft12.7,24.04,soft12.7+soft12.7,24.04,
ANSUR2-M-14917,M,1.263940520446096,train,199.0,146.0,566.0,118.0,123.0,geometric_feasible,unevaluated,S13-L20,S13,-3.0,3.0,0.0,,soft19+firm10,26.53,soft12.7+soft12.7,23.72,soft12.7+soft12.7,20.39,soft19+firm10,26.49,soft19+firm10,26.51,
ANSUR2-M-14918,M,1.263940520446096,train,204.0,154.0,570.0,130.0,119.0,excluded,fail,S13-L20,S13,,,,nose,,,,,,,,,,,True
ANSUR2-M-14934,M,1.263940520446096,train,194.0,161.0,577.0,135.0,118.0,geometric_feasible,unevaluated,G226-L11,G226,0.0,-3.0,1.0,,soft19+firm10,26.66,soft19+firm10,26.24,soft12.7+soft12.7,23.48,soft12.7+soft12.7,23.85,soft12.7+soft12.7,23.85,
ANSUR2-M-14943,M,1.263940520446096,train,199.0,148.0,566.0,130.0,109.0,geometric_feasible,unevaluated,S13-L20,S13,0.0,9.0,2.0,,soft19,15.75,soft19,17.63,soft19+firm5,20.05,soft12.7+soft12.7,21.71,soft12.7+soft12.7,21.49,
ANSUR2-M-14945,M,1.263940520446096,validation,198.0,157.0,572.0,138.0,124.0,geometric_feasible,unevaluated,G226-L01,G226,3.0,-3.0,1.0,,soft12.7+soft12.7,21.78,soft12.7+soft12.7,21.12,soft19+firm10,25.83,soft12.7+soft12.7,22.78,soft12.7+soft12.7,22.78,
ANSUR2-M-14950,M,1.263940520446096,train,196.0,157.0,568.0,138.0,128.0,geometric_feasible,unevaluated,G226-L01,G226,0.0,0.0,2.0,,soft12.7+soft12.7,23.02,soft19+firm10,26.02,soft19+firm10,25.55,soft19+firm10,24.88,soft19+firm10,24.9,
ANSUR2-M-14951,M,1.263940520446096,train,199.0,140.0,560.0,134.0,112.0,geometric_feasible,unevaluated,S13-L20,S13,0.0,3.0,3.0,,soft19,15.91,soft19,16.13,soft12.7,11.83,soft19+firm5,20.18,soft19+firm5,20.2,
ANSUR2-M-14955,M,1.263940520446096,train,204.0,153.0,593.0,130.0,128.0,geometric_feasible,unevaluated,S13-L20,S13,3.0,9.0,2.0,,soft12.7+firm5,15.06,soft12.7+firm5,15.1,soft19,17.04,soft19,17.96,soft19,17.84,
ANSUR2-M-14958,M,1.263940520446096,train,206.0,156.0,589.0,145.0,125.0,excluded,fail,S13-L20,S13,,,,pad_too_tight,,,,,,,,,,,True
ANSUR2-M-14961,M,1.263940520446096,train,198.0,148.0,567.0,134.0,122.0,geometric_feasible,unevaluated,G226-L01,G226,0.0,0.0,1.0,,soft19+firm10,25.47,soft19+firm10,26.71,soft12.7+soft12.7,22.92,soft19+firm10,27.38,soft19+firm10,27.39,
ANSUR2-M-14963,M,1.263940520446096,train,204.0,158.0,595.0,137.0,126.0,geometric_feasible,unevaluated,G226-L11,G226,6.0,0.0,1.0,,soft12.7+soft12.7,21.04,soft12.7+soft12.7,21.05,soft19,16.56,soft12.7+soft12.7,22.97,soft12.7+soft12.7,22.97,
ANSUR2-M-14967,M,1.263940520446096,train,201.0,151.0,567.0,128.0,129.0,geometric_feasible,unevaluated,S13-L20,S13,-3.0,6.0,1.0,,soft19,18.04,soft12.7+soft12.7,22.43,soft19,16.39,soft12.7+soft12.7,22.6,soft12.7+soft12.7,22.59,
ANSUR2-M-14968,M,1.263940520446096,train,195.0,150.0,573.0,128.0,132.0,geometric_feasible,unevaluated,G226-L20,G226,-6.0,6.0,0.0,,soft19+firm10,25.5,soft19+firm10,27.51,soft19+firm10,25.94,soft19+firm10,26.47,soft19+firm10,26.47,
ANSUR2-M-14969,M,1.263940520446096,validation,198.0,164.0,590.0,146.0,119.0,excluded,fail,S13-L20,S13,,,,pad_too_tight,,,,,,,,,,,True
ANSUR2-M-14973,M,1.263940520446096,train,202.0,154.0,577.0,142.0,132.0,geometric_feasible,unevaluated,G226-L01,G226,0.0,-3.0,2.0,,soft12.7+soft12.7,22.02,soft19+firm10,26.46,soft12.7+soft12.7,23.71,soft19+firm10,25.91,soft19+firm10,25.91,
ANSUR2-M-14974,M,1.263940520446096,train,192.0,155.0,559.0,137.0,112.0,geometric_feasible,unevaluated,S13-L20,S13,6.0,-3.0,2.0,,soft12.7+soft12.7,20.36,soft12.7+soft12.7,21.45,soft19,17.0,soft12.7+soft12.7,23.19,soft12.7+soft12.7,23.19,
ANSUR2-M-14980,M,1.263940520446096,train,201.0,163.0,584.0,137.0,125.0,geometric_feasible,unevaluated,G226-L01,G226,-3.0,0.0,2.0,,soft12.7+soft12.7,23.92,soft19+firm10,26.21,soft12.7+soft12.7,22.13,soft12.7+soft12.7,23.77,soft12.7+soft12.7,23.78,
ANSUR2-M-14983,M,1.263940520446096,train,197.0,157.0,579.0,138.0,122.0,geometric_feasible,unevaluated,S13-L20,S13,0.0,0.0,2.0,,soft19,16.75,soft12.7+soft12.7,21.13,soft12.7+soft12.7,23.13,soft12.7+soft12.7,22.46,soft12.7+soft12.7,22.46,
ANSUR2-M-14990,M,1.263940520446096,train,187.0,157.0,552.0,131.0,108.0,geometric_feasible,unevaluated,G226-L20,G226,6.0,12.0,0.0,,soft19,18.01,soft12.7+soft12.7,23.39,soft19+firm10,27.14,soft12.7+soft12.7,23.69,soft12.7+soft12.7,23.69,
ANSUR2-M-14994,M,1.263940520446096,train,200.0,160.0,588.0,136.0,114.0,geometric_feasible,unevaluated,S13-L20,S13,-6.0,-3.0,2.0,,soft12.7+soft12.7,21.59,soft19+firm10,26.59,soft19,15.66,soft12.7+soft12.7,21.24,soft12.7+soft12.7,21.23,
ANSUR2-M-14995,M,1.263940520446096,train,203.0,161.0,589.0,135.0,123.0,geometric_feasible,unevaluated,G226-L11,G226,0.0,0.0,1.0,,soft19+firm10,26.02,soft19+firm10,27.51,soft19+firm10,27.38,soft19+firm10,25.12,soft19+firm10,25.12,
ANSUR2-M-14996,M,1.263940520446096,train,204.0,156.0,580.0,135.0,128.0,geometric_feasible,unevaluated,G226-L01,G226,6.0,-3.0,2.0,,soft19+firm10,26.79,soft12.7+firm15,24.78,soft19,17.72,soft19+firm10,27.53,soft19+firm10,27.53,
ANSUR2-M-15000,M,1.263940520446096,train,187.0,146.0,549.0,124.0,106.0,geometric_feasible,unevaluated,S13-L20,S13,0.0,6.0,0.0,,soft12.7+firm15,24.74,soft19+firm10,26.71,soft19+firm10,27.08,soft19+firm10,26.87,soft19+firm10,26.87,
ANSUR2-M-15022,M,1.263940520446096,validation,194.0,151.0,568.0,140.0,123.0,geometric_feasible,unevaluated,S13-L20,S13,3.0,-3.0,2.0,,soft12.7+firm5,15.11,soft12.7+firm5,15.12,soft19,16.28,soft19,17.12,soft19,17.11,
ANSUR2-M-15023,M,1.263940520446096,train,208.0,152.0,587.0,127.0,122.0,geometric_feasible,unevaluated,G226-L20,G226,-6.0,9.0,0.0,,soft12.7+soft12.7,23.59,soft19+firm10,25.19,soft12.7+soft12.7,23.82,soft19+firm10,26.66,soft19+firm10,26.67,
ANSUR2-M-15031,M,1.263940520446096,train,204.0,157.0,579.0,141.0,116.0,geometric_feasible,unevaluated,G226-L01,G226,3.0,-3.0,1.0,,soft12.7+soft12.7,22.98,soft19+firm10,26.33,soft19+firm10,24.96,soft19+firm10,26.44,soft19+firm10,26.43,
ANSUR2-M-15039,M,1.263940520446096,train,197.0,153.0,568.0,132.0,112.0,geometric_feasible,unevaluated,G226-L11,G226,-3.0,6.0,1.0,,soft19+firm5,20.11,soft12.7+soft12.7,23.72,soft19,17.82,soft12.7+soft12.7,22.38,soft12.7+soft12.7,22.37,
ANSUR2-M-15041,M,1.263940520446096,train,202.0,150.0,574.0,120.0,118.0,excluded,fail,S13-L20,S13,,,,pad_between_steps,,,,,,,,,,,True
ANSUR2-M-15053,M,1.263940520446096,validation,196.0,162.0,573.0,129.0,130.0,geometric_feasible,unevaluated,S13-L20,S13,0.0,3.0,1.0,,soft12.7+soft12.7,22.19,soft12.7+soft12.7,23.21,soft12.7+soft12.7,21.13,soft19+firm5,20.15,soft19+firm5,20.14,
ANSUR2-M-15056,M,1.263940520446096,train,184.0,157.0,554.0,123.0,116.0,excluded,fail,S13-L20,S13,,,,pad_too_loose,,,,,,,,,,,True
ANSUR2-M-15065,M,1.263940520446096,validation,217.0,157.0,617.0,140.0,128.0,excluded,fail,G226-L01,G226,,,,nose,,,,,,,,,,,True
ANSUR2-M-15067,M,1.263940520446096,train,208.0,156.0,600.0,141.0,124.0,geometric_feasible,unevaluated,G226-L01,G226,3.0,-6.0,2.0,,soft19+firm10,25.49,soft19+firm10,26.28,soft12.7+soft12.7,23.56,soft19+firm10,26.92,soft19+firm10,26.92,
ANSUR2-M-15069,M,1.263940520446096,train,194.0,149.0,562.0,130.0,125.0,geometric_feasible,unevaluated,S13-L20,S13,-6.0,3.0,2.0,,soft19,17.61,soft12.7+soft12.7,22.41,soft19,16.49,soft12.7+soft12.7,21.0,soft12.7+soft12.7,21.11,
ANSUR2-M-15071,M,1.263940520446096,train,214.0,164.0,615.0,143.0,141.0,excluded,fail,G226-L11,G226,,,,pad_too_tight,,,,,,,,,,,True
ANSUR2-M-15072,M,1.263940520446096,train,200.0,145.0,575.0,127.0,120.0,geometric_feasible,unevaluated,S13-L20,S13,3.0,3.0,2.0,,soft12.7+soft12.7,21.24,soft12.7+soft12.7,22.29,soft19,16.73,soft12.7+soft12.7,23.97,soft12.7+soft12.7,24.03,
ANSUR2-M-15082,M,1.263940520446096,train,193.0,148.0,566.0,131.0,122.0,geometric_feasible,unevaluated,S13-L20,S13,0.0,3.0,2.0,,soft19+firm5,20.23,soft19+firm5,20.25,soft12.7+soft12.7,20.73,soft12.7+soft12.7,22.08,soft12.7+soft12.7,22.05,
ANSUR2-M-15083,M,1.263940520446096,train,188.0,155.0,567.0,130.0,134.0,geometric_feasible,unevaluated,S13-L20,S13,6.0,9.0,0.0,,soft12.7+firm5,15.07,soft19,16.03,soft19+firm5,20.03,soft19,17.25,soft19,17.17,
ANSUR2-M-15084,M,1.263940520446096,train,205.0,150.0,584.0,125.0,119.0,geometric_feasible,unevaluated,S13-L20,S13,-3.0,0.0,0.0,,soft19+firm10,24.84,soft12.7+soft12.7,21.88,soft19,17.49,soft19+firm10,25.31,soft19+firm10,25.34,
ANSUR2-M-15087,M,1.263940520446096,validation,197.0,152.0,560.0,119.0,128.0,geometric_feasible,unevaluated,S13-L20,S13,0.0,9.0,0.0,,soft12.7+soft12.7,23.14,soft19,16.61,soft12.7+soft12.7,23.62,soft12.7+soft12.7,21.97,soft12.7+soft12.7,21.97,
ANSUR2-M-15092,M,1.263940520446096,train,193.0,153.0,560.0,134.0,108.0,geometric_feasible,unevaluated,S13-L20,S13,0.0,-3.0,3.0,,soft12.7+soft12.7,22.44,soft12.7+soft12.7,23.35,soft19,15.52,soft12.7+soft12.7,23.18,soft12.7+soft12.7,23.17,
ANSUR2-M-15096,M,1.263940520446096,train,186.0,160.0,558.0,135.0,108.0,geometric_feasible,unevaluated,S13-L20,S13,0.0,3.0,1.0,,soft19,16.78,soft12.7+soft12.7,21.48,soft12.7+soft12.7,21.72,soft12.7+firm10,19.82,soft12.7+firm10,19.82,
ANSUR2-M-15111,M,1.263940520446096,validation,198.0,151.0,574.0,130.0,122.0,excluded,fail,S13-L20,S13,,,,field_of_view,,,,,,,,,,,True
ANSUR2-M-15112,M,1.263940520446096,train,197.0,151.0,563.0,135.0,120.0,geometric_feasible,unevaluated,G226-L11,G226,0.0,3.0,1.0,,soft12.7+soft12.7,23.02,soft19+firm10,25.05,soft19+firm10,25.84,soft19+firm10,26.08,soft19+firm10,26.08,
ANSUR2-M-15115,M,1.263940520446096,train,207.0,152.0,594.0,124.0,119.0,geometric_feasible,unevaluated,G226-L20,G226,-3.0,12.0,0.0,,soft12.7+firm15,24.6,soft12.7+soft12.7,21.93,soft19+firm10,25.36,soft19+firm10,26.53,soft19+firm10,26.53,
ANSUR2-M-15117,M,1.263940520446096,train,192.0,153.0,580.0,124.0,122.0,geometric_feasible,unevaluated,S13-L20,S13,0.0,6.0,1.0,,soft12.7+soft12.7,22.39,soft12.7+soft12.7,21.5,soft12.7+soft12.7,22.4,soft12.7+soft12.7,21.04,soft12.7+soft12.7,21.03,
ANSUR2-M-15119,M,1.263940520446096,validation,201.0,149.0,577.0,131.0,118.0,geometric_feasible,unevaluated,S13-L20,S13,0.0,-3.0,1.0,,soft12.7+soft12.7,22.27,soft12.7+soft12.7,23.31,soft19,17.56,soft19+firm10,24.93,soft19+firm10,24.95,
ANSUR2-M-15120,M,1.263940520446096,train,209.0,153.0,590.0,136.0,116.0,geometric_feasible,unevaluated,S13-L20,S13,0.0,0.0,2.0,,soft19,16.73,soft19,16.63,soft19,15.74,soft12.7+soft12.7,20.42,soft12.7+soft12.7,20.41,
ANSUR2-M-15121,M,1.263940520446096,train,192.0,152.0,563.0,129.0,124.0,geometric_feasible,unevaluated,S13-L20,S13,0.0,9.0,1.0,,soft19,16.78,soft12.7+soft12.7,21.58,soft12.7+firm10,19.84,soft12.7+soft12.7,21.59,soft12.7+soft12.7,21.59,
ANSUR2-M-15122,M,1.263940520446096,train,194.0,155.0,559.0,135.0,120.0,geometric_feasible,unevaluated,G226-L11,G226,-3.0,6.0,1.0,,soft19+firm5,20.02,soft12.7+firm15,24.56,soft19+firm10,26.51,soft19+firm10,25.14,soft19+firm10,25.13,
ANSUR2-M-15127,M,1.263940520446096,train,202.0,153.0,598.0,139.0,121.0,geometric_feasible,unevaluated,G226-L11,G226,-3.0,0.0,1.0,,soft12.7+soft12.7,21.94,soft19+firm10,27.14,soft12.7,11.97,soft19+firm10,25.3,soft19+firm10,25.43,
ANSUR2-M-15128,M,1.263940520446096,validation,185.0,151.0,548.0,129.0,108.0,geometric_feasible,unevaluated,S13-L20,S13,0.0,3.0,0.0,,soft12.7+soft12.7,22.74,soft12.7+soft12.7,22.78,soft12.7+soft12.7,20.48,soft19+firm10,25.77,soft19+firm10,25.76,
ANSUR2-M-15135,M,1.263940520446096,train,204.0,147.0,566.0,134.0,120.0,geometric_feasible,unevaluated,G226-L01,G226,0.0,-3.0,1.0,,soft12.7+soft12.7,23.18,soft19+firm10,27.1,soft19,15.37,soft19+firm10,27.36,soft19+firm10,27.36,
ANSUR2-M-15137,M,1.263940520446096,train,188.0,147.0,544.0,119.0,109.0,geometric_feasible,unevaluated,S13-L20,S13,0.0,9.0,0.0,,soft19+firm10,26.74,soft19+firm10,26.54,soft19+firm10,27.12,soft19+firm10,26.4,soft19+firm10,26.4,
ANSUR2-M-15139,M,1.263940520446096,train,202.0,149.0,579.0,131.0,123.0,geometric_feasible,unevaluated,G226-L20,G226,0.0,6.0,0.0,,soft12.7+soft12.7,22.68,soft19+firm10,25.5,soft12.7+soft12.7,22.59,soft19+firm10,25.75,soft19+firm10,25.84,
ANSUR2-M-15141,M,1.263940520446096,train,204.0,147.0,572.0,124.0,109.0,geometric_feasible,unevaluated,S13-L20,S13,0.0,6.0,1.0,,soft12.7+soft12.7,22.2,soft19,16.25,soft12.7+soft12.7,22.51,soft19+firm10,25.72,soft19+firm10,25.72,
ANSUR2-M-15143,M,1.263940520446096,train,211.0,150.0,605.0,137.0,118.0,geometric_feasible,unevaluated,G226-L01,G226,-3.0,-9.0,2.0,,soft19+firm10,26.77,soft19+firm10,26.58,soft12.7+soft12.7,22.99,soft19+firm10,27.09,soft19+firm10,27.15,
ANSUR2-M-15145,M,1.263940520446096,validation,197.0,158.0,577.0,132.0,113.0,geometric_feasible,unevaluated,S13-L20,S13,3.0,6.0,3.0,,soft19,15.96,soft19,16.72,soft19,18.03,soft19,17.98,soft19,17.98,
ANSUR2-M-15151,M,1.263940520446096,validation,209.0,160.0,601.0,128.0,132.0,geometric_feasible,unevaluated,S13-L20,S13,-6.0,3.0,3.0,,soft12.7+firm10,19.83,soft19,16.89,soft19,17.54,soft19+firm5,20.09,soft19+firm5,20.09,
ANSUR2-M-15153,M,1.263940520446096,train,192.0,146.0,548.0,126.0,112.0,geometric_feasible,unevaluated,S13-L20,S13,0.0,6.0,0.0,,soft12.7+soft12.7,22.74,soft19+firm10,25.87,soft12.7+soft12.7,23.3,soft19+firm10,26.55,soft19+firm10,26.55,
ANSUR2-M-15182,M,1.263940520446096,train,200.0,151.0,568.0,130.0,122.0,geometric_feasible,unevaluated,G226-L11,G226,0.0,9.0,0.0,,soft12.7+soft12.7,22.02,soft19+firm10,25.33,soft19+firm10,26.87,soft19+firm10,27.17,soft19+firm10,27.17,
ANSUR2-M-15186,M,1.263940520446096,train,200.0,163.0,580.0,138.0,132.0,geometric_feasible,unevaluated,G226-L01,G226,0.0,3.0,2.0,,soft19+firm5,20.02,soft12.7+soft12.7,23.04,soft19+firm10,25.89,soft12.7+soft12.7,23.21,soft12.7+soft12.7,23.21,
ANSUR2-M-15191,M,1.263940520446096,validation,205.0,160.0,592.0,133.0,126.0,geometric_feasible,unevaluated,G226-L01,G226,6.0,-3.0,2.0,,soft19+firm10,27.51,soft19+firm10,25.1,soft19+firm10,26.2,soft19+firm10,25.72,soft19+firm10,25.72,
ANSUR2-M-15194,M,1.263940520446096,validation,192.0,151.0,560.0,125.0,125.0,geometric_feasible,unevaluated,S13-L20,S13,0.0,6.0,0.0,,soft12.7+soft12.7,23.74,soft12.7+soft12.7,22.88,soft19+firm10,26.69,soft19+firm10,25.23,soft19+firm10,25.22,
ANSUR2-M-15195,M,1.263940520446096,validation,196.0,159.0,575.0,116.0,124.0,geometric_feasible,unevaluated,S13-L20,S13,-3.0,12.0,0.0,,soft19+firm10,26.37,soft19+firm10,27.43,soft12.7+soft12.7,21.16,soft12.7+soft12.7,21.37,soft12.7+soft12.7,21.37,
ANSUR2-M-15198,M,1.263940520446096,validation,202.0,147.0,581.0,138.0,118.0,geometric_feasible,unevaluated,G226-L01,G226,6.0,-3.0,2.0,,soft12.7+soft12.7,21.81,soft12.7+soft12.7,20.65,soft19+firm5,20.09,soft19+firm10,25.28,soft19+firm10,25.22,
ANSUR2-M-15205,M,1.263940520446096,train,189.0,147.0,548.0,127.0,109.0,geometric_feasible,unevaluated,S13-L20,S13,-3.0,3.0,2.0,,soft12.7+soft12.7,22.32,soft12.7+soft12.7,21.51,soft12.7+soft12.7,22.34,soft12.7+soft12.7,23.15,soft12.7+soft12.7,23.15,
ANSUR2-M-15213,M,1.263940520446096,train,196.0,162.0,575.0,134.0,115.0,geometric_feasible,unevaluated,G226-L01,G226,0.0,3.0,1.0,,soft12.7+soft12.7,24.02,soft19+firm10,26.21,soft19+firm10,26.53,soft12.7+soft12.7,23.31,soft12.7+soft12.7,23.31,
ANSUR2-M-15218,M,1.263940520446096,validation,186.0,152.0,553.0,130.0,111.0,geometric_feasible,unevaluated,S13-L20,S13,3.0,3.0,0.0,,soft12.7+soft12.7,20.89,soft12.7+soft12.7,21.28,soft19+firm10,25.78,soft12.7+soft12.7,23.03,soft12.7+soft12.7,23.04,
ANSUR2-M-15221,M,1.263940520446096,train,195.0,155.0,557.0,131.0,127.0,geometric_feasible,unevaluated,S13-L20,S13,3.0,6.0,2.0,,soft19,17.19,soft19,17.75,soft12.7+soft12.7,20.52,soft12.7+firm10,19.96,soft12.7+firm10,19.95,
ANSUR2-M-15222,M,1.263940520446096,train,200.0,154.0,573.0,127.0,119.0,geometric_feasible,unevaluated,S13-L20,S13,0.0,6.0,0.0,,soft19+firm5,20.23,soft12.7+soft12.7,23.97,soft19,16.13,soft12.7+soft12.7,23.2,soft12.7+soft12.7,23.2,
ANSUR2-M-15226,M,1.263940520446096,train,196.0,160.0,574.0,134.0,132.0,geometric_feasible,unevaluated,S13-L20,S13,-6.0,3.0,2.0,,soft19,16.78,soft12.7+soft12.7,22.91,soft19,17.52,soft12.7+firm10,19.98,soft12.7+firm10,19.98,
ANSUR2-M-15230,M,1.263940520446096,train,204.0,160.0,595.0,121.0,128.0,excluded,fail,S13-L20,S13,,,,nose,,,,,,,,,,,True
ANSUR2-M-15233,M,1.263940520446096,validation,196.0,153.0,567.0,137.0,132.0,geometric_feasible,unevaluated,G226-L20,G226,3.0,6.0,0.0,,soft19,18.02,soft19+firm10,26.09,soft12.7+soft12.7,24.01,soft19+firm10,27.17,soft19+firm10,27.16,
ANSUR2-M-15235,M,1.263940520446096,train,198.0,155.0,577.0,128.0,122.0,geometric_feasible,unevaluated,G226-L01,G226,0.0,3.0,2.0,,soft19+firm10,26.78,soft19+firm10,26.72,soft19+firm10,25.87,soft19+firm10,24.84,soft19+firm10,24.84,
ANSUR2-M-15237,M,1.263940520446096,train,194.0,154.0,577.0,141.0,115.0,geometric_feasible,unevaluated,G226-L01,G226,6.0,0.0,1.0,,soft12.7+firm10,19.99,soft19+firm10,26.4,soft12.7+soft12.7,22.48,soft19+firm10,27.05,soft19+firm10,26.82,
ANSUR2-M-15239,M,1.263940520446096,train,212.0,158.0,606.0,141.0,117.0,geometric_feasible,unevaluated,G226-L01,G226,0.0,-6.0,2.0,,soft19+firm10,26.02,soft12.7+soft12.7,20.92,soft19+firm10,26.82,soft19+firm10,26.94,soft19+firm10,26.95,
ANSUR2-M-15240,M,1.263940520446096,train,210.0,144.0,590.0,146.0,139.0,geometric_feasible,unevaluated,G226-L01,G226,0.0,-6.0,2.0,,soft19+firm5,20.0,soft12.7+firm10,19.88,soft12.7+soft12.7,23.41,soft19+firm10,24.95,soft12.7+firm15,24.72,
ANSUR2-M-15259,M,1.263940520446096,train,188.0,163.0,573.0,131.0,127.0,geometric_feasible,unevaluated,S13-L20,S13,0.0,0.0,1.0,,soft12.7+soft12.7,23.78,soft12.7+firm15,24.73,soft12.7+soft12.7,23.21,soft12.7+firm10,19.87,soft12.7+firm10,19.87,
ANSUR2-M-15260,M,1.263940520446096,train,202.0,156.0,581.0,127.0,123.0,geometric_feasible,unevaluated,G226-L01,G226,0.0,6.0,2.0,,soft19+firm10,26.67,soft19+firm10,26.52,soft19+firm10,26.19,soft19+firm10,25.47,soft19+firm10,25.47,
ANSUR2-M-15261,M,1.263940520446096,train,193.0,154.0,572.0,125.0,120.0,geometric_feasible,unevaluated,S13-L20,S13,0.0,9.0,0.0,,soft12.7+soft12.7,20.74,soft19,16.01,soft19+firm10,27.38,soft12.7+soft12.7,22.74,soft12.7+soft12.7,22.7,
ANSUR2-M-15264,M,1.263940520446096,train,199.0,150.0,571.0,127.0,118.0,geometric_feasible,unevaluated,S13-L20,S13,-3.0,3.0,0.0,,soft12.7+firm15,24.68,soft12.7+soft12.7,22.57,soft12.7+soft12.7,21.55,soft19+firm10,26.15,soft19+firm10,26.15,
ANSUR2-M-15276,M,1.263940520446096,train,191.0,172.0,589.0,127.0,129.0,geometric_feasible,unevaluated,G226-L20,G226,6.0,12.0,0.0,,soft12.7+firm10,19.82,soft12.7+soft12.7,21.06,soft19+firm10,26.04,soft19,16.85,soft19,16.85,
ANSUR2-M-15284,M,1.263940520446096,train,216.0,156.0,615.0,134.0,123.0,geometric_feasible,unevaluated,G226-L01,G226,-3.0,0.0,2.0,,soft19+firm10,26.24,soft12.7+soft12.7,21.14,soft12.7+soft12.7,24.07,soft19+firm10,26.7,soft19+firm10,26.7,
ANSUR2-M-15290,M,1.263940520446096,validation,204.0,160.0,590.0,132.0,132.0,geometric_feasible,unevaluated,S13-L20,S13,0.0,0.0,2.0,,soft12.7+firm10,19.81,soft12.7+soft12.7,22.72,soft19,15.47,soft12.7+soft12.7,20.99,soft12.7+soft12.7,20.98,
ANSUR2-M-15291,M,1.263940520446096,train,205.0,158.0,584.0,136.0,125.0,geometric_feasible,unevaluated,G226-L01,G226,6.0,-3.0,2.0,,soft19+firm10,26.67,soft19+firm10,26.59,soft12.7+soft12.7,23.31,soft19+firm10,26.72,soft19+firm10,26.72,
ANSUR2-M-15295,M,1.263940520446096,train,197.0,149.0,563.0,130.0,127.0,geometric_feasible,unevaluated,S13-L20,S13,0.0,9.0,1.0,,soft19,15.78,soft19,17.32,soft19,17.96,soft19+firm5,20.08,soft19+firm5,20.08,
ANSUR2-M-15301,M,1.263940520446096,train,200.0,165.0,588.0,138.0,132.0,geometric_feasible,unevaluated,G226-L11,G226,3.0,3.0,1.0,,soft19+firm5,20.02,soft19+firm10,25.0,soft19+firm10,25.33,soft12.7+soft12.7,22.68,soft12.7+soft12.7,22.67,
ANSUR2-M-15366,M,1.263940520446096,train,202.0,148.0,574.0,126.0,129.0,geometric_feasible,unevaluated,G226-L11,G226,-6.0,9.0,1.0,,soft12.7+soft12.7,22.99,soft19+firm10,26.69,soft12.7+soft12.7,22.86,soft19+firm10,26.22,soft19+firm10,26.27,
ANSUR2-M-15373,M,1.263940520446096,train,202.0,147.0,574.0,137.0,120.0,geometric_feasible,unevaluated,G226-L01,G226,3.0,0.0,0.0,,soft12.7+soft12.7,22.84,soft12.7+soft12.7,23.19,soft12.7+soft12.7,23.0,soft19+firm10,25.45,soft19+firm10,25.39,
ANSUR2-M-15381,M,1.263940520446096,train,204.0,156.0,584.0,134.0,117.0,geometric_feasible,unevaluated,S13-L20,S13,6.0,6.0,3.0,,soft12.7,11.91,soft12.7,11.85,soft12.7+firm5,15.03,soft19,15.61,soft19,15.51,
ANSUR2-M-15388,M,1.263940520446096,validation,200.0,148.0,571.0,122.0,121.0,geometric_feasible,unevaluated,S13-L20,S13,-6.0,9.0,1.0,,soft19,18.03,soft12.7+soft12.7,21.92,soft19,16.91,soft12.7+soft12.7,21.86,soft12.7+soft12.7,21.93,
ANSUR2-M-15415,M,1.263940520446096,validation,193.0,141.0,554.0,133.0,126.0,geometric_feasible,unevaluated,S13-L20,S13,6.0,6.0,1.0,,soft12.7+firm5,15.06,soft19,16.37,soft12.7+soft12.7,20.47,soft19+firm5,20.24,soft12.7+firm10,19.94,
ANSUR2-M-15429,M,1.263940520446096,train,201.0,158.0,588.0,129.0,120.0,geometric_feasible,unevaluated,S13-L20,S13,0.0,0.0,1.0,,soft12.7+soft12.7,24.02,soft12.7+soft12.7,23.33,soft19,16.88,soft12.7+soft12.7,21.99,soft12.7+soft12.7,21.99,
ANSUR2-M-15433,M,1.263940520446096,validation,197.0,153.0,580.0,125.0,126.0,geometric_feasible,unevaluated,S13-L20,S13,-6.0,6.0,0.0,,soft12.7+soft12.7,22.84,soft12.7+soft12.7,23.05,soft12.7+soft12.7,22.9,soft12.7+soft12.7,23.2,soft12.7+soft12.7,23.2,
ANSUR2-M-15435,M,1.263940520446096,validation,194.0,151.0,556.0,128.0,115.0,geometric_feasible,unevaluated,S13-L20,S13,6.0,6.0,0.0,,soft12.7+soft12.7,20.67,soft12.7+firm15,24.59,soft12.7+soft12.7,21.97,soft19+firm10,25.1,soft19+firm10,25.1,
ANSUR2-M-15443,M,1.263940520446096,train,204.0,166.0,596.0,133.0,124.0,geometric_feasible,unevaluated,S13-L20,S13,-6.0,6.0,3.0,,soft19,15.25,soft12.7+soft12.7,20.52,soft19,15.49,soft19,17.2,soft19,17.21,
ANSUR2-M-15444,M,1.263940520446096,train,197.0,161.0,577.0,134.0,122.0,geometric_feasible,unevaluated,S13-L20,S13,0.0,0.0,2.0,,soft12.7+soft12.7,20.74,soft12.7+soft12.7,21.59,soft12.7+soft12.7,22.54,soft19+firm5,20.11,soft19+firm5,20.11,
ANSUR2-M-15450,M,1.263940520446096,train,202.0,158.0,578.0,138.0,129.0,geometric_feasible,unevaluated,G226-L01,G226,6.0,0.0,2.0,,soft12.7+soft12.7,22.17,soft12.7+soft12.7,22.83,soft19,16.02,soft19+firm10,26.35,soft19+firm10,26.34,
ANSUR2-M-15464,M,1.263940520446096,train,204.0,157.0,591.0,137.0,125.0,geometric_feasible,unevaluated,G226-L11,G226,0.0,0.0,1.0,,soft12.7+soft12.7,22.43,soft12.7+soft12.7,22.38,soft12.7+soft12.7,22.37,soft12.7+soft12.7,22.91,soft12.7+soft12.7,22.91,
ANSUR2-M-15467,M,1.263940520446096,validation,210.0,146.0,573.0,124.0,116.0,geometric_feasible,unevaluated,S13-L20,S13,0.0,3.0,1.0,,soft12.7+soft12.7,23.43,soft19,15.48,soft19,17.77,soft19+firm10,26.29,soft19+firm10,26.28,
ANSUR2-M-15469,M,1.263940520446096,validation,198.0,147.0,564.0,124.0,130.0,geometric_feasible,unevaluated,S13-L20,S13,-3.0,3.0,1.0,,soft12.7+soft12.7,22.11,soft12.7+firm15,24.76,soft19,17.32,soft12.7+firm15,24.67,soft12.7+firm15,24.68,
ANSUR2-M-15470,M,1.263940520446096,train,203.0,163.0,596.0,121.0,133.0,geometric_feasible,unevaluated,S13-L20,S13,-3.0,9.0,0.0,,soft12.7+soft12.7,21.87,soft12.7+soft12.7,21.89,soft19,16.07,soft19,17.99,soft19,17.99,
ANSUR2-M-15484,M,1.263940520446096,train,213.0,158.0,605.0,142.0,127.0,excluded,fail,G226-L01,G226,,,,pad_too_tight,,,,,,,,,,,True
ANSUR2-M-15488,M,1.263940520446096,train,189.0,155.0,555.0,125.0,118.0,geometric_feasible,unevaluated,S13-L20,S13,0.0,6.0,0.0,,soft12.7+soft12.7,22.18,soft12.7+soft12.7,23.43,soft12.7+soft12.7,21.59,soft12.7+soft12.7,20.83,soft12.7+soft12.7,20.83,
ANSUR2-M-15494,M,1.263940520446096,train,217.0,160.0,614.0,147.0,134.0,excluded,fail,G226-L01,G226,,,,pad_too_tight,,,,,,,,,,,True
ANSUR2-M-15495,M,1.263940520446096,train,197.0,153.0,569.0,129.0,119.0,geometric_feasible,unevaluated,G226-L01,G226,6.0,3.0,2.0,,soft19+firm10,25.76,soft19+firm10,25.14,soft19+firm10,25.52,soft19+firm10,26.94,soft19+firm10,26.93,
ANSUR2-M-15502,M,1.263940520446096,train,203.0,148.0,586.0,127.0,120.0,geometric_feasible,unevaluated,S13-L20,S13,0.0,3.0,1.0,,soft12.7+firm15,24.68,soft19+firm10,25.14,soft19,16.5,soft12.7+firm15,24.66,soft12.7+firm15,24.75,
ANSUR2-M-15504,M,1.263940520446096,train,203.0,148.0,570.0,140.0,124.0,geometric_feasible,unevaluated,G226-L01,G226,-3.0,-3.0,2.0,,soft12.7+soft12.7,22.67,soft19+firm10,25.62,soft12.7+soft12.7,22.73,soft19+firm10,26.47,soft19+firm10,26.48,
ANSUR2-M-15509,M,1.263940520446096,train,194.0,158.0,584.0,142.0,123.0,excluded,fail,G226-L01,G226,,,,pad_between_steps,,,,,,,,,,,True
ANSUR2-M-15522,M,1.263940520446096,train,202.0,157.0,586.0,135.0,119.0,geometric_feasible,unevaluated,G226-L11,G226,3.0,3.0,1.0,,soft12.7+soft12.7,22.86,soft19+firm10,24.84,soft19+firm10,26.13,soft19+firm10,25.55,soft19+firm10,25.55,
ANSUR2-M-15549,M,1.263940520446096,train,200.0,154.0,581.0,129.0,122.0,geometric_feasible,unevaluated,G226-L01,G226,3.0,6.0,1.0,,soft12.7+soft12.7,23.95,soft12.7+soft12.7,23.86,soft12.7+soft12.7,20.68,soft19+firm10,26.2,soft19+firm10,26.2,
ANSUR2-M-15608,M,1.263940520446096,train,194.0,157.0,572.0,122.0,129.0,geometric_feasible,unevaluated,S13-L20,S13,3.0,9.0,1.0,,soft12.7+soft12.7,21.5,soft12.7+soft12.7,21.27,soft12.7+soft12.7,21.35,soft19+firm5,20.35,soft19+firm5,20.35,
ANSUR2-M-15625,M,1.263940520446096,train,202.0,154.0,580.0,138.0,128.0,geometric_feasible,unevaluated,S13-L20,S13,6.0,0.0,1.0,,soft19,16.47,soft19,17.54,soft12.7+firm10,19.91,soft12.7+soft12.7,22.0,soft12.7+soft12.7,21.79,
ANSUR2-M-15639,M,1.263940520446096,validation,190.0,157.0,566.0,123.0,126.0,geometric_feasible,unevaluated,S13-L20,S13,0.0,9.0,0.0,,soft12.7+soft12.7,22.44,soft12.7+soft12.7,22.68,soft12.7+soft12.7,22.68,soft12.7+soft12.7,20.71,soft12.7+soft12.7,20.7,
ANSUR2-M-15667,M,1.263940520446096,train,205.0,151.0,567.0,128.0,118.0,geometric_feasible,unevaluated,G226-L11,G226,-3.0,6.0,1.0,,soft19+firm10,25.64,soft12.7+soft12.7,22.62,soft19+firm10,25.99,soft19+firm10,26.91,soft19+firm10,26.91,
ANSUR2-M-15676,M,1.263940520446096,train,197.0,148.0,555.0,130.0,129.0,geometric_feasible,unevaluated,S13-L20,S13,6.0,6.0,1.0,,soft19,16.73,soft19,17.61,soft19,16.98,soft19+firm5,20.07,soft19+firm5,20.06,
ANSUR2-M-15684,M,1.263940520446096,train,197.0,150.0,562.0,131.0,121.0,geometric_feasible,unevaluated,S13-L20,S13,-6.0,6.0,1.0,,soft19,17.03,soft12.7+soft12.7,22.22,soft19,17.41,soft12.7+soft12.7,21.41,soft12.7+soft12.7,21.59,
ANSUR2-M-15721,M,1.263940520446096,train,192.0,154.0,561.0,127.0,123.0,geometric_feasible,unevaluated,G226-L11,G226,3.0,9.0,1.0,,soft12.7+soft12.7,22.73,soft12.7+soft12.7,22.62,soft19+firm10,26.69,soft12.7+soft12.7,23.74,soft12.7+soft12.7,23.74,
ANSUR2-M-15724,M,1.263940520446096,train,211.0,164.0,610.0,140.0,119.0,geometric_feasible,unevaluated,G226-L01,G226,3.0,-3.0,2.0,,soft12.7+soft12.7,24.02,soft19+firm10,27.52,soft12.7+firm10,19.9,soft12.7+soft12.7,23.76,soft12.7+soft12.7,23.77,
ANSUR2-M-15728,M,1.263940520446096,train,192.0,147.0,562.0,126.0,134.0,geometric_feasible,unevaluated,S13-L20,S13,0.0,9.0,1.0,,soft19,18.03,soft19,17.67,soft12.7+firm10,19.82,soft19+firm5,20.35,soft19+firm5,20.33,
ANSUR2-M-15740,M,1.263940520446096,validation,200.0,148.0,572.0,128.0,122.0,geometric_feasible,unevaluated,S13-L20,S13,3.0,9.0,2.0,,soft19,16.68,soft19,17.07,soft19,17.06,soft12.7+firm10,19.96,soft12.7+firm10,19.82,
ANSUR2-M-15782,M,1.263940520446096,train,206.0,166.0,600.0,139.0,123.0,geometric_feasible,unevaluated,G226-L01,G226,0.0,0.0,2.0,,soft12.7+soft12.7,20.75,soft12.7+soft12.7,20.79,soft12.7+firm5,15.05,soft12.7+firm10,19.85,soft12.7+firm10,19.85,
ANSUR2-M-15793,M,1.263940520446096,train,211.0,153.0,590.0,128.0,128.0,geometric_feasible,unevaluated,G226-L11,G226,-3.0,9.0,1.0,,soft12.7+soft12.7,22.88,soft12.7+soft12.7,23.68,soft12.7+soft12.7,22.65,soft19+firm10,25.99,soft19+firm10,25.99,
ANSUR2-M-15796,M,1.263940520446096,validation,197.0,159.0,585.0,130.0,122.0,geometric_feasible,unevaluated,S13-L20,S13,6.0,3.0,1.0,,soft19+firm5,20.31,soft12.7+soft12.7,20.46,soft12.7+soft12.7,21.39,soft19+firm5,20.03,soft19+firm5,20.02,
ANSUR2-M-15800,M,1.263940520446096,validation,201.0,150.0,561.0,121.0,112.0,geometric_feasible,unevaluated,S13-L20,S13,-6.0,6.0,0.0,,soft12.7+soft12.7,22.12,soft19+firm10,26.17,soft19,17.18,soft19+firm10,25.64,soft19+firm10,25.64,
ANSUR2-M-15825,M,1.263940520446096,train,201.0,138.0,555.0,121.0,130.0,excluded,fail,S13-L20,S13,,,,nose,,,,,,,,,,,True
ANSUR2-M-15827,M,1.263940520446096,train,198.0,156.0,576.0,126.0,123.0,geometric_feasible,unevaluated,G226-L01,G226,-3.0,3.0,2.0,,soft19+firm10,25.9,soft12.7+soft12.7,20.75,soft19+firm10,27.28,soft12.7+soft12.7,22.87,soft12.7+soft12.7,22.86,
ANSUR2-M-15828,M,1.263940520446096,validation,194.0,144.0,560.0,126.0,114.0,geometric_feasible,unevaluated,S13-L20,S13,-3.0,3.0,1.0,,soft12.7+soft12.7,23.45,soft12.7+soft12.7,23.85,soft12.7+soft12.7,22.93,soft19+firm10,25.72,soft19+firm10,25.75,
ANSUR2-M-15872,M,1.263940520446096,validation,192.0,167.0,584.0,129.0,111.0,geometric_feasible,unevaluated,S13-L20,S13,-3.0,3.0,0.0,,soft12.7+soft12.7,22.72,soft19+firm10,27.18,soft19,17.71,soft19,17.98,soft19,17.97,
ANSUR2-M-15892,M,1.263940520446096,train,208.0,151.0,587.0,126.0,124.0,geometric_feasible,unevaluated,G226-L11,G226,0.0,9.0,1.0,,soft12.7+soft12.7,22.69,soft19+firm5,20.11,soft12.7+soft12.7,22.23,soft12.7+firm15,24.59,soft12.7+firm15,24.59,
ANSUR2-M-15903,M,1.263940520446096,train,207.0,164.0,602.0,126.0,121.0,geometric_feasible,unevaluated,G226-L20,G226,0.0,12.0,0.0,,soft12.7+soft12.7,23.02,soft19+firm10,25.21,soft19+firm10,26.01,soft12.7+soft12.7,23.41,soft12.7+soft12.7,23.41,
ANSUR2-M-15909,M,1.263940520446096,validation,195.0,153.0,564.0,122.0,118.0,geometric_feasible,unevaluated,S13-L20,S13,0.0,9.0,0.0,,soft12.7+soft12.7,22.93,soft12.7+soft12.7,21.68,soft12.7+soft12.7,23.0,soft12.7+soft12.7,22.64,soft12.7+soft12.7,22.63,
ANSUR2-M-15910,M,1.263940520446096,validation,207.0,161.0,598.0,127.0,126.0,geometric_feasible,unevaluated,S13-L20,S13,-3.0,-3.0,2.0,,soft12.7+soft12.7,23.02,soft12.7+soft12.7,20.62,soft19,16.16,soft12.7+firm10,19.92,soft12.7+firm10,19.92,
ANSUR2-M-15911,M,1.263940520446096,validation,203.0,156.0,583.0,130.0,127.0,geometric_feasible,unevaluated,G226-L11,G226,-3.0,6.0,1.0,,soft12.7+soft12.7,23.17,soft19+firm10,27.36,soft12.7+soft12.7,22.32,soft19+firm10,25.36,soft19+firm10,25.36,
ANSUR2-M-15927,M,1.263940520446096,train,202.0,166.0,598.0,134.0,130.0,geometric_feasible,unevaluated,G226-L01,G226,0.0,-3.0,2.0,,soft19+firm10,27.15,soft19+firm10,27.14,soft12.7+soft12.7,21.19,soft12.7+soft12.7,22.73,soft12.7+soft12.7,22.73,
ANSUR2-M-15929,M,1.263940520446096,validation,209.0,153.0,594.0,139.0,131.0,geometric_feasible,unevaluated,G226-L20,G226,0.0,6.0,0.0,,soft19,16.02,soft12.7+soft12.7,21.73,soft19+firm5,20.23,soft12.7+soft12.7,23.11,soft12.7+soft12.7,23.42,
ANSUR2-M-15934,M,1.263940520446096,train,216.0,149.0,600.0,134.0,123.0,geometric_feasible,unevaluated,G226-L01,G226,-6.0,3.0,2.0,,soft19+firm5,20.02,soft19+firm10,25.99,soft19,17.27,soft19+firm10,25.47,soft19+firm10,25.6,
ANSUR2-M-15940,M,1.263940520446096,train,194.0,154.0,570.0,124.0,128.0,geometric_feasible,unevaluated,S13-L20,S13,-3.0,9.0,0.0,,soft12.7+soft12.7,21.49,soft12.7+soft12.7,22.38,soft12.7+soft12.7,22.15,soft12.7+soft12.7,22.38,soft12.7+soft12.7,22.38,
ANSUR2-M-15945,M,1.263940520446096,validation,205.0,158.0,587.0,125.0,129.0,geometric_feasible,unevaluated,S13-L20,S13,3.0,3.0,1.0,,soft12.7+soft12.7,23.52,soft12.7+soft12.7,21.38,soft19,16.78,soft12.7+soft12.7,21.24,soft12.7+soft12.7,21.25,
ANSUR2-M-15955,M,1.263940520446096,train,200.0,150.0,575.0,121.0,113.0,geometric_feasible,unevaluated,S13-L20,S13,-6.0,9.0,1.0,,soft19+firm5,20.04,soft12.7+soft12.7,20.85,soft19,17.58,soft12.7+soft12.7,21.91,soft12.7+soft12.7,21.94,
ANSUR2-M-15970,M,1.263940520446096,validation,194.0,160.0,574.0,130.0,110.0,geometric_feasible,unevaluated,S13-L20,S13,-3.0,3.0,1.0,,soft19+firm5,20.29,soft12.7+soft12.7,23.09,soft12.7+soft12.7,20.43,soft12.7+soft12.7,20.58,soft12.7+soft12.7,20.58,
ANSUR2-M-15979,M,1.263940520446096,train,210.0,157.0,598.0,134.0,137.0,excluded,fail,G226-L01,G226,,,,nose,,,,,,,,,,,True
ANSUR2-M-15998,M,1.263940520446096,train,194.0,176.0,585.0,133.0,133.0,geometric_feasible,unevaluated,G226-L20,G226,3.0,12.0,0.0,,soft19,16.02,soft12.7+soft12.7,20.76,soft12.7+soft12.7,22.68,soft19,15.82,soft19,15.81,
ANSUR2-M-16008,M,1.263940520446096,train,204.0,156.0,590.0,131.0,113.0,geometric_feasible,unevaluated,G226-L11,G226,-3.0,3.0,1.0,,soft12.7+soft12.7,23.83,soft19+firm10,26.32,soft12.7+soft12.7,23.41,soft19+firm10,25.17,soft19+firm10,25.17,
ANSUR2-M-16029,M,1.263940520446096,train,206.0,159.0,604.0,129.0,135.0,geometric_feasible,unevaluated,S13-L20,S13,-6.0,0.0,1.0,,soft12.7+soft12.7,22.09,soft12.7+soft12.7,23.23,soft12.7+firm5,15.1,soft19+firm5,20.11,soft19+firm5,20.15,
ANSUR2-M-16032,M,1.263940520446096,validation,199.0,156.0,576.0,133.0,113.0,geometric_feasible,unevaluated,S13-L20,S13,-6.0,6.0,1.0,,soft19,15.65,soft12.7+soft12.7,23.32,soft19+firm5,20.15,soft12.7+soft12.7,22.51,soft12.7+soft12.7,22.65,
ANSUR2-M-16040,M,1.263940520446096,train,197.0,148.0,558.0,127.0,120.0,geometric_feasible,unevaluated,S13-L20,S13,3.0,9.0,1.0,,soft19,16.5,soft19,16.51,soft19,17.55,soft12.7+firm10,19.82,soft12.7+firm10,19.83,
ANSUR2-M-16087,M,1.263940520446096,validation,214.0,171.0,625.0,136.0,136.0,geometric_feasible,unevaluated,G226-L20,G226,0.0,9.0,0.0,,soft12.7+firm5,14.98,soft12.7+firm5,15.06,soft12.7+firm5,15.14,soft12.7+firm5,15.01,soft12.7+firm5,15.01,
ANSUR2-M-16156,M,1.263940520446096,validation,210.0,153.0,597.0,127.0,122.0,geometric_feasible,unevaluated,S13-L20,S13,0.0,12.0,1.0,,soft19,15.78,soft19,16.78,soft19,15.48,soft12.7+firm10,19.79,soft12.7+firm10,19.94,
ANSUR2-M-16160,M,1.263940520446096,validation,191.0,161.0,567.0,125.0,119.0,geometric_feasible,unevaluated,S13-L20,S13,6.0,0.0,0.0,,soft19+firm10,26.44,soft19+firm10,25.51,soft19+firm10,25.56,soft19+firm5,20.24,soft19+firm5,20.24,
ANSUR2-M-16175,M,1.263940520446096,validation,194.0,154.0,560.0,133.0,120.0,geometric_feasible,unevaluated,G226-L20,G226,6.0,3.0,0.0,,soft12.7+soft12.7,23.1,soft12.7+soft12.7,23.28,soft19,17.25,soft19+firm10,26.37,soft19+firm10,26.37,
ANSUR2-M-16198,M,1.263940520446096,validation,198.0,158.0,586.0,136.0,134.0,geometric_feasible,unevaluated,G226-L01,G226,3.0,0.0,0.0,,soft12.7+firm15,24.71,soft19+firm10,26.68,soft19,15.56,soft19+firm10,25.38,soft19+firm10,25.38,
ANSUR2-M-16224,M,1.263940520446096,train,199.0,159.0,587.0,133.0,123.0,geometric_feasible,unevaluated,S13-L20,S13,0.0,6.0,3.0,,soft19,15.71,soft19,16.71,soft19,17.83,soft19,18.05,soft19,18.04,
ANSUR2-M-16234,M,1.263940520446096,train,198.0,157.0,583.0,130.0,119.0,geometric_feasible,unevaluated,S13-L20,S13,-3.0,6.0,2.0,,soft19,17.35,soft12.7+soft12.7,21.23,soft19,17.28,soft12.7+firm10,19.8,soft12.7+firm10,19.82,
ANSUR2-M-16263,M,1.263940520446096,train,183.0,147.0,547.0,127.0,115.0,geometric_feasible,unevaluated,S13-L20,S13,0.0,12.0,0.0,,soft19,15.66,soft19,16.23,soft19,17.91,soft19,17.69,soft19,17.63,
ANSUR2-M-16266,M,1.263940520446096,train,197.0,149.0,582.0,124.0,130.0,geometric_feasible,unevaluated,G226-L20,G226,6.0,9.0,0.0,,soft12.7+soft12.7,22.91,soft12.7+soft12.7,20.94,soft19+firm10,26.96,soft12.7+soft12.7,22.7,soft12.7+soft12.7,22.65,
ANSUR2-M-16294,M,1.263940520446096,train,200.0,151.0,566.0,117.0,120.0,excluded,fail,S13-L20,S13,,,,pad_between_steps,,,,,,,,,,,True
ANSUR2-M-16297,M,1.263940520446096,train,200.0,151.0,574.0,121.0,120.0,geometric_feasible,unevaluated,S13-L20,S13,0.0,6.0,1.0,,soft12.7+soft12.7,22.59,soft19+firm10,25.16,soft12.7+firm5,15.07,soft12.7+soft12.7,23.43,soft12.7+soft12.7,23.45,
ANSUR2-M-16303,M,1.263940520446096,train,211.0,154.0,595.0,130.0,121.0,geometric_feasible,unevaluated,G226-L01,G226,3.0,-3.0,0.0,,soft19+firm10,26.26,soft12.7+soft12.7,22.0,soft12.7+soft12.7,22.48,soft19+firm10,25.47,soft19+firm10,25.47,
ANSUR2-M-16310,M,1.263940520446096,train,212.0,156.0,603.0,136.0,123.0,geometric_feasible,unevaluated,G226-L11,G226,0.0,3.0,1.0,,soft12.7+soft12.7,22.02,soft19+firm5,20.35,soft19,17.8,soft19+firm10,26.6,soft19+firm10,26.56,
ANSUR2-M-16313,M,1.263940520446096,train,197.0,154.0,565.0,130.0,128.0,geometric_feasible,unevaluated,S13-L20,S13,0.0,9.0,2.0,,soft19,15.75,soft12.7+soft12.7,20.97,soft19,15.41,soft19+firm5,20.02,soft19+firm5,20.02,
ANSUR2-M-16335,M,1.263940520446096,train,200.0,150.0,562.0,124.0,128.0,geometric_feasible,unevaluated,S13-L20,S13,0.0,6.0,1.0,,soft19+firm5,20.27,soft12.7+soft12.7,20.73,soft19,16.83,soft12.7+soft12.7,22.35,soft12.7+soft12.7,22.35,
ANSUR2-M-16336,M,1.263940520446096,train,204.0,158.0,593.0,137.0,127.0,geometric_feasible,unevaluated,G226-L11,G226,0.0,0.0,1.0,,soft12.7+soft12.7,24.02,soft19+firm10,25.36,soft12.7+soft12.7,21.95,soft19+firm10,26.95,soft19+firm10,26.95,
ANSUR2-M-16340,M,1.263940520446096,train,200.0,158.0,584.0,120.0,122.0,geometric_feasible,unevaluated,S13-L20,S13,-3.0,9.0,0.0,,soft12.7+soft12.7,21.22,soft12.7+soft12.7,23.86,soft19,17.37,soft12.7+soft12.7,20.67,soft12.7+soft12.7,20.67,
ANSUR2-M-16372,M,1.263940520446096,train,205.0,158.0,592.0,126.0,130.0,geometric_feasible,unevaluated,S13-L20,S13,-6.0,6.0,1.0,,soft12.7+soft12.7,21.11,soft12.7+soft12.7,22.95,soft19,16.68,soft12.7+soft12.7,21.56,soft12.7+soft12.7,21.56,
ANSUR2-M-16387,M,1.263940520446096,train,205.0,156.0,593.0,135.0,131.0,geometric_feasible,unevaluated,G226-L01,G226,-3.0,-3.0,0.0,,soft12.7+firm15,24.64,soft19+firm10,26.01,soft19,15.41,soft19+firm10,25.44,soft19+firm10,25.44,
ANSUR2-M-16397,M,1.263940520446096,validation,201.0,158.0,578.0,120.0,128.0,geometric_feasible,unevaluated,S13-L20,S13,-6.0,9.0,0.0,,soft19+firm10,25.58,soft12.7+soft12.7,21.49,soft12.7+soft12.7,22.43,soft12.7+soft12.7,22.2,soft12.7+soft12.7,22.2,
ANSUR2-M-16403,M,1.263940520446096,train,202.0,156.0,578.0,135.0,128.0,geometric_feasible,unevaluated,G226-L01,G226,0.0,3.0,1.0,,soft12.7+soft12.7,23.02,soft19+firm10,25.56,soft19+firm10,25.09,soft19+firm10,25.67,soft19+firm10,25.67,
ANSUR2-M-16405,M,1.263940520446096,train,193.0,153.0,568.0,139.0,129.0,geometric_feasible,unevaluated,G226-L01,G226,0.0,-3.0,2.0,,soft19+firm10,24.99,soft19+firm10,26.77,soft12.7+soft12.7,21.48,soft19+firm10,27.33,soft19+firm10,27.32,
ANSUR2-M-16406,M,1.263940520446096,train,211.0,153.0,598.0,137.0,136.0,geometric_feasible,unevaluated,G226-L01,G226,0.0,6.0,2.0,,soft19,17.9,soft19,18.02,soft19+firm5,20.18,soft12.7+soft12.7,21.86,soft12.7+soft12.7,21.68,
ANSUR2-M-16416,M,1.263940520446096,validation,210.0,159.0,597.0,144.0,126.0,excluded,fail,G226-L01,G226,,,,pad_too_tight,,,,,,,,,,,True
ANSUR2-M-16427,M,1.263940520446096,validation,216.0,154.0,597.0,146.0,127.0,geometric_feasible,unevaluated,G226-L11,G226,-6.0,-3.0,0.0,,soft19,15.98,soft12.7+soft12.7,21.04,soft19,15.94,soft12.7+soft12.7,21.52,soft12.7+soft12.7,21.75,
ANSUR2-M-16434,M,1.263940520446096,validation,194.0,155.0,565.0,120.0,123.0,geometric_feasible,unevaluated,S13-L20,S13,0.0,6.0,0.0,,soft19+firm10,26.39,soft19+firm10,27.3,soft12.7+soft12.7,20.99,soft12.7+soft12.7,22.63,soft12.7+soft12.7,22.62,
ANSUR2-M-16439,M,1.263940520446096,train,204.0,153.0,573.0,133.0,138.0,geometric_feasible,unevaluated,S13-L20,S13,-6.0,3.0,2.0,,soft19,16.7,soft12.7+soft12.7,21.72,soft19,15.69,soft12.7+soft12.7,21.6,soft12.7+soft12.7,21.7,
ANSUR2-M-16449,M,1.263940520446096,train,198.0,154.0,573.0,129.0,134.0,geometric_feasible,unevaluated,S13-L20,S13,-6.0,3.0,1.0,,soft12.7+soft12.7,22.41,soft12.7+firm15,24.73,soft12.7+soft12.7,22.13,soft12.7+soft12.7,23.87,soft12.7+soft12.7,23.87,
ANSUR2-M-16451,M,1.263940520446096,train,203.0,152.0,579.0,137.0,120.0,geometric_feasible,unevaluated,G226-L11,G226,0.0,3.0,1.0,,soft12.7+soft12.7,21.02,soft19+firm10,25.57,soft19+firm10,26.85,soft19+firm10,27.48,soft19+firm10,27.48,
ANSUR2-M-16455,M,1.263940520446096,train,199.0,160.0,586.0,126.0,131.0,geometric_feasible,unevaluated,S13-L20,S13,-3.0,12.0,3.0,,soft12.7+firm5,15.0,soft19,15.85,soft12.7+firm5,15.05,soft19,16.01,soft19,16.01,
ANSUR2-M-16489,M,1.263940520446096,train,202.0,158.0,586.0,127.0,126.0,geometric_feasible,unevaluated,G226-L01,G226,0.0,6.0,2.0,,soft19+firm10,27.23,soft19+firm10,26.75,soft19+firm10,27.09,soft19+firm10,24.99,soft19+firm10,24.99,
ANSUR2-M-16490,M,1.263940520446096,train,206.0,160.0,590.0,131.0,120.0,geometric_feasible,unevaluated,G226-L01,G226,6.0,0.0,2.0,,soft19+firm10,25.47,soft12.7+soft12.7,23.3,soft19+firm10,24.9,soft12.7+soft12.7,23.74,soft12.7+soft12.7,23.74,
ANSUR2-M-16492,M,1.263940520446096,train,202.0,154.0,592.0,125.0,125.0,geometric_feasible,unevaluated,S13-L20,S13,-3.0,3.0,2.0,,soft12.7+soft12.7,22.55,soft19+firm5,20.14,soft19+firm5,20.36,soft12.7+soft12.7,21.74,soft12.7+soft12.7,21.75,
ANSUR2-M-16493,M,1.263940520446096,train,202.0,153.0,582.0,131.0,128.0,geometric_feasible,unevaluated,S13-L20,S13,-3.0,6.0,2.0,,soft19,17.6,soft12.7+soft12.7,20.97,soft19,17.86,soft12.7+soft12.7,21.86,soft12.7+soft12.7,22.01,
ANSUR2-M-16605,M,1.263940520446096,validation,193.0,147.0,550.0,128.0,115.0,excluded,fail,S13-L20,S13,,,,field_of_view,,,,,,,,,,,True
ANSUR2-M-16606,M,1.263940520446096,train,205.0,152.0,582.0,140.0,123.0,geometric_feasible,unevaluated,G226-L11,G226,0.0,3.0,1.0,,soft19,15.74,soft19,15.73,soft19,15.54,soft12.7+firm10,19.89,soft12.7+firm10,19.8,
ANSUR2-M-16613,M,1.263940520446096,train,206.0,157.0,588.0,126.0,130.0,geometric_feasible,unevaluated,S13-L20,S13,0.0,6.0,2.0,,soft12.7+soft12.7,21.42,soft12.7+soft12.7,22.07,soft19,15.93,soft12.7+soft12.7,22.03,soft12.7+soft12.7,22.02,
ANSUR2-M-16614,M,1.263940520446096,train,211.0,147.0,596.0,135.0,120.0,geometric_feasible,unevaluated,G226-L01,G226,-3.0,0.0,2.0,,soft12.7+soft12.7,23.78,soft19+firm10,26.6,soft12.7+soft12.7,21.14,soft19+firm10,27.39,soft19+firm10,27.43,
ANSUR2-M-16620,M,1.263940520446096,train,198.0,150.0,587.0,140.0,130.0,geometric_feasible,unevaluated,G226-L20,G226,0.0,6.0,0.0,,soft12.7+firm5,15.02,soft19+firm5,20.13,soft19,15.93,soft12.7+firm10,19.9,soft19+firm5,20.17,
ANSUR2-M-16663,M,1.263940520446096,train,189.0,161.0,573.0,131.0,117.0,geometric_feasible,unevaluated,S13-L20,S13,0.0,0.0,0.0,,soft12.7+soft12.7,23.45,soft19+firm10,25.12,soft12.7+soft12.7,21.78,soft12.7+soft12.7,20.53,soft12.7+soft12.7,20.53,
ANSUR2-M-16674,M,1.263940520446096,train,202.0,148.0,571.0,130.0,126.0,geometric_feasible,unevaluated,S13-L20,S13,-3.0,6.0,1.0,,soft19,17.19,soft12.7+soft12.7,21.52,soft19,16.53,soft12.7+soft12.7,21.97,soft12.7+soft12.7,22.14,
ANSUR2-M-16689,M,1.263940520446096,validation,197.0,151.0,568.0,124.0,115.0,geometric_feasible,unevaluated,S13-L20,S13,0.0,3.0,0.0,,soft19+firm10,25.03,soft19+firm10,26.64,soft19+firm5,20.31,soft19+firm10,25.12,soft19+firm10,25.12,
ANSUR2-M-16723,M,1.263940520446096,train,193.0,157.0,574.0,145.0,118.0,geometric_feasible,unevaluated,G226-L11,G226,3.0,0.0,1.0,,soft19,16.02,soft12.7+soft12.7,21.48,soft19,15.93,soft12.7+soft12.7,22.99,soft12.7+soft12.7,22.79,
ANSUR2-M-16733,M,1.263940520446096,train,202.0,145.0,568.0,139.0,120.0,geometric_feasible,unevaluated,G226-L01,G226,0.0,6.0,2.0,,soft19,16.02,soft12.7+soft12.7,23.17,soft12.7+soft12.7,24.01,soft19+firm10,26.1,soft19+firm10,25.93,
ANSUR2-M-16734,M,1.263940520446096,validation,206.0,154.0,588.0,132.0,124.0,geometric_feasible,unevaluated,G226-L01,G226,0.0,3.0,2.0,,soft19+firm10,25.05,soft19+firm10,25.58,soft12.7+firm15,24.75,soft19+firm10,26.49,soft19+firm10,26.49,
ANSUR2-M-16735,M,1.263940520446096,validation,194.0,155.0,567.0,128.0,127.0,geometric_feasible,unevaluated,S13-L20,S13,-6.0,3.0,0.0,,soft12.7+soft12.7,21.97,soft19+firm10,26.37,soft12.7+soft12.7,21.41,soft12.7+soft12.7,23.19,soft12.7+soft12.7,23.19,
ANSUR2-M-16745,M,1.263940520446096,validation,200.0,153.0,580.0,134.0,128.0,geometric_feasible,unevaluated,S13-L20,S13,0.0,0.0,2.0,,soft19,17.8,soft19,17.56,soft19,17.31,soft12.7+firm10,19.77,soft12.7+firm10,19.77,
ANSUR2-M-16746,M,1.263940520446096,train,202.0,162.0,587.0,140.0,116.0,geometric_feasible,unevaluated,G226-L01,G226,3.0,0.0,1.0,,soft19+firm5,20.29,soft12.7+soft12.7,21.5,soft19+firm5,20.16,soft12.7+soft12.7,21.38,soft12.7+soft12.7,21.39,
ANSUR2-M-16784,M,1.263940520446096,validation,196.0,147.0,550.0,131.0,119.0,geometric_feasible,unevaluated,S13-L20,S13,3.0,0.0,0.0,,soft12.7+soft12.7,23.55,soft12.7+firm15,24.79,soft12.7+soft12.7,21.53,soft19+firm10,26.53,soft19+firm10,26.53,
ANSUR2-M-16793,M,1.263940520446096,train,211.0,154.0,600.0,135.0,127.0,geometric_feasible,unevaluated,G226-L01,G226,0.0,0.0,0.0,,soft12.7+soft12.7,22.28,soft12.7+soft12.7,22.91,soft19+firm5,20.24,soft12.7+firm15,24.71,soft12.7+firm15,24.71,
ANSUR2-M-16796,M,1.263940520446096,train,193.0,165.0,573.0,133.0,120.0,geometric_feasible,unevaluated,G226-L11,G226,6.0,3.0,1.0,,soft12.7+firm15,24.76,soft19+firm10,26.85,soft12.7+soft12.7,22.59,soft12.7+soft12.7,23.09,soft12.7+soft12.7,23.1,
ANSUR2-M-16799,M,1.263940520446096,train,208.0,154.0,595.0,137.0,128.0,geometric_feasible,unevaluated,G226-L11,G226,6.0,0.0,1.0,,soft12.7+soft12.7,23.48,soft19+firm10,24.81,soft19+firm10,25.87,soft19+firm10,26.99,soft19+firm10,26.88,
ANSUR2-M-16802,M,1.263940520446096,train,199.0,151.0,568.0,125.0,123.0,geometric_feasible,unevaluated,S13-L20,S13,0.0,6.0,0.0,,soft12.7+soft12.7,21.07,soft19+firm10,25.69,soft19,15.3,soft12.7+firm15,24.7,soft12.7+firm15,24.7,
ANSUR2-M-16810,M,1.263940520446096,train,198.0,158.0,577.0,142.0,121.0,geometric_feasible,unevaluated,G226-L01,G226,-6.0,0.0,1.0,,soft19,17.95,soft19+firm10,25.35,soft12.7+firm5,15.11,soft12.7+soft12.7,21.82,soft12.7+soft12.7,21.83,
ANSUR2-M-16814,M,1.263940520446096,validation,196.0,143.0,548.0,126.0,122.0,geometric_feasible,unevaluated,S13-L20,S13,0.0,6.0,1.0,,soft12.7+soft12.7,21.52,soft12.7+soft12.7,22.45,soft12.7+soft12.7,21.27,soft19+firm10,25.18,soft19+firm10,25.18,
ANSUR2-M-16821,M,1.263940520446096,train,197.0,151.0,563.0,135.0,119.0,geometric_feasible,unevaluated,S13-L20,S13,0.0,3.0,2.0,,soft19,16.75,soft19+firm5,20.2,soft19,15.81,soft12.7+soft12.7,21.13,soft12.7+soft12.7,21.13,
ANSUR2-M-16822,M,1.263940520446096,train,194.0,159.0,571.0,130.0,131.0,geometric_feasible,unevaluated,S13-L20,S13,0.0,3.0,1.0,,soft12.7+soft12.7,21.74,soft12.7+soft12.7,23.93,soft12.7+soft12.7,22.58,soft12.7+soft12.7,21.26,soft12.7+soft12.7,21.26,
ANSUR2-M-16828,M,1.263940520446096,train,194.0,157.0,572.0,127.0,117.0,geometric_feasible,unevaluated,S13-L20,S13,0.0,6.0,0.0,,soft12.7+soft12.7,20.68,soft12.7+soft12.7,23.03,soft12.7+firm10,19.78,soft12.7+soft12.7,20.86,soft12.7+soft12.7,20.85,
ANSUR2-M-16844,M,1.263940520446096,train,198.0,151.0,576.0,139.0,119.0,geometric_feasible,unevaluated,G226-L01,G226,-3.0,0.0,2.0,,soft12.7+soft12.7,21.82,soft12.7+soft12.7,22.41,soft19,15.99,soft19+firm10,24.89,soft19+firm10,24.89,
ANSUR2-M-16862,M,1.263940520446096,train,202.0,152.0,582.0,135.0,135.0,geometric_feasible,unevaluated,G226-L01,G226,3.0,-3.0,1.0,,soft19+firm10,25.51,soft12.7+firm15,24.7,soft19+firm5,20.33,soft19+firm10,27.11,soft19+firm10,27.11,
ANSUR2-M-16870,M,1.263940520446096,validation,213.0,158.0,615.0,130.0,133.0,geometric_feasible,unevaluated,G226-L20,G226,-6.0,6.0,0.0,,soft12.7+soft12.7,24.08,soft19+firm10,27.5,soft12.7+soft12.7,20.98,soft12.7+firm15,24.66,soft12.7+firm15,24.7,
ANSUR2-M-16877,M,1.263940520446096,train,200.0,144.0,564.0,133.0,123.0,geometric_feasible,unevaluated,S13-L20,S13,0.0,6.0,0.0,,soft19,15.75,soft12.7+soft12.7,21.58,soft19,15.98,soft12.7+soft12.7,22.69,soft12.7+soft12.7,22.98,
ANSUR2-M-16884,M,1.263940520446096,train,196.0,153.0,571.0,126.0,117.0,geometric_feasible,unevaluated,S13-L20,S13,-3.0,6.0,2.0,,soft12.7+soft12.7,20.82,soft19+firm10,26.34,soft19,17.36,soft12.7+soft12.7,24.06,soft12.7+soft12.7,24.07,
ANSUR2-M-16885,M,1.263940520446096,train,187.0,152.0,558.0,127.0,123.0,geometric_feasible,unevaluated,S13-L20,S13,3.0,9.0,0.0,,soft19,17.53,soft19,16.05,soft19+firm10,26.06,soft12.7+soft12.7,21.01,soft12.7+soft12.7,20.95,
ANSUR2-M-16887,M,1.263940520446096,validation,197.0,149.0,566.0,130.0,128.0,geometric_feasible,unevaluated,S13-L20,S13,0.0,3.0,1.0,,soft12.7+soft12.7,21.06,soft19+firm10,25.62,soft19,16.82,soft19+firm10,25.05,soft19+firm10,25.12,
ANSUR2-M-16899,M,1.263940520446096,train,198.0,163.0,582.0,134.0,126.0,geometric_feasible,unevaluated,G226-L11,G226,0.0,6.0,1.0,,soft12.7+soft12.7,21.02,soft12.7+soft12.7,23.48,soft19+firm10,26.79,soft12.7+soft12.7,22.38,soft12.7+soft12.7,22.38,
ANSUR2-M-16913,M,1.263940520446096,train,202.0,154.0,580.0,136.0,126.0,geometric_feasible,unevaluated,S13-L20,S13,-3.0,-3.0,2.0,,soft12.7+soft12.7,20.72,soft12.7+firm15,24.65,soft19,15.49,soft12.7+soft12.7,24.1,soft12.7+soft12.7,24.1,
ANSUR2-M-16916,M,1.263940520446096,validation,207.0,155.0,597.0,128.0,122.0,geometric_feasible,unevaluated,G226-L01,G226,3.0,3.0,2.0,,soft19+firm10,26.97,soft19+firm10,26.72,soft12.7+soft12.7,22.94,soft19+firm10,26.07,soft19+firm10,26.07,
ANSUR2-M-16918,M,1.263940520446096,train,206.0,153.0,583.0,127.0,121.0,geometric_feasible,unevaluated,G226-L20,G226,-3.0,6.0,0.0,,soft19+firm10,26.18,soft19+firm10,26.07,soft19+firm10,25.92,soft19+firm10,27.44,soft19+firm10,27.45,
ANSUR2-M-16931,M,1.263940520446096,train,206.0,159.0,584.0,131.0,123.0,geometric_feasible,unevaluated,S13-L20,S13,-6.0,3.0,3.0,,soft19,17.88,soft19+firm5,20.26,soft19,17.03,soft12.7+soft12.7,20.58,soft12.7+soft12.7,20.59,
ANSUR2-M-16947,M,1.263940520446096,train,189.0,155.0,556.0,135.0,121.0,excluded,fail,S13-L20,S13,,,,field_of_view,,,,,,,,,,,True
ANSUR2-M-16948,M,1.263940520446096,train,202.0,155.0,576.0,135.0,126.0,geometric_feasible,unevaluated,G226-L01,G226,3.0,0.0,1.0,,soft19+firm10,25.73,soft19+firm10,27.31,soft12.7+soft12.7,22.48,soft19+firm10,27.23,soft19+firm10,27.22,
ANSUR2-M-16949,M,1.263940520446096,train,206.0,157.0,584.0,134.0,121.0,geometric_feasible,unevaluated,G226-L01,G226,0.0,0.0,1.0,,soft19+firm10,26.98,soft19+firm10,25.19,soft19+firm10,25.15,soft19+firm10,25.86,soft19+firm10,25.86,
ANSUR2-M-16953,M,1.263940520446096,train,194.0,159.0,577.0,134.0,120.0,geometric_feasible,unevaluated,S13-L20,S13,0.0,3.0,2.0,,soft19,15.38,soft19,17.5,soft19,15.27,soft19,16.32,soft19,16.32,
ANSUR2-M-16955,M,1.263940520446096,validation,218.0,152.0,600.0,140.0,123.0,excluded,fail,G226-L01,G226,,,,nose,,,,,,,,,,,True
ANSUR2-M-16957,M,1.263940520446096,train,205.0,152.0,570.0,126.0,128.0,geometric_feasible,unevaluated,S13-L20,S13,-3.0,6.0,2.0,,soft12.7+soft12.7,21.62,soft12.7+soft12.7,22.23,soft19,17.69,soft19+firm10,24.98,soft19+firm10,24.98,
ANSUR2-M-16961,M,1.263940520446096,train,190.0,153.0,554.0,126.0,114.0,geometric_feasible,unevaluated,S13-L20,S13,3.0,6.0,0.0,,soft12.7+soft12.7,22.3,soft12.7+soft12.7,22.99,soft12.7+soft12.7,22.81,soft12.7+soft12.7,22.51,soft12.7+soft12.7,22.51,
ANSUR2-M-16965,M,1.263940520446096,train,197.0,154.0,565.0,124.0,117.0,geometric_feasible,unevaluated,S13-L20,S13,3.0,3.0,0.0,,soft12.7+soft12.7,23.52,soft12.7+firm10,19.94,soft12.7+soft12.7,22.42,soft12.7+soft12.7,21.81,soft12.7+soft12.7,21.82,
ANSUR2-M-16967,M,1.263940520446096,train,200.0,162.0,588.0,135.0,134.0,excluded,fail,S13-L20,S13,,,,pad_between_steps,,,,,,,,,,,True
ANSUR2-M-16969,M,1.263940520446096,validation,213.0,161.0,608.0,141.0,129.0,excluded,fail,G226-L01,G226,,,,pad_too_tight,,,,,,,,,,,True
ANSUR2-M-16981,M,1.263940520446096,validation,215.0,146.0,593.0,128.0,123.0,geometric_feasible,unevaluated,G226-L20,G226,-3.0,9.0,0.0,,soft12.7+soft12.7,22.4,soft12.7+soft12.7,21.5,soft12.7+soft12.7,22.18,soft19+firm10,26.67,soft19+firm10,26.82,
ANSUR2-M-16987,M,1.263940520446096,validation,194.0,144.0,549.0,129.0,115.0,geometric_feasible,unevaluated,S13-L20,S13,-3.0,9.0,2.0,,soft19,16.03,soft19,17.8,soft19,16.62,soft19+firm5,20.04,soft19+firm5,20.22,
ANSUR2-M-16996,M,1.263940520446096,validation,198.0,156.0,581.0,133.0,121.0,geometric_feasible,unevaluated,G226-L20,G226,3.0,6.0,0.0,,soft12.7+soft12.7,22.02,soft12.7+soft12.7,22.97,soft19+firm10,27.5,soft19+firm10,25.06,soft19+firm10,25.06,
ANSUR2-M-17002,M,1.263940520446096,validation,201.0,157.0,570.0,123.0,130.0,geometric_feasible,unevaluated,S13-L20,S13,0.0,3.0,0.0,,soft19+firm10,26.7,soft19+firm5,20.26,soft12.7+soft12.7,21.95,soft12.7+soft12.7,21.76,soft12.7+soft12.7,21.76,
ANSUR2-M-17009,M,1.263940520446096,validation,205.0,154.0,575.0,142.0,127.0,geometric_feasible,unevaluated,G226-L11,G226,0.0,3.0,0.0,,soft19,16.02,soft12.7+soft12.7,21.03,soft19,16.44,soft12.7+soft12.7,21.57,soft12.7+soft12.7,21.56,
ANSUR2-M-17010,M,1.263940520446096,train,191.0,150.0,547.0,126.0,119.0,geometric_feasible,unevaluated,S13-L20,S13,3.0,6.0,0.0,,soft12.7+soft12.7,22.72,soft19+firm10,25.93,soft12.7+soft12.7,22.77,soft19+firm10,26.2,soft19+firm10,26.19,
ANSUR2-M-17015,M,1.263940520446096,train,196.0,153.0,563.0,128.0,123.0,geometric_feasible,unevaluated,S13-L20,S13,-6.0,0.0,2.0,,soft12.7+soft12.7,21.13,soft12.7+soft12.7,23.96,soft12.7+firm10,19.86,soft12.7+soft12.7,22.57,soft12.7+soft12.7,22.56,
ANSUR2-M-17020,M,1.263940520446096,train,200.0,168.0,604.0,140.0,131.0,geometric_feasible,unevaluated,G226-L11,G226,3.0,0.0,1.0,,soft12.7+soft12.7,20.89,soft12.7+soft12.7,23.47,soft19,15.41,soft12.7+soft12.7,21.66,soft12.7+soft12.7,21.66,
ANSUR2-M-17023,M,1.263940520446096,train,201.0,161.0,571.0,136.0,115.0,geometric_feasible,unevaluated,G226-L01,G226,6.0,-3.0,2.0,,soft19+firm10,26.22,soft19+firm10,26.35,soft19,16.73,soft19+firm10,25.13,soft19+firm10,25.12,
ANSUR2-M-17024,M,1.263940520446096,train,201.0,157.0,600.0,134.0,121.0,geometric_feasible,unevaluated,G226-L01,G226,0.0,0.0,2.0,,soft19+firm10,25.64,soft19+firm10,25.77,soft12.7,11.86,soft19+firm10,25.44,soft19+firm10,25.44,
ANSUR2-M-17046,M,1.263940520446096,validation,208.0,147.0,579.0,122.0,130.0,geometric_feasible,unevaluated,G226-L20,G226,-6.0,12.0,0.0,,soft12.7+soft12.7,22.79,soft19+firm10,27.2,soft19+firm5,20.28,soft19+firm10,27.26,soft19+firm10,27.28,
ANSUR2-M-17062,M,1.263940520446096,validation,195.0,153.0,556.0,127.0,130.0,geometric_feasible,unevaluated,S13-L20,S13,0.0,12.0,0.0,,soft19,15.78,soft12.7+firm10,19.89,soft19+firm5,20.32,soft12.7+soft12.7,21.3,soft12.7+soft12.7,21.29,
ANSUR2-M-17071,M,1.263940520446096,validation,195.0,149.0,562.0,120.0,125.0,geometric_feasible,unevaluated,S13-L20,S13,-6.0,6.0,0.0,,soft19+firm10,27.29,soft19+firm10,25.54,soft12.7+soft12.7,23.73,soft19+firm10,25.99,soft19+firm10,25.99,
ANSUR2-M-17072,M,1.263940520446096,validation,196.0,149.0,557.0,121.0,117.0,geometric_feasible,unevaluated,S13-L20,S13,-3.0,9.0,0.0,,soft12.7+soft12.7,22.44,soft19+firm10,26.25,soft19+firm5,20.14,soft19+firm10,25.75,soft19+firm10,25.75,
ANSUR2-M-17082,M,1.263940520446096,validation,194.0,162.0,583.0,127.0,124.0,excluded,fail,S13-L20,S13,,,,pad_too_loose,,,,,,,,,,,True
ANSUR2-M-17089,M,1.263940520446096,validation,187.0,155.0,555.0,129.0,119.0,geometric_feasible,unevaluated,S13-L20,S13,3.0,3.0,0.0,,soft12.7+soft12.7,22.43,soft12.7+soft12.7,23.94,soft19+firm10,25.19,soft12.7+soft12.7,23.17,soft12.7+soft12.7,23.18,
ANSUR2-M-17099,M,1.263940520446096,train,190.0,153.0,547.0,137.0,111.0,geometric_feasible,unevaluated,G226-L11,G226,3.0,3.0,1.0,,soft12.7+soft12.7,21.02,soft19+firm10,25.81,soft19+firm10,27.37,soft19+firm10,25.79,soft19+firm10,25.78,
ANSUR2-M-17100,M,1.263940520446096,train,198.0,156.0,569.0,127.0,122.0,geometric_feasible,unevaluated,S13-L20,S13,0.0,12.0,0.0,,soft19,15.75,soft12.7+soft12.7,21.38,soft12.7+soft12.7,21.03,soft12.7+soft12.7,22.15,soft12.7+soft12.7,22.15,
ANSUR2-M-17101,M,1.263940520446096,train,204.0,153.0,585.0,135.0,125.0,geometric_feasible,unevaluated,G226-L01,G226,0.0,0.0,2.0,,soft19+firm10,24.95,soft19+firm10,26.61,soft12.7+soft12.7,23.57,soft19+firm10,26.97,soft19+firm10,26.97,
ANSUR2-M-17102,M,1.263940520446096,train,202.0,157.0,588.0,142.0,126.0,geometric_feasible,unevaluated,G226-L01,G226,0.0,-3.0,2.0,,soft12.7+soft12.7,21.73,soft12.7+soft12.7,23.28,soft19,15.33,soft12.7+soft12.7,23.55,soft12.7+soft12.7,23.55,
ANSUR2-M-17106,M,1.263940520446096,validation,201.0,158.0,577.0,138.0,127.0,geometric_feasible,unevaluated,G226-L01,G226,0.0,-3.0,2.0,,soft19+firm10,26.02,soft12.7+firm15,24.58,soft19+firm10,26.15,soft19+firm10,26.87,soft19+firm10,26.87,
ANSUR2-M-17110,M,1.263940520446096,train,201.0,158.0,580.0,137.0,122.0,geometric_feasible,unevaluated,G226-L01,G226,3.0,-3.0,2.0,,soft19+firm10,26.16,soft19+firm10,26.14,soft12.7+soft12.7,21.95,soft19+firm10,26.56,soft19+firm10,26.56,
ANSUR2-M-17117,M,1.263940520446096,train,206.0,152.0,577.0,121.0,122.0,excluded,fail,S13-L20,S13,,,,nose,,,,,,,,,,,True
ANSUR2-M-17125,M,1.263940520446096,train,193.0,150.0,566.0,123.0,130.0,geometric_feasible,unevaluated,S13-L20,S13,3.0,6.0,0.0,,soft19+firm10,25.68,soft19+firm10,25.25,soft12.7+soft12.7,22.29,soft19+firm10,25.56,soft19+firm10,25.56,
ANSUR2-M-17126,M,1.263940520446096,validation,198.0,146.0,549.0,120.0,123.0,geometric_feasible,unevaluated,S13-L20,S13,-3.0,9.0,0.0,,soft19+firm10,24.94,soft12.7+soft12.7,21.49,soft12.7+soft12.7,22.86,soft19+firm10,26.63,soft19+firm10,26.63,
ANSUR2-M-17130,M,1.263940520446096,train,197.0,157.0,566.0,137.0,122.0,geometric_feasible,unevaluated,G226-L11,G226,6.0,3.0,1.0,,soft19+firm5,20.0,soft12.7+soft12.7,21.31,soft19,15.53,soft12.7+soft12.7,23.69,soft12.7+soft12.7,23.69,
ANSUR2-M-17132,M,1.263940520446096,validation,204.0,153.0,584.0,136.0,122.0,geometric_feasible,unevaluated,G226-L01,G226,0.0,-3.0,2.0,,soft19+firm10,26.39,soft19+firm10,26.24,soft19+firm10,26.0,soft19+firm10,27.01,soft19+firm10,27.01,
ANSUR2-M-17150,M,1.263940520446096,validation,190.0,158.0,555.0,137.0,119.0,geometric_feasible,unevaluated,S13-L20,S13,0.0,0.0,1.0,,soft19,17.74,soft12.7+soft12.7,23.74,soft12.7+soft12.7,21.99,soft12.7+soft12.7,21.95,soft12.7+soft12.7,21.94,
ANSUR2-M-17152,M,1.263940520446096,validation,207.0,144.0,565.0,120.0,126.0,geometric_feasible,unevaluated,S13-L20,S13,3.0,9.0,0.0,,soft12.7+soft12.7,22.6,soft19+firm5,20.11,soft19,15.58,soft19+firm10,26.65,soft19+firm10,26.66,
ANSUR2-M-17156,M,1.263940520446096,validation,208.0,159.0,590.0,141.0,123.0,geometric_feasible,unevaluated,G226-L01,G226,0.0,0.0,2.0,,soft19+firm5,20.02,soft12.7+soft12.7,23.44,soft19,15.28,soft19+firm10,26.58,soft19+firm10,26.58,
ANSUR2-M-17222,M,1.263940520446096,validation,205.0,152.0,577.0,127.0,130.0,geometric_feasible,unevaluated,S13-L20,S13,0.0,6.0,1.0,,soft12.7+soft12.7,21.78,soft12.7+soft12.7,23.21,soft19,16.08,soft12.7+firm15,24.65,soft12.7+firm15,24.64,
ANSUR2-M-17234,M,1.263940520446096,train,205.0,161.0,587.0,127.0,119.0,geometric_feasible,unevaluated,S13-L20,S13,0.0,6.0,1.0,,soft12.7+soft12.7,21.07,soft12.7+firm10,19.87,soft12.7+firm10,19.76,soft19+firm5,20.33,soft19+firm5,20.32,
ANSUR2-M-17239,M,1.263940520446096,train,194.0,171.0,586.0,128.0,111.0,geometric_feasible,unevaluated,S13-L20,S13,-3.0,6.0,0.0,,soft12.7+firm10,19.8,soft12.7+soft12.7,23.66,soft12.7+soft12.7,20.6,soft19,15.46,soft19,15.46,
ANSUR2-M-17241,M,1.263940520446096,train,205.0,152.0,577.0,133.0,122.0,geometric_feasible,unevaluated,G226-L11,G226,0.0,3.0,1.0,,soft12.7+soft12.7,23.38,soft12.7+soft12.7,21.94,soft19+firm10,26.6,soft19+firm10,26.44,soft19+firm10,26.45,
ANSUR2-M-17251,M,1.263940520446096,train,214.0,159.0,597.0,140.0,115.0,excluded,fail,S13-L20,S13,,,,pad_too_tight,,,,,,,,,,,True
ANSUR2-M-17273,M,1.263940520446096,train,194.0,149.0,566.0,123.0,127.0,geometric_feasible,unevaluated,S13-L20,S13,6.0,6.0,0.0,,soft19+firm10,25.23,soft19+firm10,26.24,soft12.7+soft12.7,22.56,soft19+firm10,26.1,soft19+firm10,26.1,
ANSUR2-M-17295,M,1.263940520446096,train,207.0,154.0,580.0,136.0,117.0,geometric_feasible,unevaluated,S13-L20,S13,-6.0,0.0,3.0,,soft19,16.59,soft12.7+soft12.7,20.44,soft19,15.48,soft12.7+soft12.7,21.37,soft12.7+soft12.7,21.41,
ANSUR2-M-17301,M,1.263940520446096,train,197.0,147.0,563.0,135.0,103.0,geometric_feasible,unevaluated,S13-L20,S13,0.0,0.0,1.0,,soft19,17.8,soft12.7+soft12.7,21.0,soft12.7,11.97,soft12.7+soft12.7,21.88,soft12.7+soft12.7,21.99,
ANSUR2-M-17314,M,1.263940520446096,train,187.0,156.0,563.0,128.0,123.0,geometric_feasible,unevaluated,S13-L20,S13,0.0,0.0,0.0,,soft19+firm10,24.84,soft12.7+soft12.7,24.06,soft19+firm10,26.72,soft12.7+soft12.7,22.22,soft12.7+soft12.7,22.22,
ANSUR2-M-17323,M,1.263940520446096,train,203.0,143.0,568.0,118.0,125.0,geometric_feasible,unevaluated,S13-L20,S13,3.0,12.0,0.0,,soft12.7+soft12.7,22.8,soft12.7+soft12.7,22.39,soft19,16.0,soft19+firm10,26.58,soft19+firm10,26.57,
ANSUR2-M-17326,M,1.263940520446096,validation,191.0,166.0,567.0,127.0,125.0,geometric_feasible,unevaluated,S13-L20,S13,-6.0,9.0,2.0,,soft19,16.38,soft12.7+firm10,19.81,soft19,16.73,soft19,15.31,soft19,15.31,
ANSUR2-M-17328,M,1.263940520446096,train,197.0,161.0,585.0,137.0,118.0,geometric_feasible,unevaluated,S13-L20,S13,-3.0,0.0,3.0,,soft19,17.71,soft12.7+soft12.7,21.5,soft19,15.54,soft12.7+soft12.7,20.69,soft12.7+soft12.7,20.69,
ANSUR2-M-17330,M,1.263940520446096,train,199.0,159.0,587.0,130.0,125.0,geometric_feasible,unevaluated,S13-L20,S13,6.0,6.0,2.0,,soft19,16.59,soft19,16.76,soft19,16.85,soft19,17.36,soft19,17.36,
ANSUR2-M-17337,M,1.263940520446096,train,207.0,156.0,575.0,130.0,126.0,geometric_feasible,unevaluated,G226-L01,G226,0.0,0.0,2.0,,soft19+firm10,27.51,soft12.7+soft12.7,23.71,soft19+firm10,26.71,soft19+firm10,25.88,soft19+firm10,25.88,
ANSUR2-M-17339,M,1.263940520446096,train,208.0,158.0,605.0,139.0,118.0,excluded,fail,G226-L01,G226,,,,nose,,,,,,,,,,,True
ANSUR2-M-17395,M,1.263940520446096,validation,210.0,151.0,577.0,140.0,119.0,geometric_feasible,unevaluated,G226-L01,G226,0.0,0.0,2.0,,soft12.7+soft12.7,21.02,soft12.7+soft12.7,23.67,soft19+firm10,24.87,soft19+firm10,26.98,soft19+firm10,26.98,
ANSUR2-M-17396,M,1.263940520446096,train,202.0,170.0,603.0,133.0,135.0,geometric_feasible,unevaluated,S13-L20,S13,-3.0,6.0,3.0,,soft19,15.57,soft19+firm5,20.29,soft19,16.54,soft19,15.91,soft19,15.9,
ANSUR2-M-17398,M,1.263940520446096,train,203.0,154.0,574.0,127.0,114.0,geometric_feasible,unevaluated,S13-L20,S13,3.0,3.0,2.0,,soft12.7+soft12.7,22.11,soft12.7+soft12.7,21.27,soft19,17.58,soft12.7+soft12.7,22.55,soft12.7+soft12.7,22.55,
ANSUR2-M-17404,M,1.263940520446096,train,196.0,157.0,568.0,133.0,134.0,geometric_feasible,unevaluated,G226-L11,G226,0.0,6.0,1.0,,soft12.7+soft12.7,22.02,soft19+firm10,25.92,soft19+firm10,25.95,soft19+firm10,25.17,soft19+firm10,25.17,
ANSUR2-M-17405,M,1.263940520446096,train,181.0,159.0,550.0,131.0,107.0,geometric_feasible,unevaluated,S13-L20,S13,-3.0,6.0,0.0,,soft19,16.8,soft19+firm5,20.01,soft19,17.66,soft19,16.4,soft19,16.4,
ANSUR2-M-17407,M,1.263940520446096,train,197.0,157.0,577.0,130.0,115.0,geometric_feasible,unevaluated,S13-L20,S13,0.0,3.0,1.0,,soft12.7+soft12.7,21.58,soft19,16.34,soft19+firm10,25.83,soft12.7+soft12.7,22.02,soft12.7+soft12.7,22.01,
ANSUR2-M-17414,M,1.263940520446096,train,192.0,147.0,550.0,133.0,129.0,geometric_feasible,unevaluated,G226-L01,G226,-3.0,3.0,2.0,,soft12.7+soft12.7,22.4,soft12.7+soft12.7,21.34,soft19+firm10,26.7,soft19+firm10,25.0,soft19+firm10,25.0,
ANSUR2-M-17442,M,1.263940520446096,validation,195.0,159.0,574.0,125.0,120.0,geometric_feasible,unevaluated,S13-L20,S13,0.0,6.0,1.0,,soft12.7+soft12.7,23.74,soft19+firm10,26.57,soft12.7+soft12.7,20.57,soft12.7+soft12.7,21.29,soft12.7+soft12.7,21.29,
ANSUR2-M-17512,M,1.263940520446096,train,212.0,157.0,600.0,124.0,123.0,geometric_feasible,unevaluated,G226-L01,G226,-6.0,6.0,2.0,,soft19+firm10,26.25,soft19+firm10,25.53,soft12.7+soft12.7,21.63,soft19+firm10,25.66,soft19+firm10,25.67,
ANSUR2-M-17530,M,1.263940520446096,train,195.0,150.0,564.0,118.0,126.0,geometric_feasible,unevaluated,S13-L20,S13,-6.0,6.0,0.0,,soft19+firm10,26.83,soft12.7+soft12.7,23.87,soft12.7+firm15,24.7,soft19+firm10,25.29,soft19+firm10,25.29,
ANSUR2-M-17531,M,1.263940520446096,train,210.0,160.0,598.0,135.0,136.0,geometric_feasible,unevaluated,G226-L01,G226,0.0,0.0,2.0,,soft19+firm10,25.82,soft12.7+soft12.7,22.8,soft12.7+firm15,24.61,soft19+firm10,25.55,soft19+firm10,25.55,
ANSUR2-M-17533,M,1.263940520446096,train,207.0,160.0,597.0,134.0,133.0,geometric_feasible,unevaluated,G226-L01,G226,-6.0,3.0,2.0,,soft12.7+soft12.7,23.77,soft19+firm10,27.52,soft19+firm10,25.33,soft19+firm10,25.19,soft19+firm10,25.19,
ANSUR2-M-17570,M,1.263940520446096,validation,202.0,161.0,577.0,131.0,122.0,geometric_feasible,unevaluated,S13-L20,S13,-3.0,6.0,3.0,,soft19,16.84,soft19,17.75,soft19,16.91,soft19,17.95,soft19,17.95,
ANSUR2-M-17624,M,1.263940520446096,train,207.0,155.0,586.0,130.0,119.0,geometric_feasible,unevaluated,G226-L11,G226,-3.0,6.0,1.0,,soft12.7+soft12.7,22.78,soft19+firm10,26.1,soft12.7+soft12.7,21.86,soft19+firm10,25.64,soft19+firm10,25.64,
ANSUR2-M-17625,M,1.263940520446096,train,217.0,157.0,605.0,130.0,127.0,geometric_feasible,unevaluated,G226-L11,G226,6.0,0.0,1.0,,soft19+firm10,27.06,soft19+firm5,20.29,soft12.7+firm15,24.61,soft19+firm10,26.85,soft19+firm10,26.86,
ANSUR2-M-17636,M,1.263940520446096,validation,198.0,147.0,565.0,128.0,123.0,geometric_feasible,unevaluated,S13-L20,S13,-6.0,9.0,2.0,,soft19,16.46,soft12.7+soft12.7,21.85,soft19,16.46,soft12.7+soft12.7,20.86,soft12.7+soft12.7,21.04,
ANSUR2-M-17638,M,1.263940520446096,train,202.0,156.0,586.0,130.0,128.0,geometric_feasible,unevaluated,S13-L20,S13,-6.0,0.0,2.0,,soft19,17.9,soft12.7+soft12.7,22.87,soft12.7+firm5,15.16,soft19+firm5,20.18,soft19+firm5,20.2,
ANSUR2-M-20057,M,1.263940520446096,train,202.0,146.0,575.0,118.0,133.0,geometric_feasible,unevaluated,S13-L20,S13,-3.0,3.0,0.0,,soft19+firm10,26.17,soft19+firm10,25.26,soft19,17.08,soft19+firm10,25.86,soft19+firm10,25.92,
ANSUR2-M-20058,M,1.263940520446096,validation,201.0,145.0,561.0,128.0,125.0,geometric_feasible,unevaluated,S13-L20,S13,0.0,6.0,1.0,,soft12.7+soft12.7,20.74,soft12.7+soft12.7,21.59,soft12.7+soft12.7,20.55,soft19+firm10,24.92,soft19+firm10,24.91,
ANSUR2-M-20060,M,1.263940520446096,train,202.0,150.0,573.0,121.0,121.0,geometric_feasible,unevaluated,S13-L20,S13,0.0,6.0,0.0,,soft19+firm10,25.9,soft12.7+soft12.7,21.24,soft12.7+soft12.7,21.17,soft19+firm10,25.64,soft19+firm10,25.63,
ANSUR2-M-20062,M,1.263940520446096,train,196.0,147.0,564.0,122.0,123.0,geometric_feasible,unevaluated,S13-L20,S13,-3.0,6.0,0.0,,soft19+firm10,24.97,soft12.7+soft12.7,22.58,soft12.7+soft12.7,23.94,soft19+firm10,26.16,soft19+firm10,26.15,
ANSUR2-M-20066,M,1.263940520446096,validation,206.0,156.0,586.0,130.0,119.0,geometric_feasible,unevaluated,G226-L01,G226,0.0,3.0,2.0,,soft19+firm10,25.49,soft19+firm10,27.55,soft12.7+soft12.7,23.29,soft19+firm10,26.19,soft19+firm10,26.2,
ANSUR2-M-20067,M,1.263940520446096,validation,204.0,156.0,588.0,128.0,133.0,geometric_feasible,unevaluated,S13-L20,S13,-3.0,9.0,2.0,,soft19,16.54,soft12.7+soft12.7,20.64,soft12.7+firm5,15.19,soft19+firm5,20.18,soft19+firm5,20.24,
ANSUR2-M-20070,M,1.263940520446096,validation,206.0,176.0,612.0,143.0,122.0,geometric_feasible,unevaluated,G226-L01,G226,-3.0,0.0,0.0,,soft19,16.3,soft12.7+soft12.7,20.41,soft19,16.69,soft19,15.28,soft19,15.28,
ANSUR2-M-20071,M,1.263940520446096,train,202.0,159.0,593.0,130.0,120.0,geometric_feasible,unevaluated,S13-L20,S13,-6.0,-3.0,2.0,,soft12.7+soft12.7,22.08,soft12.7+soft12.7,22.15,soft19,16.11,soft19+firm5,20.34,soft19+firm5,20.35,
ANSUR2-M-20073,M,1.263940520446096,validation,194.0,149.0,555.0,121.0,114.0,geometric_feasible,unevaluated,S13-L20,S13,3.0,9.0,0.0,,soft12.7+firm15,24.64,soft19+firm10,25.49,soft12.7+soft12.7,22.64,soft19+firm10,25.64,soft19+firm10,25.65,
ANSUR2-M-20076,M,1.263940520446096,train,192.0,156.0,559.0,139.0,114.0,geometric_feasible,unevaluated,S13-L20,S13,3.0,0.0,1.0,,soft19,15.72,soft12.7+soft12.7,20.83,soft19+firm10,25.97,soft12.7+soft12.7,23.44,soft12.7+soft12.7,23.44,
ANSUR2-M-20084,M,1.263940520446096,validation,193.0,147.0,554.0,120.0,127.0,geometric_feasible,unevaluated,S13-L20,S13,3.0,6.0,0.0,,soft19+firm10,27.4,soft12.7+soft12.7,23.92,soft19+firm10,26.71,soft19+firm10,26.86,soft19+firm10,26.87,
ANSUR2-M-20139,M,1.263940520446096,validation,194.0,152.0,555.0,125.0,121.0,geometric_feasible,unevaluated,S13-L20,S13,6.0,9.0,1.0,,soft12.7+firm10,19.87,soft12.7+soft12.7,20.91,soft12.7+soft12.7,21.68,soft12.7+soft12.7,22.3,soft12.7+soft12.7,22.3,
ANSUR2-M-20156,M,1.263940520446096,train,199.0,153.0,570.0,124.0,126.0,geometric_feasible,unevaluated,S13-L20,S13,0.0,6.0,1.0,,soft12.7+soft12.7,22.59,soft19,16.8,soft19+firm10,25.22,soft12.7+soft12.7,23.38,soft12.7+soft12.7,23.37,
ANSUR2-M-20159,M,1.263940520446096,validation,200.0,162.0,580.0,137.0,123.0,geometric_feasible,unevaluated,S13-L20,S13,0.0,0.0,3.0,,soft19,17.74,soft12.7+soft12.7,20.63,soft19+firm5,20.24,soft19+firm5,20.21,soft19+firm5,20.2,
ANSUR2-M-20188,M,1.263940520446096,train,214.0,154.0,598.0,135.0,121.0,geometric_feasible,unevaluated,G226-L11,G226,0.0,6.0,1.0,,soft19+firm5,20.02,soft12.7+soft12.7,22.37,soft19,17.43,soft19+firm10,24.9,soft19+firm10,24.9,
ANSUR2-M-20198,M,1.263940520446096,validation,188.0,155.0,557.0,136.0,122.0,geometric_feasible,unevaluated,G226-L01,G226,0.0,-3.0,1.0,,soft19+firm10,26.34,soft19+firm10,26.25,soft12.7+soft12.7,21.49,soft19+firm10,25.46,soft19+firm10,25.47,
ANSUR2-M-20206,M,1.263940520446096,train,202.0,158.0,573.0,133.0,126.0,geometric_feasible,unevaluated,G226-L01,G226,0.0,0.0,2.0,,soft19+firm10,27.52,soft19+firm10,27.51,soft12.7+firm5,15.12,soft19+firm10,26.69,soft19+firm10,26.69,
ANSUR2-M-20209,M,1.263940520446096,train,196.0,157.0,567.0,137.0,127.0,geometric_feasible,unevaluated,S13-L20,S13,-3.0,0.0,2.0,,soft19,17.45,soft12.7+soft12.7,21.66,soft19,17.86,soft19+firm5,20.3,soft19+firm5,20.3,
ANSUR2-M-20236,M,1.263940520446096,train,204.0,161.0,604.0,135.0,122.0,geometric_feasible,unevaluated,S13-L20,S13,3.0,3.0,2.0,,soft19,16.09,soft19,16.19,soft19,15.45,soft19,16.89,soft19,16.89,
ANSUR2-M-20255,M,1.263940520446096,train,207.0,167.0,605.0,137.0,127.0,geometric_feasible,unevaluated,G226-L11,G226,-3.0,0.0,0.0,,soft12.7+soft12.7,23.31,soft19+firm10,25.16,soft12.7+soft12.7,23.44,soft12.7+soft12.7,21.4,soft12.7+soft12.7,21.4,
ANSUR2-M-20279,M,1.263940520446096,train,197.0,151.0,566.0,126.0,117.0,geometric_feasible,unevaluated,S13-L20,S13,-3.0,6.0,0.0,,soft12.7+soft12.7,22.71,soft19+firm10,24.93,soft12.7+soft12.7,22.49,soft19+firm10,25.76,soft19+firm10,25.76,
ANSUR2-M-20290,M,1.263940520446096,train,193.0,152.0,553.0,123.0,110.0,geometric_feasible,unevaluated,S13-L20,S13,0.0,3.0,0.0,,soft19+firm10,26.64,soft12.7+soft12.7,22.26,soft19+firm10,26.77,soft12.7+firm15,24.62,soft12.7+firm15,24.61,
ANSUR2-M-20298,M,1.263940520446096,train,198.0,151.0,581.0,138.0,123.0,geometric_feasible,unevaluated,G226-L01,G226,0.0,0.0,2.0,,soft12.7+soft12.7,23.02,soft19+firm10,25.3,soft19+firm10,26.91,soft19+firm10,26.88,soft19+firm10,26.77,
ANSUR2-M-20307,M,1.263940520446096,train,201.0,155.0,578.0,129.0,116.0,geometric_feasible,unevaluated,S13-L20,S13,3.0,0.0,2.0,,soft19+firm5,20.07,soft19,17.24,soft12.7+firm10,19.98,soft12.7+soft12.7,20.55,soft12.7+soft12.7,20.56,
ANSUR2-M-20376,M,1.263940520446096,train,203.0,147.0,576.0,135.0,114.0,geometric_feasible,unevaluated,S13-L20,S13,0.0,3.0,2.0,,soft19,16.68,soft19,17.53,soft19,17.81,soft12.7+soft12.7,21.11,soft12.7+soft12.7,21.05,
ANSUR2-M-20384,M,1.263940520446096,train,184.0,162.0,575.0,134.0,118.0,geometric_feasible,unevaluated,G226-L11,G226,6.0,6.0,1.0,,soft12.7+soft12.7,20.5,soft12.7+soft12.7,23.27,soft19+firm10,26.92,soft12.7+soft12.7,21.49,soft12.7+soft12.7,21.49,
ANSUR2-M-20398,M,1.263940520446096,validation,200.0,157.0,578.0,133.0,121.0,geometric_feasible,unevaluated,S13-L20,S13,-6.0,3.0,2.0,,soft19,17.19,soft12.7+soft12.7,22.54,soft19,17.34,soft12.7+soft12.7,20.84,soft12.7+soft12.7,20.93,
ANSUR2-M-20399,M,1.263940520446096,validation,207.0,155.0,594.0,140.0,117.0,geometric_feasible,unevaluated,G226-L01,G226,0.0,-3.0,2.0,,soft12.7+soft12.7,23.53,soft12.7+soft12.7,23.72,soft19,16.36,soft19+firm10,25.94,soft19+firm10,25.95,
ANSUR2-M-20454,M,1.263940520446096,train,189.0,151.0,556.0,126.0,111.0,geometric_feasible,unevaluated,S13-L20,S13,0.0,3.0,0.0,,soft19+firm10,25.71,soft19+firm10,26.57,soft19+firm10,26.65,soft19+firm10,25.58,soft19+firm10,25.57,
ANSUR2-M-20528,M,1.263940520446096,validation,187.0,148.0,565.0,133.0,131.0,geometric_feasible,unevaluated,S13-L20,S13,3.0,0.0,1.0,,soft12.7+soft12.7,21.16,soft12.7+soft12.7,22.01,soft12.7+soft12.7,23.49,soft12.7+soft12.7,22.35,soft12.7+soft12.7,22.33,
ANSUR2-M-20533,M,1.263940520446096,train,201.0,152.0,581.0,134.0,117.0,geometric_feasible,unevaluated,S13-L20,S13,0.0,3.0,2.0,,soft19,17.78,soft12.7+soft12.7,21.37,soft12.7+firm10,19.81,soft12.7+soft12.7,22.87,soft12.7+soft12.7,23.03,
ANSUR2-M-20537,M,1.263940520446096,train,206.0,164.0,584.0,130.0,126.0,geometric_feasible,unevaluated,G226-L11,G226,-3.0,3.0,1.0,,soft19+firm10,26.69,soft19+firm10,27.09,soft19+firm5,20.23,soft12.7+soft12.7,23.79,soft12.7+soft12.7,23.79,
ANSUR2-M-20573,M,1.263940520446096,validation,199.0,167.0,587.0,130.0,120.0,geometric_feasible,unevaluated,S13-L20,S13,-3.0,6.0,3.0,,soft19,16.88,soft19+firm5,20.19,soft19,16.45,soft19,15.85,soft19,15.85,
ANSUR2-M-20629,M,1.263940520446096,validation,191.0,158.0,571.0,133.0,118.0,geometric_feasible,unevaluated,S13-L20,S13,6.0,0.0,0.0,,soft12.7+soft12.7,21.29,soft12.7+soft12.7,22.72,soft12.7+soft12.7,22.06,soft12.7+soft12.7,21.68,soft12.7+soft12.7,21.67,
ANSUR2-M-20638,M,1.263940520446096,validation,211.0,162.0,603.0,139.0,118.0,geometric_feasible,unevaluated,G226-L01,G226,0.0,0.0,2.0,,soft12.7+soft12.7,21.92,soft12.7+soft12.7,22.18,soft19,18.02,soft12.7+soft12.7,23.12,soft12.7+soft12.7,23.12,
ANSUR2-M-20715,M,1.263940520446096,train,210.0,159.0,592.0,141.0,123.0,geometric_feasible,unevaluated,G226-L01,G226,0.0,-3.0,2.0,,soft12.7+soft12.7,23.02,soft19+firm10,25.27,soft12.7+firm5,15.1,soft19+firm10,26.04,soft19+firm10,26.04,
ANSUR2-M-20731,M,1.263940520446096,train,200.0,155.0,583.0,131.0,119.0,geometric_feasible,unevaluated,G226-L01,G226,0.0,0.0,2.0,,soft19+firm10,27.0,soft19+firm10,25.45,soft19+firm10,27.38,soft19+firm10,25.47,soft19+firm10,25.47,
ANSUR2-M-20741,M,1.263940520446096,train,213.0,156.0,592.0,140.0,124.0,excluded,fail,G226-L01,G226,,,,pad_too_tight,,,,,,,,,,,True
ANSUR2-M-20746,M,1.263940520446096,train,198.0,148.0,567.0,132.0,116.0,geometric_feasible,unevaluated,S13-L20,S13,-3.0,-3.0,0.0,,soft19+firm10,25.72,soft12.7+soft12.7,23.95,soft19,16.29,soft19+firm10,27.49,soft19+firm10,27.49,
ANSUR2-M-20753,M,1.263940520446096,train,195.0,158.0,573.0,142.0,123.0,geometric_feasible,unevaluated,G226-L11,G226,0.0,-6.0,1.0,,soft19+firm10,25.02,soft19+firm10,26.32,soft19,17.4,soft19+firm10,27.3,soft19+firm10,27.3,
ANSUR2-M-20784,M,1.263940520446096,validation,195.0,147.0,555.0,128.0,126.0,geometric_feasible,unevaluated,S13-L20,S13,3.0,0.0,0.0,,soft19+firm10,26.58,soft19+firm10,26.77,soft12.7+soft12.7,21.82,soft19+firm10,26.88,soft19+firm10,26.89,
ANSUR2-M-20799,M,1.263940520446096,train,194.0,150.0,567.0,130.0,123.0,geometric_feasible,unevaluated,G226-L01,G226,3.0,6.0,0.0,,soft12.7+soft12.7,22.28,soft12.7+soft12.7,22.06,soft19+firm10,25.26,soft12.7+soft12.7,23.93,soft12.7+soft12.7,23.94,
ANSUR2-M-20804,M,1.263940520446096,validation,197.0,150.0,560.0,134.0,125.0,geometric_feasible,unevaluated,S13-L20,S13,-3.0,3.0,2.0,,soft19,17.68,soft12.7+soft12.7,22.17,soft19,16.43,soft12.7+soft12.7,23.19,soft12.7+soft12.7,23.19,
ANSUR2-M-20812,M,1.263940520446096,train,202.0,158.0,585.0,130.0,127.0,geometric_feasible,unevaluated,G226-L20,G226,-3.0,6.0,0.0,,soft12.7+soft12.7,22.9,soft12.7+soft12.7,23.51,soft12.7+soft12.7,22.86,soft12.7+soft12.7,22.72,soft12.7+soft12.7,22.72,
ANSUR2-M-20829,M,1.263940520446096,train,194.0,151.0,570.0,121.0,122.0,geometric_feasible,unevaluated,S13-L20,S13,6.0,3.0,0.0,,soft19+firm10,27.18,soft19+firm10,25.19,soft12.7+soft12.7,21.46,soft19+firm10,25.14,soft19+firm10,25.13,
ANSUR2-M-20845,M,1.263940520446096,validation,202.0,153.0,576.0,128.0,115.0,geometric_feasible,unevaluated,G226-L20,G226,-3.0,6.0,0.0,,soft19+firm10,26.69,soft19+firm10,25.05,soft19+firm10,27.27,soft19+firm10,27.06,soft19+firm10,27.06,
ANSUR2-M-20847,M,1.263940520446096,validation,188.0,150.0,548.0,123.0,126.0,geometric_feasible,unevaluated,S13-L20,S13,3.0,3.0,0.0,,soft19+firm10,27.46,soft19+firm10,25.02,soft12.7+soft12.7,21.29,soft19+firm10,25.92,soft19+firm10,25.93,
ANSUR2-M-20866,M,1.263940520446096,train,209.0,150.0,586.0,127.0,116.0,geometric_feasible,unevaluated,G226-L11,G226,0.0,9.0,1.0,,soft12.7+soft12.7,22.62,soft19+firm10,25.91,soft12.7+soft12.7,21.34,soft19+firm10,26.99,soft19+firm10,26.99,
ANSUR2-M-20902,M,1.263940520446096,train,206.0,160.0,596.0,134.0,137.0,excluded,fail,G226-L11,G226,,,,pad_between_steps,,,,,,,,,,,True
ANSUR2-M-20912,M,1.263940520446096,train,190.0,157.0,555.0,121.0,117.0,geometric_feasible,unevaluated,S13-L20,S13,-6.0,6.0,0.0,,soft19+firm10,27.05,soft19+firm10,26.34,soft19+firm10,26.48,soft12.7+soft12.7,21.82,soft12.7+soft12.7,21.82,
ANSUR2-M-21002,M,1.263940520446096,train,196.0,161.0,567.0,142.0,117.0,excluded,fail,S13-L20,S13,,,,pad_too_tight,,,,,,,,,,,True
ANSUR2-M-21041,M,1.263940520446096,validation,204.0,154.0,582.0,137.0,123.0,geometric_feasible,unevaluated,G226-L01,G226,3.0,-3.0,2.0,,soft19+firm10,25.99,soft19+firm10,25.98,soft19+firm10,26.43,soft19+firm10,26.86,soft19+firm10,26.86,
ANSUR2-M-21054,M,1.263940520446096,train,197.0,156.0,573.0,137.0,116.0,geometric_feasible,unevaluated,S13-L20,S13,-3.0,0.0,3.0,,soft12.7+firm5,15.1,soft19,15.35,soft19,15.29,soft19,16.5,soft19,16.5,
ANSUR2-M-21078,M,1.263940520446096,validation,200.0,159.0,584.0,139.0,117.0,geometric_feasible,unevaluated,G226-L01,G226,3.0,-6.0,1.0,,soft19+firm10,26.54,soft12.7+soft12.7,22.24,soft12.7+soft12.7,21.86,soft19+firm10,26.1,soft19+firm10,26.1,
ANSUR2-M-21079,M,1.263940520446096,train,204.0,165.0,599.0,132.0,120.0,geometric_feasible,unevaluated,S13-L20,S13,-3.0,6.0,1.0,,soft19,16.71,soft12.7+soft12.7,21.44,soft19,16.31,soft19,17.87,soft19,17.87,
ANSUR2-M-21130,M,1.263940520446096,train,193.0,158.0,567.0,127.0,120.0,geometric_feasible,unevaluated,S13-L20,S13,0.0,3.0,0.0,,soft12.7+soft12.7,20.93,soft19+firm10,26.01,soft19,16.76,soft12.7+soft12.7,20.67,soft12.7+soft12.7,20.66,
ANSUR2-M-21270,M,1.263940520446096,train,199.0,157.0,574.0,134.0,106.0,geometric_feasible,unevaluated,G226-L01,G226,0.0,6.0,2.0,,soft12.7+soft12.7,21.02,soft19+firm10,25.62,soft19+firm10,25.26,soft19+firm10,25.25,soft19+firm10,25.25,
ANSUR2-M-21321,M,1.263940520446096,validation,198.0,154.0,592.0,143.0,117.0,geometric_feasible,unevaluated,G226-L01,G226,0.0,0.0,2.0,,soft19,17.73,soft12.7+soft12.7,22.33,soft19,15.64,soft19+firm5,20.33,soft12.7+soft12.7,20.5,
ANSUR2-M-21337,M,1.263940520446096,train,205.0,157.0,588.0,137.0,128.0,geometric_feasible,unevaluated,G226-L01,G226,0.0,0.0,2.0,,soft12.7+soft12.7,23.61,soft12.7+soft12.7,23.97,soft12.7+soft12.7,22.42,soft19+firm10,24.81,soft19+firm10,24.81,
ANSUR2-M-21352,M,1.263940520446096,train,190.0,161.0,576.0,126.0,114.0,excluded,fail,S13-L20,S13,,,,field_of_view,,,,,,,,,,,True
ANSUR2-M-21365,M,1.263940520446096,train,201.0,159.0,585.0,126.0,128.0,geometric_feasible,unevaluated,S13-L20,S13,-6.0,3.0,1.0,,soft12.7+soft12.7,22.51,soft12.7+soft12.7,22.09,soft12.7+soft12.7,20.69,soft12.7+soft12.7,20.97,soft12.7+soft12.7,20.97,
ANSUR2-M-21371,M,1.263940520446096,validation,197.0,154.0,567.0,135.0,123.0,geometric_feasible,unevaluated,G226-L20,G226,-6.0,3.0,0.0,,soft12.7+soft12.7,22.46,soft19+firm10,25.9,soft12.7+firm15,24.78,soft19+firm10,25.24,soft19+firm10,25.24,
ANSUR2-M-21379,M,1.263940520446096,train,197.0,160.0,580.0,133.0,120.0,geometric_feasible,unevaluated,S13-L20,S13,0.0,6.0,3.0,,soft19,15.59,soft19,17.73,soft19,16.48,soft19,17.34,soft19,17.34,
ANSUR2-M-21606,M,1.263940520446096,validation,204.0,158.0,588.0,140.0,124.0,geometric_feasible,unevaluated,G226-L01,G226,6.0,-3.0,2.0,,soft12.7+soft12.7,20.97,soft12.7+soft12.7,20.67,soft19,15.9,soft12.7+soft12.7,24.12,soft12.7+soft12.7,24.12,
ANSUR2-M-21610,M,1.263940520446096,validation,189.0,158.0,560.0,136.0,112.0,geometric_feasible,unevaluated,G226-L01,G226,6.0,-6.0,2.0,,soft19+firm10,27.18,soft19+firm10,26.64,soft12.7+soft12.7,23.89,soft19+firm10,25.4,soft19+firm10,25.39,
ANSUR2-M-21626,M,1.263940520446096,train,200.0,154.0,571.0,126.0,121.0,geometric_feasible,unevaluated,S13-L20,S13,0.0,6.0,0.0,,soft12.7+soft12.7,21.19,soft19+firm10,25.57,soft19,15.68,soft12.7+soft12.7,24.08,soft12.7+soft12.7,24.08,
ANSUR2-M-21742,M,1.263940520446096,validation,191.0,155.0,560.0,135.0,124.0,geometric_feasible,unevaluated,S13-L20,S13,0.0,3.0,3.0,,soft19,15.48,soft19,15.68,soft19,17.42,soft19,16.89,soft19,16.89,
ANSUR2-M-21756,M,1.263940520446096,validation,204.0,154.0,574.0,127.0,120.0,geometric_feasible,unevaluated,S13-L20,S13,-6.0,3.0,2.0,,soft12.7+soft12.7,21.8,soft12.7+firm10,19.9,soft12.7+firm10,19.92,soft12.7+soft12.7,23.55,soft12.7+soft12.7,23.55,
ANSUR2-M-21764,M,1.263940520446096,train,201.0,155.0,574.0,126.0,115.0,geometric_feasible,unevaluated,S13-L20,S13,0.0,6.0,0.0,,soft12.7+soft12.7,22.74,soft12.7+soft12.7,21.03,soft12.7+soft12.7,22.02,soft12.7+soft12.7,23.29,soft12.7+soft12.7,23.29,
ANSUR2-M-21828,M,1.263940520446096,train,192.0,147.0,558.0,126.0,126.0,geometric_feasible,unevaluated,S13-L20,S13,-6.0,6.0,1.0,,soft12.7+soft12.7,22.06,soft19+firm10,25.36,soft12.7+soft12.7,22.49,soft19+firm10,24.83,soft19+firm10,24.87,
ANSUR2-M-21850,M,1.263940520446096,train,202.0,154.0,570.0,126.0,131.0,geometric_feasible,unevaluated,S13-L20,S13,-6.0,0.0,1.0,,soft12.7+soft12.7,23.17,soft12.7+soft12.7,21.3,soft12.7+soft12.7,20.42,soft12.7+soft12.7,23.32,soft12.7+soft12.7,23.32,
ANSUR2-M-21896,M,1.263940520446096,train,194.0,154.0,548.0,125.0,113.0,geometric_feasible,unevaluated,S13-L20,S13,3.0,12.0,0.0,,soft19,17.45,soft19,17.45,soft12.7+soft12.7,21.23,soft19+firm5,20.27,soft19+firm5,20.27,
ANSUR2-M-21898,M,1.263940520446096,validation,207.0,154.0,588.0,129.0,122.0,geometric_feasible,unevaluated,G226-L11,G226,-3.0,6.0,1.0,,soft12.7+soft12.7,21.71,soft19+firm10,26.73,soft19,17.97,soft19+firm10,25.58,soft19+firm10,25.59,
ANSUR2-M-21967,M,1.263940520446096,validation,199.0,158.0,585.0,136.0,115.0,geometric_feasible,unevaluated,G226-L11,G226,-3.0,6.0,0.0,,soft19,17.68,soft19+firm10,26.23,soft19,17.64,soft12.7+soft12.7,21.35,soft12.7+soft12.7,21.47,
ANSUR2-M-22109,M,1.263940520446096,validation,194.0,146.0,556.0,133.0,128.0,geometric_feasible,unevaluated,S13-L20,S13,3.0,0.0,1.0,,soft12.7+soft12.7,21.64,soft12.7+soft12.7,22.53,soft12.7+soft12.7,23.87,soft19+firm10,25.25,soft19+firm10,25.22,
ANSUR2-M-22112,M,1.263940520446096,train,206.0,152.0,600.0,130.0,124.0,geometric_feasible,unevaluated,S13-L20,S13,-3.0,3.0,2.0,,soft12.7+soft12.7,20.43,soft19+firm5,20.03,soft19,17.93,soft12.7+soft12.7,21.71,soft12.7+soft12.7,21.78,
ANSUR2-M-22115,M,1.263940520446096,validation,194.0,160.0,575.0,132.0,123.0,geometric_feasible,unevaluated,S13-L20,S13,3.0,6.0,1.0,,soft19,16.03,soft19,16.66,soft19+firm5,20.03,soft19,17.99,soft19,17.99,
ANSUR2-M-22129,M,1.263940520446096,train,203.0,148.0,576.0,127.0,125.0,geometric_feasible,unevaluated,S13-L20,S13,3.0,0.0,0.0,,soft12.7+soft12.7,24.0,soft12.7+soft12.7,21.81,soft19,17.87,soft19+firm10,26.02,soft19+firm10,26.02,
ANSUR2-M-22134,M,1.263940520446096,validation,199.0,152.0,578.0,125.0,123.0,geometric_feasible,unevaluated,S13-L20,S13,0.0,6.0,1.0,,soft19+firm5,20.33,soft12.7+soft12.7,21.54,soft19,17.63,soft12.7+soft12.7,21.92,soft12.7+soft12.7,21.93,
ANSUR2-M-22594,M,1.263940520446096,train,205.0,150.0,584.0,130.0,120.0,geometric_feasible,unevaluated,S13-L20,S13,6.0,9.0,0.0,,soft19,15.66,soft12.7+soft12.7,20.48,soft19,15.45,soft12.7+soft12.7,22.92,soft12.7+soft12.7,22.62,
ANSUR2-M-23182,M,1.263940520446096,validation,202.0,158.0,587.0,130.0,129.0,excluded,fail,S13-L20,S13,,,,pad_between_steps,,,,,,,,,,,True
ANSUR2-M-23191,M,1.263940520446096,train,190.0,153.0,549.0,133.0,122.0,geometric_feasible,unevaluated,S13-L20,S13,-3.0,6.0,2.0,,soft19,15.48,soft19,16.86,soft19,17.75,soft19,17.91,soft19,17.91,
ANSUR2-M-23231,M,1.263940520446096,validation,207.0,150.0,574.0,131.0,134.0,geometric_feasible,unevaluated,S13-L20,S13,-3.0,6.0,1.0,,soft19,17.66,soft12.7+soft12.7,21.83,soft19,15.34,soft12.7+soft12.7,23.46,soft12.7+soft12.7,23.56,
ANSUR2-M-23237,M,1.263940520446096,train,205.0,150.0,572.0,117.0,120.0,geometric_feasible,unevaluated,S13-L20,S13,3.0,12.0,0.0,,soft12.7+soft12.7,22.12,soft12.7+soft12.7,21.96,soft19,15.67,soft12.7+firm15,24.69,soft12.7+firm15,24.69,
ANSUR2-M-23246,M,1.263940520446096,train,190.0,159.0,572.0,129.0,122.0,geometric_feasible,unevaluated,S13-L20,S13,0.0,6.0,1.0,,soft12.7+firm10,19.78,soft12.7+soft12.7,22.12,soft12.7+soft12.7,22.12,soft12.7+soft12.7,20.87,soft12.7+soft12.7,20.87,
ANSUR2-M-23250,M,1.263940520446096,train,201.0,149.0,567.0,129.0,127.0,geometric_feasible,unevaluated,S13-L20,S13,-6.0,9.0,1.0,,soft19,15.46,soft12.7+firm10,19.78,soft19,15.59,soft19+firm5,20.11,soft19+firm5,20.35,
ANSUR2-M-23283,M,1.263940520446096,train,200.0,160.0,574.0,138.0,117.0,geometric_feasible,unevaluated,G226-L01,G226,0.0,-3.0,2.0,,soft19+firm10,26.02,soft19+firm10,25.6,soft12.7+soft12.7,24.0,soft19+firm10,25.63,soft19+firm10,25.63,
ANSUR2-M-23298,M,1.263940520446096,train,194.0,150.0,560.0,122.0,125.0,geometric_feasible,unevaluated,S13-L20,S13,-3.0,6.0,0.0,,soft19+firm10,25.29,soft19+firm10,25.18,soft19+firm10,24.81,soft19+firm10,25.6,soft19+firm10,25.6,
ANSUR2-M-23313,M,1.263940520446096,train,199.0,161.0,577.0,140.0,130.0,geometric_feasible,unevaluated,G226-L11,G226,6.0,0.0,0.0,,soft12.7+soft12.7,20.44,soft12.7+soft12.7,22.75,soft19+firm10,25.21,soft12.7+soft12.7,22.87,soft12.7+soft12.7,22.87,
ANSUR2-M-23325,M,1.263940520446096,validation,199.0,158.0,570.0,138.0,127.0,geometric_feasible,unevaluated,S13-L20,S13,0.0,0.0,2.0,,soft19,16.75,soft12.7+soft12.7,23.11,soft12.7+soft12.7,20.51,soft12.7+soft12.7,22.31,soft12.7+soft12.7,22.31,
ANSUR2-M-23327,M,1.263940520446096,validation,180.0,163.0,553.0,129.0,120.0,geometric_feasible,unevaluated,S13-L20,S13,0.0,9.0,0.0,,soft19,16.69,soft12.7+soft12.7,22.19,soft19,17.8,soft19,16.59,soft19,16.59,
ANSUR2-M-23337,M,1.263940520446096,validation,210.0,156.0,603.0,140.0,121.0,geometric_feasible,unevaluated,G226-L11,G226,3.0,3.0,0.0,,soft19,16.5,soft19+firm5,20.2,soft19,15.54,soft19+firm5,20.35,soft12.7+soft12.7,20.52,
ANSUR2-M-23369,M,1.263940520446096,validation,203.0,157.0,579.0,132.0,128.0,geometric_feasible,unevaluated,G226-L20,G226,0.0,3.0,0.0,,soft19+firm5,20.26,soft19+firm10,25.04,soft19,15.9,soft12.7+soft12.7,22.61,soft12.7+soft12.7,22.61,
ANSUR2-M-23379,M,1.263940520446096,train,197.0,150.0,570.0,138.0,121.0,geometric_feasible,unevaluated,S13-L20,S13,-6.0,0.0,3.0,,soft12.7,11.94,soft19,15.82,soft12.7,11.86,soft19,15.36,soft19,15.44,
ANSUR2-M-23408,M,1.263940520446096,train,211.0,150.0,587.0,130.0,125.0,geometric_feasible,unevaluated,S13-L20,S13,-3.0,6.0,2.0,,soft19,16.02,soft19,15.94,soft19,15.32,soft12.7+soft12.7,20.71,soft12.7+soft12.7,20.82,
ANSUR2-M-23425,M,1.263940520446096,validation,200.0,152.0,582.0,137.0,112.0,geometric_feasible,unevaluated,G226-L01,G226,0.0,3.0,1.0,,soft12.7+soft12.7,21.02,soft19+firm10,25.23,soft19+firm10,24.89,soft19+firm10,25.97,soft19+firm10,25.97,
ANSUR2-M-23428,M,1.263940520446096,train,206.0,150.0,588.0,142.0,126.0,geometric_feasible,unevaluated,G226-L01,G226,-6.0,-3.0,0.0,,soft12.7+firm10,19.9,soft12.7+firm15,24.77,soft12.7,11.95,soft12.7+soft12.7,23.67,soft12.7+soft12.7,23.85,
ANSUR2-M-23447,M,1.263940520446096,train,194.0,155.0,570.0,140.0,126.0,geometric_feasible,unevaluated,G226-L11,G226,6.0,0.0,0.0,,soft12.7+soft12.7,20.57,soft12.7+soft12.7,22.6,soft12.7+soft12.7,21.69,soft19+firm10,24.81,soft12.7+firm15,24.69,
ANSUR2-M-23450,M,1.263940520446096,train,208.0,149.0,590.0,135.0,123.0,geometric_feasible,unevaluated,S13-L20,S13,0.0,3.0,3.0,,soft19,16.75,soft19,17.86,soft19,16.59,soft12.7+soft12.7,21.04,soft12.7+soft12.7,21.15,
ANSUR2-M-23484,M,1.263940520446096,train,201.0,156.0,574.0,129.0,113.0,geometric_feasible,unevaluated,G226-L11,G226,-3.0,3.0,1.0,,soft19+firm10,27.51,soft19+firm10,25.33,soft19+firm10,27.54,soft19+firm10,25.54,soft19+firm10,25.54,
ANSUR2-M-23535,M,1.263940520446096,train,210.0,159.0,595.0,130.0,124.0,geometric_feasible,unevaluated,G226-L20,G226,0.0,3.0,0.0,,soft19+firm10,26.39,soft19+firm10,25.99,soft19+firm10,25.44,soft19+firm10,25.95,soft19+firm10,25.95,
ANSUR2-M-23545,M,1.263940520446096,train,193.0,156.0,567.0,135.0,123.0,geometric_feasible,unevaluated,S13-L20,S13,0.0,0.0,1.0,,soft12.7+firm10,19.78,soft12.7+soft12.7,20.57,soft12.7+soft12.7,21.31,soft12.7+soft12.7,20.76,soft12.7+soft12.7,20.75,
ANSUR2-M-23616,M,1.263940520446096,train,202.0,155.0,585.0,140.0,127.0,geometric_feasible,unevaluated,G226-L11,G226,6.0,0.0,1.0,,soft19,17.79,soft19,17.4,soft19,17.02,soft12.7+soft12.7,21.47,soft12.7+soft12.7,21.39,
ANSUR2-M-23625,M,1.263940520446096,validation,196.0,161.0,579.0,129.0,123.0,geometric_feasible,unevaluated,S13-L20,S13,0.0,9.0,2.0,,soft12.7+firm5,15.13,soft19,15.22,soft19,16.04,soft19,15.55,soft19,15.54,
ANSUR2-M-23689,M,1.263940520446096,train,190.0,149.0,561.0,133.0,117.0,geometric_feasible,unevaluated,G226-L11,G226,6.0,0.0,1.0,,soft19+firm10,26.09,soft19+firm10,26.39,soft12.7+soft12.7,23.47,soft19+firm10,27.52,soft19+firm10,27.52,
ANSUR2-M-23690,M,1.263940520446096,validation,204.0,144.0,567.0,130.0,120.0,geometric_feasible,unevaluated,G226-L11,G226,0.0,9.0,1.0,,soft12.7+soft12.7,21.1,soft19,17.68,soft19+firm10,25.88,soft19+firm10,26.22,soft19+firm10,26.06,
ANSUR2-M-23702,M,1.263940520446096,train,197.0,150.0,567.0,124.0,108.0,geometric_feasible,unevaluated,S13-L20,S13,-3.0,6.0,3.0,,soft19+firm5,20.0,soft19,17.1,soft12.7+soft12.7,20.4,soft12.7+soft12.7,21.45,soft12.7+soft12.7,21.45,
ANSUR2-M-23723,M,1.263940520446096,validation,216.0,146.0,596.0,138.0,133.0,geometric_feasible,unevaluated,G226-L11,G226,-3.0,0.0,1.0,,soft12.7+soft12.7,20.69,soft12.7+soft12.7,22.35,soft19,16.8,soft19+firm10,25.51,soft19+firm10,25.67,
ANSUR2-M-23735,M,1.263940520446096,train,203.0,157.0,578.0,128.0,121.0,geometric_feasible,unevaluated,S13-L20,S13,-3.0,6.0,1.0,,soft12.7+soft12.7,20.71,soft12.7+soft12.7,21.31,soft12.7+soft12.7,20.6,soft12.7+soft12.7,22.6,soft12.7+soft12.7,22.6,
ANSUR2-M-23742,M,1.263940520446096,train,202.0,157.0,585.0,136.0,125.0,geometric_feasible,unevaluated,G226-L01,G226,0.0,-3.0,2.0,,soft19+firm10,27.38,soft19+firm10,27.1,soft19,16.18,soft19+firm10,26.73,soft19+firm10,26.73,
ANSUR2-M-23770,M,1.263940520446096,train,194.0,154.0,568.0,137.0,110.0,geometric_feasible,unevaluated,G226-L11,G226,3.0,3.0,1.0,,soft12.7+soft12.7,20.58,soft12.7+soft12.7,22.71,soft19,16.09,soft12.7+soft12.7,23.54,soft12.7+soft12.7,23.55,
ANSUR2-M-23778,M,1.263940520446096,train,201.0,157.0,586.0,138.0,128.0,geometric_feasible,unevaluated,G226-L01,G226,-3.0,-3.0,0.0,,soft12.7+firm15,24.72,soft19+firm10,27.15,soft12.7+soft12.7,23.94,soft19+firm10,25.72,soft19+firm10,25.72,
ANSUR2-M-23793,M,1.263940520446096,validation,187.0,164.0,570.0,131.0,118.0,geometric_feasible,unevaluated,S13-L20,S13,0.0,6.0,2.0,,soft19,16.94,soft19,17.39,soft12.7+soft12.7,21.32,soft19,16.73,soft19,16.72,
ANSUR2-M-23803,M,1.263940520446096,validation,206.0,158.0,577.0,125.0,133.0,excluded,fail,S13-L20,S13,,,,nose,,,,,,,,,,,True
ANSUR2-M-23810,M,1.263940520446096,train,194.0,154.0,572.0,136.0,123.0,geometric_feasible,unevaluated,G226-L01,G226,6.0,0.0,2.0,,soft12.7+soft12.7,22.08,soft12.7+soft12.7,22.11,soft12.7+soft12.7,22.03,soft12.7+soft12.7,23.99,soft12.7+soft12.7,23.99,
ANSUR2-M-23827,M,1.263940520446096,train,202.0,161.0,592.0,144.0,126.0,geometric_feasible,unevaluated,G226-L01,G226,0.0,-3.0,1.0,,soft19+firm5,20.02,soft12.7+soft12.7,22.36,soft19,15.8,soft12.7+soft12.7,22.32,soft12.7+soft12.7,22.31,
ANSUR2-M-24012,M,1.263940520446096,train,196.0,144.0,546.0,121.0,121.0,geometric_feasible,unevaluated,S13-L20,S13,0.0,6.0,0.0,,soft19+firm10,25.29,soft12.7+soft12.7,21.43,soft12.7+soft12.7,24.12,soft19+firm10,26.98,soft19+firm10,26.97,
ANSUR2-M-24065,M,1.263940520446096,train,198.0,157.0,577.0,143.0,123.0,geometric_feasible,unevaluated,G226-L01,G226,3.0,-3.0,0.0,,soft12.7+soft12.7,21.02,soft19+firm10,25.51,soft19,16.13,soft19+firm10,25.4,soft19+firm10,25.4,
ANSUR2-M-24091,M,1.263940520446096,validation,204.0,147.0,581.0,135.0,120.0,geometric_feasible,unevaluated,S13-L20,S13,-3.0,0.0,2.0,,soft19,17.63,soft12.7+soft12.7,20.93,soft19,16.27,soft12.7+soft12.7,21.73,soft12.7+soft12.7,21.84,
ANSUR2-M-24122,M,1.263940520446096,train,197.0,152.0,569.0,127.0,127.0,geometric_feasible,unevaluated,S13-L20,S13,0.0,3.0,2.0,,soft12.7+soft12.7,22.2,soft12.7+soft12.7,21.19,soft12.7+soft12.7,21.41,soft12.7+soft12.7,22.77,soft12.7+soft12.7,22.77,
ANSUR2-M-24123,M,1.263940520446096,train,203.0,143.0,571.0,134.0,120.0,geometric_feasible,unevaluated,S13-L20,S13,6.0,3.0,1.0,,soft19,16.0,soft19,16.33,soft19,17.79,soft12.7+soft12.7,20.56,soft19+firm5,20.33,
ANSUR2-M-24168,M,1.263940520446096,train,198.0,165.0,568.0,127.0,110.0,excluded,fail,G226-L11,G226,,,,pad_too_loose,,,,,,,,,,,True
ANSUR2-M-24198,M,1.263940520446096,train,190.0,145.0,547.0,122.0,111.0,geometric_feasible,unevaluated,S13-L20,S13,3.0,9.0,0.0,,soft12.7+soft12.7,23.17,soft12.7+soft12.7,23.21,soft19+firm10,25.91,soft19+firm10,26.12,soft19+firm10,26.11,
ANSUR2-M-24213,M,1.263940520446096,train,199.0,154.0,577.0,140.0,130.0,geometric_feasible,unevaluated,G226-L01,G226,0.0,0.0,1.0,,soft12.7+soft12.7,21.0,soft19+firm10,27.43,soft12.7+soft12.7,21.02,soft19+firm10,24.93,soft19+firm10,24.94,
ANSUR2-M-24246,M,1.263940520446096,train,206.0,160.0,593.0,138.0,118.0,geometric_feasible,unevaluated,G226-L01,G226,0.0,-3.0,2.0,,soft19+firm10,25.15,soft12.7+soft12.7,21.88,soft19+firm10,26.79,soft19+firm10,25.66,soft19+firm10,25.66,
ANSUR2-M-24300,M,1.263940520446096,validation,206.0,168.0,617.0,144.0,122.0,geometric_feasible,unevaluated,G226-L01,G226,3.0,-6.0,1.0,,soft12.7+soft12.7,23.02,soft19+firm10,27.14,soft19,17.3,soft12.7+soft12.7,22.0,soft12.7+soft12.7,22.0,
ANSUR2-M-24328,M,1.263940520446096,train,202.0,159.0,583.0,130.0,131.0,geometric_feasible,unevaluated,S13-L20,S13,-6.0,3.0,3.0,,soft12.7+firm10,19.78,soft19,17.8,soft19+firm5,20.2,soft12.7+soft12.7,20.7,soft12.7+soft12.7,20.7,
ANSUR2-M-24338,M,1.263940520446096,train,205.0,157.0,590.0,134.0,124.0,geometric_feasible,unevaluated,G226-L11,G226,3.0,0.0,1.0,,soft19+firm10,26.65,soft19+firm10,25.06,soft12.7+soft12.7,22.25,soft19+firm10,27.18,soft19+firm10,27.18,
ANSUR2-M-24358,M,1.263940520446096,train,201.0,157.0,587.0,139.0,124.0,geometric_feasible,unevaluated,G226-L01,G226,-3.0,-3.0,2.0,,soft12.7+soft12.7,23.71,soft19+firm10,26.35,soft12.7+soft12.7,23.86,soft19+firm10,24.89,soft19+firm10,24.89,
ANSUR2-M-24375,M,1.263940520446096,train,206.0,157.0,578.0,140.0,124.0,geometric_feasible,unevaluated,G226-L01,G226,0.0,-3.0,2.0,,soft12.7+soft12.7,24.02,soft19+firm10,27.09,soft12.7+soft12.7,23.5,soft19+firm10,26.9,soft19+firm10,26.9,
ANSUR2-M-24381,M,1.263940520446096,validation,208.0,158.0,598.0,137.0,115.0,geometric_feasible,unevaluated,G226-L01,G226,6.0,-3.0,2.0,,soft19+firm10,26.95,soft19+firm10,27.39,soft19+firm10,26.16,soft19+firm10,26.83,soft19+firm10,26.83,
ANSUR2-M-24411,M,1.263940520446096,train,208.0,152.0,577.0,140.0,111.0,geometric_feasible,unevaluated,G226-L11,G226,0.0,-3.0,1.0,,soft12.7+soft12.7,23.08,soft19+firm10,25.78,soft12.7+soft12.7,22.77,soft19+firm10,26.62,soft19+firm10,26.62,
ANSUR2-M-24415,M,1.263940520446096,validation,201.0,153.0,571.0,136.0,111.0,geometric_feasible,unevaluated,S13-L20,S13,-6.0,0.0,1.0,,soft19,17.86,soft12.7+soft12.7,23.05,soft12.7+firm5,14.98,soft12.7+soft12.7,22.56,soft12.7+soft12.7,22.68,
ANSUR2-M-24422,M,1.263940520446096,train,206.0,160.0,585.0,133.0,121.0,geometric_feasible,unevaluated,S13-L20,S13,3.0,0.0,1.0,,soft12.7+soft12.7,21.72,soft12.7+soft12.7,22.76,soft19,15.99,soft12.7+soft12.7,20.93,soft12.7+soft12.7,20.92,
ANSUR2-M-24449,M,1.263940520446096,train,199.0,149.0,562.0,130.0,130.0,geometric_feasible,unevaluated,S13-L20,S13,0.0,3.0,3.0,,soft19,17.74,soft19,16.67,soft19,17.29,soft19+firm5,20.19,soft19+firm5,20.19,
ANSUR2-M-24468,M,1.263940520446096,train,184.0,155.0,552.0,126.0,109.0,geometric_feasible,unevaluated,S13-L20,S13,6.0,0.0,0.0,,soft19+firm10,26.95,soft19+firm10,27.03,soft19,16.95,soft12.7+soft12.7,23.52,soft12.7+soft12.7,23.53,
ANSUR2-M-24487,M,1.263940520446096,validation,212.0,154.0,591.0,133.0,117.0,geometric_feasible,unevaluated,G226-L11,G226,-3.0,3.0,1.0,,soft12.7+soft12.7,22.77,soft12.7+firm15,24.69,soft19,15.21,soft19+firm10,26.18,soft19+firm10,26.17,
ANSUR2-M-24488,M,1.263940520446096,validation,195.0,162.0,565.0,132.0,112.0,geometric_feasible,unevaluated,G226-L20,G226,3.0,9.0,0.0,,soft19+firm5,20.02,soft12.7+soft12.7,23.11,soft19+firm10,25.23,soft12.7+soft12.7,21.96,soft12.7+soft12.7,21.95,
ANSUR2-M-24491,M,1.263940520446096,train,195.0,158.0,564.0,133.0,129.0,geometric_feasible,unevaluated,G226-L01,G226,-3.0,0.0,2.0,,soft19+firm10,26.93,soft19+firm10,26.86,soft19,17.24,soft19+firm10,26.07,soft19+firm10,26.07,
ANSUR2-M-24544,M,1.263940520446096,train,179.0,141.0,524.0,127.0,117.0,geometric_feasible,unevaluated,S13-L20,S13,3.0,6.0,0.0,,soft12.7+soft12.7,21.72,soft19+firm10,25.44,soft19+firm10,27.08,soft19+firm10,26.83,soft19+firm10,26.82,
ANSUR2-M-24545,M,1.263940520446096,train,202.0,146.0,563.0,130.0,111.0,geometric_feasible,unevaluated,G226-L01,G226,6.0,6.0,1.0,,soft12.7+soft12.7,22.76,soft12.7+soft12.7,22.62,soft19+firm10,25.92,soft19+firm10,26.73,soft19+firm10,26.69,
ANSUR2-M-24559,M,1.263940520446096,train,194.0,160.0,580.0,140.0,121.0,geometric_feasible,unevaluated,G226-L11,G226,3.0,3.0,0.0,,soft19,18.02,soft12.7+soft12.7,23.49,soft19,17.48,soft12.7+soft12.7,21.86,soft12.7+soft12.7,21.86,
ANSUR2-M-24584,M,1.263940520446096,validation,190.0,150.0,548.0,131.0,125.0,geometric_feasible,unevaluated,G226-L11,G226,6.0,6.0,0.0,,soft12.7+soft12.7,22.79,soft12.7+soft12.7,23.72,soft19+firm10,26.88,soft19+firm10,24.98,soft19+firm10,24.97,
ANSUR2-M-24612,M,1.263940520446096,train,201.0,150.0,577.0,130.0,126.0,geometric_feasible,unevaluated,S13-L20,S13,3.0,6.0,2.0,,soft19,17.6,soft19,17.83,soft19,17.91,soft12.7+soft12.7,20.53,soft12.7+soft12.7,20.46,
ANSUR2-M-24619,M,1.263940520446096,validation,194.0,145.0,567.0,136.0,114.0,geometric_feasible,unevaluated,G226-L01,G226,6.0,0.0,2.0,,soft12.7+soft12.7,23.94,soft12.7+soft12.7,24.04,soft12.7+soft12.7,21.87,soft19+firm10,27.51,soft19+firm10,27.39,
ANSUR2-M-24649,M,1.263940520446096,train,201.0,152.0,570.0,131.0,115.0,geometric_feasible,unevaluated,S13-L20,S13,-3.0,3.0,1.0,,soft19,17.42,soft12.7+soft12.7,22.16,soft19,16.0,soft12.7+soft12.7,21.98,soft12.7+soft12.7,21.97,
ANSUR2-M-24767,M,1.263940520446096,validation,192.0,147.0,554.0,128.0,128.0,geometric_feasible,unevaluated,S13-L20,S13,0.0,3.0,1.0,,soft12.7+soft12.7,22.73,soft12.7+soft12.7,23.69,soft12.7+soft12.7,22.57,soft12.7+firm15,24.77,soft12.7+firm15,24.77,
ANSUR2-M-24829,M,1.263940520446096,train,198.0,152.0,567.0,127.0,116.0,geometric_feasible,unevaluated,S13-L20,S13,-3.0,6.0,1.0,,soft12.7+soft12.7,21.71,soft19+firm5,20.07,soft12.7+firm15,24.78,soft12.7+firm15,24.77,soft12.7+firm15,24.77,
ANSUR2-M-24870,M,1.263940520446096,validation,196.0,148.0,564.0,133.0,118.0,geometric_feasible,unevaluated,G226-L11,G226,6.0,3.0,1.0,,soft12.7+soft12.7,21.43,soft12.7+soft12.7,20.55,soft19+firm5,20.2,soft19+firm10,25.74,soft19+firm10,25.64,
ANSUR2-M-24876,M,1.263940520446096,train,203.0,152.0,568.0,137.0,114.0,geometric_feasible,unevaluated,G226-L01,G226,-3.0,0.0,2.0,,soft12.7+soft12.7,22.82,soft19+firm10,25.68,soft12.7+soft12.7,22.83,soft19+firm10,25.71,soft19+firm10,25.71,
ANSUR2-M-24881,M,1.263940520446096,train,191.0,154.0,563.0,125.0,122.0,geometric_feasible,unevaluated,S13-L20,S13,3.0,9.0,1.0,,soft12.7+soft12.7,20.36,soft12.7+soft12.7,22.74,soft19+firm5,20.33,soft12.7+soft12.7,21.6,soft12.7+soft12.7,21.6,
ANSUR2-M-24898,M,1.263940520446096,train,215.0,155.0,603.0,131.0,134.0,geometric_feasible,unevaluated,G226-L11,G226,3.0,6.0,1.0,,soft12.7+soft12.7,23.92,soft12.7+firm15,24.79,soft12.7+soft12.7,21.87,soft19+firm10,27.47,soft19+firm10,27.47,
ANSUR2-M-24941,M,1.263940520446096,validation,200.0,154.0,586.0,130.0,132.0,geometric_feasible,unevaluated,S13-L20,S13,3.0,0.0,1.0,,soft12.7+soft12.7,22.11,soft12.7+soft12.7,22.54,soft12.7,11.92,soft12.7+soft12.7,22.9,soft12.7+soft12.7,22.9,
ANSUR2-M-24943,M,1.263940520446096,train,197.0,147.0,564.0,133.0,128.0,geometric_feasible,unevaluated,G226-L11,G226,0.0,3.0,1.0,,soft12.7+soft12.7,23.55,soft12.7+soft12.7,23.5,soft19+firm10,25.76,soft19+firm10,26.15,soft19+firm10,26.15,
ANSUR2-M-24957,M,1.263940520446096,validation,196.0,152.0,566.0,133.0,122.0,geometric_feasible,unevaluated,G226-L20,G226,0.0,6.0,0.0,,soft12.7+soft12.7,22.02,soft12.7+firm15,24.7,soft12.7+soft12.7,23.85,soft19+firm10,25.94,soft19+firm10,25.94,
ANSUR2-M-24979,M,1.263940520446096,train,207.0,167.0,594.0,140.0,129.0,geometric_feasible,unevaluated,G226-L11,G226,6.0,0.0,1.0,,soft12.7+soft12.7,20.57,soft12.7+soft12.7,21.45,soft19,15.98,soft12.7+soft12.7,21.91,soft12.7+soft12.7,21.91,
ANSUR2-M-24982,M,1.263940520446096,validation,197.0,153.0,572.0,137.0,124.0,geometric_feasible,unevaluated,S13-L20,S13,3.0,0.0,3.0,,soft19,17.62,soft12.7+firm10,19.89,soft12.7+soft12.7,21.3,soft12.7+soft12.7,21.95,soft12.7+soft12.7,21.95,
ANSUR2-M-24995,M,1.263940520446096,validation,202.0,152.0,579.0,118.0,124.0,excluded,fail,S13-L20,S13,,,,nose,,,,,,,,,,,True
ANSUR2-M-24997,M,1.263940520446096,train,198.0,163.0,578.0,143.0,121.0,geometric_feasible,unevaluated,G226-L11,G226,0.0,-3.0,1.0,,soft12.7+soft12.7,21.02,soft19+firm10,26.97,soft12.7+soft12.7,20.62,soft12.7+soft12.7,23.16,soft12.7+soft12.7,23.16,
ANSUR2-M-25006,M,1.263940520446096,train,198.0,152.0,574.0,127.0,118.0,geometric_feasible,unevaluated,S13-L20,S13,0.0,6.0,2.0,,soft12.7+soft12.7,20.72,soft12.7+soft12.7,21.04,soft12.7+soft12.7,20.67,soft12.7+soft12.7,22.61,soft12.7+soft12.7,22.61,
ANSUR2-M-25014,M,1.263940520446096,train,205.0,152.0,581.0,129.0,117.0,geometric_feasible,unevaluated,S13-L20,S13,-6.0,6.0,1.0,,soft19,17.63,soft12.7+soft12.7,21.86,soft19,16.29,soft12.7+soft12.7,21.88,soft12.7+soft12.7,21.95,
ANSUR2-M-25136,M,1.263940520446096,train,197.0,151.0,560.0,140.0,117.0,geometric_feasible,unevaluated,G226-L01,G226,0.0,0.0,2.0,,soft12.7+soft12.7,21.02,soft12.7+soft12.7,22.34,soft19+firm10,26.91,soft19+firm10,25.5,soft19+firm10,25.5,
ANSUR2-M-25141,M,1.263940520446096,train,209.0,158.0,600.0,140.0,138.0,geometric_feasible,unevaluated,G226-L01,G226,0.0,0.0,2.0,,soft12.7+soft12.7,20.8,soft12.7+soft12.7,22.42,soft12.7+soft12.7,21.22,soft12.7+soft12.7,23.19,soft12.7+soft12.7,23.19,
ANSUR2-M-25154,M,1.263940520446096,train,205.0,157.0,588.0,133.0,131.0,geometric_feasible,unevaluated,G226-L20,G226,3.0,12.0,0.0,,soft19,16.02,soft12.7+soft12.7,23.96,soft12.7+soft12.7,21.35,soft12.7+soft12.7,23.65,soft12.7+soft12.7,23.65,
ANSUR2-M-25168,M,1.263940520446096,validation,210.0,163.0,605.0,135.0,120.0,geometric_feasible,unevaluated,G226-L11,G226,0.0,3.0,1.0,,soft12.7+soft12.7,22.47,soft12.7+soft12.7,20.87,soft19+firm10,25.92,soft12.7+soft12.7,24.02,soft12.7+soft12.7,24.02,
ANSUR2-M-25173,M,1.263940520446096,train,185.0,157.0,547.0,131.0,126.0,geometric_feasible,unevaluated,S13-L20,S13,3.0,6.0,0.0,,soft19,17.72,soft12.7+soft12.7,21.37,soft12.7+soft12.7,21.75,soft19+firm5,20.25,soft19+firm5,20.24,
ANSUR2-M-25176,M,1.263940520446096,train,209.0,152.0,592.0,140.0,130.0,geometric_feasible,unevaluated,G226-L01,G226,0.0,0.0,2.0,,soft19+firm5,20.14,soft19+firm5,20.34,soft12.7+soft12.7,20.41,soft12.7+soft12.7,23.18,soft12.7+soft12.7,23.18,
ANSUR2-M-25187,M,1.263940520446096,train,201.0,144.0,569.0,131.0,117.0,geometric_feasible,unevaluated,S13-L20,S13,-6.0,-3.0,1.0,,soft12.7+soft12.7,22.0,soft19+firm10,27.07,soft19,16.11,soft19+firm10,25.82,soft19+firm10,25.9,
ANSUR2-M-26152,M,1.263940520446096,validation,190.0,152.0,548.0,127.0,114.0,geometric_feasible,unevaluated,S13-L20,S13,-3.0,6.0,0.0,,soft12.7+soft12.7,21.71,soft19+firm10,24.9,soft12.7+soft12.7,22.96,soft19+firm10,25.16,soft19+firm10,25.16,
ANSUR2-M-26159,M,1.263940520446096,train,207.0,150.0,572.0,138.0,115.0,geometric_feasible,unevaluated,G226-L11,G226,0.0,3.0,1.0,,soft19+firm5,20.02,soft12.7+soft12.7,20.75,soft19+firm10,25.39,soft19+firm10,26.06,soft19+firm10,26.05,
ANSUR2-M-26160,M,1.263940520446096,train,185.0,157.0,549.0,129.0,121.0,geometric_feasible,unevaluated,S13-L20,S13,0.0,3.0,0.0,,soft12.7+soft12.7,22.78,soft19+firm10,25.88,soft12.7+firm15,24.62,soft12.7+soft12.7,21.82,soft12.7+soft12.7,21.81,
ANSUR2-M-26165,M,1.263940520446096,train,193.0,146.0,543.0,131.0,105.0,geometric_feasible,unevaluated,S13-L20,S13,-6.0,6.0,1.0,,soft19,15.62,soft19+firm5,20.13,soft19,15.78,soft19+firm5,20.32,soft12.7+soft12.7,20.38,
ANSUR2-M-26170,M,1.263940520446096,validation,191.0,156.0,569.0,135.0,121.0,geometric_feasible,unevaluated,G226-L01,G226,6.0,0.0,2.0,,soft19+firm10,25.29,soft19+firm10,26.74,soft12.7+soft12.7,23.94,soft19+firm10,26.83,soft19+firm10,26.83,
ANSUR2-M-26192,M,1.263940520446096,validation,200.0,154.0,575.0,136.0,128.0,geometric_feasible,unevaluated,S13-L20,S13,6.0,0.0,3.0,,soft19,17.35,soft19,17.54,soft12.7+soft12.7,21.89,soft12.7+soft12.7,21.18,soft12.7+soft12.7,21.08,
ANSUR2-M-26197,M,1.263940520446096,train,196.0,153.0,573.0,131.0,139.0,geometric_feasible,unevaluated,S13-L20,S13,-3.0,6.0,1.0,,soft19,17.71,soft12.7+soft12.7,20.77,soft12.7+soft12.7,21.16,soft12.7+soft12.7,22.14,soft12.7+soft12.7,22.14,
ANSUR2-M-26602,M,1.263940520446096,validation,209.0,155.0,593.0,132.0,121.0,geometric_feasible,unevaluated,G226-L01,G226,3.0,0.0,2.0,,soft19+firm10,27.07,soft19+firm10,25.1,soft19+firm10,26.4,soft19+firm10,27.34,soft19+firm10,27.34,
ANSUR2-M-26604,M,1.263940520446096,train,204.0,151.0,572.0,136.0,125.0,geometric_feasible,unevaluated,G226-L11,G226,0.0,3.0,1.0,,soft12.7+soft12.7,22.02,soft12.7+soft12.7,23.71,soft12.7+soft12.7,22.27,soft19+firm10,25.68,soft19+firm10,25.68,
ANSUR2-M-26607,M,1.263940520446096,train,208.0,162.0,598.0,143.0,134.0,geometric_feasible,unevaluated,G226-L01,G226,3.0,-3.0,2.0,,soft12.7+soft12.7,20.86,soft12.7+soft12.7,23.07,soft19,15.43,soft12.7+soft12.7,24.05,soft12.7+soft12.7,24.06,
ANSUR2-M-26617,M,1.263940520446096,validation,198.0,154.0,581.0,139.0,124.0,geometric_feasible,unevaluated,G226-L01,G226,0.0,-3.0,2.0,,soft19+firm10,24.91,soft19+firm10,26.07,soft19,15.23,soft19+firm10,26.04,soft19+firm10,26.04,
ANSUR2-M-26626,M,1.263940520446096,train,203.0,154.0,573.0,127.0,123.0,geometric_feasible,unevaluated,S13-L20,S13,6.0,9.0,3.0,,soft19,17.36,soft19,17.41,soft19,15.86,soft19+firm5,20.04,soft19+firm5,20.04,
ANSUR2-M-26628,M,1.263940520446096,train,207.0,152.0,594.0,133.0,138.0,geometric_feasible,unevaluated,S13-L20,S13,-6.0,6.0,2.0,,soft19,15.32,soft12.7+soft12.7,20.45,soft19,15.96,soft19+firm5,20.01,soft19+firm5,20.22,
ANSUR2-M-26630,M,1.263940520446096,validation,193.0,151.0,551.0,132.0,114.0,geometric_feasible,unevaluated,S13-L20,S13,-6.0,6.0,2.0,,soft19,16.31,soft12.7+soft12.7,22.08,soft19,17.93,soft12.7+soft12.7,21.25,soft12.7+soft12.7,21.25,
ANSUR2-M-26633,M,1.263940520446096,validation,201.0,147.0,566.0,135.0,132.0,geometric_feasible,unevaluated,G226-L01,G226,-6.0,0.0,2.0,,soft12.7+soft12.7,23.64,soft12.7+soft12.7,21.42,soft12.7+soft12.7,23.9,soft19+firm10,25.48,soft19+firm10,25.48,
ANSUR2-M-26637,M,1.263940520446096,train,197.0,157.0,570.0,121.0,122.0,geometric_feasible,unevaluated,S13-L20,S13,0.0,3.0,0.0,,soft19+firm10,25.32,soft19+firm10,25.49,soft19+firm5,20.1,soft12.7+soft12.7,21.79,soft12.7+soft12.7,21.78,
ANSUR2-M-26657,M,1.263940520446096,train,204.0,150.0,584.0,132.0,121.0,geometric_feasible,unevaluated,S13-L20,S13,-6.0,3.0,3.0,,soft19,16.3,soft12.7+soft12.7,20.57,soft19,15.57,soft19+firm5,20.2,soft19+firm5,20.29,
ANSUR2-M-26663,M,1.263940520446096,train,210.0,155.0,590.0,135.0,125.0,geometric_feasible,unevaluated,G226-L01,G226,0.0,-3.0,2.0,,soft12.7+soft12.7,23.97,soft19+firm10,25.06,soft12.7+soft12.7,21.51,soft19+firm10,25.61,soft19+firm10,25.61,
ANSUR2-M-26666,M,1.263940520446096,validation,198.0,150.0,560.0,134.0,128.0,geometric_feasible,unevaluated,G226-L20,G226,0.0,9.0,0.0,,soft19,18.02,soft12.7+soft12.7,23.13,soft19+firm10,25.63,soft19+firm10,25.55,soft19+firm10,25.55,
ANSUR2-M-26668,M,1.263940520446096,validation,205.0,153.0,584.0,139.0,122.0,geometric_feasible,unevaluated,S13-L20,S13,-6.0,0.0,3.0,,soft19,15.39,soft12.7+soft12.7,21.52,soft19,16.23,soft12.7+soft12.7,20.76,soft12.7+soft12.7,21.0,
ANSUR2-M-26673,M,1.263940520446096,train,196.0,150.0,569.0,128.0,117.0,geometric_feasible,unevaluated,G226-L11,G226,6.0,6.0,0.0,,soft12.7+soft12.7,23.68,soft12.7+soft12.7,23.51,soft19+firm10,25.18,soft12.7+firm15,24.6,soft12.7+firm15,24.6,
ANSUR2-M-26684,M,1.263940520446096,validation,203.0,162.0,583.0,132.0,120.0,geometric_feasible,unevaluated,G226-L11,G226,3.0,3.0,1.0,,soft19+firm10,25.9,soft19+firm10,27.21,soft19+firm10,26.49,soft12.7+soft12.7,23.92,soft12.7+soft12.7,23.9,
ANSUR2-M-26687,M,1.263940520446096,validation,197.0,147.0,562.0,124.0,117.0,excluded,fail,S13-L20,S13,,,,field_of_view,,,,,,,,,,,True
ANSUR2-M-26689,M,1.263940520446096,train,205.0,161.0,596.0,138.0,129.0,geometric_feasible,unevaluated,G226-L01,G226,3.0,-9.0,2.0,,soft19+firm10,27.12,soft19+firm10,25.87,soft12.7+soft12.7,22.39,soft19+firm10,24.94,soft19+firm10,24.94,
ANSUR2-M-26702,M,1.263940520446096,train,191.0,151.0,560.0,134.0,110.0,geometric_feasible,unevaluated,G226-L01,G226,6.0,3.0,0.0,,soft12.7+soft12.7,22.97,soft12.7+soft12.7,23.6,soft19+firm10,25.2,soft19+firm10,25.71,soft19+firm10,25.66,
ANSUR2-M-26703,M,1.263940520446096,validation,215.0,159.0,607.0,140.0,118.0,geometric_feasible,unevaluated,G226-L01,G226,-3.0,-3.0,2.0,,soft12.7+soft12.7,21.96,soft19+firm10,26.08,soft19,15.77,soft19+firm10,25.75,soft19+firm10,25.74,
ANSUR2-M-26704,M,1.263940520446096,train,192.0,154.0,567.0,131.0,132.0,geometric_feasible,unevaluated,S13-L20,S13,0.0,6.0,1.0,,soft19,17.74,soft12.7+soft12.7,22.27,soft12.7+soft12.7,20.42,soft12.7+soft12.7,21.69,soft12.7+soft12.7,21.69,
ANSUR2-M-26706,M,1.263940520446096,train,210.0,153.0,584.0,131.0,119.0,geometric_feasible,unevaluated,G226-L20,G226,0.0,9.0,0.0,,soft12.7+soft12.7,21.02,soft12.7+soft12.7,22.57,soft12.7+soft12.7,23.57,soft19+firm10,25.48,soft19+firm10,25.48,
ANSUR2-M-26726,M,1.263940520446096,train,205.0,154.0,580.0,135.0,133.0,geometric_feasible,unevaluated,G226-L01,G226,-3.0,0.0,2.0,,soft19+firm10,24.86,soft12.7+soft12.7,24.0,soft19,16.81,soft19+firm10,26.3,soft19+firm10,26.31,
ANSUR2-M-26729,M,1.263940520446096,validation,203.0,153.0,577.0,132.0,126.0,geometric_feasible,unevaluated,S13-L20,S13,-3.0,6.0,1.0,,soft19,16.71,soft12.7+soft12.7,21.91,soft19,17.4,soft12.7+soft12.7,22.52,soft12.7+soft12.7,22.65,
ANSUR2-M-26730,M,1.263940520446096,validation,197.0,148.0,556.0,133.0,121.0,geometric_feasible,unevaluated,S13-L20,S13,-6.0,3.0,1.0,,soft19,17.32,soft12.7+soft12.7,21.79,soft19,17.59,soft12.7+soft12.7,21.94,soft12.7+soft12.7,22.13,
ANSUR2-M-26737,M,1.263940520446096,train,201.0,158.0,585.0,142.0,114.0,geometric_feasible,unevaluated,G226-L01,G226,0.0,-3.0,1.0,,soft12.7+soft12.7,21.99,soft12.7+soft12.7,24.11,soft12.7+soft12.7,23.1,soft12.7+soft12.7,23.53,soft12.7+soft12.7,23.53,
ANSUR2-M-26738,M,1.263940520446096,validation,189.0,149.0,550.0,129.0,115.0,geometric_feasible,unevaluated,S13-L20,S13,-3.0,3.0,1.0,,soft12.7+soft12.7,22.25,soft19+firm10,25.88,soft12.7+soft12.7,21.19,soft19+firm10,25.05,soft19+firm10,25.05,
ANSUR2-M-26748,M,1.263940520446096,validation,200.0,149.0,560.0,132.0,127.0,geometric_feasible,unevaluated,S13-L20,S13,0.0,0.0,2.0,,soft19+firm5,20.19,soft12.7+soft12.7,21.77,soft19,17.96,soft12.7+soft12.7,23.46,soft12.7+soft12.7,23.46,
ANSUR2-M-26769,M,1.263940520446096,train,198.0,145.0,562.0,137.0,119.0,geometric_feasible,unevaluated,G226-L01,G226,0.0,0.0,2.0,,soft12.7+soft12.7,23.19,soft12.7+soft12.7,23.56,soft12.7+soft12.7,23.42,soft19+firm10,25.7,soft19+firm10,25.7,
ANSUR2-M-26777,M,1.263940520446096,train,193.0,153.0,556.0,125.0,123.0,geometric_feasible,unevaluated,S13-L20,S13,3.0,6.0,1.0,,soft12.7+soft12.7,23.01,soft12.7+firm15,24.7,soft12.7+soft12.7,21.0,soft12.7+soft12.7,23.64,soft12.7+soft12.7,23.64,
ANSUR2-M-26781,M,1.263940520446096,train,205.0,150.0,578.0,132.0,122.0,geometric_feasible,unevaluated,S13-L20,S13,0.0,-3.0,2.0,,soft12.7+soft12.7,22.2,soft12.7+soft12.7,23.26,soft19,15.7,soft19+firm10,25.85,soft19+firm10,25.85,
ANSUR2-M-26789,M,1.263940520446096,train,198.0,155.0,580.0,134.0,125.0,geometric_feasible,unevaluated,G226-L01,G226,3.0,0.0,1.0,,soft19+firm10,26.3,soft19+firm10,26.72,soft19+firm10,27.16,soft19+firm10,26.76,soft19+firm10,26.76,
ANSUR2-M-26797,M,1.263940520446096,train,197.0,161.0,575.0,141.0,125.0,excluded,fail,S13-L20,S13,,,,pad_too_tight,,,,,,,,,,,True
ANSUR2-M-26800,M,1.263940520446096,train,203.0,150.0,575.0,134.0,123.0,geometric_feasible,unevaluated,S13-L20,S13,-6.0,0.0,2.0,,soft19,16.46,soft12.7+soft12.7,21.19,soft12.7+firm5,15.13,soft12.7+soft12.7,20.99,soft12.7+soft12.7,21.06,
ANSUR2-M-26808,M,1.263940520446096,train,210.0,160.0,598.0,137.0,128.0,geometric_feasible,unevaluated,G226-L11,G226,6.0,-3.0,1.0,,soft12.7+soft12.7,24.07,soft12.7+soft12.7,22.97,soft12.7+firm5,15.17,soft19+firm10,25.32,soft19+firm10,25.31,
ANSUR2-M-26818,M,1.263940520446096,validation,200.0,155.0,576.0,129.0,123.0,geometric_feasible,unevaluated,S13-L20,S13,0.0,6.0,1.0,,soft12.7+firm10,19.78,soft12.7+soft12.7,21.78,soft12.7+soft12.7,21.28,soft12.7+soft12.7,22.74,soft12.7+soft12.7,22.74,
ANSUR2-M-26827,M,1.263940520446096,train,191.0,154.0,558.0,130.0,121.0,geometric_feasible,unevaluated,S13-L20,S13,-6.0,3.0,1.0,,soft19,17.8,soft12.7+soft12.7,22.1,soft19,17.65,soft12.7+firm10,19.87,soft12.7+firm10,19.87,
ANSUR2-M-26828,M,1.263940520446096,train,200.0,154.0,574.0,133.0,119.0,geometric_feasible,unevaluated,G226-L01,G226,3.0,3.0,2.0,,soft12.7+firm15,24.56,soft19+firm10,26.03,soft12.7+soft12.7,21.83,soft19+firm10,26.89,soft19+firm10,26.9,
ANSUR2-M-26829,M,1.263940520446096,train,203.0,148.0,574.0,126.0,128.0,geometric_feasible,unevaluated,S13-L20,S13,-3.0,6.0,1.0,,soft19,17.77,soft12.7+soft12.7,21.56,soft19,15.54,soft12.7+soft12.7,22.33,soft12.7+soft12.7,22.39,
ANSUR2-M-26842,M,1.263940520446096,train,194.0,157.0,573.0,139.0,120.0,geometric_feasible,unevaluated,G226-L01,G226,3.0,-3.0,2.0,,soft12.7+soft12.7,23.6,soft12.7+soft12.7,23.53,soft12.7+firm10,19.94,soft19+firm10,26.32,soft19+firm10,26.32,
ANSUR2-M-26855,M,1.263940520446096,validation,215.0,161.0,612.0,133.0,133.0,geometric_feasible,unevaluated,G226-L01,G226,0.0,0.0,2.0,,soft19+firm10,26.7,soft19+firm10,24.83,soft12.7+soft12.7,21.43,soft12.7+firm15,24.7,soft12.7+firm15,24.7,
ANSUR2-M-26862,M,1.263940520446096,train,199.0,157.0,576.0,140.0,123.0,geometric_feasible,unevaluated,S13-L20,S13,3.0,0.0,3.0,,soft12.7,11.98,soft12.7,11.96,soft19,16.18,soft19,15.53,soft19,15.53,
ANSUR2-M-26865,M,1.263940520446096,validation,201.0,156.0,573.0,136.0,126.0,geometric_feasible,unevaluated,S13-L20,S13,-6.0,0.0,2.0,,soft19,16.61,soft12.7+soft12.7,23.57,soft19,15.34,soft12.7+soft12.7,21.44,soft12.7+soft12.7,21.5,
ANSUR2-M-26870,M,1.263940520446096,train,196.0,160.0,572.0,134.0,126.0,geometric_feasible,unevaluated,S13-L20,S13,0.0,0.0,2.0,,soft12.7+soft12.7,20.73,soft12.7+soft12.7,22.94,soft19,16.02,soft12.7+soft12.7,20.95,soft12.7+soft12.7,20.94,
ANSUR2-M-26871,M,1.263940520446096,train,205.0,155.0,584.0,127.0,126.0,geometric_feasible,unevaluated,S13-L20,S13,0.0,3.0,2.0,,soft19+firm5,20.12,soft12.7+soft12.7,22.25,soft19,15.49,soft12.7+soft12.7,22.4,soft12.7+soft12.7,22.4,
ANSUR2-M-26893,M,1.263940520446096,train,185.0,150.0,549.0,132.0,122.0,geometric_feasible,unevaluated,S13-L20,S13,0.0,6.0,0.0,,soft19,16.75,soft12.7+soft12.7,21.8,soft12.7+soft12.7,22.91,soft12.7+soft12.7,22.47,soft12.7+soft12.7,22.47,
ANSUR2-M-26898,M,1.263940520446096,validation,195.0,156.0,568.0,127.0,117.0,geometric_feasible,unevaluated,S13-L20,S13,0.0,3.0,0.0,,soft12.7+soft12.7,22.6,soft12.7+firm15,24.67,soft12.7+soft12.7,20.86,soft12.7+soft12.7,22.28,soft12.7+soft12.7,22.27,
ANSUR2-M-26913,M,1.263940520446096,train,192.0,153.0,562.0,125.0,124.0,geometric_feasible,unevaluated,S13-L20,S13,-3.0,6.0,2.0,,soft12.7+soft12.7,21.51,soft19+firm5,20.25,soft12.7+soft12.7,22.43,soft12.7+soft12.7,21.75,soft12.7+soft12.7,21.74,
ANSUR2-M-26917,M,1.263940520446096,validation,212.0,162.0,616.0,137.0,115.0,geometric_feasible,unevaluated,G226-L01,G226,-6.0,-6.0,2.0,,soft19+firm10,27.09,soft12.7+soft12.7,22.23,soft19,15.54,soft12.7+firm15,24.62,soft12.7+firm15,24.62,
ANSUR2-M-26918,M,1.263940520446096,train,202.0,153.0,576.0,131.0,131.0,geometric_feasible,unevaluated,G226-L11,G226,0.0,3.0,1.0,,soft19+firm10,24.82,soft12.7+soft12.7,23.98,soft19+firm10,26.6,soft19+firm10,26.23,soft19+firm10,26.23,
ANSUR2-M-26921,M,1.263940520446096,train,195.0,152.0,560.0,133.0,118.0,geometric_feasible,unevaluated,S13-L20,S13,0.0,6.0,2.0,,soft19,15.32,soft19,16.28,soft19,15.94,soft19,17.79,soft19,17.78,
ANSUR2-M-26931,M,1.263940520446096,train,208.0,157.0,589.0,134.0,128.0,geometric_feasible,unevaluated,G226-L01,G226,0.0,-3.0,2.0,,soft19+firm10,25.86,soft19+firm10,26.92,soft12.7+soft12.7,22.33,soft19+firm10,25.4,soft19+firm10,25.4,
ANSUR2-M-26934,M,1.263940520446096,train,199.0,160.0,579.0,128.0,121.0,geometric_feasible,unevaluated,S13-L20,S13,-3.0,-6.0,1.0,,soft19+firm10,26.09,soft12.7+soft12.7,23.37,soft12.7+soft12.7,20.61,soft19+firm5,20.32,soft19+firm5,20.32,
ANSUR2-M-26942,M,1.263940520446096,validation,206.0,148.0,584.0,134.0,119.0,geometric_feasible,unevaluated,S13-L20,S13,6.0,0.0,1.0,,soft19+firm5,20.3,soft12.7+soft12.7,21.51,soft19,17.17,soft19+firm10,24.83,soft12.7+firm15,24.7,
ANSUR2-M-26949,M,1.263940520446096,train,200.0,146.0,567.0,127.0,125.0,geometric_feasible,unevaluated,S13-L20,S13,-3.0,3.0,0.0,,soft12.7+soft12.7,20.95,soft19+firm10,26.76,soft19,15.39,soft19+firm10,25.81,soft19+firm10,25.88,
ANSUR2-M-26953,M,1.263940520446096,train,201.0,147.0,566.0,127.0,129.0,geometric_feasible,unevaluated,S13-L20,S13,3.0,6.0,2.0,,soft19+firm5,20.31,soft12.7+soft12.7,21.66,soft19,16.57,soft12.7+soft12.7,23.96,soft12.7+soft12.7,23.96,
ANSUR2-M-26964,M,1.263940520446096,train,200.0,151.0,572.0,124.0,129.0,geometric_feasible,unevaluated,S13-L20,S13,-3.0,3.0,2.0,,soft12.7+soft12.7,23.59,soft12.7+soft12.7,24.0,soft12.7+firm10,19.86,soft12.7+firm15,24.76,soft12.7+firm15,24.76,
ANSUR2-M-26965,M,1.263940520446096,train,207.0,159.0,604.0,136.0,128.0,geometric_feasible,unevaluated,S13-L20,S13,-3.0,3.0,3.0,,soft12.7+firm5,15.16,soft19,15.91,soft19,15.3,soft19,17.37,soft19,17.39,
ANSUR2-M-26989,M,1.263940520446096,validation,189.0,147.0,551.0,121.0,116.0,geometric_feasible,unevaluated,S13-L20,S13,3.0,9.0,0.0,,soft12.7+soft12.7,22.47,soft12.7+soft12.7,23.23,soft19+firm5,20.34,soft12.7+soft12.7,23.2,soft12.7+soft12.7,23.19,
ANSUR2-M-26999,M,1.263940520446096,validation,202.0,155.0,575.0,140.0,113.0,geometric_feasible,unevaluated,G226-L01,G226,-6.0,0.0,2.0,,soft12.7+soft12.7,20.55,soft19+firm10,26.0,soft19,15.5,soft19+firm10,25.23,soft19+firm10,25.24,
ANSUR2-M-27004,M,1.263940520446096,train,195.0,157.0,567.0,141.0,111.0,geometric_feasible,unevaluated,G226-L01,G226,3.0,3.0,0.0,,soft19,17.02,soft12.7+soft12.7,22.29,soft19+firm10,25.52,soft12.7+soft12.7,23.46,soft12.7+soft12.7,23.45,
ANSUR2-M-27007,M,1.263940520446096,train,203.0,148.0,568.0,127.0,122.0,geometric_feasible,unevaluated,S13-L20,S13,3.0,9.0,2.0,,soft19,16.78,soft19,16.64,soft19,17.16,soft12.7+soft12.7,20.77,soft12.7+soft12.7,20.78,
ANSUR2-M-27009,M,1.263940520446096,train,195.0,157.0,571.0,139.0,114.0,geometric_feasible,unevaluated,G226-L01,G226,6.0,-6.0,2.0,,soft19+firm10,25.47,soft19+firm10,25.41,soft12.7+firm5,14.97,soft19+firm10,27.01,soft19+firm10,27.0,
ANSUR2-M-27022,M,1.263940520446096,validation,194.0,152.0,565.0,136.0,125.0,geometric_feasible,unevaluated,S13-L20,S13,6.0,-3.0,2.0,,soft12.7+soft12.7,20.38,soft12.7+soft12.7,20.52,soft19,15.71,soft12.7+soft12.7,23.89,soft12.7+soft12.7,23.77,
ANSUR2-M-27030,M,1.263940520446096,train,211.0,160.0,595.0,135.0,115.0,geometric_feasible,unevaluated,G226-L01,G226,-3.0,-3.0,2.0,,soft12.7+soft12.7,21.95,soft19+firm10,27.2,soft19,16.28,soft12.7+soft12.7,23.08,soft12.7+soft12.7,23.08,
ANSUR2-M-27031,M,1.263940520446096,train,197.0,148.0,565.0,123.0,122.0,geometric_feasible,unevaluated,S13-L20,S13,0.0,3.0,0.0,,soft19+firm10,26.83,soft19+firm10,26.11,soft12.7+soft12.7,21.29,soft19+firm10,26.69,soft19+firm10,26.69,
ANSUR2-M-27034,M,1.263940520446096,validation,198.0,156.0,573.0,132.0,126.0,geometric_feasible,unevaluated,S13-L20,S13,-6.0,3.0,2.0,,soft19,17.91,soft12.7+soft12.7,22.08,soft19,17.93,soft12.7+soft12.7,20.88,soft12.7+soft12.7,20.88,
ANSUR2-M-27041,M,1.263940520446096,validation,210.0,147.0,575.0,136.0,130.0,geometric_feasible,unevaluated,G226-L01,G226,6.0,0.0,2.0,,soft12.7+soft12.7,21.31,soft12.7+firm10,19.95,soft19+firm10,27.08,soft19+firm10,27.32,soft19+firm10,27.15,
ANSUR2-M-27046,M,1.263940520446096,train,201.0,144.0,569.0,125.0,122.0,geometric_feasible,unevaluated,S13-L20,S13,3.0,3.0,1.0,,soft12.7+soft12.7,22.22,soft19,16.43,soft19+firm10,24.96,soft19+firm10,25.46,soft19+firm10,25.4,
ANSUR2-M-27047,M,1.263940520446096,train,194.0,144.0,548.0,119.0,105.0,geometric_feasible,unevaluated,S13-L20,S13,-3.0,9.0,0.0,,soft12.7+soft12.7,22.59,soft19+firm10,25.41,soft12.7+soft12.7,20.9,soft19+firm10,26.25,soft19+firm10,26.25,
ANSUR2-M-27051,M,1.263940520446096,validation,208.0,163.0,599.0,129.0,128.0,geometric_feasible,unevaluated,G226-L20,G226,0.0,9.0,0.0,,soft12.7+soft12.7,23.02,soft19+firm10,26.51,soft19+firm10,25.02,soft12.7+soft12.7,23.73,soft12.7+soft12.7,23.73,
ANSUR2-M-27052,M,1.263940520446096,train,196.0,155.0,568.0,129.0,116.0,geometric_feasible,unevaluated,S13-L20,S13,0.0,3.0,2.0,,soft12.7+soft12.7,22.66,soft12.7+soft12.7,22.96,soft12.7+soft12.7,23.34,soft12.7+soft12.7,23.38,soft12.7+soft12.7,23.37,
ANSUR2-M-27054,M,1.263940520446096,train,204.0,152.0,569.0,134.0,125.0,geometric_feasible,unevaluated,S13-L20,S13,-3.0,3.0,1.0,,soft19,17.29,soft12.7+soft12.7,21.65,soft19,15.99,soft12.7+soft12.7,22.31,soft12.7+soft12.7,22.31,
ANSUR2-M-27063,M,1.263940520446096,train,215.0,162.0,606.0,136.0,131.0,geometric_feasible,unevaluated,G226-L11,G226,-6.0,3.0,1.0,,soft12.7+soft12.7,20.75,soft19+firm10,27.22,soft19,17.09,soft12.7+firm15,24.75,soft12.7+firm15,24.75,
ANSUR2-M-27065,M,1.263940520446096,validation,190.0,145.0,540.0,118.0,114.0,geometric_feasible,unevaluated,S13-L20,S13,0.0,9.0,0.0,,soft19+firm10,25.76,soft12.7+soft12.7,23.56,soft12.7+soft12.7,23.7,soft19+firm10,25.31,soft19+firm10,25.3,
ANSUR2-M-27110,M,1.263940520446096,train,196.0,148.0,562.0,128.0,122.0,geometric_feasible,unevaluated,S13-L20,S13,-6.0,9.0,0.0,,soft19,17.67,soft12.7+soft12.7,20.89,soft12.7+soft12.7,22.01,soft12.7+soft12.7,23.92,soft12.7+soft12.7,24.11,
ANSUR2-M-27120,M,1.263940520446096,train,190.0,148.0,549.0,131.0,119.0,geometric_feasible,unevaluated,S13-L20,S13,3.0,3.0,1.0,,soft19+firm5,20.19,soft12.7+soft12.7,21.06,soft12.7+soft12.7,22.67,soft12.7+soft12.7,23.05,soft12.7+soft12.7,23.05,
ANSUR2-M-27125,M,1.263940520446096,validation,194.0,147.0,556.0,132.0,118.0,geometric_feasible,unevaluated,G226-L11,G226,3.0,0.0,1.0,,soft12.7+soft12.7,23.82,soft12.7+soft12.7,22.4,soft19+firm10,27.35,soft19+firm10,25.84,soft19+firm10,25.84,
ANSUR2-M-27126,M,1.263940520446096,train,190.0,162.0,579.0,136.0,119.0,geometric_feasible,unevaluated,S13-L20,S13,3.0,3.0,1.0,,soft19,15.72,soft12.7+soft12.7,20.64,soft19+firm10,24.87,soft19+firm5,20.03,soft19+firm5,20.03,
ANSUR2-M-27127,M,1.263940520446096,train,211.0,158.0,605.0,136.0,138.0,geometric_feasible,unevaluated,G226-L01,G226,3.0,-3.0,2.0,,soft19+firm10,26.15,soft19+firm10,26.52,soft19+firm5,20.26,soft19+firm10,26.2,soft19+firm10,26.19,
ANSUR2-M-27130,M,1.263940520446096,validation,189.0,154.0,557.0,133.0,122.0,geometric_feasible,unevaluated,G226-L11,G226,6.0,3.0,1.0,,soft12.7+soft12.7,24.06,soft19+firm10,25.23,soft12.7+soft12.7,20.38,soft19+firm10,26.49,soft19+firm10,26.49,
ANSUR2-M-27147,M,1.263940520446096,train,198.0,156.0,577.0,121.0,127.0,excluded,fail,S13-L20,S13,,,,nose,,,,,,,,,,,True
ANSUR2-M-27148,M,1.263940520446096,train,202.0,157.0,581.0,129.0,124.0,geometric_feasible,unevaluated,G226-L01,G226,0.0,6.0,2.0,,soft12.7+soft12.7,22.14,soft19+firm5,20.07,soft19+firm10,25.28,soft12.7+soft12.7,22.96,soft12.7+soft12.7,22.96,
ANSUR2-M-27152,M,1.263940520446096,validation,203.0,151.0,580.0,130.0,121.0,geometric_feasible,unevaluated,S13-L20,S13,-3.0,6.0,2.0,,soft19,17.62,soft12.7+soft12.7,21.32,soft19,16.55,soft12.7+soft12.7,21.6,soft12.7+soft12.7,21.71,
ANSUR2-M-27162,M,1.263940520446096,validation,208.0,151.0,585.0,132.0,136.0,geometric_feasible,unevaluated,S13-L20,S13,-3.0,-3.0,2.0,,soft12.7+soft12.7,23.78,soft12.7+firm10,19.82,soft19,16.77,soft19+firm10,25.21,soft19+firm10,25.2,
ANSUR2-M-27163,M,1.263940520446096,train,207.0,156.0,596.0,136.0,121.0,geometric_feasible,unevaluated,G226-L11,G226,0.0,3.0,1.0,,soft12.7+soft12.7,22.02,soft19+firm10,26.3,soft19,17.89,soft19+firm10,26.79,soft19+firm10,26.8,
ANSUR2-M-27164,M,1.263940520446096,train,201.0,160.0,579.0,139.0,120.0,geometric_feasible,unevaluated,G226-L01,G226,6.0,-6.0,2.0,,soft19+firm10,27.03,soft12.7+soft12.7,23.04,soft12.7+soft12.7,20.47,soft19+firm10,25.9,soft19+firm10,25.9,
ANSUR2-M-27166,M,1.263940520446096,train,195.0,151.0,561.0,136.0,125.0,geometric_feasible,unevaluated,G226-L11,G226,3.0,3.0,1.0,,soft12.7+soft12.7,21.77,soft12.7+soft12.7,22.72,soft19+firm10,27.06,soft19+firm10,25.33,soft19+firm10,25.33,
ANSUR2-M-27168,M,1.263940520446096,train,220.0,155.0,603.0,134.0,138.0,geometric_feasible,unevaluated,G226-L01,G226,-3.0,0.0,2.0,,soft12.7+soft12.7,22.79,soft12.7+soft12.7,23.8,soft19,16.75,soft19+firm10,27.26,soft19+firm10,27.26,
ANSUR2-M-27173,M,1.263940520446096,train,210.0,159.0,600.0,128.0,117.0,geometric_feasible,unevaluated,G226-L11,G226,-3.0,6.0,1.0,,soft19+firm10,25.44,soft12.7+firm15,24.68,soft19+firm10,25.42,soft19+firm10,25.99,soft19+firm10,25.99,
ANSUR2-M-27178,M,1.263940520446096,train,209.0,154.0,589.0,131.0,125.0,geometric_feasible,unevaluated,G226-L20,G226,0.0,3.0,0.0,,soft19+firm10,26.0,soft12.7+soft12.7,23.35,soft19+firm10,26.66,soft19+firm10,27.21,soft19+firm10,27.21,
ANSUR2-M-27188,M,1.263940520446096,train,193.0,160.0,569.0,127.0,121.0,geometric_feasible,unevaluated,S13-L20,S13,0.0,9.0,3.0,,soft19,15.82,soft19,15.3,soft19,17.63,soft19,15.73,soft19,15.73,
ANSUR2-M-27198,M,1.263940520446096,train,188.0,158.0,560.0,129.0,124.0,geometric_feasible,unevaluated,S13-L20,S13,6.0,9.0,1.0,,soft19,15.37,soft19,15.51,soft12.7+soft12.7,20.6,soft19,17.18,soft19,17.18,
ANSUR2-M-27200,M,1.263940520446096,train,205.0,149.0,578.0,127.0,134.0,geometric_feasible,unevaluated,G226-L20,G226,-3.0,12.0,0.0,,soft12.7+soft12.7,21.89,soft12.7+soft12.7,21.96,soft12.7+soft12.7,24.12,soft19+firm10,25.61,soft19+firm10,25.61,
ANSUR2-M-27210,M,1.263940520446096,train,202.0,150.0,579.0,131.0,123.0,geometric_feasible,unevaluated,S13-L20,S13,-6.0,3.0,2.0,,soft19,16.95,soft19+firm5,20.28,soft19,15.8,soft12.7+soft12.7,20.41,soft12.7+soft12.7,20.45,
ANSUR2-M-27248,M,1.263940520446096,validation,205.0,158.0,580.0,135.0,123.0,geometric_feasible,unevaluated,G226-L01,G226,3.0,0.0,1.0,,soft12.7+firm15,24.76,soft12.7+firm15,24.77,soft12.7+soft12.7,23.76,soft19+firm10,25.28,soft19+firm10,25.27,
ANSUR2-M-27249,M,1.263940520446096,validation,200.0,158.0,578.0,133.0,137.0,geometric_feasible,unevaluated,G226-L11,G226,3.0,0.0,1.0,,soft12.7+firm15,24.74,soft12.7+soft12.7,23.31,soft19,15.41,soft19+firm10,25.86,soft19+firm10,25.86,
ANSUR2-M-27258,M,1.263940520446096,train,198.0,155.0,579.0,127.0,120.0,geometric_feasible,unevaluated,G226-L20,G226,-6.0,9.0,0.0,,soft12.7+firm15,24.72,soft19+firm10,27.17,soft19+firm10,27.08,soft19+firm10,26.49,soft19+firm10,26.49,
ANSUR2-M-27261,M,1.263940520446096,train,201.0,154.0,576.0,138.0,119.0,geometric_feasible,unevaluated,G226-L11,G226,3.0,0.0,1.0,,soft12.7+soft12.7,21.77,soft12.7+soft12.7,22.12,soft12.7+firm5,15.05,soft19+firm10,25.07,soft19+firm10,25.08,
ANSUR2-M-27268,M,1.263940520446096,validation,213.0,165.0,610.0,141.0,129.0,excluded,fail,G226-L20,G226,,,,pad_too_tight,,,,,,,,,,,True
ANSUR2-M-27271,M,1.263940520446096,validation,199.0,152.0,562.0,143.0,136.0,geometric_feasible,unevaluated,G226-L01,G226,0.0,-6.0,2.0,,soft12.7+soft12.7,23.96,soft19+firm10,26.82,soft19,15.39,soft19+firm10,26.93,soft19+firm10,26.92,
ANSUR2-M-27273,M,1.263940520446096,train,195.0,147.0,567.0,127.0,122.0,geometric_feasible,unevaluated,S13-L20,S13,0.0,3.0,1.0,,soft12.7+soft12.7,23.96,soft12.7+soft12.7,22.77,soft19+firm10,24.98,soft19+firm10,26.07,soft19+firm10,26.06,
ANSUR2-M-27280,M,1.263940520446096,train,204.0,155.0,573.0,139.0,123.0,geometric_feasible,unevaluated,G226-L20,G226,-3.0,6.0,0.0,,soft19,16.02,soft12.7+soft12.7,21.09,soft12.7+firm10,19.79,soft12.7+soft12.7,21.81,soft12.7+soft12.7,21.81,
ANSUR2-M-27283,M,1.263940520446096,train,207.0,153.0,597.0,138.0,117.0,geometric_feasible,unevaluated,G226-L01,G226,-3.0,-3.0,2.0,,soft12.7+soft12.7,23.11,soft19+firm10,25.74,soft19,16.2,soft19+firm10,25.42,soft19+firm10,25.44,
ANSUR2-M-27288,M,1.263940520446096,train,200.0,158.0,578.0,138.0,113.0,geometric_feasible,unevaluated,S13-L20,S13,-6.0,0.0,3.0,,soft19,16.03,soft12.7+soft12.7,21.35,soft19,17.2,soft19+firm5,20.16,soft19+firm5,20.15,
ANSUR2-M-27290,M,1.263940520446096,train,199.0,158.0,583.0,139.0,128.0,geometric_feasible,unevaluated,G226-L01,G226,6.0,-6.0,1.0,,soft19+firm10,25.79,soft19+firm10,26.24,soft19,16.68,soft19+firm10,25.11,soft19+firm10,25.12,
ANSUR2-M-27291,M,1.263940520446096,validation,200.0,150.0,561.0,145.0,124.0,excluded,fail,S13-L20,S13,,,,pad_too_tight,,,,,,,,,,,True
ANSUR2-M-27293,M,1.263940520446096,validation,207.0,152.0,580.0,132.0,117.0,geometric_feasible,unevaluated,S13-L20,S13,-6.0,0.0,2.0,,soft19+firm5,20.14,soft12.7+soft12.7,22.51,soft12.7+firm5,15.09,soft12.7+firm15,24.63,soft12.7+firm15,24.63,
ANSUR2-M-27297,M,1.263940520446096,train,195.0,160.0,578.0,140.0,118.0,geometric_feasible,unevaluated,G226-L11,G226,6.0,0.0,1.0,,soft12.7+soft12.7,20.99,soft19+firm10,25.97,soft12.7+soft12.7,21.9,soft19+firm10,25.82,soft19+firm10,25.82,
ANSUR2-M-27298,M,1.263940520446096,validation,203.0,149.0,580.0,139.0,122.0,geometric_feasible,unevaluated,G226-L01,G226,0.0,-3.0,2.0,,soft12.7+soft12.7,22.75,soft19+firm10,24.98,soft19,17.5,soft19+firm10,25.75,soft19+firm10,25.8,
ANSUR2-M-27302,M,1.263940520446096,train,201.0,144.0,564.0,137.0,130.0,geometric_feasible,unevaluated,G226-L11,G226,0.0,3.0,1.0,,soft12.7+soft12.7,21.02,soft12.7+soft12.7,22.96,soft12.7+soft12.7,22.5,soft19+firm10,26.46,soft19+firm10,26.35,
ANSUR2-M-27304,M,1.263940520446096,validation,190.0,155.0,562.0,134.0,133.0,geometric_feasible,unevaluated,S13-L20,S13,0.0,0.0,1.0,,soft12.7+soft12.7,20.66,soft12.7+soft12.7,22.44,soft12.7+soft12.7,21.82,soft12.7+soft12.7,21.8,soft12.7+soft12.7,21.79,
ANSUR2-M-27311,M,1.263940520446096,train,200.0,151.0,558.0,130.0,124.0,geometric_feasible,unevaluated,S13-L20,S13,3.0,6.0,1.0,,soft19,17.44,soft19,17.59,soft19,17.32,soft19+firm5,20.15,soft19+firm5,20.15,
ANSUR2-M-27312,M,1.263940520446096,train,216.0,157.0,605.0,140.0,124.0,geometric_feasible,unevaluated,G226-L01,G226,0.0,-3.0,1.0,,soft12.7+soft12.7,22.85,soft12.7+soft12.7,20.4,soft12.7+soft12.7,22.11,soft19+firm10,24.99,soft19+firm10,24.98,
ANSUR2-M-27315,M,1.263940520446096,train,200.0,148.0,561.0,132.0,125.0,geometric_feasible,unevaluated,S13-L20,S13,-3.0,3.0,3.0,,soft19,16.96,soft19,15.81,soft19,16.94,soft19+firm5,20.0,soft12.7+firm10,20.0,
ANSUR2-M-27320,M,1.263940520446096,train,211.0,153.0,600.0,140.0,130.0,geometric_feasible,unevaluated,G226-L01,G226,0.0,-3.0,2.0,,soft12.7+soft12.7,22.78,soft12.7+soft12.7,22.21,soft12.7+soft12.7,23.29,soft19+firm10,25.94,soft19+firm10,25.87,
ANSUR2-M-27328,M,1.263940520446096,validation,210.0,146.0,572.0,131.0,134.0,geometric_feasible,unevaluated,G226-L20,G226,-3.0,12.0,0.0,,soft19,18.02,soft12.7+soft12.7,21.63,soft12.7+soft12.7,22.27,soft19+firm10,25.72,soft19+firm10,25.72,
ANSUR2-M-27334,M,1.263940520446096,train,189.0,152.0,556.0,135.0,126.0,geometric_feasible,unevaluated,S13-L20,S13,0.0,3.0,1.0,,soft19,16.75,soft12.7+soft12.7,20.7,soft12.7+soft12.7,22.94,soft12.7+soft12.7,22.17,soft12.7+soft12.7,22.17,
ANSUR2-M-27336,M,1.263940520446096,train,207.0,159.0,590.0,137.0,128.0,geometric_feasible,unevaluated,G226-L01,G226,-3.0,0.0,0.0,,soft12.7+soft12.7,21.63,soft19+firm10,25.49,soft12.7+soft12.7,20.91,soft12.7+soft12.7,24.03,soft12.7+soft12.7,24.04,
ANSUR2-M-27339,M,1.263940520446096,train,193.0,151.0,562.0,126.0,126.0,geometric_feasible,unevaluated,S13-L20,S13,-3.0,3.0,0.0,,soft19+firm10,24.83,soft19+firm10,24.81,soft12.7+firm10,19.84,soft19+firm10,25.88,soft19+firm10,25.88,
ANSUR2-M-27347,M,1.263940520446096,train,192.0,148.0,554.0,128.0,128.0,geometric_feasible,unevaluated,S13-L20,S13,-6.0,3.0,1.0,,soft12.7+soft12.7,21.62,soft12.7+firm10,19.94,soft12.7+soft12.7,20.73,soft12.7+soft12.7,22.94,soft12.7+soft12.7,22.93,
ANSUR2-M-27349,M,1.263940520446096,validation,194.0,159.0,575.0,128.0,123.0,geometric_feasible,unevaluated,S13-L20,S13,0.0,3.0,2.0,,soft12.7+soft12.7,23.74,soft19+firm10,25.87,soft19,16.54,soft12.7+soft12.7,21.78,soft12.7+soft12.7,21.78,
ANSUR2-M-27351,M,1.263940520446096,train,201.0,162.0,586.0,137.0,125.0,geometric_feasible,unevaluated,G226-L01,G226,0.0,0.0,2.0,,soft12.7+soft12.7,24.02,soft19+firm10,27.1,soft19+firm10,25.87,soft12.7+firm15,24.66,soft12.7+firm15,24.66,
ANSUR2-M-27352,M,1.263940520446096,train,203.0,158.0,583.0,136.0,125.0,geometric_feasible,unevaluated,G226-L11,G226,0.0,9.0,1.0,,soft19,15.29,soft19,16.52,soft19,16.67,soft19,17.48,soft19,17.48,
ANSUR2-M-27355,M,1.263940520446096,validation,194.0,159.0,579.0,130.0,137.0,geometric_feasible,unevaluated,S13-L20,S13,-3.0,6.0,2.0,,soft19,15.73,soft12.7+firm10,19.94,soft19,15.44,soft19,17.32,soft19,17.33,
ANSUR2-M-27365,M,1.263940520446096,validation,195.0,160.0,583.0,126.0,128.0,geometric_feasible,unevaluated,S13-L20,S13,0.0,6.0,1.0,,soft12.7+soft12.7,21.64,soft12.7+soft12.7,20.96,soft12.7+soft12.7,23.21,soft19+firm5,20.25,soft19+firm5,20.25,
ANSUR2-M-27367,M,1.263940520446096,train,191.0,153.0,562.0,138.0,123.0,geometric_feasible,unevaluated,G226-L01,G226,3.0,0.0,1.0,,soft12.7+soft12.7,23.02,soft19+firm10,27.09,soft19+firm10,27.15,soft19+firm10,26.81,soft19+firm10,26.82,
ANSUR2-M-27369,M,1.263940520446096,validation,201.0,150.0,573.0,130.0,124.0,geometric_feasible,unevaluated,S13-L20,S13,-3.0,6.0,2.0,,soft19,17.01,soft12.7+firm10,19.83,soft19,16.62,soft12.7+soft12.7,20.79,soft12.7+soft12.7,20.88,
ANSUR2-M-27370,M,1.263940520446096,train,187.0,153.0,558.0,125.0,120.0,geometric_feasible,unevaluated,S13-L20,S13,3.0,9.0,0.0,,soft19+firm5,20.3,soft12.7+soft12.7,21.26,soft12.7+soft12.7,23.65,soft12.7+soft12.7,22.01,soft12.7+soft12.7,22.02,
ANSUR2-M-27371,M,1.263940520446096,validation,186.0,162.0,557.0,134.0,119.0,geometric_feasible,unevaluated,S13-L20,S13,6.0,-3.0,2.0,,soft12.7+soft12.7,22.48,soft12.7+soft12.7,22.74,soft19,16.71,soft19+firm5,20.16,soft19+firm5,20.16,
ANSUR2-M-27375,M,1.263940520446096,train,203.0,140.0,569.0,129.0,128.0,geometric_feasible,unevaluated,G226-L11,G226,6.0,6.0,0.0,,soft12.7+soft12.7,23.33,soft12.7+soft12.7,23.1,soft19+firm10,25.26,soft19+firm10,26.97,soft19+firm10,26.87,
ANSUR2-M-27379,M,1.263940520446096,validation,200.0,160.0,588.0,126.0,126.0,geometric_feasible,unevaluated,G226-L20,G226,0.0,9.0,0.0,,soft19+firm10,25.86,soft19+firm10,26.12,soft19+firm10,26.3,soft12.7+firm15,24.62,soft12.7+firm15,24.62,
ANSUR2-M-27383,M,1.263940520446096,train,209.0,169.0,614.0,136.0,137.0,geometric_feasible,unevaluated,G226-L11,G226,0.0,0.0,1.0,,soft19+firm10,25.02,soft19+firm10,26.74,soft19+firm10,26.26,soft12.7+soft12.7,21.48,soft12.7+soft12.7,21.48,
ANSUR2-M-27393,M,1.263940520446096,validation,189.0,152.0,551.0,133.0,115.0,geometric_feasible,unevaluated,S13-L20,S13,-3.0,0.0,1.0,,soft12.7+soft12.7,21.71,soft12.7+soft12.7,23.46,soft19+firm10,26.25,soft19+firm10,25.12,soft19+firm10,25.13,
ANSUR2-M-27396,M,1.263940520446096,train,208.0,156.0,585.0,136.0,131.0,geometric_feasible,unevaluated,G226-L01,G226,0.0,-3.0,2.0,,soft19+firm10,24.8,soft12.7+soft12.7,23.67,soft12.7+soft12.7,21.4,soft19+firm10,25.52,soft19+firm10,25.52,
ANSUR2-M-27407,M,1.263940520446096,train,181.0,147.0,535.0,127.0,113.0,geometric_feasible,unevaluated,S13-L20,S13,6.0,6.0,0.0,,soft12.7+soft12.7,21.07,soft12.7+soft12.7,22.08,soft19+firm10,26.59,soft12.7+soft12.7,24.02,soft12.7+soft12.7,24.02,
ANSUR2-M-27410,M,1.263940520446096,train,199.0,160.0,580.0,130.0,130.0,geometric_feasible,unevaluated,G226-L11,G226,-3.0,6.0,1.0,,soft12.7+soft12.7,22.39,soft12.7+soft12.7,22.14,soft12.7+soft12.7,22.66,soft12.7+soft12.7,20.81,soft12.7+soft12.7,20.82,
ANSUR2-M-27412,M,1.263940520446096,validation,203.0,158.0,580.0,137.0,120.0,geometric_feasible,unevaluated,S13-L20,S13,-3.0,0.0,3.0,,soft19,16.28,soft12.7+soft12.7,20.91,soft19,15.96,soft19+firm5,20.08,soft19+firm5,20.08,
ANSUR2-M-27422,M,1.263940520446096,train,196.0,146.0,551.0,128.0,127.0,geometric_feasible,unevaluated,S13-L20,S13,0.0,3.0,1.0,,soft12.7+soft12.7,21.88,soft12.7+firm10,19.82,soft12.7+soft12.7,22.81,soft12.7+firm15,24.58,soft12.7+firm15,24.57,
ANSUR2-M-27425,M,1.263940520446096,train,207.0,154.0,583.0,134.0,118.0,geometric_feasible,unevaluated,G226-L11,G226,0.0,3.0,1.0,,soft12.7+soft12.7,24.02,soft19+firm10,25.69,soft19,16.59,soft19+firm10,27.45,soft19+firm10,27.45,
ANSUR2-M-27426,M,1.263940520446096,train,192.0,149.0,559.0,136.0,129.0,excluded,fail,S13-L20,S13,,,,nose,,,,,,,,,,,False
ANSUR2-M-27427,M,1.263940520446096,validation,192.0,152.0,563.0,127.0,115.0,excluded,fail,S13-L20,S13,,,,field_of_view,,,,,,,,,,,True
ANSUR2-M-27428,M,1.263940520446096,validation,197.0,151.0,562.0,135.0,120.0,geometric_feasible,unevaluated,G226-L01,G226,0.0,6.0,1.0,,soft19+firm5,20.02,soft12.7+soft12.7,23.81,soft19+firm10,25.63,soft19+firm10,25.5,soft19+firm10,25.5,
ANSUR2-M-27430,M,1.263940520446096,train,189.0,150.0,542.0,124.0,118.0,geometric_feasible,unevaluated,S13-L20,S13,6.0,0.0,0.0,,soft19+firm10,27.44,soft12.7+soft12.7,22.02,soft19,15.4,soft19+firm10,26.44,soft19+firm10,26.44,
ANSUR2-M-27496,M,1.263940520446096,train,198.0,153.0,564.0,138.0,118.0,geometric_feasible,unevaluated,S13-L20,S13,-3.0,0.0,2.0,,soft19,16.71,soft12.7+soft12.7,23.97,soft19,17.25,soft12.7+soft12.7,23.11,soft12.7+soft12.7,23.11,
ANSUR2-M-27499,M,1.263940520446096,validation,199.0,164.0,583.0,139.0,137.0,geometric_feasible,unevaluated,G226-L01,G226,0.0,0.0,2.0,,soft12.7+soft12.7,22.0,soft12.7+soft12.7,23.92,soft12.7+soft12.7,23.71,soft12.7+soft12.7,21.87,soft12.7+soft12.7,21.86,
ANSUR2-M-27504,M,1.263940520446096,train,197.0,155.0,564.0,132.0,121.0,geometric_feasible,unevaluated,S13-L20,S13,-6.0,6.0,2.0,,soft19,16.35,soft12.7+soft12.7,21.78,soft19,17.75,soft12.7+soft12.7,20.84,soft12.7+soft12.7,20.84,
ANSUR2-M-27508,M,1.263940520446096,train,195.0,151.0,558.0,132.0,127.0,geometric_feasible,unevaluated,G226-L20,G226,0.0,6.0,0.0,,soft12.7+soft12.7,22.87,soft19+firm10,24.83,soft19,16.39,soft19+firm10,25.74,soft19+firm10,25.74,
ANSUR2-M-27509,M,1.263940520446096,train,189.0,155.0,549.0,124.0,123.0,geometric_feasible,unevaluated,S13-L20,S13,3.0,3.0,0.0,,soft19+firm10,27.38,soft19+firm10,25.48,soft19,18.04,soft12.7+soft12.7,23.75,soft12.7+soft12.7,23.74,
ANSUR2-M-27515,M,1.263940520446096,train,197.0,158.0,565.0,141.0,126.0,geometric_feasible,unevaluated,G226-L11,G226,6.0,0.0,0.0,,soft12.7+firm10,19.98,soft12.7+firm15,24.64,soft19,15.66,soft12.7+firm15,24.79,soft12.7+firm15,24.8,
ANSUR2-M-27524,M,1.263940520446096,train,197.0,163.0,583.0,137.0,117.0,geometric_feasible,unevaluated,G226-L01,G226,0.0,0.0,2.0,,soft12.7+soft12.7,23.93,soft19+firm10,27.53,soft12.7+firm15,24.71,soft12.7+soft12.7,23.58,soft12.7+soft12.7,23.58,
ANSUR2-M-27525,M,1.263940520446096,train,197.0,156.0,559.0,125.0,130.0,geometric_feasible,unevaluated,S13-L20,S13,-3.0,6.0,1.0,,soft12.7+firm10,19.96,soft19+firm10,25.68,soft19,15.68,soft12.7+soft12.7,21.74,soft12.7+soft12.7,21.74,
ANSUR2-M-27531,M,1.263940520446096,train,200.0,165.0,583.0,130.0,130.0,geometric_feasible,unevaluated,S13-L20,S13,0.0,9.0,3.0,,soft19,15.74,soft19,16.36,soft19,17.55,soft19,16.43,soft19,16.42,
ANSUR2-M-27535,M,1.263940520446096,train,186.0,158.0,558.0,140.0,128.0,excluded,fail,S13-L20,S13,,,,pad_too_tight,,,,,,,,,,,True
ANSUR2-M-27538,M,1.263940520446096,train,188.0,147.0,543.0,133.0,115.0,geometric_feasible,unevaluated,S13-L20,S13,0.0,3.0,1.0,,soft19,16.46,soft19,16.16,soft12.7+soft12.7,21.05,soft19+firm5,20.05,soft19+firm5,20.05,
ANSUR2-M-27546,M,1.263940520446096,train,198.0,152.0,564.0,133.0,128.0,geometric_feasible,unevaluated,S13-L20,S13,0.0,6.0,1.0,,soft19,15.75,soft12.7+soft12.7,20.37,soft19,16.3,soft19+firm5,20.36,soft19+firm5,20.35,
ANSUR2-M-27548,M,1.263940520446096,train,207.0,157.0,601.0,142.0,134.0,geometric_feasible,unevaluated,G226-L01,G226,0.0,-6.0,1.0,,soft19+firm10,25.02,soft12.7+soft12.7,22.74,soft19,16.65,soft19+firm10,27.25,soft19+firm10,27.24,
ANSUR2-M-27551,M,1.263940520446096,train,198.0,166.0,589.0,146.0,122.0,excluded,fail,S13-L20,S13,,,,pad_too_tight,,,,,,,,,,,True
ANSUR2-M-27555,M,1.263940520446096,train,199.0,151.0,567.0,134.0,128.0,geometric_feasible,unevaluated,S13-L20,S13,0.0,3.0,1.0,,soft19,17.74,soft12.7+soft12.7,23.79,soft12.7+soft12.7,21.5,soft19+firm10,25.17,soft19+firm10,25.17,
ANSUR2-M-27563,M,1.263940520446096,validation,195.0,151.0,567.0,131.0,121.0,geometric_feasible,unevaluated,S13-L20,S13,0.0,3.0,1.0,,soft12.7+soft12.7,20.66,soft12.7+soft12.7,21.84,soft12.7+soft12.7,20.73,soft12.7+soft12.7,22.72,soft12.7+soft12.7,22.72,
ANSUR2-M-27571,M,1.263940520446096,train,206.0,156.0,580.0,133.0,120.0,geometric_feasible,unevaluated,G226-L01,G226,3.0,3.0,2.0,,soft12.7+soft12.7,24.07,soft19+firm10,26.61,soft12.7+soft12.7,21.85,soft19+firm10,26.09,soft19+firm10,26.08,
ANSUR2-M-27572,M,1.263940520446096,train,198.0,153.0,572.0,127.0,127.0,geometric_feasible,unevaluated,S13-L20,S13,0.0,3.0,1.0,,soft12.7+soft12.7,22.2,soft12.7+soft12.7,20.86,soft12.7+soft12.7,21.04,soft12.7+soft12.7,22.39,soft12.7+soft12.7,22.39,
ANSUR2-M-27573,M,1.263940520446096,validation,204.0,150.0,577.0,141.0,130.0,geometric_feasible,unevaluated,G226-L01,G226,0.0,3.0,1.0,,soft19,17.02,soft12.7+soft12.7,23.61,soft12.7+soft12.7,23.11,soft19+firm10,25.9,soft19+firm10,25.9,
ANSUR2-M-27575,M,1.263940520446096,train,206.0,145.0,575.0,146.0,119.0,excluded,fail,G226-L01,G226,,,,pad_too_tight,,,,,,,,,,,True
ANSUR2-M-27585,M,1.263940520446096,train,203.0,153.0,576.0,135.0,115.0,geometric_feasible,unevaluated,S13-L20,S13,-6.0,3.0,3.0,,soft19,15.56,soft12.7+firm10,19.94,soft19,16.1,soft19+firm5,20.19,soft12.7+soft12.7,20.39,
ANSUR2-M-27591,M,1.263940520446096,train,198.0,163.0,573.0,137.0,121.0,geometric_feasible,unevaluated,G226-L01,G226,0.0,0.0,2.0,,soft12.7+soft12.7,24.02,soft19+firm10,27.01,soft19+firm10,25.56,soft12.7+soft12.7,23.7,soft12.7+soft12.7,23.7,
ANSUR2-M-27592,M,1.263940520446096,train,202.0,169.0,598.0,134.0,123.0,geometric_feasible,unevaluated,S13-L20,S13,0.0,3.0,3.0,,soft19,17.74,soft12.7+soft12.7,22.33,soft19,16.28,soft19,16.89,soft19,16.89,
ANSUR2-M-27594,M,1.263940520446096,validation,212.0,165.0,603.0,138.0,137.0,geometric_feasible,unevaluated,G226-L01,G226,0.0,6.0,2.0,,soft19,17.02,soft12.7+soft12.7,20.59,soft19,17.78,soft12.7+soft12.7,20.93,soft12.7+soft12.7,20.93,
ANSUR2-M-27598,M,1.263940520446096,train,191.0,149.0,542.0,116.0,106.0,geometric_feasible,unevaluated,S13-L20,S13,0.0,9.0,0.0,,soft19+firm10,25.43,soft12.7+soft12.7,21.5,soft12.7+soft12.7,23.44,soft12.7+soft12.7,23.08,soft12.7+soft12.7,23.07,
ANSUR2-M-27600,M,1.263940520446096,validation,187.0,152.0,552.0,128.0,111.0,geometric_feasible,unevaluated,S13-L20,S13,6.0,3.0,0.0,,soft12.7+soft12.7,20.84,soft12.7+soft12.7,20.59,soft19+firm10,26.02,soft12.7+soft12.7,22.64,soft12.7+soft12.7,22.63,
ANSUR2-M-27605,M,1.263940520446096,train,186.0,152.0,545.0,128.0,121.0,excluded,fail,S13-L20,S13,,,,field_of_view,,,,,,,,,,,True
ANSUR2-M-27651,M,1.263940520446096,train,184.0,156.0,544.0,132.0,118.0,geometric_feasible,unevaluated,G226-L01,G226,6.0,0.0,1.0,,soft19+firm10,26.55,soft12.7+firm15,24.69,soft19+firm10,26.66,soft19+firm10,26.85,soft19+firm10,26.85,
ANSUR2-M-27661,M,1.263940520446096,validation,190.0,161.0,568.0,140.0,113.0,geometric_feasible,unevaluated,G226-L01,G226,-3.0,0.0,2.0,,soft12.7+soft12.7,21.02,soft19+firm10,26.25,soft19+firm10,26.13,soft12.7+soft12.7,23.57,soft12.7+soft12.7,23.58,
ANSUR2-M-27668,M,1.263940520446096,validation,199.0,150.0,565.0,130.0,123.0,geometric_feasible,unevaluated,S13-L20,S13,3.0,3.0,0.0,,soft12.7+soft12.7,21.72,soft19+firm10,25.65,soft19,17.64,soft19+firm10,26.61,soft19+firm10,26.62,
ANSUR2-M-27674,M,1.263940520446096,train,203.0,160.0,587.0,133.0,125.0,geometric_feasible,unevaluated,G226-L01,G226,0.0,0.0,2.0,,soft19+firm10,26.41,soft19+firm10,26.15,soft19+firm10,27.31,soft19+firm10,25.05,soft19+firm10,25.05,
ANSUR2-M-27684,M,1.263940520446096,train,208.0,150.0,582.0,141.0,120.0,geometric_feasible,unevaluated,G226-L11,G226,6.0,-6.0,1.0,,soft12.7+soft12.7,23.51,soft12.7+soft12.7,23.46,soft19,15.83,soft19+firm10,27.21,soft19+firm10,27.15,
ANSUR2-M-27686,M,1.263940520446096,train,198.0,154.0,571.0,130.0,116.0,geometric_feasible,unevaluated,G226-L11,G226,0.0,6.0,1.0,,soft12.7+soft12.7,23.2,soft12.7+soft12.7,22.12,soft19+firm10,27.37,soft19+firm10,25.14,soft19+firm10,25.14,
ANSUR2-M-27690,M,1.263940520446096,train,197.0,154.0,563.0,118.0,115.0,geometric_feasible,unevaluated,S13-L20,S13,0.0,12.0,0.0,,soft12.7+soft12.7,23.57,soft12.7+soft12.7,23.45,soft12.7+soft12.7,22.01,soft12.7+soft12.7,23.08,soft12.7+soft12.7,23.07,
ANSUR2-M-27693,M,1.263940520446096,train,203.0,153.0,581.0,136.0,125.0,geometric_feasible,unevaluated,S13-L20,S13,-6.0,0.0,2.0,,soft19,16.67,soft12.7+soft12.7,22.44,soft19,15.53,soft12.7+soft12.7,20.99,soft12.7+soft12.7,21.08,
ANSUR2-M-27700,M,1.263940520446096,train,196.0,149.0,559.0,131.0,127.0,geometric_feasible,unevaluated,G226-L01,G226,3.0,3.0,2.0,,soft19+firm10,25.4,soft19+firm10,25.63,soft19+firm10,26.92,soft19+firm10,26.98,soft19+firm10,26.99,
ANSUR2-M-27701,M,1.263940520446096,train,211.0,159.0,600.0,128.0,125.0,geometric_feasible,unevaluated,G226-L11,G226,0.0,6.0,1.0,,soft19+firm10,26.62,soft19+firm10,25.2,soft12.7+soft12.7,22.9,soft19+firm10,24.87,soft19+firm10,24.87,
ANSUR2-M-27704,M,1.263940520446096,train,196.0,160.0,580.0,135.0,118.0,geometric_feasible,unevaluated,G226-L01,G226,3.0,0.0,1.0,,soft19+firm10,26.02,soft19+firm10,26.76,soft12.7+soft12.7,22.74,soft19+firm10,25.41,soft19+firm10,25.41,
ANSUR2-M-27707,M,1.263940520446096,validation,195.0,152.0,553.0,130.0,127.0,geometric_feasible,unevaluated,S13-L20,S13,0.0,3.0,1.0,,soft12.7+soft12.7,21.74,soft12.7+soft12.7,21.94,soft12.7+soft12.7,22.48,soft12.7+soft12.7,23.03,soft12.7+soft12.7,23.02,
ANSUR2-M-27714,M,1.263940520446096,train,206.0,158.0,578.0,133.0,139.0,geometric_feasible,unevaluated,G226-L11,G226,-6.0,3.0,1.0,,soft12.7+soft12.7,21.76,soft19,17.34,soft12.7+soft12.7,22.47,soft12.7+soft12.7,23.13,soft12.7+soft12.7,23.13,
ANSUR2-M-27715,M,1.263940520446096,train,207.0,155.0,585.0,141.0,130.0,geometric_feasible,unevaluated,G226-L01,G226,-6.0,-6.0,2.0,,soft12.7+soft12.7,21.59,soft19+firm10,25.92,soft19,16.91,soft19+firm10,24.98,soft19+firm10,24.99,
ANSUR2-M-27740,M,1.263940520446096,train,201.0,153.0,564.0,133.0,125.0,geometric_feasible,unevaluated,S13-L20,S13,3.0,6.0,2.0,,soft19,15.73,soft19,17.81,soft12.7+firm10,19.85,soft12.7+soft12.7,21.01,soft12.7+soft12.7,21.01,
ANSUR2-M-27744,M,1.263940520446096,train,191.0,156.0,555.0,129.0,116.0,geometric_feasible,unevaluated,S13-L20,S13,0.0,6.0,1.0,,soft12.7+firm10,19.78,soft12.7+soft12.7,23.16,soft12.7+soft12.7,21.38,soft12.7+soft12.7,21.96,soft12.7+soft12.7,21.95,
ANSUR2-M-27746,M,1.263940520446096,train,205.0,151.0,575.0,128.0,130.0,excluded,fail,S13-L20,S13,,,,nose,,,,,,,,,,,True
ANSUR2-M-27747,M,1.263940520446096,train,190.0,146.0,543.0,131.0,121.0,geometric_feasible,unevaluated,S13-L20,S13,3.0,6.0,1.0,,soft19,17.6,soft19,17.96,soft12.7+soft12.7,23.87,soft12.7+soft12.7,22.71,soft12.7+soft12.7,22.5,
ANSUR2-M-27748,M,1.263940520446096,train,194.0,158.0,565.0,129.0,120.0,geometric_feasible,unevaluated,S13-L20,S13,0.0,6.0,1.0,,soft12.7+firm10,19.78,soft12.7+soft12.7,21.06,soft12.7+soft12.7,22.34,soft12.7+soft12.7,20.74,soft12.7+soft12.7,20.73,
ANSUR2-M-27751,M,1.263940520446096,validation,191.0,161.0,565.0,137.0,131.0,geometric_feasible,unevaluated,S13-L20,S13,-3.0,0.0,3.0,,soft19,16.95,soft12.7+firm10,19.9,soft19,16.09,soft19,17.88,soft19,17.89,
ANSUR2-M-27753,M,1.263940520446096,validation,200.0,157.0,572.0,137.0,121.0,geometric_feasible,unevaluated,G226-L01,G226,3.0,-3.0,2.0,,soft19+firm10,26.48,soft19+firm10,27.11,soft12.7+soft12.7,22.28,soft19+firm10,26.67,soft19+firm10,26.66,
ANSUR2-M-27758,M,1.263940520446096,train,207.0,153.0,575.0,129.0,117.0,geometric_feasible,unevaluated,G226-L11,G226,-3.0,3.0,1.0,,soft12.7+firm15,24.63,soft12.7+soft12.7,24.13,soft19,17.9,soft19+firm10,26.07,soft19+firm10,26.07,
ANSUR2-M-27759,M,1.263940520446096,train,187.0,170.0,567.0,138.0,133.0,geometric_feasible,unevaluated,S13-L20,S13,3.0,0.0,3.0,,soft19,16.29,soft12.7+soft12.7,20.52,soft19,15.64,soft19,15.54,soft19,15.54,
ANSUR2-M-27764,M,1.263940520446096,train,189.0,151.0,555.0,133.0,117.0,geometric_feasible,unevaluated,S13-L20,S13,3.0,0.0,0.0,,soft12.7+soft12.7,21.57,soft12.7+soft12.7,23.7,soft19,17.17,soft19+firm10,25.51,soft19+firm10,25.5,
ANSUR2-M-27773,M,1.263940520446096,validation,193.0,153.0,555.0,131.0,123.0,geometric_feasible,unevaluated,G226-L20,G226,6.0,12.0,0.0,,soft19,17.61,soft12.7+firm10,19.93,soft19+firm10,26.27,soft12.7+soft12.7,23.12,soft12.7+soft12.7,23.12,
ANSUR2-M-27779,M,1.263940520446096,train,196.0,152.0,563.0,132.0,122.0,geometric_feasible,unevaluated,S13-L20,S13,-3.0,3.0,3.0,,soft19,17.88,soft12.7+soft12.7,22.47,soft19,15.28,soft12.7+soft12.7,21.65,soft12.7+soft12.7,21.65,
ANSUR2-M-27780,M,1.263940520446096,train,198.0,150.0,563.0,127.0,129.0,geometric_feasible,unevaluated,S13-L20,S13,-6.0,9.0,1.0,,soft19,16.77,soft19,17.78,soft19,16.95,soft12.7+firm10,19.84,soft12.7+firm10,19.84,
ANSUR2-M-27786,M,1.263940520446096,train,200.0,150.0,563.0,134.0,123.0,geometric_feasible,unevaluated,S13-L20,S13,3.0,0.0,2.0,,soft12.7+firm10,19.85,soft12.7+soft12.7,21.14,soft19,16.26,soft12.7+soft12.7,22.91,soft12.7+soft12.7,22.92,
ANSUR2-M-27791,M,1.263940520446096,train,201.0,154.0,580.0,150.0,125.0,geometric_feasible,unevaluated,G226-L01,G226,6.0,-6.0,0.0,,soft19,16.21,soft19,17.22,soft19,15.23,soft12.7+soft12.7,20.98,soft12.7+soft12.7,20.76,
ANSUR2-M-27802,M,1.263940520446096,train,198.0,153.0,565.0,136.0,127.0,excluded,fail,G226-L11,G226,,,,field_of_view,,,,,,,,,,,True
ANSUR2-M-27807,M,1.263940520446096,train,203.0,148.0,569.0,132.0,130.0,geometric_feasible,unevaluated,S13-L20,S13,6.0,6.0,2.0,,soft19,16.65,soft19,16.79,soft12.7+soft12.7,23.64,soft12.7+soft12.7,24.09,soft12.7+soft12.7,23.75,
ANSUR2-M-27817,M,1.263940520446096,validation,200.0,157.0,574.0,126.0,114.0,geometric_feasible,unevaluated,S13-L20,S13,6.0,9.0,1.0,,soft19,17.67,soft19,17.45,soft12.7+soft12.7,23.09,soft12.7+soft12.7,21.33,soft12.7+soft12.7,21.32,
ANSUR2-M-27818,M,1.263940520446096,validation,192.0,152.0,552.0,124.0,131.0,geometric_feasible,unevaluated,S13-L20,S13,-3.0,6.0,0.0,,soft12.7+soft12.7,23.39,soft19+firm10,26.83,soft12.7+soft12.7,21.41,soft12.7+soft12.7,23.8,soft12.7+soft12.7,23.8,
ANSUR2-M-27823,M,1.263940520446096,train,203.0,148.0,573.0,138.0,128.0,geometric_feasible,unevaluated,G226-L11,G226,0.0,3.0,1.0,,soft19+firm5,20.02,soft12.7+soft12.7,24.03,soft19+firm10,26.3,soft19+firm10,27.33,soft19+firm10,27.29,
ANSUR2-M-27832,M,1.263940520446096,validation,206.0,157.0,588.0,143.0,118.0,geometric_feasible,unevaluated,G226-L01,G226,3.0,-3.0,1.0,,soft19+firm5,20.21,soft12.7+soft12.7,20.65,soft12.7+soft12.7,22.62,soft12.7+soft12.7,22.74,soft12.7+soft12.7,22.74,
ANSUR2-M-27833,M,1.263940520446096,train,198.0,153.0,566.0,123.0,120.0,geometric_feasible,unevaluated,S13-L20,S13,0.0,6.0,1.0,,soft12.7+soft12.7,23.1,soft12.7+soft12.7,21.76,soft12.7+soft12.7,21.22,soft12.7+soft12.7,22.82,soft12.7+soft12.7,22.82,
ANSUR2-M-27857,M,1.263940520446096,train,200.0,150.0,565.0,123.0,122.0,geometric_feasible,unevaluated,S13-L20,S13,-6.0,6.0,0.0,,soft12.7+soft12.7,21.09,soft19+firm10,27.13,soft19,15.89,soft19+firm10,24.91,soft19+firm10,24.92,
ANSUR2-M-27863,M,1.263940520446096,train,194.0,143.0,548.0,114.0,125.0,excluded,fail,S13-L20,S13,,,,pad_too_loose,,,,,,,,,,,True
ANSUR2-M-27867,M,1.263940520446096,train,205.0,148.0,573.0,128.0,119.0,geometric_feasible,unevaluated,G226-L11,G226,-6.0,6.0,1.0,,soft12.7+soft12.7,22.76,soft19+firm10,25.57,soft12.7+soft12.7,21.99,soft19+firm10,26.54,soft19+firm10,26.55,
ANSUR2-M-27876,M,1.263940520446096,train,200.0,152.0,567.0,116.0,113.0,geometric_feasible,unevaluated,S13-L20,S13,-3.0,9.0,0.0,,soft19+firm10,26.51,soft19+firm5,20.25,soft12.7+soft12.7,21.59,soft12.7+soft12.7,23.61,soft12.7+soft12.7,23.61,
ANSUR2-M-27877,M,1.263940520446096,train,203.0,163.0,585.0,138.0,119.0,geometric_feasible,unevaluated,G226-L11,G226,0.0,0.0,1.0,,soft12.7+soft12.7,23.0,soft19+firm10,26.32,soft12.7+soft12.7,23.54,soft12.7+soft12.7,23.7,soft12.7+soft12.7,23.7,
ANSUR2-M-27879,M,1.263940520446096,validation,201.0,167.0,585.0,139.0,119.0,geometric_feasible,unevaluated,G226-L11,G226,6.0,3.0,1.0,,soft19,16.57,soft19,16.98,soft19,17.9,soft19,18.01,soft19,18.02,
ANSUR2-M-27884,M,1.263940520446096,train,205.0,152.0,583.0,136.0,124.0,geometric_feasible,unevaluated,G226-L01,G226,-3.0,0.0,2.0,,soft12.7+soft12.7,22.21,soft19+firm10,25.47,soft19,17.26,soft19+firm10,25.52,soft19+firm10,25.56,
ANSUR2-M-27890,M,1.263940520446096,train,196.0,158.0,566.0,128.0,135.0,geometric_feasible,unevaluated,S13-L20,S13,-6.0,6.0,1.0,,soft12.7+soft12.7,20.65,soft12.7+soft12.7,20.48,soft12.7+soft12.7,22.29,soft12.7+soft12.7,21.99,soft12.7+soft12.7,21.99,
ANSUR2-M-27913,M,1.263940520446096,train,198.0,157.0,578.0,131.0,120.0,geometric_feasible,unevaluated,S13-L20,S13,0.0,3.0,0.0,,soft12.7+soft12.7,20.74,soft12.7+soft12.7,23.76,soft19+firm5,20.14,soft12.7+soft12.7,22.59,soft12.7+soft12.7,22.59,
ANSUR2-M-27916,M,1.263940520446096,validation,204.0,155.0,575.0,133.0,126.0,geometric_feasible,unevaluated,G226-L01,G226,-3.0,-3.0,2.0,,soft19+firm10,26.96,soft19+firm10,26.85,soft19,17.46,soft19+firm10,26.63,soft19+firm10,26.63,
ANSUR2-M-27941,M,1.263940520446096,train,200.0,159.0,571.0,129.0,116.0,geometric_feasible,unevaluated,G226-L20,G226,-6.0,9.0,0.0,,soft12.7+soft12.7,22.4,soft19+firm10,27.13,soft12.7+soft12.7,23.37,soft12.7+firm15,24.66,soft12.7+firm15,24.66,
ANSUR2-M-27943,M,1.263940520446096,train,199.0,150.0,566.0,130.0,120.0,geometric_feasible,unevaluated,S13-L20,S13,0.0,0.0,2.0,,soft12.7+soft12.7,22.17,soft12.7+soft12.7,20.68,soft12.7+soft12.7,20.6,soft12.7+soft12.7,23.53,soft12.7+soft12.7,23.53,
ANSUR2-M-27953,M,1.263940520446096,validation,194.0,155.0,562.0,132.0,119.0,geometric_feasible,unevaluated,S13-L20,S13,-3.0,6.0,1.0,,soft19,15.95,soft19,15.89,soft19,16.39,soft19,17.05,soft19,17.05,
ANSUR2-M-27955,M,1.263940520446096,validation,201.0,152.0,568.0,128.0,115.0,geometric_feasible,unevaluated,S13-L20,S13,3.0,0.0,1.0,,soft19+firm10,25.26,soft12.7+soft12.7,23.35,soft12.7+soft12.7,20.43,soft19+firm10,25.09,soft19+firm10,25.08,
ANSUR2-M-27956,M,1.263940520446096,train,207.0,163.0,593.0,134.0,126.0,geometric_feasible,unevaluated,G226-L20,G226,-3.0,6.0,0.0,,soft12.7+soft12.7,21.02,soft19+firm10,26.16,soft12.7+soft12.7,23.3,soft12.7+soft12.7,23.64,soft12.7+soft12.7,23.64,
ANSUR2-M-27959,M,1.263940520446096,train,206.0,160.0,600.0,130.0,129.0,geometric_feasible,unevaluated,S13-L20,S13,-6.0,6.0,2.0,,soft19,17.79,soft12.7+soft12.7,23.14,soft12.7+firm5,15.19,soft19+firm5,20.02,soft19+firm5,20.04,
ANSUR2-M-27964,M,1.263940520446096,validation,199.0,149.0,555.0,135.0,126.0,geometric_feasible,unevaluated,G226-L01,G226,3.0,3.0,2.0,,soft12.7+soft12.7,22.71,soft12.7+firm15,24.61,soft12.7+soft12.7,20.52,soft19+firm10,26.98,soft19+firm10,26.97,
ANSUR2-M-27973,M,1.263940520446096,train,208.0,160.0,610.0,131.0,123.0,geometric_feasible,unevaluated,G226-L01,G226,0.0,0.0,2.0,,soft19+firm10,27.35,soft19+firm10,27.45,soft12.7+soft12.7,22.93,soft19+firm10,25.47,soft19+firm10,25.48,
ANSUR2-M-27981,M,1.263940520446096,train,192.0,148.0,548.0,133.0,126.0,geometric_feasible,unevaluated,S13-L20,S13,-3.0,6.0,1.0,,soft19,15.61,soft12.7+firm10,19.86,soft19,17.91,soft12.7+soft12.7,20.67,soft12.7+soft12.7,20.66,
ANSUR2-M-27987,M,1.263940520446096,train,202.0,148.0,568.0,136.0,125.0,geometric_feasible,unevaluated,G226-L01,G226,3.0,3.0,2.0,,soft12.7+soft12.7,21.74,soft12.7+soft12.7,23.86,soft19,16.27,soft19+firm10,26.65,soft19+firm10,26.65,
ANSUR2-M-27992,M,1.263940520446096,train,210.0,155.0,607.0,134.0,124.0,geometric_feasible,unevaluated,G226-L01,G226,0.0,0.0,2.0,,soft19+firm10,27.02,soft12.7+soft12.7,20.52,soft19+firm5,20.09,soft19+firm10,27.37,soft19+firm10,27.32,
ANSUR2-M-27997,M,1.263940520446096,train,197.0,157.0,567.0,130.0,117.0,geometric_feasible,unevaluated,S13-L20,S13,3.0,9.0,2.0,,soft12.7+firm5,14.97,soft12.7+firm5,15.17,soft19,16.24,soft19,16.73,soft19,16.73,
ANSUR2-M-28004,M,1.263940520446096,train,199.0,153.0,565.0,137.0,125.0,geometric_feasible,unevaluated,G226-L01,G226,0.0,0.0,2.0,,soft12.7+soft12.7,23.33,soft12.7+soft12.7,23.59,soft19+firm10,25.9,soft19+firm10,25.26,soft19+firm10,25.27,
ANSUR2-M-28007,M,1.263940520446096,validation,196.0,161.0,580.0,117.0,110.0,excluded,fail,S13-L20,S13,,,,pad_too_loose,,,,,,,,,,,True
ANSUR2-M-28013,M,1.263940520446096,train,200.0,158.0,581.0,136.0,128.0,geometric_feasible,unevaluated,S13-L20,S13,0.0,3.0,3.0,,soft19,15.34,soft19,16.38,soft19,16.11,soft19,17.47,soft19,17.47,
ANSUR2-M-28019,M,1.263940520446096,train,199.0,153.0,557.0,125.0,123.0,excluded,fail,S13-L20,S13,,,,field_of_view,,,,,,,,,,,True
ANSUR2-M-28022,M,1.263940520446096,train,204.0,168.0,608.0,123.0,124.0,geometric_feasible,unevaluated,S13-L20,S13,-6.0,6.0,1.0,,soft12.7+soft12.7,21.59,soft12.7+soft12.7,23.78,soft19,17.0,soft19,16.7,soft19,16.7,
ANSUR2-M-28023,M,1.263940520446096,validation,191.0,163.0,565.0,121.0,126.0,geometric_feasible,unevaluated,S13-L20,S13,-3.0,12.0,0.0,,soft12.7+firm10,19.81,soft19+firm10,25.27,soft19,16.6,soft19,17.31,soft19,17.31,
ANSUR2-M-28029,M,1.263940520446096,validation,201.0,146.0,566.0,117.0,117.0,excluded,fail,G226-L01,G226,,,,pad_too_loose,,,,,,,,,,,True
ANSUR2-M-28037,M,1.263940520446096,train,199.0,150.0,564.0,123.0,118.0,geometric_feasible,unevaluated,S13-L20,S13,0.0,3.0,0.0,,soft19+firm10,26.3,soft19+firm10,25.03,soft12.7+soft12.7,20.56,soft19+firm10,25.77,soft19+firm10,25.77,
ANSUR2-M-28040,M,1.263940520446096,train,194.0,160.0,558.0,125.0,120.0,geometric_feasible,unevaluated,S13-L20,S13,-3.0,12.0,0.0,,soft19,16.88,soft12.7+soft12.7,20.38,soft19,16.76,soft19,17.75,soft19,17.75,
ANSUR2-M-28042,M,1.263940520446096,train,204.0,155.0,583.0,111.0,125.0,geometric_feasible,unevaluated,S13-L20,S13,-6.0,12.0,0.0,,soft19+firm10,26.02,soft12.7+soft12.7,23.21,soft19,17.23,soft12.7+soft12.7,23.08,soft12.7+soft12.7,23.07,
ANSUR2-M-28045,M,1.263940520446096,train,189.0,158.0,558.0,130.0,118.0,geometric_feasible,unevaluated,S13-L20,S13,6.0,6.0,0.0,,soft19,16.77,soft19,17.88,soft19,16.52,soft19,16.26,soft19,16.26,
ANSUR2-M-28046,M,1.263940520446096,train,202.0,151.0,584.0,128.0,125.0,geometric_feasible,unevaluated,S13-L20,S13,-6.0,6.0,2.0,,soft19,17.79,soft12.7+firm10,19.78,soft19,16.47,soft12.7+soft12.7,20.56,soft12.7+soft12.7,20.59,
ANSUR2-M-28048,M,1.263940520446096,train,196.0,150.0,569.0,132.0,117.0,geometric_feasible,unevaluated,S13-L20,S13,6.0,0.0,1.0,,soft12.7+soft12.7,21.3,soft12.7+soft12.7,21.73,soft12.7+soft12.7,23.39,soft12.7+soft12.7,23.84,soft12.7+soft12.7,23.76,
ANSUR2-M-28050,M,1.263940520446096,train,195.0,155.0,573.0,127.0,124.0,geometric_feasible,unevaluated,S13-L20,S13,0.0,6.0,0.0,,soft12.7+soft12.7,21.78,soft19+firm10,25.02,soft19,15.58,soft12.7+soft12.7,24.05,soft12.7+soft12.7,24.05,
ANSUR2-M-28051,M,1.263940520446096,train,196.0,149.0,565.0,125.0,114.0,geometric_feasible,unevaluated,S13-L20,S13,-6.0,9.0,2.0,,soft19,16.85,soft12.7+soft12.7,22.61,soft19,15.49,soft12.7+soft12.7,20.66,soft12.7+soft12.7,20.7,
ANSUR2-M-28060,M,1.263940520446096,train,204.0,153.0,576.0,129.0,120.0,geometric_feasible,unevaluated,G226-L20,G226,0.0,6.0,0.0,,soft19+firm10,25.29,soft19+firm10,25.46,soft19+firm10,25.83,soft19+firm10,26.85,soft19+firm10,26.85,
ANSUR2-M-28061,M,1.263940520446096,train,197.0,163.0,566.0,135.0,119.0,geometric_feasible,unevaluated,G226-L11,G226,3.0,3.0,1.0,,soft12.7+soft12.7,23.02,soft19+firm10,25.07,soft19+firm10,25.22,soft12.7+soft12.7,23.99,soft12.7+soft12.7,23.98,
ANSUR2-M-28069,M,1.263940520446096,validation,199.0,156.0,575.0,144.0,130.0,geometric_feasible,unevaluated,G226-L01,G226,0.0,-3.0,1.0,,soft19+firm5,20.02,soft19+firm10,26.56,soft19,16.14,soft19+firm10,26.85,soft19+firm10,26.85,
ANSUR2-M-28074,M,1.263940520446096,validation,191.0,150.0,558.0,137.0,125.0,geometric_feasible,unevaluated,G226-L01,G226,3.0,0.0,1.0,,soft12.7+soft12.7,23.85,soft19+firm10,25.33,soft12.7+soft12.7,21.44,soft19+firm10,27.09,soft19+firm10,27.09,
ANSUR2-M-28084,M,1.263940520446096,train,198.0,160.0,579.0,132.0,139.0,geometric_feasible,unevaluated,G226-L01,G226,-3.0,3.0,2.0,,soft19+firm10,24.97,soft19+firm10,25.52,soft19+firm10,25.74,soft12.7+soft12.7,23.37,soft12.7+soft12.7,23.37,
ANSUR2-M-28100,M,1.263940520446096,train,192.0,161.0,570.0,136.0,128.0,geometric_feasible,unevaluated,G226-L01,G226,0.0,3.0,2.0,,soft12.7+soft12.7,22.02,soft19+firm10,26.62,soft19+firm10,27.3,soft12.7+firm15,24.66,soft12.7+firm15,24.66,
ANSUR2-M-28102,M,1.263940520446096,train,199.0,158.0,581.0,116.0,123.0,geometric_feasible,unevaluated,S13-L20,S13,6.0,9.0,0.0,,soft19+firm10,26.78,soft12.7+firm10,19.93,soft19+firm10,25.87,soft12.7+soft12.7,21.82,soft12.7+soft12.7,21.82,
ANSUR2-M-28103,M,1.263940520446096,train,189.0,155.0,556.0,129.0,122.0,geometric_feasible,unevaluated,S13-L20,S13,6.0,9.0,0.0,,soft19,15.39,soft19,15.8,soft19,17.29,soft19,16.47,soft19,16.47,
ANSUR2-M-28104,M,1.263940520446096,validation,202.0,155.0,587.0,132.0,129.0,geometric_feasible,unevaluated,G226-L01,G226,6.0,-3.0,1.0,,soft19+firm10,27.25,soft12.7+firm15,24.59,soft19+firm10,26.93,soft19+firm10,27.22,soft19+firm10,27.22,
ANSUR2-M-28108,M,1.263940520446096,validation,202.0,161.0,581.0,132.0,125.0,geometric_feasible,unevaluated,S13-L20,S13,-3.0,0.0,3.0,,soft12.7+soft12.7,21.04,soft12.7+soft12.7,22.71,soft19,17.79,soft12.7+soft12.7,20.53,soft12.7+soft12.7,20.53,
ANSUR2-M-28110,M,1.263940520446096,train,203.0,153.0,578.0,132.0,132.0,geometric_feasible,unevaluated,S13-L20,S13,-3.0,3.0,2.0,,soft19,17.29,soft19+firm5,20.1,soft19,16.65,soft12.7+soft12.7,21.09,soft12.7+soft12.7,21.13,
ANSUR2-M-28116,M,1.263940520446096,train,202.0,152.0,575.0,136.0,125.0,geometric_feasible,unevaluated,S13-L20,S13,6.0,0.0,2.0,,soft19,17.6,soft19,17.2,soft12.7+soft12.7,22.32,soft12.7+soft12.7,21.87,soft12.7+soft12.7,21.76,
ANSUR2-M-28121,M,1.263940520446096,train,199.0,153.0,575.0,131.0,136.0,geometric_feasible,unevaluated,S13-L20,S13,0.0,3.0,2.0,,soft19,18.0,soft12.7+soft12.7,21.64,soft19,16.29,soft12.7+soft12.7,21.42,soft12.7+soft12.7,21.42,
ANSUR2-M-28123,M,1.263940520446096,validation,200.0,156.0,586.0,133.0,132.0,geometric_feasible,unevaluated,S13-L20,S13,-6.0,0.0,2.0,,soft12.7+soft12.7,21.02,soft12.7+soft12.7,23.46,soft12.7+soft12.7,21.42,soft12.7+soft12.7,22.64,soft12.7+soft12.7,22.65,
ANSUR2-M-28124,M,1.263940520446096,train,203.0,165.0,598.0,140.0,120.0,geometric_feasible,unevaluated,G226-L01,G226,3.0,-6.0,2.0,,soft19+firm10,26.13,soft12.7+firm15,24.78,soft12.7+soft12.7,22.56,soft12.7+soft12.7,23.27,soft12.7+soft12.7,23.28,
ANSUR2-M-28125,M,1.263940520446096,train,195.0,151.0,558.0,136.0,127.0,geometric_feasible,unevaluated,G226-L11,G226,3.0,3.0,0.0,,soft12.7+soft12.7,22.02,soft19+firm10,26.3,soft12.7+firm15,24.7,soft19+firm10,25.81,soft19+firm10,25.8,
ANSUR2-M-28139,M,1.263940520446096,train,210.0,152.0,592.0,139.0,132.0,geometric_feasible,unevaluated,G226-L11,G226,3.0,6.0,1.0,,soft19,16.02,soft12.7+soft12.7,20.45,soft12.7+soft12.7,21.58,soft12.7+soft12.7,23.62,soft12.7+soft12.7,23.28,
ANSUR2-M-28145,M,1.263940520446096,train,197.0,153.0,568.0,125.0,110.0,geometric_feasible,unevaluated,S13-L20,S13,-3.0,9.0,1.0,,soft19,17.39,soft12.7+firm10,19.91,soft19,16.36,soft12.7+firm10,19.81,soft12.7+firm10,19.8,
ANSUR2-M-28147,M,1.263940520446096,validation,192.0,153.0,556.0,125.0,121.0,geometric_feasible,unevaluated,S13-L20,S13,0.0,6.0,0.0,,soft12.7+soft12.7,23.74,soft19+firm10,26.25,soft12.7+soft12.7,22.85,soft12.7+soft12.7,23.76,soft12.7+soft12.7,23.76,
ANSUR2-M-28150,M,1.263940520446096,train,195.0,162.0,573.0,133.0,124.0,geometric_feasible,unevaluated,S13-L20,S13,0.0,6.0,2.0,,soft19,15.29,soft19,16.2,soft19,15.67,soft19,15.49,soft19,15.48,
ANSUR2-M-28152,M,1.263940520446096,validation,192.0,145.0,553.0,121.0,112.0,geometric_feasible,unevaluated,S13-L20,S13,0.0,9.0,0.0,,soft12.7+soft12.7,23.77,soft12.7+soft12.7,21.63,soft19+firm10,25.02,soft19+firm10,25.87,soft19+firm10,25.87,
ANSUR2-M-28185,M,1.263940520446096,train,207.0,153.0,587.0,132.0,121.0,geometric_feasible,unevaluated,S13-L20,S13,0.0,6.0,1.0,,soft19,16.75,soft19,16.23,soft12.7+soft12.7,21.15,soft12.7+soft12.7,23.83,soft12.7+soft12.7,23.77,
ANSUR2-M-28190,M,1.263940520446096,train,213.0,173.0,622.0,134.0,117.0,excluded,fail,G226-L20,G226,,,,nose,,,,,,,,,,,True
ANSUR2-M-28196,M,1.263940520446096,validation,193.0,154.0,560.0,128.0,127.0,geometric_feasible,unevaluated,S13-L20,S13,0.0,9.0,0.0,,soft19,17.78,soft12.7+soft12.7,21.75,soft12.7+soft12.7,24.13,soft12.7+soft12.7,23.36,soft12.7+soft12.7,23.36,
ANSUR2-M-28202,M,1.263940520446096,validation,195.0,151.0,556.0,135.0,125.0,geometric_feasible,unevaluated,S13-L20,S13,-3.0,0.0,2.0,,soft19,17.53,soft12.7+soft12.7,21.45,soft19,15.77,soft12.7+soft12.7,21.08,soft12.7+soft12.7,21.08,
ANSUR2-M-28205,M,1.263940520446096,validation,205.0,155.0,580.0,125.0,125.0,geometric_feasible,unevaluated,S13-L20,S13,-3.0,3.0,2.0,,soft12.7+soft12.7,22.96,soft12.7+soft12.7,23.33,soft19,15.38,soft12.7+soft12.7,22.87,soft12.7+soft12.7,22.88,
ANSUR2-M-28206,M,1.263940520446096,validation,200.0,156.0,573.0,133.0,124.0,geometric_feasible,unevaluated,S13-L20,S13,3.0,6.0,2.0,,soft12.7+firm5,15.05,soft19,15.5,soft19,16.05,soft19,17.46,soft19,17.47,
ANSUR2-M-28207,M,1.263940520446096,train,210.0,159.0,600.0,131.0,123.0,geometric_feasible,unevaluated,S13-L20,S13,6.0,3.0,2.0,,soft12.7+firm10,19.99,soft19+firm5,20.24,soft12.7,11.97,soft12.7+soft12.7,20.8,soft12.7+soft12.7,20.8,
ANSUR2-M-28208,M,1.263940520446096,validation,205.0,160.0,593.0,130.0,119.0,geometric_feasible,unevaluated,G226-L01,G226,0.0,0.0,2.0,,soft19+firm10,25.69,soft12.7+soft12.7,22.12,soft19,17.3,soft12.7+soft12.7,23.04,soft12.7+soft12.7,23.04,
ANSUR2-M-28209,M,1.263940520446096,train,200.0,152.0,568.0,132.0,117.0,geometric_feasible,unevaluated,S13-L20,S13,-6.0,3.0,1.0,,soft19,18.03,soft12.7+soft12.7,23.03,soft19,17.92,soft12.7+soft12.7,22.39,soft12.7+soft12.7,22.47,
ANSUR2-M-28214,M,1.263940520446096,train,189.0,151.0,555.0,132.0,114.0,geometric_feasible,unevaluated,S13-L20,S13,-3.0,0.0,0.0,,soft12.7+soft12.7,21.9,soft12.7+soft12.7,23.73,soft12.7+soft12.7,22.48,soft12.7+soft12.7,23.3,soft12.7+soft12.7,23.3,
ANSUR2-M-28222,M,1.263940520446096,train,198.0,157.0,574.0,132.0,135.0,geometric_feasible,unevaluated,S13-L20,S13,0.0,6.0,0.0,,soft19,16.78,soft12.7+soft12.7,21.47,soft19,17.95,soft12.7+soft12.7,21.07,soft12.7+soft12.7,21.07,
ANSUR2-M-28224,M,1.263940520446096,train,190.0,161.0,564.0,129.0,122.0,geometric_feasible,unevaluated,S13-L20,S13,-3.0,-3.0,1.0,,soft19+firm10,25.86,soft19+firm10,25.64,soft19+firm10,26.84,soft19+firm5,20.25,soft19+firm5,20.25,
ANSUR2-M-28231,M,1.263940520446096,train,201.0,157.0,578.0,133.0,121.0,geometric_feasible,unevaluated,S13-L20,S13,0.0,0.0,2.0,,soft12.7+firm10,19.81,soft19+firm5,20.33,soft19,18.03,soft19+firm5,20.35,soft19+firm5,20.35,
ANSUR2-M-28314,M,1.263940520446096,train,201.0,152.0,572.0,129.0,133.0,geometric_feasible,unevaluated,S13-L20,S13,-6.0,3.0,2.0,,soft19,17.15,soft12.7+soft12.7,21.09,soft19,15.78,soft12.7+soft12.7,21.03,soft12.7+soft12.7,21.05,
ANSUR2-M-28320,M,1.263940520446096,validation,204.0,158.0,583.0,134.0,128.0,geometric_feasible,unevaluated,G226-L01,G226,0.0,-3.0,2.0,,soft19+firm10,26.86,soft12.7+soft12.7,23.89,soft19+firm5,20.34,soft19+firm10,25.81,soft19+firm10,25.81,
ANSUR2-M-28333,M,1.263940520446096,validation,204.0,153.0,585.0,135.0,121.0,geometric_feasible,unevaluated,G226-L01,G226,3.0,-3.0,1.0,,soft19+firm10,26.57,soft19+firm10,27.35,soft12.7+soft12.7,24.05,soft19+firm10,27.06,soft19+firm10,27.07,
ANSUR2-M-28343,M,1.263940520446096,validation,189.0,155.0,557.0,128.0,120.0,geometric_feasible,unevaluated,S13-L20,S13,0.0,3.0,1.0,,soft12.7+soft12.7,22.31,soft12.7+soft12.7,22.99,soft12.7+soft12.7,22.18,soft12.7+soft12.7,21.11,soft12.7+soft12.7,21.11,
ANSUR2-M-28345,M,1.263940520446096,validation,198.0,158.0,575.0,119.0,128.0,geometric_feasible,unevaluated,S13-L20,S13,-3.0,12.0,0.0,,soft12.7+soft12.7,20.63,soft19+firm10,26.09,soft19,15.69,soft12.7+soft12.7,21.11,soft12.7+soft12.7,21.11,
ANSUR2-M-28348,M,1.263940520446096,train,190.0,148.0,556.0,127.0,127.0,geometric_feasible,unevaluated,S13-L20,S13,3.0,3.0,0.0,,soft12.7+soft12.7,22.96,soft19+firm5,20.24,soft19,17.21,soft19+firm10,26.24,soft19+firm10,26.18,
ANSUR2-M-28358,M,1.263940520446096,validation,203.0,156.0,578.0,139.0,116.0,excluded,fail,S13-L20,S13,,,,pad_too_tight,,,,,,,,,,,True
ANSUR2-M-28359,M,1.263940520446096,validation,198.0,152.0,566.0,121.0,117.0,geometric_feasible,unevaluated,S13-L20,S13,6.0,12.0,0.0,,soft12.7+soft12.7,21.51,soft12.7+soft12.7,23.55,soft19,15.41,soft12.7+soft12.7,23.16,soft12.7+soft12.7,23.16,
ANSUR2-M-28360,M,1.263940520446096,train,209.0,158.0,598.0,134.0,126.0,geometric_feasible,unevaluated,G226-L11,G226,0.0,3.0,1.0,,soft12.7+soft12.7,24.02,soft19+firm10,26.64,soft12.7+soft12.7,22.93,soft19+firm10,26.36,soft19+firm10,26.36,
ANSUR2-M-28362,M,1.263940520446096,train,197.0,155.0,568.0,132.0,124.0,geometric_feasible,unevaluated,G226-L11,G226,0.0,6.0,1.0,,soft12.7+soft12.7,23.02,soft12.7+soft12.7,23.63,soft12.7+soft12.7,23.94,soft19+firm10,25.53,soft19+firm10,25.53,
ANSUR2-M-28367,M,1.263940520446096,train,200.0,157.0,580.0,119.0,118.0,geometric_feasible,unevaluated,S13-L20,S13,0.0,9.0,0.0,,soft19+firm10,25.07,soft12.7+soft12.7,22.93,soft12.7+soft12.7,20.99,soft12.7+soft12.7,22.06,soft12.7+soft12.7,22.06,
ANSUR2-M-28373,M,1.263940520446096,train,212.0,158.0,605.0,131.0,135.0,geometric_feasible,unevaluated,G226-L01,G226,0.0,0.0,2.0,,soft19+firm10,26.87,soft12.7+soft12.7,23.42,soft19,16.01,soft19+firm10,25.9,soft19+firm10,25.9,
ANSUR2-M-28374,M,1.263940520446096,train,209.0,175.0,615.0,133.0,133.0,geometric_feasible,unevaluated,G226-L01,G226,-3.0,0.0,2.0,,soft12.7+soft12.7,24.01,soft12.7+soft12.7,22.49,soft19+firm10,26.6,soft19,17.99,soft19,17.99,
ANSUR2-M-28377,M,1.263940520446096,train,192.0,160.0,572.0,130.0,130.0,excluded,fail,S13-L20,S13,,,,field_of_view,,,,,,,,,,,True
ANSUR2-M-28379,M,1.263940520446096,train,193.0,156.0,569.0,131.0,124.0,geometric_feasible,unevaluated,S13-L20,S13,3.0,6.0,1.0,,soft19,17.72,soft12.7+soft12.7,20.47,soft12.7+soft12.7,22.24,soft12.7+soft12.7,21.45,soft12.7+soft12.7,21.45,
ANSUR2-M-28381,M,1.263940520446096,validation,193.0,152.0,570.0,130.0,130.0,geometric_feasible,unevaluated,S13-L20,S13,3.0,6.0,2.0,,soft19,16.38,soft19,16.49,soft19,16.1,soft19,17.4,soft19,17.4,
ANSUR2-M-28383,M,1.263940520446096,train,199.0,156.0,570.0,132.0,107.0,geometric_feasible,unevaluated,S13-L20,S13,-3.0,6.0,2.0,,soft19,16.7,soft12.7+soft12.7,23.44,soft19,16.05,soft12.7+soft12.7,21.76,soft12.7+soft12.7,21.76,
ANSUR2-M-28390,M,1.263940520446096,validation,193.0,151.0,557.0,127.0,137.0,geometric_feasible,unevaluated,S13-L20,S13,0.0,3.0,0.0,,soft12.7+firm15,24.74,soft19+firm10,27.34,soft12.7+soft12.7,21.77,soft19+firm10,25.65,soft19+firm10,25.64,
ANSUR2-M-28396,M,1.263940520446096,train,193.0,149.0,547.0,127.0,120.0,geometric_feasible,unevaluated,S13-L20,S13,-6.0,6.0,2.0,,soft19,16.9,soft12.7+soft12.7,21.2,soft19,15.84,soft12.7+soft12.7,20.39,soft12.7+soft12.7,20.4,
ANSUR2-M-28408,M,1.263940520446096,validation,203.0,155.0,581.0,133.0,119.0,geometric_feasible,unevaluated,G226-L01,G226,6.0,0.0,0.0,,soft12.7+soft12.7,21.43,soft19,16.98,soft19+firm10,26.87,soft12.7+soft12.7,22.69,soft12.7+soft12.7,22.69,
ANSUR2-M-28411,M,1.263940520446096,train,194.0,154.0,567.0,131.0,112.0,geometric_feasible,unevaluated,S13-L20,S13,-6.0,3.0,3.0,,soft19,16.77,soft12.7+soft12.7,22.95,soft19,16.06,soft12.7+firm10,19.96,soft12.7+firm10,19.98,
ANSUR2-M-28416,M,1.263940520446096,train,206.0,165.0,600.0,133.0,130.0,geometric_feasible,unevaluated,G226-L11,G226,-3.0,3.0,1.0,,soft19+firm10,25.02,soft19+firm10,25.73,soft19+firm10,27.42,soft12.7+soft12.7,23.13,soft12.7+soft12.7,23.13,
ANSUR2-M-28422,M,1.263940520446096,validation,195.0,147.0,553.0,124.0,122.0,geometric_feasible,unevaluated,S13-L20,S13,3.0,3.0,0.0,,soft19+firm10,26.8,soft19+firm10,24.81,soft12.7+soft12.7,24.05,soft19+firm10,26.93,soft19+firm10,26.94,
ANSUR2-M-28431,M,1.263940520446096,train,206.0,158.0,584.0,125.0,117.0,excluded,fail,S13-L20,S13,,,,nose,,,,,,,,,,,True
ANSUR2-M-28438,M,1.263940520446096,validation,190.0,168.0,572.0,137.0,120.0,geometric_feasible,unevaluated,G226-L11,G226,6.0,6.0,1.0,,soft19,17.84,soft12.7+soft12.7,21.75,soft19+firm10,26.46,soft12.7+soft12.7,20.54,soft12.7+soft12.7,20.55,
ANSUR2-M-28443,M,1.263940520446096,validation,202.0,146.0,568.0,125.0,122.0,geometric_feasible,unevaluated,S13-L20,S13,-6.0,0.0,0.0,,soft19+firm10,26.92,soft19+firm10,27.42,soft19,15.52,soft19+firm10,27.13,soft19+firm10,27.18,
ANSUR2-M-28448,M,1.263940520446096,train,200.0,156.0,573.0,131.0,118.0,geometric_feasible,unevaluated,S13-L20,S13,-3.0,3.0,2.0,,soft19,16.7,soft19,16.17,soft19,15.7,soft19,17.65,soft19,17.66,
ANSUR2-M-28450,M,1.263940520446096,train,185.0,144.0,530.0,123.0,123.0,geometric_feasible,unevaluated,S13-L20,S13,0.0,12.0,0.0,,soft12.7+firm10,19.78,soft12.7+soft12.7,21.79,soft12.7+soft12.7,22.9,soft12.7+soft12.7,23.58,soft12.7+soft12.7,23.58,
ANSUR2-M-28458,M,1.263940520446096,train,211.0,165.0,608.0,128.0,123.0,geometric_feasible,unevaluated,G226-L20,G226,0.0,6.0,0.0,,soft19+firm10,27.02,soft19+firm10,27.49,soft12.7+soft12.7,23.51,soft12.7+soft12.7,23.27,soft12.7+soft12.7,23.27,
ANSUR2-M-28459,M,1.263940520446096,validation,202.0,160.0,587.0,135.0,129.0,geometric_feasible,unevaluated,G226-L01,G226,0.0,3.0,2.0,,soft12.7+soft12.7,23.02,soft12.7+firm15,24.75,soft12.7+soft12.7,21.94,soft19+firm10,25.3,soft19+firm10,25.3,
ANSUR2-M-28464,M,1.263940520446096,validation,209.0,160.0,603.0,143.0,145.0,geometric_feasible,unevaluated,G226-L11,G226,3.0,3.0,0.0,,soft12.7+firm5,15.02,soft19,17.67,soft12.7+soft12.7,21.35,soft12.7+soft12.7,20.62,soft12.7+soft12.7,20.39,
ANSUR2-M-28470,M,1.263940520446096,train,214.0,153.0,600.0,133.0,120.0,geometric_feasible,unevaluated,G226-L11,G226,-3.0,3.0,1.0,,soft12.7+soft12.7,22.96,soft19+firm10,26.1,soft12.7+soft12.7,20.54,soft19+firm10,26.98,soft19+firm10,27.03,
ANSUR2-M-28472,M,1.263940520446096,train,200.0,155.0,581.0,131.0,126.0,geometric_feasible,unevaluated,S13-L20,S13,-3.0,0.0,1.0,,soft12.7+soft12.7,21.51,soft12.7+soft12.7,23.02,soft19,17.23,soft12.7+soft12.7,23.5,soft12.7+soft12.7,23.5,
ANSUR2-M-28478,M,1.263940520446096,validation,193.0,145.0,548.0,115.0,120.0,geometric_feasible,unevaluated,S13-L20,S13,0.0,9.0,0.0,,soft19+firm10,27.3,soft19+firm10,25.81,soft12.7+soft12.7,22.65,soft19+firm10,26.88,soft19+firm10,26.87,
ANSUR2-M-28483,M,1.263940520446096,train,199.0,155.0,574.0,123.0,123.0,geometric_feasible,unevaluated,S13-L20,S13,-6.0,6.0,0.0,,soft12.7+soft12.7,23.34,soft12.7+soft12.7,24.05,soft12.7+soft12.7,20.58,soft12.7+soft12.7,22.84,soft12.7+soft12.7,22.83,
ANSUR2-M-28485,M,1.263940520446096,validation,205.0,152.0,579.0,138.0,121.0,geometric_feasible,unevaluated,G226-L01,G226,0.0,0.0,2.0,,soft12.7+soft12.7,21.58,soft12.7+soft12.7,20.94,soft12.7+soft12.7,23.6,soft19+firm10,25.52,soft19+firm10,25.52,
ANSUR2-M-28495,M,1.263940520446096,train,200.0,154.0,567.0,134.0,120.0,geometric_feasible,unevaluated,G226-L11,G226,0.0,0.0,1.0,,soft12.7+firm15,24.74,soft12.7+soft12.7,23.6,soft12.7+soft12.7,22.13,soft19+firm10,26.82,soft19+firm10,26.82,
ANSUR2-M-28498,M,1.263940520446096,train,188.0,153.0,550.0,128.0,122.0,geometric_feasible,unevaluated,S13-L20,S13,0.0,6.0,1.0,,soft19+firm5,20.12,soft19+firm5,20.19,soft12.7+soft12.7,20.88,soft19+firm5,20.28,soft19+firm5,20.28,
ANSUR2-M-28527,M,1.263940520446096,train,186.0,141.0,534.0,122.0,122.0,geometric_feasible,unevaluated,S13-L20,S13,6.0,6.0,0.0,,soft12.7+soft12.7,23.39,soft12.7+soft12.7,22.33,soft19+firm10,25.38,soft19+firm10,27.23,soft19+firm10,27.16,
ANSUR2-M-28533,M,1.263940520446096,train,191.0,151.0,548.0,124.0,105.0,geometric_feasible,unevaluated,S13-L20,S13,-3.0,9.0,0.0,,soft12.7+soft12.7,21.29,soft12.7+soft12.7,22.46,soft12.7+soft12.7,22.56,soft12.7+soft12.7,23.15,soft12.7+soft12.7,23.16,
ANSUR2-M-28535,M,1.263940520446096,train,192.0,154.0,560.0,123.0,113.0,geometric_feasible,unevaluated,S13-L20,S13,0.0,6.0,0.0,,soft12.7+soft12.7,23.15,soft12.7+firm15,24.58,soft12.7+soft12.7,21.05,soft12.7+soft12.7,21.93,soft12.7+soft12.7,21.92,
ANSUR2-M-28547,M,1.263940520446096,train,191.0,150.0,560.0,126.0,116.0,geometric_feasible,unevaluated,S13-L20,S13,3.0,6.0,0.0,,soft12.7+soft12.7,21.61,soft12.7+soft12.7,22.76,soft12.7+soft12.7,21.01,soft12.7+soft12.7,22.9,soft12.7+soft12.7,22.91,
ANSUR2-M-28549,M,1.263940520446096,train,199.0,149.0,556.0,129.0,122.0,geometric_feasible,unevaluated,S13-L20,S13,0.0,6.0,1.0,,soft12.7+firm10,19.78,soft12.7+soft12.7,23.28,soft19+firm5,20.15,soft12.7+firm15,24.73,soft12.7+firm15,24.72,
ANSUR2-M-28552,M,1.263940520446096,train,194.0,160.0,569.0,133.0,119.0,geometric_feasible,unevaluated,S13-L20,S13,0.0,6.0,2.0,,soft19,15.69,soft19,17.29,soft19,17.81,soft19,17.29,soft19,17.28,
ANSUR2-M-28554,M,1.263940520446096,validation,197.0,162.0,591.0,133.0,107.0,geometric_feasible,unevaluated,G226-L01,G226,6.0,0.0,2.0,,soft19+firm10,26.32,soft19+firm10,26.55,soft12.7+firm5,15.1,soft12.7+firm15,24.59,soft12.7+firm15,24.59,
ANSUR2-M-28558,M,1.263940520446096,validation,201.0,166.0,588.0,130.0,125.0,geometric_feasible,unevaluated,S13-L20,S13,-6.0,6.0,2.0,,soft19,17.6,soft12.7+soft12.7,21.61,soft19,17.48,soft19,16.92,soft19,16.92,
ANSUR2-M-28575,M,1.263940520446096,train,188.0,148.0,535.0,117.0,112.0,geometric_feasible,unevaluated,S13-L20,S13,3.0,9.0,0.0,,soft19+firm10,27.18,soft19+firm10,26.95,soft19+firm10,26.76,soft19+firm10,26.22,soft19+firm10,26.21,
ANSUR2-M-28576,M,1.263940520446096,validation,220.0,154.0,610.0,140.0,148.0,excluded,fail,G226-L11,G226,,,,nose,,,,,,,,,,,True
ANSUR2-M-28580,M,1.263940520446096,validation,198.0,151.0,555.0,127.0,123.0,geometric_feasible,unevaluated,G226-L11,G226,0.0,6.0,1.0,,soft19+firm10,27.17,soft19+firm10,26.99,soft12.7+soft12.7,24.05,soft19+firm10,27.26,soft19+firm10,27.26,
ANSUR2-M-28582,M,1.263940520446096,train,199.0,150.0,560.0,125.0,132.0,excluded,fail,S13-L20,S13,,,,pad_between_steps,,,,,,,,,,,True
ANSUR2-M-28586,M,1.263940520446096,train,204.0,153.0,575.0,126.0,127.0,geometric_feasible,unevaluated,S13-L20,S13,3.0,9.0,2.0,,soft19,17.29,soft19,16.08,soft19,16.66,soft12.7+firm10,19.98,soft12.7+firm10,19.99,
ANSUR2-M-28587,M,1.263940520446096,train,201.0,156.0,582.0,135.0,118.0,geometric_feasible,unevaluated,G226-L11,G226,0.0,6.0,1.0,,soft19+firm5,20.02,soft12.7+soft12.7,21.83,soft12.7+soft12.7,22.17,soft12.7+soft12.7,23.25,soft12.7+soft12.7,23.25,
ANSUR2-M-28617,M,1.263940520446096,validation,210.0,152.0,588.0,133.0,133.0,geometric_feasible,unevaluated,G226-L20,G226,-3.0,12.0,0.0,,soft19,16.02,soft12.7+soft12.7,21.16,soft12.7+soft12.7,20.44,soft12.7+soft12.7,23.39,soft12.7+soft12.7,23.56,
ANSUR2-M-28622,M,1.263940520446096,validation,197.0,143.0,557.0,130.0,115.0,geometric_feasible,unevaluated,S13-L20,S13,6.0,3.0,0.0,,soft12.7+soft12.7,20.72,soft12.7+soft12.7,21.26,soft19,17.62,soft12.7+soft12.7,23.88,soft12.7+soft12.7,23.78,
ANSUR2-M-28624,M,1.263940520446096,train,197.0,153.0,574.0,126.0,117.0,geometric_feasible,unevaluated,S13-L20,S13,0.0,9.0,1.0,,soft12.7+firm10,19.78,soft12.7+soft12.7,21.63,soft19+firm5,20.22,soft12.7+soft12.7,22.36,soft12.7+soft12.7,22.36,
ANSUR2-M-28626,M,1.263940520446096,validation,194.0,150.0,565.0,133.0,116.0,geometric_feasible,unevaluated,S13-L20,S13,0.0,0.0,0.0,,soft12.7+soft12.7,21.74,soft19+firm10,26.18,soft12.7+firm15,24.79,soft19+firm10,26.29,soft19+firm10,26.28,
ANSUR2-M-28632,M,1.263940520446096,validation,201.0,159.0,580.0,131.0,112.0,geometric_feasible,unevaluated,G226-L11,G226,0.0,3.0,1.0,,soft12.7+soft12.7,23.59,soft12.7+soft12.7,22.56,soft19,16.61,soft12.7+soft12.7,22.89,soft12.7+soft12.7,22.89,
ANSUR2-M-28634,M,1.263940520446096,train,200.0,152.0,575.0,126.0,123.0,geometric_feasible,unevaluated,S13-L20,S13,0.0,3.0,1.0,,soft12.7+soft12.7,22.92,soft12.7+soft12.7,20.9,soft12.7+soft12.7,20.73,soft12.7+soft12.7,23.32,soft12.7+soft12.7,23.32,
ANSUR2-M-28639,M,1.263940520446096,train,199.0,150.0,568.0,128.0,120.0,geometric_feasible,unevaluated,S13-L20,S13,0.0,3.0,1.0,,soft12.7+soft12.7,20.84,soft12.7+soft12.7,23.7,soft19,17.58,soft12.7+soft12.7,24.12,soft12.7+soft12.7,24.12,
ANSUR2-M-28640,M,1.263940520446096,train,195.0,161.0,575.0,124.0,121.0,geometric_feasible,unevaluated,S13-L20,S13,0.0,6.0,0.0,,soft12.7+firm15,24.74,soft19+firm10,27.06,soft12.7+soft12.7,22.3,soft19+firm5,20.3,soft19+firm5,20.3,
ANSUR2-M-28642,M,1.263940520446096,train,195.0,166.0,585.0,128.0,120.0,geometric_feasible,unevaluated,S13-L20,S13,3.0,3.0,1.0,,soft12.7+soft12.7,21.9,soft12.7+soft12.7,22.4,soft12.7+soft12.7,23.8,soft19,17.82,soft19,17.82,
ANSUR2-M-28646,M,1.263940520446096,train,196.0,158.0,571.0,119.0,129.0,geometric_feasible,unevaluated,S13-L20,S13,0.0,9.0,0.0,,soft19+firm10,25.54,soft12.7+soft12.7,22.95,soft12.7+soft12.7,22.64,soft12.7+soft12.7,20.82,soft12.7+soft12.7,20.82,
ANSUR2-M-28656,M,1.263940520446096,validation,198.0,155.0,577.0,135.0,115.0,geometric_feasible,unevaluated,G226-L01,G226,0.0,0.0,2.0,,soft19+firm10,25.56,soft19+firm10,25.54,soft12.7+soft12.7,20.37,soft19+firm10,26.61,soft19+firm10,26.61,
ANSUR2-M-28664,M,1.263940520446096,validation,195.0,154.0,563.0,130.0,122.0,excluded,fail,S13-L20,S13,,,,pad_between_steps,,,,,,,,,,,True
ANSUR2-M-28702,M,1.263940520446096,validation,208.0,155.0,583.0,136.0,120.0,geometric_feasible,unevaluated,S13-L20,S13,0.0,3.0,2.0,,soft19,15.78,soft12.7+firm10,19.89,soft19,16.66,soft12.7+soft12.7,22.1,soft12.7+soft12.7,22.1,
ANSUR2-M-28703,M,1.263940520446096,validation,193.0,150.0,557.0,127.0,116.0,geometric_feasible,unevaluated,S13-L20,S13,0.0,6.0,1.0,,soft12.7+soft12.7,21.78,soft12.7+firm15,24.6,soft12.7+soft12.7,23.28,soft19+firm10,25.02,soft19+firm10,25.02,
ANSUR2-M-28707,M,1.263940520446096,train,196.0,156.0,573.0,139.0,117.0,geometric_feasible,unevaluated,G226-L01,G226,6.0,-3.0,2.0,,soft12.7+soft12.7,23.81,soft19+firm10,24.92,soft12.7+firm5,15.06,soft19+firm10,25.94,soft19+firm10,25.94,
ANSUR2-M-28708,M,1.263940520446096,train,214.0,155.0,600.0,135.0,135.0,geometric_feasible,unevaluated,G226-L11,G226,-6.0,0.0,1.0,,soft12.7+soft12.7,23.06,soft19+firm10,26.51,soft12.7,11.96,soft19+firm10,27.18,soft19+firm10,27.24,
ANSUR2-M-28712,M,1.263940520446096,train,200.0,151.0,565.0,126.0,122.0,geometric_feasible,unevaluated,S13-L20,S13,0.0,3.0,0.0,,soft12.7+soft12.7,23.43,soft19+firm10,27.3,soft19,16.04,soft19+firm10,25.64,soft19+firm10,25.64,
ANSUR2-M-28715,M,1.263940520446096,validation,207.0,161.0,590.0,146.0,118.0,geometric_feasible,unevaluated,G226-L01,G226,0.0,3.0,1.0,,soft12.7,12.02,soft19,16.51,soft19,15.45,soft19,17.01,soft19,17.01,
ANSUR2-M-28717,M,1.263940520446096,train,207.0,149.0,572.0,134.0,119.0,geometric_feasible,unevaluated,G226-L11,G226,3.0,3.0,1.0,,soft12.7+soft12.7,23.7,soft19+firm10,24.89,soft12.7+soft12.7,20.79,soft19+firm10,27.4,soft19+firm10,27.4,
ANSUR2-M-28757,M,1.263940520446096,train,185.0,158.0,565.0,129.0,121.0,geometric_feasible,unevaluated,S13-L20,S13,0.0,9.0,0.0,,soft19,15.5,soft19,16.08,soft19,16.98,soft19,15.22,soft19,15.22,
ANSUR2-M-28759,M,1.263940520446096,train,205.0,151.0,576.0,129.0,126.0,excluded,fail,G226-L11,G226,,,,nose,,,,,,,,,,,True
ANSUR2-M-28760,M,1.263940520446096,train,200.0,160.0,581.0,138.0,123.0,geometric_feasible,unevaluated,G226-L11,G226,6.0,0.0,1.0,,soft12.7+soft12.7,22.41,soft12.7+soft12.7,23.64,soft19,16.45,soft19+firm10,25.52,soft19+firm10,25.52,
ANSUR2-M-28769,M,1.263940520446096,validation,195.0,146.0,555.0,130.0,123.0,geometric_feasible,unevaluated,S13-L20,S13,0.0,3.0,0.0,,soft12.7+soft12.7,21.74,soft12.7+soft12.7,22.78,soft19+firm10,25.41,soft19+firm10,26.8,soft19+firm10,26.8,
ANSUR2-M-28773,M,1.263940520446096,validation,198.0,153.0,563.0,134.0,115.0,geometric_feasible,unevaluated,G226-L11,G226,6.0,3.0,0.0,,soft12.7+soft12.7,23.06,soft12.7+soft12.7,24.02,soft19+firm10,26.96,soft19+firm10,26.06,soft19+firm10,26.06,
ANSUR2-M-28775,M,1.263940520446096,validation,205.0,156.0,577.0,130.0,127.0,geometric_feasible,unevaluated,G226-L20,G226,-3.0,6.0,0.0,,soft12.7+soft12.7,22.89,soft19+firm10,26.91,soft12.7+soft12.7,22.29,soft19+firm10,25.57,soft19+firm10,25.57,
ANSUR2-M-28780,M,1.263940520446096,train,195.0,153.0,564.0,122.0,128.0,geometric_feasible,unevaluated,S13-L20,S13,-3.0,3.0,0.0,,soft19+firm10,27.47,soft12.7+soft12.7,21.34,soft19+firm5,20.14,soft12.7+firm15,24.69,soft12.7+firm15,24.7,
ANSUR2-M-28784,M,1.263940520446096,train,190.0,160.0,550.0,137.0,133.0,excluded,fail,S13-L20,S13,,,,field_of_view,,,,,,,,,,,True
ANSUR2-M-28789,M,1.263940520446096,train,192.0,150.0,552.0,132.0,105.0,excluded,fail,S13-L20,S13,,,,field_of_view,,,,,,,,,,,True
ANSUR2-M-28793,M,1.263940520446096,validation,200.0,147.0,561.0,137.0,118.0,geometric_feasible,unevaluated,S13-L20,S13,3.0,0.0,2.0,,soft19,17.73,soft12.7+soft12.7,20.4,soft12.7+soft12.7,21.81,soft12.7+soft12.7,24.11,soft12.7+soft12.7,24.08,
ANSUR2-M-28794,M,1.263940520446096,validation,189.0,159.0,565.0,125.0,132.0,geometric_feasible,unevaluated,S13-L20,S13,6.0,3.0,0.0,,soft12.7+soft12.7,23.92,soft12.7+soft12.7,22.9,soft19+firm10,26.3,soft12.7+firm10,19.8,soft12.7+firm10,19.81,
ANSUR2-M-28799,M,1.263940520446096,train,191.0,152.0,553.0,135.0,118.0,geometric_feasible,unevaluated,G226-L01,G226,-3.0,-3.0,2.0,,soft19+firm10,26.84,soft19+firm10,26.52,soft19,17.25,soft19+firm10,27.01,soft19+firm10,27.02,
ANSUR2-M-28859,M,1.263940520446096,validation,191.0,155.0,560.0,125.0,126.0,excluded,fail,S13-L20,S13,,,,field_of_view,,,,,,,,,,,True
ANSUR2-M-28884,M,1.263940520446096,train,197.0,157.0,569.0,136.0,129.0,excluded,fail,S13-L20,S13,,,,field_of_view,,,,,,,,,,,True
ANSUR2-M-28892,M,1.263940520446096,validation,199.0,150.0,565.0,132.0,106.0,geometric_feasible,unevaluated,G226-L11,G226,0.0,6.0,1.0,,soft12.7+soft12.7,23.02,soft19+firm10,25.04,soft19+firm10,25.89,soft19+firm10,26.58,soft19+firm10,26.58,
ANSUR2-M-28896,M,1.263940520446096,validation,198.0,156.0,571.0,113.0,123.0,geometric_feasible,unevaluated,S13-L20,S13,0.0,12.0,0.0,,soft19+firm10,27.36,soft19+firm10,26.8,soft19+firm5,20.13,soft12.7+soft12.7,23.05,soft12.7+soft12.7,23.04,
ANSUR2-M-28899,M,1.263940520446096,train,203.0,145.0,575.0,128.0,132.0,geometric_feasible,unevaluated,S13-L20,S13,6.0,9.0,2.0,,soft19,16.49,soft19,16.69,soft19,16.9,soft19+firm5,20.3,soft19+firm5,20.13,
ANSUR2-M-28902,M,1.263940520446096,train,208.0,154.0,585.0,131.0,120.0,geometric_feasible,unevaluated,S13-L20,S13,3.0,6.0,3.0,,soft19,17.21,soft19,17.99,soft19,15.34,soft12.7+soft12.7,21.05,soft12.7+soft12.7,21.05,
ANSUR2-M-28907,M,1.263940520446096,train,198.0,148.0,564.0,134.0,131.0,geometric_feasible,unevaluated,S13-L20,S13,0.0,0.0,2.0,,soft19,17.86,soft19,16.21,soft12.7+soft12.7,21.2,soft12.7+soft12.7,21.95,soft12.7+soft12.7,21.87,
ANSUR2-M-28911,M,1.263940520446096,train,199.0,151.0,565.0,144.0,127.0,geometric_feasible,unevaluated,G226-L01,G226,0.0,-3.0,1.0,,soft19+firm5,20.02,soft19+firm10,25.37,soft19,15.85,soft19+firm10,27.15,soft19+firm10,27.15,
ANSUR2-M-28912,M,1.263940520446096,train,198.0,153.0,567.0,130.0,121.0,geometric_feasible,unevaluated,S13-L20,S13,3.0,3.0,1.0,,soft12.7+soft12.7,20.55,soft12.7+soft12.7,20.89,soft12.7+firm10,19.83,soft12.7+soft12.7,22.16,soft12.7+soft12.7,22.16,
ANSUR2-M-28918,M,1.263940520446096,validation,203.0,148.0,567.0,132.0,124.0,geometric_feasible,unevaluated,S13-L20,S13,3.0,6.0,0.0,,soft19,16.46,soft19,17.69,soft12.7+firm5,15.08,soft12.7+soft12.7,20.58,soft12.7+soft12.7,20.6,
ANSUR2-M-28923,M,1.263940520446096,validation,198.0,152.0,563.0,131.0,114.0,geometric_feasible,unevaluated,S13-L20,S13,-3.0,6.0,2.0,,soft19,17.71,soft12.7+soft12.7,20.43,soft12.7+soft12.7,20.54,soft12.7+soft12.7,22.24,soft12.7+soft12.7,22.25,
ANSUR2-M-28928,M,1.263940520446096,validation,199.0,170.0,595.0,135.0,123.0,geometric_feasible,unevaluated,S13-L20,S13,-3.0,3.0,2.0,,soft19,16.22,soft12.7+soft12.7,20.39,soft19,16.26,soft12.7+firm5,15.17,soft12.7+firm5,15.18,
ANSUR2-M-28932,M,1.263940520446096,train,196.0,162.0,580.0,129.0,128.0,geometric_feasible,unevaluated,S13-L20,S13,3.0,-3.0,0.0,,soft19+firm10,25.86,soft19+firm10,27.21,soft19,16.77,soft19+firm5,20.14,soft19+firm5,20.14,
ANSUR2-M-28937,M,1.263940520446096,train,201.0,155.0,578.0,135.0,125.0,geometric_feasible,unevaluated,S13-L20,S13,-6.0,3.0,2.0,,soft19,16.65,soft19+firm10,24.83,soft19,17.27,soft12.7+soft12.7,22.96,soft12.7+soft12.7,23.2,
ANSUR2-M-28944,M,1.263940520446096,train,196.0,150.0,565.0,130.0,123.0,geometric_feasible,unevaluated,S13-L20,S13,-3.0,6.0,2.0,,soft19,16.68,soft12.7+soft12.7,20.93,soft19,16.52,soft12.7+soft12.7,20.39,soft12.7+soft12.7,20.48,
ANSUR2-M-28945,M,1.263940520446096,train,196.0,151.0,563.0,122.0,112.0,excluded,fail,S13-L20,S13,,,,pad_too_loose,,,,,,,,,,,True
ANSUR2-M-28957,M,1.263940520446096,validation,189.0,160.0,562.0,139.0,119.0,geometric_feasible,unevaluated,S13-L20,S13,0.0,0.0,3.0,,soft12.7+firm5,15.1,soft19,17.02,soft19,16.66,soft19,15.65,soft19,15.64,
ANSUR2-M-28964,M,1.263940520446096,train,195.0,150.0,563.0,133.0,126.0,geometric_feasible,unevaluated,S13-L20,S13,3.0,3.0,3.0,,soft19,17.33,soft19,17.22,soft19,17.4,soft12.7+soft12.7,20.77,soft12.7+soft12.7,20.67,
ANSUR2-M-28968,M,1.263940520446096,train,204.0,163.0,596.0,137.0,122.0,geometric_feasible,unevaluated,G226-L01,G226,6.0,-3.0,2.0,,soft19+firm10,25.59,soft19+firm10,26.18,soft12.7+soft12.7,22.44,soft12.7+soft12.7,24.1,soft12.7+soft12.7,24.1,
ANSUR2-M-28970,M,1.263940520446096,train,194.0,160.0,557.0,129.0,123.0,geometric_feasible,unevaluated,S13-L20,S13,0.0,3.0,1.0,,soft12.7+soft12.7,22.74,soft12.7+soft12.7,22.37,soft19,16.74,soft12.7+soft12.7,21.57,soft12.7+soft12.7,21.56,
ANSUR2-M-28971,M,1.263940520446096,validation,194.0,150.0,562.0,129.0,134.0,geometric_feasible,unevaluated,S13-L20,S13,0.0,0.0,0.0,,soft19+firm10,25.02,soft19+firm10,27.47,soft12.7+soft12.7,20.58,soft19+firm10,26.19,soft19+firm10,26.18,
ANSUR2-M-28972,M,1.263940520446096,train,200.0,157.0,578.0,133.0,124.0,geometric_feasible,unevaluated,S13-L20,S13,-6.0,6.0,3.0,,soft19,15.26,soft19+firm5,20.17,soft19,17.28,soft12.7+firm10,19.83,soft12.7+firm10,19.83,
ANSUR2-M-28976,M,1.263940520446096,validation,206.0,156.0,585.0,120.0,122.0,geometric_feasible,unevaluated,S13-L20,S13,0.0,3.0,1.0,,soft12.7+soft12.7,23.15,soft12.7+soft12.7,23.46,soft12.7,12.04,soft12.7+soft12.7,21.49,soft12.7+soft12.7,21.49,
ANSUR2-M-28981,M,1.263940520446096,train,209.0,148.0,581.0,134.0,131.0,geometric_feasible,unevaluated,G226-L11,G226,0.0,0.0,1.0,,soft12.7+soft12.7,23.07,soft12.7+soft12.7,24.1,soft19,16.7,soft19+firm10,26.86,soft19+firm10,26.86,
ANSUR2-M-28982,M,1.263940520446096,train,198.0,154.0,577.0,132.0,126.0,geometric_feasible,unevaluated,G226-L20,G226,6.0,12.0,0.0,,soft19,16.95,soft12.7+soft12.7,21.05,soft12.7+soft12.7,22.82,soft12.7+soft12.7,22.3,soft12.7+soft12.7,22.14,
ANSUR2-M-28983,M,1.263940520446096,validation,209.0,153.0,593.0,141.0,131.0,geometric_feasible,unevaluated,G226-L01,G226,3.0,-3.0,2.0,,soft12.7+soft12.7,22.63,soft12.7+soft12.7,23.29,soft12.7+firm10,19.78,soft19+firm10,26.54,soft19+firm10,26.4,
ANSUR2-M-28989,M,1.263940520446096,train,204.0,158.0,576.0,136.0,122.0,geometric_feasible,unevaluated,G226-L11,G226,0.0,3.0,1.0,,soft12.7+soft12.7,21.79,soft12.7+soft12.7,22.79,soft12.7+firm5,15.0,soft12.7+soft12.7,23.39,soft12.7+soft12.7,23.39,
ANSUR2-M-29005,M,1.263940520446096,train,203.0,147.0,573.0,131.0,116.0,geometric_feasible,unevaluated,S13-L20,S13,-3.0,6.0,2.0,,soft19,16.22,soft19,16.92,soft19,16.21,soft19+firm5,20.01,soft19+firm5,20.17,
ANSUR2-M-29028,M,1.263940520446096,validation,196.0,159.0,576.0,130.0,120.0,geometric_feasible,unevaluated,S13-L20,S13,0.0,9.0,2.0,,soft19,15.73,soft19,16.85,soft19,16.6,soft19,17.1,soft19,17.1,
ANSUR2-M-29034,M,1.263940520446096,train,198.0,153.0,570.0,136.0,127.0,geometric_feasible,unevaluated,G226-L01,G226,-3.0,3.0,1.0,,soft12.7+soft12.7,20.52,soft12.7+soft12.7,20.63,soft19,16.6,soft12.7+soft12.7,21.81,soft12.7+soft12.7,21.81,
ANSUR2-M-29036,M,1.263940520446096,train,194.0,166.0,575.0,133.0,112.0,geometric_feasible,unevaluated,S13-L20,S13,-3.0,6.0,2.0,,soft19,15.68,soft12.7+soft12.7,21.63,soft19,16.78,soft19,16.85,soft19,16.85,
ANSUR2-M-29037,M,1.263940520446096,train,195.0,150.0,572.0,127.0,116.0,geometric_feasible,unevaluated,S13-L20,S13,3.0,3.0,2.0,,soft12.7+soft12.7,22.09,soft12.7+soft12.7,21.04,soft12.7+soft12.7,21.19,soft12.7+soft12.7,22.31,soft12.7+soft12.7,22.31,
ANSUR2-M-29044,M,1.263940520446096,train,213.0,163.0,612.0,128.0,123.0,geometric_feasible,unevaluated,G226-L11,G226,-3.0,3.0,1.0,,soft19+firm10,25.32,soft19+firm10,27.24,soft19+firm5,20.26,soft12.7+soft12.7,23.5,soft12.7+soft12.7,23.5,
ANSUR2-M-29046,M,1.263940520446096,validation,196.0,153.0,566.0,125.0,127.0,geometric_feasible,unevaluated,S13-L20,S13,0.0,6.0,1.0,,soft12.7+firm10,19.76,soft12.7+soft12.7,23.36,soft19,17.24,soft12.7+soft12.7,22.06,soft12.7+soft12.7,22.06,
ANSUR2-M-29052,M,1.263940520446096,validation,214.0,162.0,603.0,133.0,131.0,geometric_feasible,unevaluated,G226-L01,G226,0.0,-3.0,2.0,,soft19+firm10,26.36,soft19+firm10,26.43,soft12.7+firm5,15.18,soft12.7+soft12.7,24.0,soft12.7+soft12.7,24.0,
ANSUR2-M-29056,M,1.263940520446096,validation,220.0,163.0,620.0,147.0,127.0,excluded,fail,G226-L01,G226,,,,pad_too_tight,,,,,,,,,,,True
ANSUR2-M-29057,M,1.263940520446096,train,195.0,152.0,560.0,128.0,119.0,geometric_feasible,unevaluated,S13-L20,S13,-3.0,3.0,1.0,,soft19+firm5,20.06,soft12.7+soft12.7,21.75,soft19,16.13,soft12.7+soft12.7,21.82,soft12.7+soft12.7,21.82,
ANSUR2-M-29059,M,1.263940520446096,validation,206.0,161.0,595.0,131.0,125.0,geometric_feasible,unevaluated,G226-L20,G226,6.0,3.0,0.0,,soft19+firm10,26.08,soft19+firm10,27.01,soft19,15.31,soft19+firm10,25.27,soft19+firm10,25.27,
ANSUR2-M-29077,M,1.263940520446096,validation,199.0,165.0,585.0,130.0,115.0,geometric_feasible,unevaluated,S13-L20,S13,-3.0,6.0,1.0,,soft19,16.79,soft12.7+soft12.7,21.78,soft19,15.7,soft19,17.4,soft19,17.41,
ANSUR2-M-29080,M,1.263940520446096,train,207.0,148.0,575.0,133.0,115.0,geometric_feasible,unevaluated,S13-L20,S13,3.0,0.0,3.0,,soft19,17.54,soft19,16.54,soft19,15.9,soft12.7+soft12.7,21.62,soft12.7+soft12.7,21.62,
ANSUR2-M-29084,M,1.263940520446096,train,204.0,150.0,564.0,118.0,111.0,geometric_feasible,unevaluated,S13-L20,S13,-6.0,9.0,0.0,,soft12.7+soft12.7,21.94,soft12.7+soft12.7,23.63,soft19,15.55,soft19+firm10,24.86,soft19+firm10,24.86,
ANSUR2-M-29085,M,1.263940520446096,validation,198.0,157.0,575.0,135.0,130.0,geometric_feasible,unevaluated,G226-L01,G226,3.0,-3.0,2.0,,soft19+firm10,27.28,soft19+firm10,25.47,soft19+firm10,25.75,soft19+firm10,27.31,soft19+firm10,27.31,
ANSUR2-M-29093,M,1.263940520446096,train,203.0,153.0,578.0,133.0,110.0,geometric_feasible,unevaluated,G226-L11,G226,0.0,0.0,1.0,,soft12.7+soft12.7,24.04,soft19+firm10,26.95,soft12.7+soft12.7,22.27,soft19+firm10,26.0,soft19+firm10,26.0,
ANSUR2-M-29096,M,1.263940520446096,train,210.0,149.0,593.0,139.0,128.0,geometric_feasible,unevaluated,G226-L01,G226,-3.0,-3.0,2.0,,soft12.7+soft12.7,22.32,soft19+firm10,26.27,soft19,17.93,soft19+firm10,26.39,soft19+firm10,26.48,
ANSUR2-M-29099,M,1.263940520446096,train,196.0,153.0,565.0,128.0,119.0,geometric_feasible,unevaluated,S13-L20,S13,0.0,6.0,0.0,,soft12.7+soft12.7,20.78,soft19+firm10,25.39,soft12.7+soft12.7,22.35,soft12.7+firm15,24.57,soft12.7+firm15,24.57,
ANSUR2-M-29101,M,1.263940520446096,validation,189.0,153.0,553.0,130.0,109.0,geometric_feasible,unevaluated,S13-L20,S13,6.0,6.0,1.0,,soft19,17.37,soft19,17.5,soft19+firm10,25.11,soft12.7+soft12.7,21.35,soft12.7+soft12.7,21.23,
ANSUR2-M-29107,M,1.263940520446096,train,200.0,155.0,579.0,132.0,117.0,geometric_feasible,unevaluated,S13-L20,S13,0.0,6.0,3.0,,soft19,15.5,soft19,16.14,soft19,15.74,soft19,17.85,soft19,17.84,
ANSUR2-M-29113,M,1.263940520446096,validation,201.0,150.0,573.0,127.0,107.0,excluded,fail,S13-L20,S13,,,,nose,,,,,,,,,,,True
ANSUR2-M-29119,M,1.263940520446096,train,188.0,148.0,545.0,126.0,120.0,geometric_feasible,unevaluated,S13-L20,S13,3.0,6.0,1.0,,soft12.7+soft12.7,21.03,soft12.7+soft12.7,21.02,soft12.7+soft12.7,22.83,soft12.7+soft12.7,22.76,soft12.7+soft12.7,22.76,
ANSUR2-M-29130,M,1.263940520446096,train,196.0,153.0,562.0,123.0,120.0,geometric_feasible,unevaluated,S13-L20,S13,0.0,6.0,1.0,,soft12.7+soft12.7,21.52,soft12.7+soft12.7,22.97,soft19,16.77,soft12.7+soft12.7,22.03,soft12.7+soft12.7,22.03,
ANSUR2-M-29134,M,1.263940520446096,train,205.0,158.0,583.0,134.0,128.0,geometric_feasible,unevaluated,S13-L20,S13,-3.0,3.0,3.0,,soft19,16.78,soft12.7+soft12.7,21.35,soft12.7+firm5,15.17,soft12.7+soft12.7,20.83,soft12.7+soft12.7,20.83,
ANSUR2-M-29140,M,1.263940520446096,validation,212.0,152.0,590.0,130.0,132.0,geometric_feasible,unevaluated,S13-L20,S13,0.0,-6.0,3.0,,soft12.7+soft12.7,22.18,soft19,17.29,soft12.7,11.83,soft12.7+soft12.7,23.85,soft12.7+soft12.7,23.85,
ANSUR2-M-29143,M,1.263940520446096,train,202.0,160.0,579.0,127.0,121.0,geometric_feasible,unevaluated,G226-L11,G226,0.0,9.0,1.0,,soft12.7+soft12.7,23.79,soft12.7+soft12.7,22.73,soft19+firm10,26.29,soft12.7+soft12.7,23.35,soft12.7+soft12.7,23.35,
ANSUR2-M-29145,M,1.263940520446096,train,196.0,151.0,558.0,137.0,112.0,geometric_feasible,unevaluated,G226-L01,G226,-6.0,0.0,2.0,,soft12.7+soft12.7,23.47,soft19+firm10,26.61,soft19,17.9,soft19+firm10,26.84,soft19+firm10,26.85,
ANSUR2-M-29146,M,1.263940520446096,train,193.0,152.0,554.0,127.0,109.0,geometric_feasible,unevaluated,S13-L20,S13,0.0,3.0,0.0,,soft12.7+firm15,24.7,soft19+firm10,26.55,soft12.7+soft12.7,23.19,soft19+firm10,25.15,soft19+firm10,25.14,
ANSUR2-M-29150,M,1.263940520446096,train,201.0,160.0,587.0,136.0,126.0,geometric_feasible,unevaluated,G226-L01,G226,6.0,0.0,2.0,,soft19+firm10,24.99,soft19+firm10,26.79,soft19,17.8,soft19+firm10,26.02,soft19+firm10,26.02,
ANSUR2-M-29153,M,1.263940520446096,validation,191.0,156.0,561.0,136.0,111.0,geometric_feasible,unevaluated,G226-L01,G226,6.0,-3.0,1.0,,soft19+firm10,26.03,soft19+firm10,26.21,soft12.7+soft12.7,23.61,soft19+firm10,26.34,soft19+firm10,26.34,
ANSUR2-M-29155,M,1.263940520446096,train,195.0,156.0,567.0,133.0,116.0,excluded,fail,G226-L11,G226,,,,pad_too_tight,,,,,,,,,,,True
ANSUR2-M-29162,M,1.263940520446096,train,200.0,151.0,573.0,137.0,126.0,geometric_feasible,unevaluated,S13-L20,S13,-3.0,0.0,1.0,,soft19,17.71,soft12.7+soft12.7,23.02,soft19,17.02,soft12.7+soft12.7,23.65,soft12.7+soft12.7,23.89,
ANSUR2-M-29165,M,1.263940520446096,validation,202.0,154.0,579.0,132.0,124.0,geometric_feasible,unevaluated,G226-L11,G226,3.0,3.0,1.0,,soft19+firm10,25.06,soft19+firm10,25.31,soft19+firm10,26.01,soft19+firm10,26.26,soft19+firm10,26.27,
ANSUR2-M-29166,M,1.263940520446096,train,190.0,147.0,552.0,128.0,124.0,geometric_feasible,unevaluated,S13-L20,S13,-3.0,9.0,1.0,,soft19,17.06,soft12.7+soft12.7,21.65,soft19,17.36,soft12.7+soft12.7,20.62,soft12.7+soft12.7,20.8,
ANSUR2-M-29187,M,1.263940520446096,train,201.0,159.0,580.0,140.0,123.0,geometric_feasible,unevaluated,G226-L01,G226,0.0,0.0,2.0,,soft12.7+soft12.7,20.86,soft12.7+soft12.7,21.99,soft12.7+soft12.7,22.61,soft12.7+soft12.7,22.11,soft12.7+soft12.7,22.11,
ANSUR2-M-29189,M,1.263940520446096,validation,196.0,146.0,559.0,125.0,135.0,geometric_feasible,unevaluated,S13-L20,S13,-3.0,3.0,0.0,,soft19+firm10,26.62,soft12.7+soft12.7,21.99,soft19+firm10,25.59,soft19+firm10,27.31,soft19+firm10,27.31,
ANSUR2-M-29195,M,1.263940520446096,train,202.0,163.0,588.0,138.0,135.0,geometric_feasible,unevaluated,G226-L01,G226,0.0,-3.0,2.0,,soft19+firm10,26.02,soft19+firm10,25.79,soft19+firm5,20.2,soft12.7+soft12.7,23.98,soft12.7+soft12.7,23.98,
ANSUR2-M-29203,M,1.263940520446096,train,199.0,148.0,568.0,126.0,115.0,excluded,fail,S13-L20,S13,,,,pad_between_steps,,,,,,,,,,,True
ANSUR2-M-29205,M,1.263940520446096,train,196.0,149.0,554.0,124.0,121.0,geometric_feasible,unevaluated,S13-L20,S13,3.0,6.0,0.0,,soft12.7+firm15,24.72,soft12.7+soft12.7,20.86,soft19+firm10,24.93,soft19+firm10,25.13,soft19+firm10,25.13,
ANSUR2-M-29207,M,1.263940520446096,train,207.0,155.0,591.0,141.0,135.0,geometric_feasible,unevaluated,G226-L01,G226,-3.0,3.0,1.0,,soft19,17.02,soft12.7+firm15,24.76,soft12.7+soft12.7,23.66,soft19+firm10,25.74,soft19+firm10,25.84,
ANSUR2-M-29209,M,1.263940520446096,train,199.0,151.0,571.0,127.0,125.0,geometric_feasible,unevaluated,S13-L20,S13,0.0,3.0,0.0,,soft12.7+soft12.7,23.07,soft19+firm10,26.9,soft19,16.7,soft19+firm10,25.61,soft19+firm10,25.61,
ANSUR2-M-29234,M,1.263940520446096,train,191.0,155.0,563.0,128.0,129.0,geometric_feasible,unevaluated,S13-L20,S13,6.0,9.0,0.0,,soft12.7+firm5,15.12,soft12.7+firm5,15.13,soft12.7+soft12.7,20.58,soft19,17.85,soft19,17.82,
ANSUR2-M-29238,M,1.263940520446096,train,200.0,152.0,573.0,131.0,115.0,geometric_feasible,unevaluated,S13-L20,S13,3.0,0.0,2.0,,soft12.7+soft12.7,21.49,soft12.7+soft12.7,20.74,soft12.7+soft12.7,20.88,soft12.7+soft12.7,23.24,soft12.7+soft12.7,23.24,
ANSUR2-M-29239,M,1.263940520446096,validation,193.0,154.0,571.0,130.0,115.0,geometric_feasible,unevaluated,S13-L20,S13,0.0,3.0,2.0,,soft12.7+soft12.7,21.74,soft12.7+soft12.7,23.78,soft19,15.32,soft12.7+soft12.7,23.54,soft12.7+soft12.7,23.54,
ANSUR2-M-29248,M,1.263940520446096,train,214.0,165.0,605.0,135.0,136.0,geometric_feasible,unevaluated,G226-L11,G226,-3.0,-3.0,1.0,,soft19+firm10,25.48,soft12.7+soft12.7,23.4,soft12.7+soft12.7,22.87,soft12.7+soft12.7,22.45,soft12.7+soft12.7,22.45,
ANSUR2-M-29249,M,1.263940520446096,train,197.0,153.0,572.0,139.0,125.0,geometric_feasible,unevaluated,G226-L01,G226,0.0,0.0,1.0,,soft12.7+soft12.7,21.48,soft12.7+soft12.7,23.68,soft19,15.53,soft12.7+soft12.7,23.26,soft12.7+soft12.7,23.26,
ANSUR2-M-29251,M,1.263940520446096,train,188.0,145.0,543.0,125.0,114.0,geometric_feasible,unevaluated,S13-L20,S13,0.0,6.0,0.0,,soft12.7+soft12.7,21.5,soft12.7+soft12.7,20.54,soft12.7+soft12.7,22.41,soft12.7+soft12.7,23.09,soft12.7+soft12.7,23.09,
ANSUR2-M-29252,M,1.263940520446096,train,190.0,158.0,555.0,125.0,115.0,geometric_feasible,unevaluated,S13-L20,S13,0.0,6.0,1.0,,soft12.7+soft12.7,22.8,soft12.7+soft12.7,22.87,soft12.7+soft12.7,23.66,soft12.7+soft12.7,20.81,soft12.7+soft12.7,20.8,
ANSUR2-M-29253,M,1.263940520446096,validation,200.0,149.0,571.0,138.0,115.0,geometric_feasible,unevaluated,S13-L20,S13,0.0,0.0,2.0,,soft19,16.49,soft19,17.05,soft19,17.75,soft12.7+soft12.7,20.42,soft19+firm5,20.31,
ANSUR2-M-29254,M,1.263940520446096,train,203.0,149.0,579.0,141.0,123.0,geometric_feasible,unevaluated,G226-L01,G226,0.0,3.0,1.0,,soft19,17.02,soft19+firm10,24.84,soft19,17.29,soft19+firm10,27.15,soft19+firm10,26.95,
ANSUR2-M-29255,M,1.263940520446096,train,195.0,155.0,570.0,130.0,123.0,geometric_feasible,unevaluated,S13-L20,S13,-3.0,-3.0,0.0,,soft19+firm10,27.5,soft19+firm10,26.36,soft12.7+soft12.7,20.57,soft12.7+soft12.7,24.01,soft12.7+soft12.7,24.01,
ANSUR2-M-29261,M,1.263940520446096,validation,202.0,150.0,579.0,126.0,126.0,geometric_feasible,unevaluated,S13-L20,S13,-3.0,3.0,1.0,,soft12.7+firm10,19.88,soft12.7+firm15,24.66,soft19,15.43,soft12.7+soft12.7,23.28,soft12.7+soft12.7,23.33,
ANSUR2-M-29266,M,1.263940520446096,train,202.0,156.0,587.0,135.0,123.0,geometric_feasible,unevaluated,S13-L20,S13,3.0,3.0,3.0,,soft19,16.72,soft12.7+firm10,19.95,soft12.7+soft12.7,21.48,soft12.7+soft12.7,22.22,soft12.7+soft12.7,22.08,
ANSUR2-M-29272,M,1.263940520446096,train,207.0,152.0,588.0,133.0,135.0,geometric_feasible,unevaluated,G226-L11,G226,-3.0,6.0,1.0,,soft12.7+soft12.7,21.65,soft12.7+soft12.7,23.79,soft12.7+soft12.7,21.89,soft19+firm10,24.83,soft19+firm10,24.94,
ANSUR2-M-29275,M,1.263940520446096,validation,209.0,154.0,588.0,133.0,123.0,geometric_feasible,unevaluated,G226-L11,G226,0.0,3.0,1.0,,soft19+firm10,25.02,soft12.7+soft12.7,23.46,soft19+firm10,26.4,soft19+firm10,27.43,soft19+firm10,27.43,
ANSUR2-M-29279,M,1.263940520446096,validation,211.0,150.0,585.0,133.0,129.0,geometric_feasible,unevaluated,G226-L11,G226,6.0,6.0,1.0,,soft12.7+soft12.7,21.41,soft12.7+soft12.7,21.57,soft12.7+soft12.7,20.39,soft19+firm10,27.25,soft19+firm10,27.01,
ANSUR2-M-29302,M,1.263940520446096,train,211.0,158.0,588.0,145.0,125.0,excluded,fail,G226-L01,G226,,,,pad_between_steps,,,,,,,,,,,True
ANSUR2-M-29306,M,1.263940520446096,train,199.0,163.0,588.0,135.0,118.0,geometric_feasible,unevaluated,G226-L11,G226,0.0,3.0,1.0,,soft12.7+soft12.7,23.02,soft19+firm10,26.64,soft19+firm10,26.16,soft12.7+soft12.7,23.41,soft12.7+soft12.7,23.42,
ANSUR2-M-29311,M,1.263940520446096,train,197.0,161.0,575.0,129.0,127.0,geometric_feasible,unevaluated,S13-L20,S13,0.0,6.0,1.0,,soft12.7+firm10,19.78,soft12.7+soft12.7,22.28,soft12.7+soft12.7,22.82,soft12.7+soft12.7,20.4,soft12.7+soft12.7,20.4,
ANSUR2-M-29317,M,1.263940520446096,train,196.0,157.0,569.0,137.0,114.0,geometric_feasible,unevaluated,S13-L20,S13,0.0,0.0,3.0,,soft19,17.71,soft12.7+soft12.7,20.84,soft19,17.99,soft19+firm5,20.17,soft19+firm5,20.17,
ANSUR2-M-29321,M,1.263940520446096,train,195.0,161.0,569.0,128.0,120.0,geometric_feasible,unevaluated,S13-L20,S13,0.0,3.0,1.0,,soft12.7+soft12.7,23.78,soft12.7+soft12.7,21.78,soft19+firm10,25.28,soft12.7+firm10,19.87,soft12.7+firm10,19.86,
ANSUR2-M-29339,M,1.263940520446096,train,204.0,166.0,596.0,129.0,122.0,geometric_feasible,unevaluated,S13-L20,S13,-6.0,6.0,3.0,,soft19,16.82,soft12.7+firm10,19.94,soft19,16.27,soft19,16.71,soft19,16.72,
ANSUR2-M-29341,M,1.263940520446096,train,188.0,141.0,541.0,117.0,115.0,geometric_feasible,unevaluated,S13-L20,S13,0.0,9.0,0.0,,soft19+firm10,25.02,soft12.7+soft12.7,21.77,soft19+firm10,26.54,soft19+firm10,26.81,soft19+firm10,26.79,
ANSUR2-M-29346,M,1.263940520446096,train,186.0,151.0,550.0,138.0,108.0,geometric_feasible,unevaluated,S13-L20,S13,3.0,0.0,1.0,,soft19,16.72,soft12.7+soft12.7,20.8,soft12.7+soft12.7,23.78,soft12.7+soft12.7,22.38,soft12.7+soft12.7,22.38,
ANSUR2-M-29357,M,1.263940520446096,train,180.0,148.0,526.0,128.0,116.0,excluded,fail,S13-L20,S13,,,,field_of_view,,,,,,,,,,,True
ANSUR2-M-29361,M,1.263940520446096,train,199.0,156.0,580.0,120.0,135.0,geometric_feasible,unevaluated,S13-L20,S13,-6.0,6.0,0.0,,soft19+firm10,25.32,soft12.7+soft12.7,23.63,soft12.7+soft12.7,22.27,soft12.7+soft12.7,22.78,soft12.7+soft12.7,22.78,
ANSUR2-M-29365,M,1.263940520446096,train,187.0,158.0,553.0,138.0,113.0,geometric_feasible,unevaluated,G226-L01,G226,6.0,-3.0,1.0,,soft12.7+firm15,24.77,soft19+firm10,25.05,soft12.7+firm10,19.92,soft19+firm10,25.92,soft19+firm10,25.92,
ANSUR2-M-29415,M,1.263940520446096,train,201.0,153.0,570.0,126.0,129.0,geometric_feasible,unevaluated,S13-L20,S13,3.0,6.0,2.0,,soft12.7+soft12.7,20.83,soft12.7+soft12.7,21.09,soft19,17.24,soft12.7+soft12.7,22.7,soft12.7+soft12.7,22.71,
ANSUR2-M-29420,M,1.263940520446096,train,198.0,154.0,579.0,128.0,132.0,geometric_feasible,unevaluated,S13-L20,S13,3.0,6.0,1.0,,soft19+firm5,20.28,soft19+firm5,20.29,soft12.7+soft12.7,21.84,soft12.7+soft12.7,22.1,soft12.7+soft12.7,22.1,
ANSUR2-M-29428,M,1.263940520446096,train,195.0,151.0,563.0,131.0,119.0,geometric_feasible,unevaluated,S13-L20,S13,0.0,3.0,0.0,,soft12.7+soft12.7,20.78,soft12.7+firm15,24.68,soft19,17.22,soft19+firm10,24.89,soft19+firm10,24.89,
ANSUR2-M-29430,M,1.263940520446096,validation,191.0,147.0,552.0,133.0,129.0,geometric_feasible,unevaluated,S13-L20,S13,3.0,6.0,0.0,,soft19,15.72,soft12.7+soft12.7,22.6,soft12.7+firm15,24.73,soft19+firm10,25.07,soft12.7+firm15,24.76,
ANSUR2-M-29433,M,1.263940520446096,train,182.0,149.0,536.0,120.0,112.0,excluded,fail,S13-L20,S13,,,,pad_too_loose,,,,,,,,,,,True
ANSUR2-M-29434,M,1.263940520446096,validation,199.0,151.0,565.0,130.0,127.0,geometric_feasible,unevaluated,G226-L01,G226,0.0,3.0,2.0,,soft19+firm10,25.41,soft12.7+firm15,24.63,soft19+firm10,26.3,soft19+firm10,26.18,soft19+firm10,26.19,
ANSUR2-M-29437,M,1.263940520446096,train,194.0,146.0,560.0,123.0,129.0,geometric_feasible,unevaluated,S13-L20,S13,0.0,6.0,0.0,,soft19+firm10,25.15,soft19+firm10,24.9,soft12.7+firm15,24.62,soft19+firm10,26.99,soft19+firm10,26.99,
ANSUR2-M-29439,M,1.263940520446096,validation,200.0,150.0,564.0,124.0,117.0,geometric_feasible,unevaluated,S13-L20,S13,0.0,6.0,1.0,,soft12.7+soft12.7,21.88,soft12.7+soft12.7,20.88,soft12.7+firm10,19.87,soft12.7+soft12.7,23.63,soft12.7+soft12.7,23.63,
ANSUR2-M-29440,M,1.263940520446096,validation,197.0,149.0,565.0,127.0,120.0,geometric_feasible,unevaluated,S13-L20,S13,-3.0,6.0,1.0,,soft19,17.18,soft19+firm5,20.26,soft19,16.3,soft12.7+soft12.7,20.67,soft12.7+soft12.7,20.69,
