pid,sex,weight,set,head_length,head_breadth,head_circumference,tragion_top,menton_sellion,status,validated_fit,assembly,crown,pose_dy,pose_dz,n_alternatives,fail_reasons,pad_crown,gap_crown,pad_forehead,gap_forehead,pad_occiput,gap_occiput,pad_left,gap_left,pad_right,gap_right,fits_any_catalogue_assembly
ANSUR2-F-10129,F,0.9183673469387756,train,190.0,150.0,568.0,122.0,121.0,geometric_feasible,unevaluated,G055-L20,G055,0.0,12.0,0.0,,soft19+firm10,27.54,soft19+firm10,26.09,soft19+firm10,26.17,soft12.7+soft12.7,23.96,soft12.7+soft12.7,23.96,
ANSUR2-F-11397,F,0.9183673469387756,validation,177.0,154.0,545.0,136.0,105.0,excluded,fail,G055-L11,G055,,,,field_of_view,,,,,,,,,,,True
ANSUR2-F-11525,F,0.9183673469387756,train,190.0,151.0,550.0,133.0,120.0,geometric_feasible,unevaluated,G055-L11,G055,6.0,3.0,2.0,,soft19+firm10,26.07,soft19+firm10,25.46,soft12.7+soft12.7,23.01,soft19+firm10,24.95,soft19+firm10,24.94,
ANSUR2-F-11528,F,0.9183673469387756,validation,200.0,147.0,582.0,133.0,123.0,geometric_feasible,unevaluated,G055-L11,G055,3.0,0.0,2.0,,soft19+firm10,26.72,soft19+firm5,20.27,soft19+firm10,27.23,soft12.7+soft12.7,23.9,soft12.7+soft12.7,23.83,
ANSUR2-F-11773,F,0.9183673469387756,train,183.0,139.0,541.0,128.0,118.0,excluded,fail,S11-L20,S11,,,,field_of_view,,,,,,,,,,,True
ANSUR2-F-11782,F,0.9183673469387756,train,193.0,153.0,568.0,129.0,119.0,geometric_feasible,unevaluated,S11-L20,S11,6.0,3.0,1.0,,soft19,17.41,soft19,17.39,soft12.7+soft12.7,21.33,soft12.7+soft12.7,20.42,soft12.7+soft12.7,20.4,
ANSUR2-F-11803,F,0.9183673469387756,validation,181.0,150.0,557.0,133.0,113.0,geometric_feasible,unevaluated,S11-L20,S11,3.0,-3.0,0.0,,soft12.7+soft12.7,21.25,soft12.7+soft12.7,21.79,soft12.7+firm10,19.79,soft12.7+soft12.7,22.56,soft12.7+soft12.7,22.51,
ANSUR2-F-11814,F,0.9183673469387756,validation,192.0,141.0,552.0,127.0,104.0,geometric_feasible,unevaluated,S11-L20,S11,0.0,3.0,0.0,,soft12.7+soft12.7,20.84,soft12.7+soft12.7,21.47,soft12.7+soft12.7,21.01,soft12.7+soft12.7,24.01,soft12.7+soft12.7,24.03,
ANSUR2-F-11990,F,0.9183673469387756,train,192.0,146.0,563.0,120.0,114.0,geometric_feasible,unevaluated,S11-L20,S11,-3.0,9.0,0.0,,soft12.7+soft12.7,22.23,soft12.7+soft12.7,23.54,soft12.7+soft12.7,22.09,soft19+firm10,24.87,soft19+firm10,24.88,
ANSUR2-F-12347,F,0.9183673469387756,train,212.0,151.0,580.0,134.0,112.0,geometric_feasible,unevaluated,G055-L11,G055,-6.0,3.0,2.0,,soft12.7+soft12.7,22.1,soft12.7+soft12.7,21.39,soft19,15.66,soft12.7+firm15,24.79,soft12.7+firm15,24.79,
ANSUR2-F-13013,F,0.9183673469387756,train,192.0,142.0,540.0,132.0,116.0,geometric_feasible,unevaluated,G055-L20,G055,-3.0,6.0,0.0,,soft19+firm10,25.24,soft19+firm10,26.19,soft12.7+soft12.7,20.48,soft19+firm10,27.17,soft19+firm10,27.18,
ANSUR2-F-13144,F,0.9183673469387756,train,187.0,140.0,543.0,129.0,117.0,geometric_feasible,unevaluated,S11-L20,S11,0.0,6.0,0.0,,soft19,16.44,soft12.7+soft12.7,22.73,soft19+firm5,20.25,soft12.7+soft12.7,23.34,soft12.7+soft12.7,23.36,
ANSUR2-F-13273,F,0.9183673469387756,validation,195.0,156.0,577.0,124.0,123.0,geometric_feasible,unevaluated,S11-L20,S11,-6.0,9.0,2.0,,soft19,15.28,soft19,17.06,soft12.7+firm5,15.19,soft19,16.44,soft19,16.45,
ANSUR2-F-13284,F,0.9183673469387756,train,192.0,142.0,572.0,128.0,124.0,geometric_feasible,unevaluated,G055-L11,G055,3.0,9.0,1.0,,soft19+firm10,26.62,soft19+firm10,26.87,soft12.7+soft12.7,22.95,soft19+firm10,24.95,soft19+firm10,25.05,
ANSUR2-F-13290,F,0.9183673469387756,validation,186.0,147.0,552.0,130.0,121.0,geometric_feasible,unevaluated,G055-L11,G055,3.0,3.0,1.0,,soft19+firm10,26.79,soft19+firm10,27.53,soft12.7+soft12.7,21.91,soft12.7+firm15,24.76,soft12.7+firm15,24.76,
ANSUR2-F-13360,F,0.9183673469387756,validation,188.0,149.0,560.0,123.0,109.0,geometric_feasible,unevaluated,S11-L20,S11,0.0,6.0,0.0,,soft12.7+soft12.7,21.34,soft12.7+soft12.7,23.41,soft12.7+firm10,19.88,soft12.7+soft12.7,21.77,soft12.7+soft12.7,21.79,
ANSUR2-F-13413,F,0.9183673469387756,validation,186.0,143.0,543.0,140.0,109.0,geometric_feasible,unevaluated,G055-L11,G055,0.0,0.0,1.0,,soft19+firm10,25.07,soft19+firm10,25.42,soft19+firm10,27.38,soft19+firm10,26.54,soft19+firm10,26.54,
ANSUR2-F-13464,F,0.9183673469387756,train,189.0,150.0,563.0,142.0,118.0,geometric_feasible,unevaluated,G055-L11,G055,3.0,6.0,1.0,,soft12.7+firm5,15.17,soft12.7+firm5,15.12,soft12.7+soft12.7,21.17,soft19,17.31,soft19,17.27,
ANSUR2-F-13485,F,0.9183673469387756,validation,192.0,143.0,543.0,127.0,106.0,geometric_feasible,unevaluated,S11-L20,S11,-3.0,3.0,1.0,,soft19,17.72,soft12.7+soft12.7,22.66,soft19,16.87,soft12.7+soft12.7,22.7,soft12.7+soft12.7,22.71,
ANSUR2-F-13603,F,0.9183673469387756,train,177.0,147.0,540.0,124.0,116.0,excluded,fail,S11-L20,S11,,,,field_of_view,,,,,,,,,,,True
ANSUR2-F-13605,F,0.9183673469387756,train,189.0,144.0,560.0,124.0,108.0,excluded,fail,S11-L20,S11,,,,field_of_view,,,,,,,,,,,True
ANSUR2-F-13615,F,0.9183673469387756,train,189.0,138.0,543.0,123.0,113.0,geometric_feasible,unevaluated,S11-L20,S11,0.0,3.0,0.0,,soft12.7+soft12.7,23.93,soft19+firm10,26.73,soft12.7+soft12.7,20.57,soft19+firm10,27.34,soft19+firm10,27.36,
ANSUR2-F-13743,F,0.9183673469387756,train,187.0,147.0,528.0,117.0,111.0,geometric_feasible,unevaluated,S11-L20,S11,-3.0,9.0,0.0,,soft19+firm10,25.4,soft19+firm10,26.46,soft19+firm10,25.86,soft19+firm10,25.69,soft19+firm10,25.69,
ANSUR2-F-13896,F,0.9183673469387756,train,184.0,139.0,533.0,116.0,113.0,excluded,fail,S11-L20,S11,,,,pad_too_loose,,,,,,,,,,,True
ANSUR2-F-14052,F,0.9183673469387756,train,192.0,143.0,546.0,136.0,103.0,geometric_feasible,unevaluated,G055-L20,G055,3.0,9.0,0.0,,soft19+firm5,20.21,soft19+firm10,25.57,soft12.7+soft12.7,23.91,soft19+firm10,26.09,soft19+firm10,26.09,
ANSUR2-F-14118,F,0.9183673469387756,train,180.0,146.0,542.0,122.0,118.0,geometric_feasible,unevaluated,S11-L20,S11,6.0,6.0,0.0,,soft12.7+soft12.7,22.33,soft12.7+soft12.7,23.02,soft12.7+soft12.7,23.57,soft12.7+soft12.7,22.56,soft12.7+soft12.7,22.57,
ANSUR2-F-14121,F,0.9183673469387756,train,190.0,144.0,560.0,124.0,111.0,geometric_feasible,unevaluated,S11-L20,S11,3.0,6.0,1.0,,soft12.7+soft12.7,20.81,soft12.7+soft12.7,20.97,soft12.7+soft12.7,21.86,soft12.7+soft12.7,22.55,soft12.7+soft12.7,22.54,
ANSUR2-F-14193,F,0.9183673469387756,train,185.0,146.0,543.0,105.0,105.0,excluded,fail,S11-L20,S11,,,,pad_too_loose,,,,,,,,,,,True
ANSUR2-F-14236,F,0.9183673469387756,validation,192.0,150.0,568.0,125.0,113.0,geometric_feasible,unevaluated,S11-L20,S11,-6.0,3.0,0.0,,soft12.7+soft12.7,21.88,soft19+firm10,27.13,soft12.7+firm10,19.81,soft12.7+soft12.7,22.66,soft12.7+soft12.7,22.7,
ANSUR2-F-14238,F,0.9183673469387756,train,187.0,153.0,560.0,119.0,115.0,geometric_feasible,unevaluated,S11-L20,S11,-3.0,6.0,0.0,,soft19+firm10,24.99,soft12.7+soft12.7,22.92,soft12.7+soft12.7,23.62,soft12.7+soft12.7,20.75,soft12.7+soft12.7,20.75,
ANSUR2-F-14246,F,0.9183673469387756,train,182.0,151.0,545.0,124.0,113.0,geometric_feasible,unevaluated,S11-L20,S11,0.0,6.0,0.0,,soft12.7+soft12.7,21.44,soft19+firm10,25.13,soft19+firm10,27.17,soft12.7+soft12.7,23.89,soft12.7+soft12.7,23.89,
ANSUR2-F-14358,F,0.9183673469387756,train,190.0,154.0,598.0,130.0,101.0,geometric_feasible,unevaluated,G055-L11,G055,3.0,6.0,1.0,,soft19+firm10,27.55,soft12.7+soft12.7,22.58,soft12.7+soft12.7,21.89,soft12.7+soft12.7,20.64,soft12.7+soft12.7,20.59,
ANSUR2-F-14365,F,0.9183673469387756,train,186.0,149.0,548.0,117.0,104.0,geometric_feasible,unevaluated,S11-L20,S11,0.0,3.0,0.0,,soft19+firm10,27.3,soft19+firm10,27.48,soft12.7+soft12.7,23.38,soft12.7+soft12.7,24.04,soft12.7+soft12.7,24.04,
ANSUR2-F-15010,F,0.9183673469387756,validation,176.0,145.0,528.0,118.0,97.0,geometric_feasible,unevaluated,S11-L20,S11,0.0,12.0,0.0,,soft12.7+soft12.7,21.47,soft19+firm10,27.41,soft19+firm10,26.14,soft19+firm10,26.31,soft19+firm10,26.31,
ANSUR2-F-15011,F,0.9183673469387756,train,187.0,140.0,540.0,114.0,106.0,geometric_feasible,unevaluated,S11-L20,S11,3.0,9.0,0.0,,soft19+firm10,26.15,soft12.7+soft12.7,22.45,soft19+firm10,27.01,soft19+firm10,26.96,soft19+firm10,26.93,
ANSUR2-F-15017,F,0.9183673469387756,train,192.0,147.0,569.0,126.0,113.0,geometric_feasible,unevaluated,S11-L20,S11,6.0,0.0,0.0,,soft12.7+soft12.7,22.18,soft12.7+soft12.7,22.78,soft19,16.86,soft12.7+soft12.7,21.8,soft12.7+soft12.7,21.85,
ANSUR2-F-15048,F,0.9183673469387756,train,186.0,144.0,586.0,122.0,107.0,geometric_feasible,unevaluated,S11-L20,S11,0.0,6.0,1.0,,soft12.7+soft12.7,22.86,soft19+firm5,20.14,soft12.7+soft12.7,22.62,soft12.7+soft12.7,21.35,soft12.7+soft12.7,21.26,
ANSUR2-F-15175,F,0.9183673469387756,train,200.0,152.0,609.0,138.0,126.0,geometric_feasible,unevaluated,G055-L11,G055,-6.0,0.0,1.0,,soft12.7+soft12.7,21.52,soft19+firm5,20.29,soft19,16.75,soft19,17.52,soft19,17.62,
ANSUR2-F-16132,F,0.9183673469387756,validation,196.0,146.0,552.0,126.0,112.0,geometric_feasible,unevaluated,S11-L20,S11,3.0,6.0,2.0,,soft19,17.1,soft19,16.81,soft19,17.2,soft12.7+soft12.7,20.45,soft12.7+soft12.7,20.46,
ANSUR2-F-16140,F,0.9183673469387756,train,189.0,149.0,564.0,124.0,120.0,geometric_feasible,unevaluated,S11-L20,S11,-3.0,9.0,2.0,,soft19,16.57,soft19,17.08,soft19,16.86,soft19,17.58,soft19,17.57,
ANSUR2-F-16509,F,0.9183673469387756,train,193.0,146.0,564.0,137.0,121.0,geometric_feasible,unevaluated,G055-L11,G055,3.0,0.0,1.0,,soft19+firm10,27.45,soft19+firm10,27.44,soft12.7+soft12.7,22.76,soft19+firm10,26.85,soft19+firm10,26.85,
ANSUR2-F-16551,F,0.9183673469387756,train,190.0,147.0,566.0,127.0,111.0,geometric_feasible,unevaluated,S11-L20,S11,0.0,0.0,0.0,,soft12.7+soft12.7,21.22,soft19+firm10,24.97,soft19,15.87,soft12.7+soft12.7,22.47,soft12.7+soft12.7,22.56,
ANSUR2-F-16564,F,0.9183673469387756,train,198.0,153.0,580.0,137.0,118.0,geometric_feasible,unevaluated,G055-L11,G055,0.0,3.0,1.0,,soft12.7+soft12.7,23.39,soft12.7+soft12.7,23.01,soft12.7+soft12.7,23.05,soft12.7+soft12.7,22.61,soft12.7+soft12.7,22.61,
ANSUR2-F-16596,F,0.9183673469387756,validation,195.0,151.0,567.0,130.0,117.0,geometric_feasible,unevaluated,G055-L11,G055,0.0,6.0,1.0,,soft19+firm10,25.46,soft19+firm10,27.17,soft12.7+soft12.7,21.4,soft12.7+soft12.7,23.38,soft12.7+soft12.7,23.38,
ANSUR2-F-16709,F,0.9183673469387756,train,195.0,150.0,576.0,127.0,113.0,geometric_feasible,unevaluated,G055-L11,G055,0.0,9.0,1.0,,soft19+firm10,26.23,soft19+firm10,25.78,soft12.7+soft12.7,23.66,soft12.7+soft12.7,23.47,soft12.7+soft12.7,23.48,
ANSUR2-F-16711,F,0.9183673469387756,train,196.0,140.0,560.0,115.0,106.0,geometric_feasible,unevaluated,S11-L20,S11,-6.0,6.0,0.0,,soft19+firm10,26.55,soft19+firm10,25.7,soft19,17.92,soft19+firm10,26.15,soft19+firm10,26.26,
ANSUR2-F-16758,F,0.9183673469387756,train,191.0,145.0,553.0,122.0,106.0,geometric_feasible,unevaluated,S11-L20,S11,0.0,9.0,1.0,,soft19,17.85,soft12.7+firm10,19.99,soft19,16.44,soft12.7+soft12.7,20.78,soft12.7+soft12.7,20.79,
ANSUR2-F-16937,F,0.9183673469387756,train,182.0,145.0,535.0,125.0,105.0,geometric_feasible,unevaluated,S11-L20,S11,3.0,6.0,0.0,,soft19,17.46,soft19,17.13,soft12.7+soft12.7,22.98,soft12.7+soft12.7,20.6,soft12.7+soft12.7,20.6,
ANSUR2-F-17458,F,0.9183673469387756,train,185.0,147.0,552.0,123.0,107.0,geometric_feasible,unevaluated,S11-L20,S11,0.0,6.0,0.0,,soft12.7+soft12.7,20.77,soft12.7+soft12.7,22.93,soft19+firm5,20.26,soft12.7+soft12.7,21.88,soft12.7+soft12.7,21.91,
ANSUR2-F-17467,F,0.9183673469387756,train,189.0,142.0,545.0,123.0,109.0,excluded,fail,S11-L20,S11,,,,pad_between_steps,,,,,,,,,,,True
ANSUR2-F-17472,F,0.9183673469387756,train,192.0,146.0,559.0,126.0,106.0,geometric_feasible,unevaluated,S11-L20,S11,0.0,0.0,0.0,,soft12.7+soft12.7,23.98,soft12.7+soft12.7,24.0,soft19,16.78,soft19+firm10,25.22,soft19+firm10,25.22,
ANSUR2-F-17559,F,0.9183673469387756,train,193.0,150.0,568.0,130.0,110.0,geometric_feasible,unevaluated,S11-L20,S11,-3.0,6.0,1.0,,soft19,15.38,soft12.7+soft12.7,22.28,soft19,16.88,soft19+firm5,20.21,soft19+firm5,20.23,
ANSUR2-F-17586,F,0.9183673469387756,train,184.0,147.0,546.0,123.0,115.0,geometric_feasible,unevaluated,S11-L20,S11,3.0,3.0,0.0,,soft12.7+soft12.7,23.68,soft12.7+soft12.7,23.66,soft19+firm10,24.99,soft12.7+soft12.7,24.07,soft12.7+soft12.7,24.07,
ANSUR2-F-17674,F,0.9183673469387756,train,172.0,152.0,528.0,130.0,106.0,geometric_feasible,unevaluated,S11-L20,S11,6.0,3.0,0.0,,soft19,17.71,soft12.7+firm10,19.9,soft19,16.02,soft19+firm5,20.24,soft19+firm5,20.24,
ANSUR2-F-17676,F,0.9183673469387756,train,196.0,151.0,576.0,126.0,120.0,geometric_feasible,unevaluated,S11-L20,S11,0.0,3.0,2.0,,soft12.7+soft12.7,20.38,soft12.7+soft12.7,22.71,soft19,17.63,soft12.7+soft12.7,21.77,soft12.7+soft12.7,21.82,
ANSUR2-F-17678,F,0.9183673469387756,train,210.0,152.0,609.0,136.0,117.0,geometric_feasible,unevaluated,G055-L11,G055,-3.0,0.0,2.0,,soft12.7+soft12.7,23.45,soft12.7+soft12.7,21.31,soft19,16.69,soft12.7+soft12.7,21.82,soft12.7+soft12.7,21.91,
ANSUR2-F-17691,F,0.9183673469387756,train,187.0,155.0,558.0,131.0,114.0,geometric_feasible,unevaluated,S11-L20,S11,0.0,0.0,0.0,,soft12.7+soft12.7,20.44,soft12.7+soft12.7,23.32,soft12.7+soft12.7,22.79,soft12.7+soft12.7,21.63,soft12.7+soft12.7,21.63,
ANSUR2-F-17702,F,0.9183673469387756,validation,184.0,148.0,555.0,123.0,109.0,geometric_feasible,unevaluated,S11-L20,S11,-3.0,3.0,0.0,,soft12.7+soft12.7,23.74,soft19+firm10,25.17,soft12.7+soft12.7,23.22,soft12.7+soft12.7,22.33,soft12.7+soft12.7,22.34,
ANSUR2-F-17715,F,0.9183673469387756,validation,194.0,147.0,578.0,127.0,111.0,geometric_feasible,unevaluated,S11-L20,S11,-6.0,3.0,1.0,,soft12.7+soft12.7,20.91,soft12.7+soft12.7,22.95,soft12.7,11.91,soft12.7+soft12.7,22.94,soft12.7+soft12.7,23.02,
ANSUR2-F-17754,F,0.9183673469387756,train,188.0,152.0,555.0,134.0,112.0,geometric_feasible,unevaluated,S11-L20,S11,-3.0,0.0,2.0,,soft19,17.12,soft12.7+soft12.7,20.79,soft19,15.62,soft19+firm5,20.02,soft19+firm5,20.02,
ANSUR2-F-17757,F,0.9183673469387756,validation,198.0,144.0,555.0,120.0,111.0,excluded,fail,S11-L20,S11,,,,field_of_view,,,,,,,,,,,True
ANSUR2-F-17761,F,0.9183673469387756,train,194.0,150.0,558.0,122.0,114.0,geometric_feasible,unevaluated,S11-L20,S11,-3.0,9.0,0.0,,soft19+firm5,20.25,soft12.7+soft12.7,20.89,soft12.7+soft12.7,20.86,soft12.7+soft12.7,22.86,soft12.7+soft12.7,22.86,
ANSUR2-F-17772,F,0.9183673469387756,train,184.0,148.0,560.0,123.0,99.0,geometric_feasible,unevaluated,S11-L20,S11,3.0,0.0,0.0,,soft19+firm10,25.91,soft12.7+soft12.7,23.66,soft12.7+soft12.7,20.89,soft12.7+soft12.7,23.37,soft12.7+soft12.7,23.33,
ANSUR2-F-17802,F,0.9183673469387756,train,184.0,148.0,555.0,131.0,110.0,geometric_feasible,unevaluated,G055-L11,G055,0.0,9.0,1.0,,soft19+firm10,25.18,soft19+firm10,26.72,soft19+firm10,27.26,soft19+firm10,25.32,soft19+firm10,25.32,
ANSUR2-F-17838,F,0.9183673469387756,train,185.0,146.0,546.0,131.0,107.0,geometric_feasible,unevaluated,G055-L11,G055,6.0,9.0,0.0,,soft12.7+firm15,24.63,soft19+firm10,26.2,soft19+firm10,27.41,soft19+firm10,25.6,soft19+firm10,25.61,
ANSUR2-F-17916,F,0.9183673469387756,train,186.0,154.0,560.0,120.0,109.0,geometric_feasible,unevaluated,S11-L20,S11,0.0,9.0,0.0,,soft12.7+soft12.7,21.31,soft12.7+soft12.7,21.34,soft12.7+soft12.7,21.61,soft19+firm5,20.16,soft19+firm5,20.16,
ANSUR2-F-17929,F,0.9183673469387756,train,194.0,147.0,555.0,129.0,107.0,geometric_feasible,unevaluated,S11-L20,S11,0.0,6.0,2.0,,soft19,16.21,soft19,18.04,soft19,16.34,soft12.7+firm10,19.81,soft12.7+firm10,19.81,
ANSUR2-F-17942,F,0.9183673469387756,train,186.0,154.0,584.0,123.0,109.0,geometric_feasible,unevaluated,S11-L20,S11,3.0,6.0,0.0,,soft12.7+soft12.7,21.6,soft19,17.22,soft12.7+soft12.7,23.67,soft19,17.7,soft19,17.61,
ANSUR2-F-17967,F,0.9183673469387756,train,192.0,148.0,565.0,132.0,109.0,geometric_feasible,unevaluated,S11-L20,S11,3.0,3.0,1.0,,soft19,16.41,soft19+firm5,20.26,soft12.7+soft12.7,21.03,soft12.7+soft12.7,21.81,soft12.7+soft12.7,21.81,
ANSUR2-F-18020,F,0.9183673469387756,train,194.0,162.0,570.0,143.0,111.0,geometric_feasible,unevaluated,G055-L11,G055,0.0,-3.0,2.0,,soft12.7+firm15,24.75,soft12.7+soft12.7,21.44,soft12.7+soft12.7,23.18,soft12.7+firm10,19.83,soft12.7+firm10,19.82,
ANSUR2-F-18051,F,0.9183673469387756,train,171.0,138.0,511.0,119.0,102.0,geometric_feasible,unevaluated,S11-L20,S11,0.0,9.0,0.0,,soft12.7+soft12.7,23.44,soft19+firm10,25.41,soft19+firm10,25.65,soft19+firm10,25.68,soft19+firm10,25.68,
ANSUR2-F-18052,F,0.9183673469387756,train,185.0,146.0,543.0,128.0,116.0,geometric_feasible,unevaluated,S11-L20,S11,0.0,6.0,0.0,,soft19,17.44,soft12.7+soft12.7,23.11,soft12.7+soft12.7,21.4,soft12.7+soft12.7,23.29,soft12.7+soft12.7,23.29,
ANSUR2-F-18079,F,0.9183673469387756,train,182.0,146.0,548.0,130.0,112.0,geometric_feasible,unevaluated,S11-L20,S11,0.0,6.0,0.0,,soft19,15.45,soft12.7+soft12.7,21.04,soft12.7+soft12.7,21.56,soft12.7+soft12.7,21.74,soft12.7+soft12.7,21.74,
ANSUR2-F-18083,F,0.9183673469387756,validation,186.0,148.0,566.0,130.0,117.0,geometric_feasible,unevaluated,S11-L20,S11,-3.0,6.0,2.0,,soft12.7+firm5,15.12,soft19,17.58,soft19,16.88,soft19,17.0,soft19,17.01,
ANSUR2-F-18105,F,0.9183673469387756,train,181.0,149.0,543.0,122.0,108.0,geometric_feasible,unevaluated,S11-L20,S11,0.0,6.0,0.0,,soft12.7+soft12.7,23.47,soft19+firm10,25.8,soft19+firm10,25.42,soft12.7+firm15,24.6,soft12.7+firm15,24.61,
ANSUR2-F-18114,F,0.9183673469387756,train,178.0,137.0,508.0,114.0,117.0,geometric_feasible,unevaluated,S11-L20,S11,0.0,12.0,0.0,,soft12.7+firm15,24.59,soft12.7+soft12.7,22.73,soft19+firm10,27.46,soft19+firm10,27.24,soft19+firm10,27.24,
ANSUR2-F-18120,F,0.9183673469387756,validation,200.0,146.0,575.0,125.0,114.0,geometric_feasible,unevaluated,S11-L20,S11,-3.0,3.0,3.0,,soft12.7+soft12.7,21.06,soft12.7+soft12.7,22.04,soft19,16.99,soft12.7+soft12.7,23.43,soft12.7+soft12.7,23.52,
ANSUR2-F-18126,F,0.9183673469387756,validation,179.0,136.0,524.0,119.0,111.0,geometric_feasible,unevaluated,S11-L20,S11,-3.0,9.0,0.0,,soft12.7+soft12.7,23.37,soft19+firm10,27.43,soft19+firm10,25.19,soft19+firm10,27.32,soft19+firm10,27.34,
ANSUR2-F-18190,F,0.9183673469387756,train,193.0,149.0,554.0,119.0,105.0,geometric_feasible,unevaluated,S11-L20,S11,0.0,3.0,0.0,,soft12.7+soft12.7,23.43,soft12.7+soft12.7,20.42,soft12.7+firm10,19.97,soft12.7+soft12.7,22.15,soft12.7+soft12.7,22.15,
ANSUR2-F-18259,F,0.9183673469387756,train,186.0,146.0,545.0,128.0,106.0,geometric_feasible,unevaluated,S11-L20,S11,6.0,6.0,1.0,,soft19,16.42,soft19,16.92,soft12.7+soft12.7,21.75,soft12.7+firm10,19.89,soft12.7+firm10,19.86,
ANSUR2-F-18294,F,0.9183673469387756,train,192.0,151.0,572.0,137.0,112.0,geometric_feasible,unevaluated,G055-L11,G055,0.0,0.0,2.0,,soft19+firm10,26.14,soft19+firm10,25.94,soft19+firm10,26.15,soft12.7+soft12.7,24.0,soft12.7+soft12.7,24.0,
ANSUR2-F-18360,F,0.9183673469387756,train,188.0,152.0,558.0,126.0,117.0,geometric_feasible,unevaluated,S11-L20,S11,-3.0,3.0,0.0,,soft12.7+soft12.7,22.42,soft19+firm10,26.15,soft12.7+soft12.7,24.01,soft12.7+soft12.7,23.09,soft12.7+soft12.7,23.09,
ANSUR2-F-18373,F,0.9183673469387756,train,195.0,146.0,581.0,128.0,119.0,geometric_feasible,unevaluated,S11-L20,S11,-3.0,6.0,2.0,,soft19,17.26,soft12.7+soft12.7,22.53,soft19,17.3,soft12.7+soft12.7,20.4,soft12.7+soft12.7,20.47,
ANSUR2-F-18380,F,0.9183673469387756,train,187.0,144.0,557.0,126.0,104.0,geometric_feasible,unevaluated,S11-L20,S11,3.0,6.0,2.0,,soft19,16.43,soft19,16.48,soft19,17.01,soft19,17.57,soft19,17.56,
ANSUR2-F-18425,F,0.9183673469387756,train,197.0,153.0,582.0,115.0,113.0,excluded,fail,G055-L11,G055,,,,pad_too_loose,,,,,,,,,,,True
ANSUR2-F-18430,F,0.9183673469387756,train,209.0,154.0,600.0,139.0,116.0,geometric_feasible,unevaluated,G055-L11,G055,-3.0,-3.0,0.0,,soft12.7+soft12.7,21.64,soft12.7+soft12.7,20.55,soft19,16.25,soft12.7+soft12.7,20.59,soft12.7+soft12.7,20.63,
ANSUR2-F-18481,F,0.9183673469387756,train,202.0,153.0,588.0,130.0,108.0,geometric_feasible,unevaluated,S11-L20,S11,-3.0,3.0,3.0,,soft19,17.29,soft12.7+soft12.7,20.39,soft12.7,11.88,soft19+firm5,20.29,soft19+firm5,20.32,
ANSUR2-F-18543,F,0.9183673469387756,train,194.0,142.0,574.0,127.0,114.0,geometric_feasible,unevaluated,S11-L20,S11,-6.0,0.0,0.0,,soft12.7+soft12.7,24.07,soft12.7+soft12.7,24.01,soft19+firm5,20.09,soft12.7+soft12.7,23.62,soft12.7+soft12.7,23.75,
ANSUR2-F-18552,F,0.9183673469387756,validation,184.0,147.0,550.0,122.0,111.0,geometric_feasible,unevaluated,S11-L20,S11,6.0,9.0,0.0,,soft19,17.95,soft19,17.97,soft12.7+soft12.7,22.73,soft12.7+firm10,19.85,soft12.7+firm10,19.83,
ANSUR2-F-20673,F,0.9183673469387756,validation,193.0,141.0,552.0,120.0,115.0,geometric_feasible,unevaluated,S11-L20,S11,3.0,6.0,0.0,,soft12.7+soft12.7,21.9,soft12.7+soft12.7,20.91,soft12.7+soft12.7,20.84,soft12.7+firm15,24.59,soft12.7+firm15,24.57,
ANSUR2-F-21431,F,0.9183673469387756,train,184.0,144.0,537.0,127.0,106.0,geometric_feasible,unevaluated,S11-L20,S11,0.0,6.0,0.0,,soft19,17.53,soft19,17.49,soft12.7+soft12.7,20.65,soft12.7+soft12.7,20.56,soft12.7+soft12.7,20.55,
ANSUR2-F-21449,F,0.9183673469387756,train,200.0,150.0,580.0,128.0,104.0,geometric_feasible,unevaluated,G055-L11,G055,6.0,12.0,1.0,,soft12.7+soft12.7,24.03,soft12.7+soft12.7,22.27,soft12.7+soft12.7,23.54,soft12.7+soft12.7,23.11,soft12.7+soft12.7,23.1,
ANSUR2-F-21542,F,0.9183673469387756,train,181.0,135.0,523.0,124.0,100.0,geometric_feasible,unevaluated,S11-L20,S11,3.0,9.0,0.0,,soft19,16.73,soft19,16.68,soft12.7+soft12.7,21.25,soft12.7+soft12.7,20.64,soft12.7+soft12.7,20.6,
ANSUR2-F-21719,F,0.9183673469387756,validation,188.0,149.0,538.0,127.0,120.0,geometric_feasible,unevaluated,S11-L20,S11,6.0,6.0,0.0,,soft19,17.2,soft19,16.84,soft19+firm10,25.24,soft12.7+soft12.7,22.24,soft12.7+soft12.7,22.25,
ANSUR2-F-22040,F,0.9183673469387756,train,192.0,150.0,580.0,132.0,106.0,geometric_feasible,unevaluated,S11-L20,S11,0.0,0.0,2.0,,soft19,16.49,soft19,17.33,soft19,15.97,soft19,16.75,soft19,16.8,
ANSUR2-F-22060,F,0.9183673469387756,train,190.0,144.0,564.0,118.0,107.0,geometric_feasible,unevaluated,S11-L20,S11,0.0,12.0,0.0,,soft12.7+soft12.7,20.57,soft12.7+soft12.7,23.09,soft19+firm5,20.32,soft12.7+soft12.7,22.6,soft12.7+soft12.7,22.63,
ANSUR2-F-22065,F,0.9183673469387756,validation,194.0,146.0,568.0,118.0,122.0,geometric_feasible,unevaluated,S11-L20,S11,0.0,6.0,0.0,,soft19+firm10,27.15,soft12.7+soft12.7,21.49,soft12.7+soft12.7,22.58,soft12.7+firm15,24.66,soft12.7+firm15,24.61,
ANSUR2-F-22073,F,0.9183673469387756,train,182.0,144.0,556.0,130.0,110.0,geometric_feasible,unevaluated,S11-L20,S11,-3.0,0.0,0.0,,soft12.7+soft12.7,21.24,soft19+firm10,24.86,soft12.7+soft12.7,22.73,soft12.7+soft12.7,23.0,soft12.7+soft12.7,23.01,
ANSUR2-F-22086,F,0.9183673469387756,validation,196.0,144.0,586.0,130.0,112.0,geometric_feasible,unevaluated,S11-L20,S11,-3.0,6.0,3.0,,soft19,15.4,soft12.7+soft12.7,22.37,soft19,16.9,soft12.7+soft12.7,21.15,soft12.7+soft12.7,21.21,
ANSUR2-F-22091,F,0.9183673469387756,validation,192.0,156.0,560.0,122.0,116.0,geometric_feasible,unevaluated,S11-L20,S11,-6.0,9.0,1.0,,soft19,16.37,soft19+firm5,20.13,soft19,15.76,soft19,17.64,soft19,17.65,
ANSUR2-F-23653,F,0.9183673469387756,train,200.0,152.0,566.0,129.0,125.0,geometric_feasible,unevaluated,G055-L11,G055,-3.0,6.0,2.0,,soft19+firm10,25.04,soft19+firm10,24.99,soft12.7+soft12.7,21.64,soft12.7+soft12.7,23.6,soft12.7+soft12.7,23.61,
ANSUR2-F-23664,F,0.9183673469387756,train,193.0,149.0,550.0,134.0,119.0,geometric_feasible,unevaluated,G055-L11,G055,0.0,3.0,1.0,,soft19+firm10,26.28,soft19+firm10,27.06,soft19+firm10,25.6,soft19+firm10,25.39,soft19+firm10,25.39,
ANSUR2-F-23915,F,0.9183673469387756,train,197.0,152.0,579.0,123.0,118.0,geometric_feasible,unevaluated,S11-L20,S11,-6.0,0.0,2.0,,soft12.7+soft12.7,23.52,soft12.7+soft12.7,22.48,soft19+firm5,20.07,soft12.7+soft12.7,21.61,soft12.7+soft12.7,21.64,
ANSUR2-F-25023,F,0.9183673469387756,validation,196.0,150.0,587.0,127.0,122.0,geometric_feasible,unevaluated,G055-L20,G055,0.0,9.0,0.0,,soft19+firm10,26.52,soft19+firm10,25.89,soft12.7+soft12.7,21.54,soft12.7+soft12.7,22.53,soft12.7+soft12.7,22.61,
ANSUR2-F-25026,F,0.9183673469387756,validation,193.0,146.0,581.0,130.0,112.0,geometric_feasible,unevaluated,S11-L20,S11,3.0,6.0,1.0,,soft19,15.31,soft19,16.8,soft19,17.68,soft19,17.69,soft19,17.63,
ANSUR2-F-25040,F,0.9183673469387756,validation,193.0,155.0,566.0,122.0,111.0,geometric_feasible,unevaluated,S11-L20,S11,0.0,9.0,0.0,,soft12.7+soft12.7,20.44,soft12.7+soft12.7,23.09,soft12.7+soft12.7,22.33,soft12.7+soft12.7,22.24,soft12.7+soft12.7,22.24,
ANSUR2-F-25052,F,0.9183673469387756,train,194.0,149.0,559.0,132.0,112.0,geometric_feasible,unevaluated,G055-L11,G055,0.0,3.0,1.0,,soft19+firm10,27.09,soft19+firm10,25.47,soft19+firm10,25.63,soft19+firm10,24.81,soft19+firm10,24.81,
ANSUR2-F-25062,F,0.9183673469387756,train,194.0,151.0,560.0,133.0,109.0,geometric_feasible,unevaluated,G055-L11,G055,0.0,3.0,1.0,,soft19+firm10,27.46,soft19+firm10,26.78,soft12.7+firm15,24.79,soft12.7+soft12.7,23.95,soft12.7+soft12.7,23.95,
ANSUR2-F-25106,F,0.9183673469387756,train,191.0,149.0,555.0,129.0,116.0,excluded,fail,S11-L20,S11,,,,field_of_view,,,,,,,,,,,True
ANSUR2-F-25251,F,0.9183673469387756,train,190.0,145.0,546.0,122.0,104.0,geometric_feasible,unevaluated,S11-L20,S11,-3.0,3.0,0.0,,soft12.7+soft12.7,22.86,soft19+firm10,26.37,soft12.7+firm10,19.8,soft19+firm10,25.34,soft19+firm10,25.34,
ANSUR2-F-25266,F,0.9183673469387756,train,189.0,155.0,564.0,134.0,112.0,geometric_feasible,unevaluated,G055-L11,G055,0.0,3.0,1.0,,soft19+firm10,25.88,soft12.7+soft12.7,23.76,soft19+firm10,25.01,soft12.7+soft12.7,23.07,soft12.7+soft12.7,23.06,
ANSUR2-F-25330,F,0.9183673469387756,validation,187.0,152.0,545.0,125.0,112.0,geometric_feasible,unevaluated,S11-L20,S11,-6.0,6.0,1.0,,soft19,17.87,soft12.7+soft12.7,22.39,soft19,17.65,soft12.7+firm10,19.91,soft12.7+firm10,19.92,
ANSUR2-F-25353,F,0.9183673469387756,train,204.0,154.0,600.0,134.0,120.0,geometric_feasible,unevaluated,G055-L11,G055,-3.0,0.0,0.0,,soft12.7+soft12.7,23.69,soft19+firm10,25.44,soft19,16.86,soft12.7+soft12.7,20.51,soft12.7+soft12.7,20.58,
ANSUR2-F-25374,F,0.9183673469387756,train,179.0,138.0,556.0,125.0,108.0,excluded,fail,S11-L20,S11,,,,field_of_view,,,,,,,,,,,True
ANSUR2-F-25458,F,0.9183673469387756,train,197.0,150.0,568.0,139.0,112.0,geometric_feasible,unevaluated,G055-L11,G055,-6.0,0.0,2.0,,soft12.7+soft12.7,23.08,soft12.7+soft12.7,23.4,soft12.7+soft12.7,22.88,soft12.7+soft12.7,23.48,soft12.7+soft12.7,23.48,
ANSUR2-F-25467,F,0.9183673469387756,train,174.0,145.0,530.0,119.0,105.0,geometric_feasible,unevaluated,S11-L20,S11,0.0,12.0,0.0,,soft12.7+soft12.7,20.47,soft19+firm10,26.68,soft12.7+soft12.7,22.99,soft12.7+soft12.7,24.09,soft12.7+soft12.7,24.07,
ANSUR2-F-25509,F,0.9183673469387756,validation,206.0,145.0,572.0,137.0,120.0,geometric_feasible,unevaluated,G055-L11,G055,-3.0,3.0,2.0,,soft12.7+soft12.7,22.52,soft19+firm10,27.26,soft19,16.11,soft19+firm10,27.52,soft19+firm10,27.55,
ANSUR2-F-25523,F,0.9183673469387756,train,192.0,147.0,562.0,131.0,121.0,geometric_feasible,unevaluated,G055-L11,G055,3.0,9.0,1.0,,soft12.7+firm15,24.62,soft19+firm10,24.8,soft19+firm10,26.17,soft19+firm10,25.24,soft19+firm10,25.24,
ANSUR2-F-25546,F,0.9183673469387756,train,191.0,147.0,582.0,128.0,107.0,geometric_feasible,unevaluated,G055-L20,G055,-6.0,12.0,1.0,,soft12.7+soft12.7,23.87,soft12.7+soft12.7,23.84,soft12.7+soft12.7,22.02,soft12.7+soft12.7,21.52,soft12.7+soft12.7,21.58,
ANSUR2-F-25550,F,0.9183673469387756,train,177.0,147.0,531.0,124.0,111.0,geometric_feasible,unevaluated,S11-L20,S11,6.0,6.0,0.0,,soft19+firm5,20.22,soft12.7+soft12.7,20.49,soft19+firm10,27.26,soft12.7+soft12.7,22.77,soft12.7+soft12.7,22.77,
ANSUR2-F-25577,F,0.9183673469387756,validation,193.0,154.0,575.0,131.0,109.0,geometric_feasible,unevaluated,S11-L20,S11,6.0,3.0,2.0,,soft19,15.6,soft19,16.28,soft19,16.97,soft19,16.86,soft19,16.86,
ANSUR2-F-25587,F,0.9183673469387756,train,183.0,140.0,563.0,131.0,116.0,geometric_feasible,unevaluated,G055-L20,G055,0.0,6.0,0.0,,soft19+firm10,27.2,soft19+firm10,25.58,soft19+firm10,27.47,soft19+firm10,25.62,soft19+firm10,25.56,
ANSUR2-F-25590,F,0.9183673469387756,train,200.0,152.0,587.0,126.0,115.0,geometric_feasible,unevaluated,G055-L11,G055,0.0,6.0,1.0,,soft19+firm10,27.06,soft19+firm10,26.25,soft12.7+soft12.7,20.68,soft12.7+soft12.7,22.87,soft12.7+soft12.7,22.9,
ANSUR2-F-25607,F,0.9183673469387756,validation,200.0,147.0,578.0,137.0,125.0,geometric_feasible,unevaluated,G055-L11,G055,3.0,3.0,1.0,,soft12.7+soft12.7,23.06,soft19+firm5,20.35,soft12.7+firm15,24.75,soft12.7+soft12.7,23.54,soft12.7+soft12.7,23.5,
ANSUR2-F-25609,F,0.9183673469387756,train,189.0,150.0,573.0,131.0,117.0,geometric_feasible,unevaluated,G055-L11,G055,0.0,3.0,1.0,,soft19+firm10,26.25,soft12.7+soft12.7,22.61,soft19+firm10,24.99,soft12.7+soft12.7,21.78,soft12.7+soft12.7,21.75,
ANSUR2-F-25642,F,0.9183673469387756,train,189.0,155.0,562.0,131.0,106.0,geometric_feasible,unevaluated,S11-L20,S11,-6.0,0.0,1.0,,soft12.7+firm10,19.85,soft12.7+soft12.7,23.63,soft19,17.9,soft12.7+soft12.7,21.84,soft12.7+soft12.7,21.85,
ANSUR2-F-25649,F,0.9183673469387756,train,187.0,131.0,523.0,118.0,109.0,geometric_feasible,unevaluated,S11-L20,S11,0.0,9.0,0.0,,soft12.7+soft12.7,22.87,soft19+firm10,24.91,soft12.7+soft12.7,21.17,soft19+firm10,27.4,soft19+firm10,27.44,
ANSUR2-F-25655,F,0.9183673469387756,train,189.0,150.0,555.0,118.0,114.0,geometric_feasible,unevaluated,S11-L20,S11,-6.0,12.0,0.0,,soft12.7+soft12.7,20.85,soft12.7+soft12.7,23.68,soft12.7+soft12.7,21.62,soft12.7+soft12.7,22.99,soft12.7+soft12.7,22.99,
ANSUR2-F-25661,F,0.9183673469387756,validation,193.0,145.0,558.0,117.0,111.0,geometric_feasible,unevaluated,S11-L20,S11,0.0,9.0,0.0,,soft19+firm10,25.44,soft12.7+soft12.7,20.94,soft19+firm10,25.32,soft19+firm10,26.18,soft19+firm10,26.16,
ANSUR2-F-25683,F,0.9183673469387756,validation,179.0,139.0,521.0,127.0,111.0,geometric_feasible,unevaluated,S11-L20,S11,0.0,3.0,0.0,,soft12.7+soft12.7,20.76,soft12.7+soft12.7,23.88,soft12.7+soft12.7,20.99,soft12.7+soft12.7,23.89,soft12.7+soft12.7,23.89,
ANSUR2-F-25689,F,0.9183673469387756,train,182.0,142.0,537.0,126.0,106.0,geometric_feasible,unevaluated,S11-L20,S11,0.0,9.0,0.0,,soft19,16.44,soft12.7+soft12.7,20.85,soft12.7+soft12.7,20.55,soft12.7+soft12.7,22.01,soft12.7+soft12.7,22.0,
ANSUR2-F-25706,F,0.9183673469387756,validation,195.0,152.0,578.0,132.0,117.0,geometric_feasible,unevaluated,S11-L20,S11,6.0,3.0,2.0,,soft19,15.21,soft19,15.51,soft12.7+firm10,19.83,soft19,17.84,soft19,17.8,
ANSUR2-F-25751,F,0.9183673469387756,train,181.0,149.0,570.0,134.0,107.0,geometric_feasible,unevaluated,G055-L11,G055,6.0,0.0,1.0,,soft19+firm10,27.37,soft12.7+soft12.7,21.9,soft12.7+soft12.7,21.61,soft12.7+soft12.7,21.8,soft12.7+soft12.7,21.73,
ANSUR2-F-25753,F,0.9183673469387756,train,194.0,153.0,577.0,129.0,119.0,geometric_feasible,unevaluated,S11-L20,S11,0.0,6.0,2.0,,soft12.7+firm5,15.17,soft19,15.32,soft19,15.79,soft19,16.62,soft19,16.61,
ANSUR2-F-25760,F,0.9183673469387756,train,184.0,144.0,544.0,113.0,104.0,excluded,fail,S11-L20,S11,,,,pad_too_loose,,,,,,,,,,,True
ANSUR2-F-25833,F,0.9183673469387756,validation,192.0,142.0,554.0,123.0,121.0,excluded,fail,S11-L20,S11,,,,nose,,,,,,,,,,,True
ANSUR2-F-25873,F,0.9183673469387756,validation,185.0,140.0,568.0,125.0,104.0,geometric_feasible,unevaluated,S11-L20,S11,3.0,3.0,1.0,,soft12.7+soft12.7,21.28,soft19+firm5,20.35,soft12.7+soft12.7,21.56,soft12.7+soft12.7,21.25,soft12.7+soft12.7,21.19,
ANSUR2-F-25880,F,0.9183673469387756,train,190.0,151.0,564.0,132.0,111.0,geometric_feasible,unevaluated,G055-L20,G055,-6.0,9.0,1.0,,soft12.7+soft12.7,24.02,soft12.7+soft12.7,23.63,soft19+firm10,27.12,soft12.7+soft12.7,24.01,soft12.7+soft12.7,24.01,
ANSUR2-F-25882,F,0.9183673469387756,train,182.0,156.0,554.0,134.0,114.0,geometric_feasible,unevaluated,S11-L20,S11,0.0,0.0,3.0,,soft19,16.22,soft19,16.24,soft19,15.81,soft19,17.87,soft19,17.87,
ANSUR2-F-25901,F,0.9183673469387756,train,184.0,153.0,548.0,135.0,116.0,excluded,fail,S11-L20,S11,,,,field_of_view,,,,,,,,,,,True
ANSUR2-F-25954,F,0.9183673469387756,train,201.0,154.0,598.0,139.0,109.0,geometric_feasible,unevaluated,G055-L11,G055,0.0,-3.0,1.0,,soft19+firm10,25.09,soft12.7+soft12.7,22.94,soft12.7+firm10,19.83,soft12.7+soft12.7,21.62,soft12.7+soft12.7,21.66,
ANSUR2-F-25982,F,0.9183673469387756,validation,190.0,146.0,553.0,128.0,120.0,geometric_feasible,unevaluated,S11-L20,S11,-6.0,3.0,1.0,,soft19,16.56,soft12.7+soft12.7,21.38,soft19,16.32,soft12.7+firm10,19.77,soft12.7+firm10,19.8,
ANSUR2-F-26012,F,0.9183673469387756,train,187.0,154.0,569.0,129.0,127.0,geometric_feasible,unevaluated,S11-L20,S11,0.0,6.0,0.0,,soft19,16.44,soft12.7+soft12.7,23.46,soft12.7+soft12.7,21.51,soft12.7+soft12.7,22.29,soft12.7+soft12.7,22.3,
ANSUR2-F-26041,F,0.9183673469387756,train,198.0,156.0,577.0,130.0,120.0,geometric_feasible,unevaluated,G055-L20,G055,0.0,6.0,1.0,,soft19+firm10,26.3,soft12.7+soft12.7,22.95,soft19+firm10,27.35,soft12.7+soft12.7,22.54,soft12.7+soft12.7,22.53,
ANSUR2-F-26056,F,0.9183673469387756,validation,180.0,141.0,533.0,121.0,115.0,geometric_feasible,unevaluated,S11-L20,S11,-3.0,9.0,0.0,,soft12.7+soft12.7,20.48,soft12.7+soft12.7,21.35,soft12.7+soft12.7,21.3,soft12.7+soft12.7,22.17,soft12.7+soft12.7,22.17,
ANSUR2-F-26072,F,0.9183673469387756,validation,179.0,142.0,557.0,126.0,107.0,geometric_feasible,unevaluated,S11-L20,S11,3.0,9.0,0.0,,soft19,15.83,soft19,16.74,soft19+firm5,20.11,soft19,17.46,soft19,17.4,
ANSUR2-F-26082,F,0.9183673469387756,validation,194.0,151.0,561.0,132.0,116.0,geometric_feasible,unevaluated,G055-L11,G055,0.0,6.0,2.0,,soft19+firm10,26.52,soft19+firm10,25.62,soft19+firm10,27.22,soft12.7+firm15,24.61,soft12.7+firm15,24.61,
ANSUR2-F-27074,F,0.9183673469387756,train,192.0,144.0,569.0,122.0,104.0,geometric_feasible,unevaluated,S11-L20,S11,0.0,6.0,0.0,,soft12.7+soft12.7,23.44,soft19+firm10,24.93,soft19+firm5,20.19,soft12.7+soft12.7,23.51,soft12.7+soft12.7,23.6,
ANSUR2-F-27075,F,0.9183673469387756,validation,187.0,148.0,548.0,131.0,109.0,geometric_feasible,unevaluated,G055-L11,G055,0.0,12.0,1.0,,soft12.7+soft12.7,22.08,soft12.7+soft12.7,22.33,soft12.7+soft12.7,24.02,soft12.7+soft12.7,22.75,soft12.7+soft12.7,22.75,
ANSUR2-F-27086,F,0.9183673469387756,validation,179.0,143.0,530.0,106.0,101.0,excluded,fail,S11-L20,S11,,,,pad_too_loose,,,,,,,,,,,True
ANSUR2-F-27218,F,0.9183673469387756,validation,190.0,147.0,553.0,124.0,121.0,geometric_feasible,unevaluated,S11-L20,S11,0.0,9.0,1.0,,soft19,15.89,soft19,15.79,soft19,15.81,soft19,17.91,soft19,17.91,
ANSUR2-F-27231,F,0.9183673469387756,validation,187.0,144.0,546.0,117.0,117.0,geometric_feasible,unevaluated,S11-L20,S11,-3.0,3.0,0.0,,soft12.7+soft12.7,23.84,soft19,17.98,soft19+firm10,25.05,soft12.7+soft12.7,23.6,soft12.7+soft12.7,23.6,
ANSUR2-F-27240,F,0.9183673469387756,train,195.0,144.0,564.0,133.0,105.0,geometric_feasible,unevaluated,G055-L11,G055,-3.0,6.0,1.0,,soft19+firm10,26.17,soft19+firm10,25.85,soft19+firm10,27.21,soft19+firm10,27.55,soft19+firm10,27.55,
ANSUR2-F-27451,F,0.9183673469387756,validation,186.0,146.0,541.0,128.0,116.0,geometric_feasible,unevaluated,S11-L20,S11,3.0,0.0,1.0,,soft12.7+soft12.7,20.64,soft19+firm5,20.19,soft12.7+soft12.7,22.71,soft12.7+soft12.7,23.92,soft12.7+soft12.7,23.93,
ANSUR2-F-27452,F,0.9183673469387756,train,193.0,143.0,562.0,128.0,120.0,geometric_feasible,unevaluated,G055-L11,G055,-6.0,6.0,1.0,,soft19+firm10,25.92,soft19+firm10,24.92,soft19+firm10,24.97,soft19+firm10,25.15,soft19+firm10,25.17,
ANSUR2-F-27469,F,0.9183673469387756,train,196.0,155.0,577.0,148.0,120.0,excluded,fail,G055-L11,G055,,,,pad_between_steps,,,,,,,,,,,True
ANSUR2-F-27616,F,0.9183673469387756,train,181.0,145.0,535.0,118.0,108.0,geometric_feasible,unevaluated,S11-L20,S11,3.0,6.0,0.0,,soft19+firm10,25.44,soft19+firm10,25.47,soft19+firm10,25.32,soft19+firm10,24.92,soft19+firm10,24.93,
ANSUR2-F-27636,F,0.9183673469387756,validation,196.0,146.0,560.0,126.0,118.0,geometric_feasible,unevaluated,S11-L20,S11,-6.0,6.0,1.0,,soft19,16.75,soft12.7+soft12.7,21.24,soft19,15.79,soft12.7+soft12.7,21.01,soft12.7+soft12.7,21.04,
ANSUR2-F-27841,F,0.9183673469387756,validation,180.0,150.0,542.0,130.0,117.0,geometric_feasible,unevaluated,S11-L20,S11,6.0,0.0,1.0,,soft12.7+soft12.7,20.52,soft12.7+soft12.7,21.22,soft19,16.61,soft12.7+soft12.7,23.47,soft12.7+soft12.7,23.46,
ANSUR2-F-28154,F,0.9183673469387756,train,195.0,154.0,575.0,122.0,116.0,geometric_feasible,unevaluated,S11-L20,S11,0.0,3.0,0.0,,soft19+firm10,25.02,soft12.7+soft12.7,21.22,soft12.7+soft12.7,20.51,soft12.7+soft12.7,21.16,soft12.7+soft12.7,21.16,
ANSUR2-F-28165,F,0.9183673469387756,train,192.0,146.0,571.0,129.0,122.0,geometric_feasible,unevaluated,S11-L20,S11,0.0,6.0,3.0,,soft19,15.93,soft19,16.16,soft19,16.4,soft19,17.61,soft19,17.58,
ANSUR2-F-28253,F,0.9183673469387756,train,200.0,143.0,577.0,123.0,113.0,geometric_feasible,unevaluated,S11-L20,S11,-6.0,6.0,1.0,,soft19,17.88,soft12.7+soft12.7,22.26,soft19,15.26,soft12.7+soft12.7,21.31,soft12.7+soft12.7,21.41,
ANSUR2-F-28256,F,0.9183673469387756,train,192.0,153.0,563.0,129.0,120.0,geometric_feasible,unevaluated,S11-L20,S11,3.0,3.0,1.0,,soft19,17.96,soft19,17.02,soft12.7+soft12.7,23.34,soft12.7+soft12.7,21.09,soft12.7+soft12.7,21.09,
ANSUR2-F-28293,F,0.9183673469387756,train,195.0,150.0,560.0,127.0,110.0,geometric_feasible,unevaluated,S11-L20,S11,3.0,6.0,1.0,,soft19,16.38,soft19,15.34,soft19+firm5,20.32,soft19+firm5,20.12,soft19+firm5,20.12,
ANSUR2-F-28296,F,0.9183673469387756,validation,200.0,148.0,581.0,129.0,116.0,geometric_feasible,unevaluated,G055-L11,G055,-6.0,6.0,0.0,,soft19+firm10,25.16,soft19+firm10,25.47,soft12.7+soft12.7,20.93,soft12.7+soft12.7,23.07,soft12.7+soft12.7,23.12,
ANSUR2-F-28311,F,0.9183673469387756,train,202.0,137.0,565.0,130.0,116.0,geometric_feasible,unevaluated,G055-L11,G055,0.0,3.0,1.0,,soft19+firm10,26.34,soft12.7+soft12.7,20.77,soft12.7+soft12.7,20.99,soft19+firm10,27.31,soft19+firm10,27.27,
ANSUR2-F-28574,F,0.9183673469387756,train,187.0,138.0,543.0,119.0,109.0,geometric_feasible,unevaluated,S11-L20,S11,0.0,9.0,0.0,,soft12.7+soft12.7,23.4,soft12.7+soft12.7,22.34,soft12.7+firm15,24.72,soft19+firm10,25.97,soft19+firm10,25.96,
ANSUR2-F-28592,F,0.9183673469387756,validation,190.0,145.0,547.0,129.0,109.0,geometric_feasible,unevaluated,S11-L20,S11,-6.0,0.0,0.0,,soft12.7+soft12.7,21.69,soft12.7+soft12.7,23.17,soft12.7+soft12.7,22.5,soft19+firm10,24.82,soft19+firm10,24.82,
ANSUR2-F-28594,F,0.9183673469387756,validation,187.0,143.0,560.0,130.0,121.0,geometric_feasible,unevaluated,S11-L20,S11,0.0,0.0,0.0,,soft12.7+soft12.7,21.44,soft12.7+soft12.7,22.59,soft19,16.37,soft12.7+soft12.7,23.82,soft12.7+soft12.7,23.79,
ANSUR2-F-28604,F,0.9183673469387756,validation,191.0,143.0,543.0,126.0,108.0,geometric_feasible,unevaluated,S11-L20,S11,0.0,3.0,1.0,,soft12.7+soft12.7,20.67,soft12.7+soft12.7,20.52,soft12.7+soft12.7,21.45,soft12.7+soft12.7,23.71,soft12.7+soft12.7,23.71,
ANSUR2-F-28607,F,0.9183673469387756,validation,195.0,148.0,565.0,118.0,112.0,geometric_feasible,unevaluated,S11-L20,S11,-3.0,9.0,0.0,,soft12.7+soft12.7,23.3,soft12.7+soft12.7,21.59,soft12.7+firm10,19.92,soft12.7+soft12.7,23.33,soft12.7+soft12.7,23.35,
ANSUR2-F-28609,F,0.9183673469387756,train,186.0,139.0,534.0,118.0,104.0,geometric_feasible,unevaluated,S11-L20,S11,6.0,6.0,0.0,,soft12.7+soft12.7,22.87,soft12.7+soft12.7,20.97,soft19+firm10,26.48,soft19+firm10,25.66,soft19+firm10,25.63,
ANSUR2-F-28683,F,0.9183673469387756,train,177.0,160.0,554.0,130.0,114.0,geometric_feasible,unevaluated,S11-L20,S11,6.0,3.0,0.0,,soft19,17.31,soft19,17.45,soft19+firm10,25.04,soft19,17.48,soft19,17.49,
ANSUR2-F-28726,F,0.9183673469387756,validation,186.0,146.0,573.0,124.0,118.0,geometric_feasible,unevaluated,S11-L20,S11,0.0,6.0,0.0,,soft12.7+soft12.7,21.44,soft12.7+soft12.7,21.89,soft12.7+soft12.7,22.64,soft12.7+soft12.7,22.91,soft12.7+soft12.7,22.81,
ANSUR2-F-28728,F,0.9183673469387756,train,205.0,155.0,601.0,130.0,124.0,geometric_feasible,unevaluated,G055-L11,G055,-3.0,3.0,1.0,,soft19+firm10,26.1,soft12.7+soft12.7,21.71,soft12.7+soft12.7,20.68,soft12.7+soft12.7,21.51,soft12.7+soft12.7,21.53,
ANSUR2-F-28740,F,0.9183673469387756,train,173.0,145.0,516.0,125.0,99.0,geometric_feasible,unevaluated,S11-L20,S11,3.0,3.0,0.0,,soft12.7+soft12.7,23.28,soft19+firm10,25.83,soft19+firm10,27.37,soft19+firm10,25.45,soft19+firm10,25.45,
ANSUR2-F-28746,F,0.9183673469387756,validation,191.0,144.0,569.0,131.0,116.0,geometric_feasible,unevaluated,S11-L20,S11,-3.0,0.0,1.0,,soft19+firm5,20.2,soft12.7+soft12.7,22.66,soft12.7+soft12.7,21.68,soft12.7+soft12.7,22.78,soft12.7+soft12.7,22.81,
ANSUR2-F-28816,F,0.9183673469387756,train,200.0,148.0,585.0,119.0,127.0,geometric_feasible,unevaluated,G055-L11,G055,0.0,12.0,1.0,,soft19+firm10,25.75,soft19,16.98,soft19+firm10,24.92,soft12.7+soft12.7,21.48,soft12.7+soft12.7,21.39,
ANSUR2-F-28840,F,0.9183673469387756,train,195.0,148.0,570.0,127.0,120.0,geometric_feasible,unevaluated,S11-L20,S11,3.0,3.0,3.0,,soft12.7+firm10,19.8,soft12.7+firm10,19.77,soft19,15.32,soft12.7+soft12.7,22.25,soft12.7+soft12.7,22.22,
ANSUR2-F-28848,F,0.9183673469387756,validation,193.0,144.0,556.0,123.0,109.0,geometric_feasible,unevaluated,S11-L20,S11,-3.0,6.0,0.0,,soft12.7+soft12.7,21.76,soft12.7+soft12.7,23.47,soft12.7+soft12.7,21.81,soft12.7+firm15,24.68,soft12.7+firm15,24.69,
ANSUR2-F-28854,F,0.9183673469387756,train,192.0,147.0,550.0,120.0,105.0,geometric_feasible,unevaluated,S11-L20,S11,6.0,3.0,0.0,,soft19+firm10,26.43,soft12.7+soft12.7,21.94,soft19+firm10,25.16,soft19+firm10,25.43,soft19+firm10,25.42,
ANSUR2-F-29069,F,0.9183673469387756,train,185.0,151.0,558.0,124.0,114.0,geometric_feasible,unevaluated,S11-L20,S11,0.0,3.0,0.0,,soft12.7+soft12.7,23.28,soft19+firm10,25.84,soft12.7+soft12.7,22.21,soft12.7+soft12.7,23.25,soft12.7+soft12.7,23.25,
ANSUR2-F-29125,F,0.9183673469387756,train,184.0,146.0,543.0,124.0,110.0,geometric_feasible,unevaluated,S11-L20,S11,6.0,6.0,1.0,,soft19,17.83,soft19,17.11,soft12.7+soft12.7,22.87,soft19+firm5,20.09,soft19+firm5,20.07,
ANSUR2-F-29289,F,0.9183673469387756,train,183.0,142.0,538.0,114.0,112.0,geometric_feasible,unevaluated,S11-L20,S11,0.0,9.0,0.0,,soft19+firm10,25.66,soft12.7+soft12.7,23.79,soft19+firm10,27.38,soft19+firm10,26.41,soft19+firm10,26.4,
ANSUR2-F-29292,F,0.9183673469387756,validation,184.0,140.0,537.0,117.0,107.0,geometric_feasible,unevaluated,S11-L20,S11,-6.0,9.0,0.0,,soft12.7+soft12.7,23.26,soft19+firm10,24.92,soft12.7+soft12.7,23.35,soft19+firm10,25.17,soft19+firm10,25.18,
ANSUR2-F-29298,F,0.9183673469387756,train,177.0,141.0,520.0,126.0,104.0,geometric_feasible,unevaluated,S11-L20,S11,0.0,3.0,0.0,,soft12.7+soft12.7,22.44,soft19+firm10,24.83,soft12.7+soft12.7,22.04,soft19+firm10,25.69,soft19+firm10,25.71,
ANSUR2-F-29338,F,0.9183673469387756,train,181.0,146.0,544.0,122.0,113.0,geometric_feasible,unevaluated,S11-L20,S11,0.0,6.0,0.0,,soft12.7+soft12.7,23.33,soft12.7+soft12.7,23.69,soft12.7+soft12.7,20.57,soft19+firm10,24.93,soft19+firm10,24.94,
ANSUR2-F-29383,F,0.9183673469387756,train,185.0,143.0,543.0,128.0,116.0,geometric_feasible,unevaluated,G055-L11,G055,3.0,12.0,1.0,,soft19+firm10,25.06,soft19+firm10,26.2,soft19+firm10,27.5,soft19+firm10,26.54,soft19+firm10,26.53,
ANSUR2-F-29386,F,0.9183673469387756,train,202.0,153.0,594.0,123.0,110.0,geometric_feasible,unevaluated,G055-L11,G055,-3.0,9.0,1.0,,soft19+firm10,27.16,soft19+firm10,24.91,soft12.7+soft12.7,20.62,soft12.7+soft12.7,21.7,soft12.7+soft12.7,21.75,
ANSUR2-F-29389,F,0.9183673469387756,train,177.0,150.0,544.0,121.0,104.0,geometric_feasible,unevaluated,S11-L20,S11,3.0,6.0,0.0,,soft12.7+soft12.7,23.93,soft19+firm10,25.1,soft12.7+firm10,19.98,soft12.7+soft12.7,23.43,soft12.7+soft12.7,23.43,
ANSUR2-F-29390,F,0.9183673469387756,validation,205.0,155.0,606.0,130.0,116.0,geometric_feasible,unevaluated,G055-L20,G055,-6.0,9.0,0.0,,soft12.7+soft12.7,20.59,soft12.7+soft12.7,23.05,soft19,15.88,soft19,17.89,soft19,17.98,
ANSUR2-F-29392,F,0.9183673469387756,train,198.0,155.0,573.0,127.0,119.0,geometric_feasible,unevaluated,G055-L20,G055,0.0,12.0,0.0,,soft19+firm10,25.57,soft19+firm10,26.12,soft12.7+soft12.7,23.04,soft12.7+soft12.7,22.5,soft12.7+soft12.7,22.5,
ANSUR2-F-29395,F,0.9183673469387756,train,191.0,153.0,587.0,131.0,115.0,geometric_feasible,unevaluated,G055-L11,G055,0.0,6.0,1.0,,soft19+firm10,27.15,soft19+firm10,25.35,soft12.7+soft12.7,22.46,soft12.7+soft12.7,21.8,soft12.7+soft12.7,21.86,
ANSUR2-F-29472,F,0.9183673469387756,train,202.0,152.0,579.0,134.0,124.0,geometric_feasible,unevaluated,G055-L20,G055,-3.0,3.0,1.0,,soft19+firm10,24.93,soft12.7+soft12.7,21.13,soft12.7+soft12.7,24.12,soft12.7+soft12.7,23.87,soft12.7+soft12.7,23.88,
ANSUR2-F-29484,F,0.9183673469387756,train,177.0,141.0,518.0,123.0,106.0,geometric_feasible,unevaluated,S11-L20,S11,6.0,6.0,0.0,,soft12.7+soft12.7,21.3,soft12.7+soft12.7,21.64,soft19+firm10,25.82,soft12.7+soft12.7,24.12,soft12.7+soft12.7,24.1,
ANSUR2-F-29497,F,0.9183673469387756,validation,182.0,132.0,523.0,124.0,106.0,geometric_feasible,unevaluated,S11-L20,S11,3.0,6.0,0.0,,soft12.7+soft12.7,21.4,soft12.7+soft12.7,23.92,soft19+firm10,26.88,soft19+firm10,27.29,soft19+firm10,27.26,
ANSUR2-M-10093,M,1.0396039603960396,train,197.0,153.0,566.0,122.0,135.0,geometric_feasible,unevaluated,S11-L20,S11,-3.0,3.0,1.0,,soft12.7+soft12.7,22.9,soft19+firm10,25.18,soft19,17.13,soft12.7+soft12.7,22.91,soft12.7+soft12.7,22.9,
ANSUR2-M-10354,M,1.0396039603960396,train,196.0,155.0,575.0,115.0,122.0,geometric_feasible,unevaluated,S11-L20,S11,0.0,9.0,0.0,,soft12.7+soft12.7,23.91,soft12.7+soft12.7,24.07,soft19,17.36,soft12.7+soft12.7,21.02,soft12.7+soft12.7,21.02,
ANSUR2-M-10367,M,1.0396039603960396,validation,206.0,149.0,583.0,132.0,122.0,geometric_feasible,unevaluated,G055-L20,G055,-6.0,6.0,1.0,,soft12.7+soft12.7,21.14,soft12.7+soft12.7,21.17,soft19,17.17,soft12.7+soft12.7,22.48,soft12.7+soft12.7,22.5,
ANSUR2-M-10371,M,1.0396039603960396,train,188.0,153.0,554.0,128.0,106.0,geometric_feasible,unevaluated,G055-L20,G055,-3.0,12.0,0.0,,soft19+firm10,24.93,soft19+firm10,25.98,soft19+firm10,26.37,soft12.7+soft12.7,23.22,soft12.7+soft12.7,23.22,
ANSUR2-M-10451,M,1.0396039603960396,train,207.0,156.0,594.0,124.0,120.0,geometric_feasible,unevaluated,G055-L20,G055,6.0,12.0,1.0,,soft19+firm10,24.82,soft12.7+soft12.7,23.28,soft19,17.3,soft12.7+soft12.7,21.94,soft12.7+soft12.7,21.95,
ANSUR2-M-10473,M,1.0396039603960396,validation,193.0,144.0,550.0,124.0,105.0,geometric_feasible,unevaluated,S11-L20,S11,0.0,6.0,1.0,,soft19,17.76,soft12.7+soft12.7,20.91,soft19,16.73,soft12.7+soft12.7,22.01,soft12.7+soft12.7,22.02,
ANSUR2-M-10495,M,1.0396039603960396,train,201.0,155.0,590.0,128.0,126.0,geometric_feasible,unevaluated,S11-L20,S11,0.0,3.0,2.0,,soft12.7+soft12.7,20.44,soft12.7+firm5,15.17,soft12.7+soft12.7,22.78,soft19+firm5,20.31,soft19+firm5,20.26,
ANSUR2-M-10523,M,1.0396039603960396,train,197.0,152.0,574.0,133.0,120.0,geometric_feasible,unevaluated,G055-L11,G055,-3.0,3.0,1.0,,soft19+firm10,26.83,soft12.7+soft12.7,22.85,soft19+firm10,25.45,soft12.7+soft12.7,23.25,soft12.7+soft12.7,23.25,
ANSUR2-M-10558,M,1.0396039603960396,validation,193.0,154.0,564.0,131.0,111.0,geometric_feasible,unevaluated,G055-L11,G055,0.0,6.0,1.0,,soft19+firm10,26.04,soft19+firm10,26.07,soft19+firm10,25.92,soft12.7+soft12.7,22.77,soft12.7+soft12.7,22.76,
ANSUR2-M-10639,M,1.0396039603960396,train,206.0,154.0,583.0,136.0,133.0,geometric_feasible,unevaluated,G055-L20,G055,0.0,3.0,1.0,,soft12.7+soft12.7,21.23,soft12.7+soft12.7,21.9,soft19,16.87,soft12.7+soft12.7,21.68,soft12.7+soft12.7,21.67,
ANSUR2-M-10646,M,1.0396039603960396,train,202.0,144.0,567.0,132.0,127.0,geometric_feasible,unevaluated,G055-L20,G055,-6.0,12.0,1.0,,soft12.7+firm10,19.96,soft19+firm10,26.85,soft19,16.65,soft19+firm10,24.92,soft19+firm10,24.97,
ANSUR2-M-10662,M,1.0396039603960396,train,185.0,150.0,541.0,136.0,104.0,geometric_feasible,unevaluated,G055-L11,G055,0.0,0.0,1.0,,soft19+firm10,26.73,soft19+firm10,27.1,soft19+firm5,20.01,soft19+firm10,24.93,soft19+firm10,24.93,
ANSUR2-M-10737,M,1.0396039603960396,train,192.0,163.0,565.0,142.0,115.0,geometric_feasible,unevaluated,G055-L11,G055,0.0,6.0,1.0,,soft19,16.94,soft19,17.14,soft12.7+soft12.7,20.66,soft19,16.11,soft19,16.1,
ANSUR2-M-10803,M,1.0396039603960396,validation,200.0,163.0,578.0,131.0,126.0,geometric_feasible,unevaluated,S11-L20,S11,0.0,0.0,2.0,,soft12.7+soft12.7,20.4,soft19,17.45,soft19+firm5,20.3,soft19,17.17,soft19,17.16,
ANSUR2-M-10838,M,1.0396039603960396,train,204.0,158.0,582.0,138.0,126.0,geometric_feasible,unevaluated,G055-L11,G055,0.0,-3.0,2.0,,soft19+firm10,26.62,soft12.7+soft12.7,22.46,soft12.7+soft12.7,21.77,soft12.7+soft12.7,21.28,soft12.7+soft12.7,21.28,
ANSUR2-M-10840,M,1.0396039603960396,validation,203.0,164.0,603.0,143.0,132.0,geometric_feasible,unevaluated,G055-L11,G055,0.0,0.0,0.0,,soft19,17.91,soft12.7+soft12.7,21.45,soft19,16.5,soft19,17.32,soft19,17.32,
ANSUR2-M-10852,M,1.0396039603960396,validation,204.0,152.0,584.0,133.0,129.0,geometric_feasible,unevaluated,G055-L20,G055,-3.0,9.0,1.0,,soft12.7+soft12.7,23.2,soft19+firm10,24.98,soft12.7+soft12.7,20.42,soft19+firm10,24.85,soft19+firm10,24.85,
ANSUR2-M-10994,M,1.0396039603960396,train,206.0,150.0,585.0,126.0,130.0,geometric_feasible,unevaluated,G055-L23,G055,3.0,9.0,0.0,,soft19+firm10,27.45,soft12.7+soft12.7,20.39,soft12.7+soft12.7,22.51,soft19+firm10,25.1,soft19+firm10,25.1,
ANSUR2-M-11031,M,1.0396039603960396,train,203.0,150.0,588.0,139.0,127.0,geometric_feasible,unevaluated,G055-L11,G055,0.0,-3.0,1.0,,soft12.7+soft12.7,23.35,soft12.7+soft12.7,23.21,soft19,16.44,soft12.7+soft12.7,21.98,soft12.7+soft12.7,22.02,
ANSUR2-M-11146,M,1.0396039603960396,train,191.0,157.0,555.0,134.0,116.0,geometric_feasible,unevaluated,G055-L11,G055,-3.0,6.0,1.0,,soft12.7+soft12.7,22.17,soft12.7+soft12.7,23.78,soft12.7+soft12.7,22.76,soft19+firm5,20.02,soft19+firm5,20.02,
ANSUR2-M-11161,M,1.0396039603960396,validation,201.0,156.0,575.0,124.0,129.0,geometric_feasible,unevaluated,G055-L11,G055,-6.0,9.0,2.0,,soft19+firm10,27.23,soft19+firm10,26.81,soft12.7+soft12.7,21.36,soft12.7+soft12.7,22.55,soft12.7+soft12.7,22.55,
ANSUR2-M-11184,M,1.0396039603960396,train,204.0,150.0,578.0,128.0,121.0,geometric_feasible,unevaluated,G055-L20,G055,-3.0,12.0,0.0,,soft19+firm10,25.2,soft19+firm10,24.98,soft19+firm5,20.19,soft19+firm10,25.61,soft19+firm10,25.61,
ANSUR2-M-11197,M,1.0396039603960396,validation,202.0,177.0,613.0,140.0,128.0,geometric_feasible,unevaluated,G055-L11,G055,0.0,6.0,2.0,,soft19,17.18,soft19+firm5,20.05,soft19+firm5,20.28,soft12.7,11.96,soft12.7,11.95,
ANSUR2-M-11204,M,1.0396039603960396,validation,210.0,160.0,603.0,136.0,122.0,geometric_feasible,unevaluated,G055-L11,G055,0.0,3.0,2.0,,soft19+firm10,25.39,soft12.7+soft12.7,21.96,soft19,17.42,soft12.7+soft12.7,20.87,soft12.7+soft12.7,20.87,
ANSUR2-M-11249,M,1.0396039603960396,train,193.0,155.0,555.0,140.0,118.0,geometric_feasible,unevaluated,G055-L11,G055,3.0,0.0,1.0,,soft12.7+firm15,24.71,soft19+firm10,25.4,soft19,17.71,soft12.7+soft12.7,22.9,soft12.7+soft12.7,22.89,
ANSUR2-M-11345,M,1.0396039603960396,validation,210.0,152.0,594.0,138.0,124.0,geometric_feasible,unevaluated,G055-L11,G055,-6.0,3.0,2.0,,soft12.7+soft12.7,23.42,soft12.7+soft12.7,23.82,soft19,15.44,soft12.7+soft12.7,23.38,soft12.7+soft12.7,23.43,
ANSUR2-M-11357,M,1.0396039603960396,train,190.0,147.0,544.0,125.0,126.0,geometric_feasible,unevaluated,S11-L20,S11,0.0,6.0,1.0,,soft19,16.81,soft19,15.46,soft19+firm5,20.04,soft19+firm5,20.1,soft19+firm5,20.11,
ANSUR2-M-11378,M,1.0396039603960396,train,200.0,150.0,573.0,127.0,104.0,geometric_feasible,unevaluated,G055-L11,G055,0.0,6.0,2.0,,soft19+firm10,27.29,soft19+firm10,24.81,soft19,17.72,soft19+firm10,25.63,soft19+firm10,25.63,
ANSUR2-M-11380,M,1.0396039603960396,train,198.0,154.0,570.0,129.0,121.0,geometric_feasible,unevaluated,G055-L20,G055,0.0,9.0,0.0,,soft19+firm10,25.35,soft19+firm10,27.28,soft12.7+soft12.7,21.33,soft12.7+soft12.7,22.9,soft12.7+soft12.7,22.89,
ANSUR2-M-11412,M,1.0396039603960396,train,200.0,155.0,575.0,137.0,127.0,geometric_feasible,unevaluated,G055-L11,G055,0.0,3.0,2.0,,soft12.7+firm15,24.68,soft12.7+soft12.7,22.96,soft19,16.61,soft12.7+soft12.7,23.33,soft12.7+soft12.7,23.32,
ANSUR2-M-11453,M,1.0396039603960396,train,206.0,156.0,580.0,138.0,133.0,geometric_feasible,unevaluated,G055-L11,G055,0.0,3.0,1.0,,soft12.7+soft12.7,21.01,soft19+firm10,24.89,soft19,15.55,soft12.7+soft12.7,22.31,soft12.7+soft12.7,22.31,
ANSUR2-M-11708,M,1.0396039603960396,train,200.0,157.0,577.0,140.0,130.0,geometric_feasible,unevaluated,G055-L11,G055,-3.0,3.0,2.0,,soft12.7+soft12.7,22.2,soft19+firm10,25.59,soft12.7+soft12.7,23.78,soft12.7+soft12.7,22.58,soft12.7+soft12.7,22.58,
ANSUR2-M-11871,M,1.0396039603960396,train,192.0,160.0,563.0,132.0,123.0,geometric_feasible,unevaluated,G055-L11,G055,6.0,0.0,2.0,,soft19+firm10,27.02,soft12.7+soft12.7,20.45,soft19+firm5,20.24,soft12.7+soft12.7,20.95,soft12.7+soft12.7,20.95,
ANSUR2-M-11892,M,1.0396039603960396,validation,210.0,159.0,595.0,140.0,123.0,excluded,fail,G055-L11,G055,,,,nose,,,,,,,,,,,True
ANSUR2-M-12060,M,1.0396039603960396,validation,211.0,154.0,592.0,145.0,123.0,geometric_feasible,unevaluated,G055-L11,G055,-6.0,0.0,2.0,,soft19,15.44,soft12.7+soft12.7,23.08,soft12.7,11.88,soft12.7+soft12.7,20.87,soft12.7+soft12.7,20.9,
ANSUR2-M-12062,M,1.0396039603960396,train,196.0,152.0,561.0,127.0,122.0,geometric_feasible,unevaluated,G055-L11,G055,-3.0,6.0,2.0,,soft19+firm10,27.12,soft12.7+soft12.7,22.06,soft19+firm10,25.63,soft12.7+soft12.7,22.83,soft12.7+soft12.7,22.83,
ANSUR2-M-12065,M,1.0396039603960396,train,196.0,157.0,580.0,145.0,125.0,excluded,fail,G055-L11,G055,,,,pad_too_tight,,,,,,,,,,,True
ANSUR2-M-12102,M,1.0396039603960396,train,203.0,155.0,579.0,127.0,120.0,excluded,fail,S11-L20,S11,,,,nose,,,,,,,,,,,False
ANSUR2-M-12134,M,1.0396039603960396,train,209.0,161.0,596.0,134.0,124.0,geometric_feasible,unevaluated,G055-L23,G055,0.0,9.0,0.0,,soft12.7+soft12.7,20.53,soft19,15.51,soft12.7+soft12.7,23.17,soft12.7+firm10,19.8,soft12.7+firm10,19.8,
ANSUR2-M-12149,M,1.0396039603960396,train,186.0,153.0,558.0,131.0,123.0,geometric_feasible,unevaluated,S11-L20,S11,3.0,3.0,0.0,,soft19,17.4,soft12.7+soft12.7,21.02,soft19+firm10,27.27,soft12.7+soft12.7,23.04,soft12.7+soft12.7,23.04,
ANSUR2-M-12164,M,1.0396039603960396,train,198.0,150.0,555.0,131.0,130.0,geometric_feasible,unevaluated,G055-L11,G055,3.0,6.0,1.0,,soft19+firm10,27.21,soft19+firm10,26.05,soft12.7+soft12.7,22.3,soft12.7+firm15,24.58,soft12.7+firm15,24.58,
ANSUR2-M-12207,M,1.0396039603960396,train,195.0,152.0,558.0,131.0,123.0,geometric_feasible,unevaluated,G055-L11,G055,0.0,6.0,1.0,,soft19+firm10,25.68,soft12.7+soft12.7,23.88,soft19+firm10,25.24,soft12.7+soft12.7,23.07,soft12.7+soft12.7,23.07,
ANSUR2-M-12359,M,1.0396039603960396,train,200.0,147.0,565.0,133.0,109.0,geometric_feasible,unevaluated,S11-L20,S11,-3.0,0.0,3.0,,soft19,16.62,soft19+firm5,20.28,soft19,15.97,soft12.7+soft12.7,21.38,soft12.7+soft12.7,21.39,
ANSUR2-M-12363,M,1.0396039603960396,train,207.0,157.0,596.0,132.0,127.0,geometric_feasible,unevaluated,G055-L11,G055,-6.0,3.0,2.0,,soft19+firm10,26.26,soft19+firm10,25.08,soft19,17.25,soft12.7+soft12.7,21.61,soft12.7+soft12.7,21.61,
ANSUR2-M-12382,M,1.0396039603960396,validation,206.0,147.0,583.0,139.0,112.0,geometric_feasible,unevaluated,G055-L23,G055,-3.0,3.0,0.0,,soft12.7+soft12.7,21.95,soft12.7+soft12.7,22.53,soft12.7+firm10,19.84,soft19+firm10,25.12,soft19+firm10,25.14,
ANSUR2-M-12528,M,1.0396039603960396,train,206.0,156.0,588.0,125.0,123.0,geometric_feasible,unevaluated,G055-L20,G055,-3.0,12.0,1.0,,soft19+firm10,26.49,soft19+firm10,26.83,soft19,15.62,soft12.7+soft12.7,22.32,soft12.7+soft12.7,22.32,
ANSUR2-M-12563,M,1.0396039603960396,validation,201.0,157.0,572.0,130.0,119.0,geometric_feasible,unevaluated,S11-L20,S11,0.0,6.0,2.0,,soft19,15.45,soft12.7+soft12.7,21.75,soft19,15.99,soft12.7+soft12.7,21.19,soft12.7+soft12.7,21.19,
ANSUR2-M-12568,M,1.0396039603960396,validation,206.0,154.0,580.0,134.0,124.0,geometric_feasible,unevaluated,G055-L11,G055,-3.0,-3.0,1.0,,soft12.7+firm15,24.67,soft19+firm10,25.54,soft19,16.12,soft12.7+soft12.7,22.92,soft12.7+soft12.7,22.92,
ANSUR2-M-12574,M,1.0396039603960396,train,203.0,153.0,580.0,138.0,110.0,geometric_feasible,unevaluated,G055-L11,G055,0.0,6.0,1.0,,soft12.7+soft12.7,20.93,soft12.7+soft12.7,21.42,soft12.7+soft12.7,20.9,soft12.7+soft12.7,22.51,soft12.7+soft12.7,22.51,
ANSUR2-M-12610,M,1.0396039603960396,train,206.0,151.0,582.0,139.0,124.0,geometric_feasible,unevaluated,G055-L11,G055,-3.0,3.0,2.0,,soft12.7+soft12.7,23.2,soft12.7+soft12.7,23.97,soft19,16.92,soft19+firm10,25.3,soft19+firm10,25.29,
ANSUR2-M-12612,M,1.0396039603960396,train,204.0,156.0,586.0,141.0,133.0,geometric_feasible,unevaluated,G055-L11,G055,-6.0,3.0,2.0,,soft12.7+firm10,19.82,soft19,17.71,soft19+firm5,20.09,soft12.7+soft12.7,20.44,soft12.7+soft12.7,20.43,
ANSUR2-M-12625,M,1.0396039603960396,train,193.0,160.0,570.0,128.0,127.0,geometric_feasible,unevaluated,S11-L20,S11,0.0,6.0,2.0,,soft19,15.74,soft19,17.83,soft19,15.63,soft19,16.28,soft19,16.28,
ANSUR2-M-12742,M,1.0396039603960396,validation,208.0,160.0,587.0,129.0,129.0,geometric_feasible,unevaluated,G055-L11,G055,0.0,0.0,1.0,,soft19+firm10,26.84,soft19+firm10,25.41,soft19,15.27,soft12.7+soft12.7,20.47,soft12.7+soft12.7,20.46,
ANSUR2-M-12764,M,1.0396039603960396,train,199.0,156.0,577.0,132.0,129.0,geometric_feasible,unevaluated,G055-L11,G055,0.0,3.0,2.0,,soft19+firm10,26.21,soft12.7+soft12.7,21.79,soft12.7+soft12.7,23.69,soft12.7+soft12.7,22.63,soft12.7+soft12.7,22.63,
ANSUR2-M-12816,M,1.0396039603960396,validation,178.0,153.0,534.0,123.0,107.0,geometric_feasible,unevaluated,S11-L20,S11,0.0,12.0,0.0,,soft19,16.44,soft12.7+soft12.7,22.02,soft12.7+soft12.7,22.75,soft12.7+soft12.7,21.08,soft12.7+soft12.7,21.08,
ANSUR2-M-12925,M,1.0396039603960396,validation,197.0,155.0,574.0,124.0,120.0,excluded,fail,S11-L20,S11,,,,nose,,,,,,,,,,,True
ANSUR2-M-12928,M,1.0396039603960396,train,205.0,156.0,584.0,128.0,124.0,geometric_feasible,unevaluated,G055-L11,G055,-6.0,9.0,2.0,,soft19+firm10,26.67,soft19+firm10,26.35,soft19,17.83,soft12.7+soft12.7,22.63,soft12.7+soft12.7,22.63,
ANSUR2-M-12931,M,1.0396039603960396,train,210.0,158.0,593.0,135.0,119.0,geometric_feasible,unevaluated,G055-L11,G055,3.0,3.0,1.0,,soft19+firm10,27.21,soft12.7+soft12.7,21.22,soft19,17.75,soft12.7+soft12.7,21.6,soft12.7+soft12.7,21.6,
ANSUR2-M-12936,M,1.0396039603960396,train,210.0,156.0,590.0,132.0,117.0,geometric_feasible,unevaluated,G055-L23,G055,3.0,6.0,0.0,,soft19+firm10,26.27,soft19,17.65,soft12.7+soft12.7,21.57,soft12.7+soft12.7,22.7,soft12.7+soft12.7,22.71,
ANSUR2-M-12943,M,1.0396039603960396,train,203.0,151.0,562.0,122.0,121.0,geometric_feasible,unevaluated,G055-L20,G055,0.0,9.0,1.0,,soft19+firm10,27.09,soft19+firm10,27.01,soft19,17.99,soft12.7+firm15,24.63,soft12.7+firm15,24.62,
ANSUR2-M-12958,M,1.0396039603960396,train,199.0,167.0,584.0,132.0,112.0,geometric_feasible,unevaluated,G055-L11,G055,-3.0,3.0,2.0,,soft19+firm10,25.32,soft12.7+soft12.7,22.97,soft19+firm10,26.36,soft19,17.46,soft19,17.46,
ANSUR2-M-12963,M,1.0396039603960396,train,197.0,156.0,573.0,127.0,119.0,geometric_feasible,unevaluated,S11-L20,S11,0.0,0.0,0.0,,soft12.7+soft12.7,21.96,soft12.7+soft12.7,21.72,soft19,17.95,soft19+firm5,20.22,soft19+firm5,20.22,
ANSUR2-M-13050,M,1.0396039603960396,train,204.0,154.0,582.0,135.0,135.0,geometric_feasible,unevaluated,G055-L11,G055,-6.0,-3.0,1.0,,soft19+firm10,27.03,soft12.7+soft12.7,21.32,soft12.7+soft12.7,22.69,soft12.7+soft12.7,23.03,soft12.7+soft12.7,23.03,
ANSUR2-M-13052,M,1.0396039603960396,validation,201.0,153.0,572.0,120.0,119.0,excluded,fail,S11-L20,S11,,,,pad_between_steps,,,,,,,,,,,True
ANSUR2-M-13117,M,1.0396039603960396,train,182.0,150.0,531.0,117.0,108.0,geometric_feasible,unevaluated,S11-L20,S11,-3.0,9.0,0.0,,soft19+firm10,25.16,soft19+firm10,25.12,soft19+firm10,26.24,soft12.7+soft12.7,23.58,soft12.7+soft12.7,23.58,
ANSUR2-M-13249,M,1.0396039603960396,train,207.0,153.0,581.0,132.0,124.0,geometric_feasible,unevaluated,G055-L11,G055,-3.0,-3.0,2.0,,soft19+firm10,26.49,soft12.7+firm15,24.76,soft19,16.75,soft12.7+soft12.7,23.72,soft12.7+soft12.7,23.72,
ANSUR2-M-13331,M,1.0396039603960396,train,204.0,156.0,587.0,137.0,135.0,geometric_feasible,unevaluated,G055-L11,G055,-3.0,3.0,2.0,,soft12.7+soft12.7,21.12,soft19+firm10,27.16,soft19,15.54,soft12.7+soft12.7,22.37,soft12.7+soft12.7,22.38,
ANSUR2-M-13338,M,1.0396039603960396,train,195.0,154.0,570.0,127.0,126.0,excluded,fail,S11-L20,S11,,,,nose,,,,,,,,,,,True
ANSUR2-M-13580,M,1.0396039603960396,validation,211.0,150.0,595.0,130.0,121.0,excluded,fail,G055-L11,G055,,,,pad_between_steps,,,,,,,,,,,True
ANSUR2-M-13648,M,1.0396039603960396,train,205.0,153.0,585.0,125.0,117.0,geometric_feasible,unevaluated,S11-L20,S11,6.0,0.0,1.0,,soft12.7+soft12.7,22.41,soft12.7+soft12.7,20.82,soft12.7,12.02,soft12.7+soft12.7,21.79,soft12.7+soft12.7,21.79,
ANSUR2-M-13680,M,1.0396039603960396,train,207.0,149.0,575.0,135.0,119.0,geometric_feasible,unevaluated,G055-L23,G055,-6.0,3.0,0.0,,soft19+firm10,26.2,soft19,16.7,soft12.7+soft12.7,22.04,soft19+firm10,25.98,soft19+firm10,25.98,
ANSUR2-M-13694,M,1.0396039603960396,train,202.0,148.0,566.0,119.0,125.0,excluded,fail,S11-L20,S11,,,,nose,,,,,,,,,,,True
ANSUR2-M-13724,M,1.0396039603960396,train,201.0,152.0,569.0,134.0,127.0,geometric_feasible,unevaluated,G055-L11,G055,-6.0,3.0,1.0,,soft19+firm5,20.04,soft12.7+soft12.7,23.22,soft19,16.23,soft12.7+soft12.7,21.05,soft12.7+soft12.7,21.05,
ANSUR2-M-13765,M,1.0396039603960396,train,198.0,158.0,570.0,137.0,135.0,geometric_feasible,unevaluated,G055-L11,G055,6.0,6.0,1.0,,soft12.7+soft12.7,21.25,soft12.7+soft12.7,22.76,soft19,17.32,soft12.7+soft12.7,21.32,soft12.7+soft12.7,21.32,
ANSUR2-M-13766,M,1.0396039603960396,train,203.0,152.0,575.0,138.0,123.0,geometric_feasible,unevaluated,G055-L11,G055,0.0,-3.0,1.0,,soft19+firm10,26.22,soft19+firm10,27.49,soft12.7+firm5,15.02,soft19+firm10,25.06,soft19+firm10,25.06,
ANSUR2-M-13767,M,1.0396039603960396,validation,208.0,157.0,589.0,124.0,122.0,geometric_feasible,unevaluated,G055-L11,G055,-6.0,6.0,0.0,,soft19+firm10,25.46,soft12.7+soft12.7,21.98,soft19,15.47,soft12.7+soft12.7,20.48,soft12.7+soft12.7,20.48,
ANSUR2-M-13791,M,1.0396039603960396,train,205.0,172.0,590.0,129.0,119.0,excluded,fail,S11-L20,S11,,,,pad_too_tight,,,,,,,,,,,True
ANSUR2-M-13836,M,1.0396039603960396,validation,206.0,152.0,588.0,132.0,130.0,geometric_feasible,unevaluated,G055-L11,G055,-3.0,0.0,2.0,,soft19+firm10,26.11,soft19+firm10,26.86,soft19,16.35,soft12.7+soft12.7,23.67,soft12.7+soft12.7,23.7,
ANSUR2-M-13843,M,1.0396039603960396,train,212.0,166.0,606.0,134.0,133.0,excluded,fail,G055-L11,G055,,,,pad_too_tight,,,,,,,,,,,True
ANSUR2-M-13858,M,1.0396039603960396,train,198.0,164.0,580.0,140.0,121.0,geometric_feasible,unevaluated,G055-L11,G055,-3.0,6.0,1.0,,soft19,17.68,soft12.7+soft12.7,20.87,soft19,17.62,soft19,17.1,soft19,17.11,
ANSUR2-M-13871,M,1.0396039603960396,validation,205.0,156.0,577.0,122.0,119.0,geometric_feasible,unevaluated,G055-L20,G055,3.0,12.0,1.0,,soft19+firm10,26.55,soft12.7+soft12.7,23.8,soft19,16.16,soft12.7+soft12.7,21.02,soft12.7+soft12.7,21.01,
ANSUR2-M-13925,M,1.0396039603960396,train,202.0,157.0,583.0,130.0,128.0,geometric_feasible,unevaluated,S11-L20,S11,-6.0,-3.0,3.0,,soft12.7+firm10,19.8,soft12.7+soft12.7,22.53,soft12.7+firm5,14.99,soft12.7+soft12.7,20.74,soft12.7+soft12.7,20.74,
ANSUR2-M-13949,M,1.0396039603960396,validation,192.0,153.0,565.0,116.0,113.0,geometric_feasible,unevaluated,S11-L20,S11,0.0,6.0,0.0,,soft19+firm10,26.61,soft12.7+firm15,24.74,soft19,17.93,soft12.7+soft12.7,22.68,soft12.7+soft12.7,22.68,
ANSUR2-M-13950,M,1.0396039603960396,train,208.0,147.0,578.0,126.0,128.0,geometric_feasible,unevaluated,G055-L20,G055,-3.0,9.0,1.0,,soft19+firm10,27.06,soft19+firm10,25.75,soft19,15.35,soft19+firm10,27.32,soft19+firm10,27.35,
ANSUR2-M-13963,M,1.0396039603960396,train,211.0,164.0,586.0,131.0,115.0,excluded,fail,S11-L20,S11,,,,pad_too_tight,,,,,,,,,,,True
ANSUR2-M-13966,M,1.0396039603960396,train,196.0,157.0,566.0,140.0,126.0,geometric_feasible,unevaluated,G055-L11,G055,3.0,0.0,1.0,,soft12.7+soft12.7,23.53,soft12.7+soft12.7,23.15,soft19+firm10,25.99,soft12.7+soft12.7,21.51,soft12.7+soft12.7,21.51,
ANSUR2-M-13976,M,1.0396039603960396,train,192.0,153.0,554.0,120.0,113.0,geometric_feasible,unevaluated,S11-L20,S11,0.0,6.0,0.0,,soft19+firm10,25.44,soft19+firm10,25.07,soft12.7+soft12.7,20.48,soft12.7+soft12.7,22.03,soft12.7+soft12.7,22.03,
ANSUR2-M-13979,M,1.0396039603960396,train,202.0,155.0,580.0,128.0,127.0,geometric_feasible,unevaluated,G055-L11,G055,-3.0,3.0,1.0,,soft19+firm10,26.46,soft12.7+soft12.7,21.91,soft12.7+soft12.7,21.49,soft12.7+soft12.7,21.69,soft12.7+soft12.7,21.69,
ANSUR2-M-13996,M,1.0396039603960396,validation,198.0,157.0,566.0,130.0,126.0,geometric_feasible,unevaluated,S11-L20,S11,-3.0,6.0,2.0,,soft12.7+firm5,14.98,soft19,17.02,soft19,15.52,soft19,17.58,soft19,17.58,
ANSUR2-M-13997,M,1.0396039603960396,train,203.0,155.0,568.0,124.0,116.0,geometric_feasible,unevaluated,S11-L20,S11,-3.0,9.0,0.0,,soft19,17.54,soft12.7+soft12.7,20.57,soft12.7,11.81,soft12.7+firm10,19.93,soft12.7+firm10,19.93,
ANSUR2-M-13999,M,1.0396039603960396,train,201.0,148.0,568.0,125.0,123.0,geometric_feasible,unevaluated,G055-L11,G055,0.0,6.0,2.0,,soft19+firm10,27.55,soft12.7+soft12.7,23.65,soft12.7+soft12.7,21.53,soft19+firm10,25.19,soft19+firm10,25.19,
ANSUR2-M-14006,M,1.0396039603960396,validation,200.0,166.0,590.0,131.0,129.0,geometric_feasible,unevaluated,G055-L20,G055,0.0,6.0,1.0,,soft19+firm10,26.51,soft12.7+soft12.7,22.68,soft12.7+soft12.7,23.45,soft19,17.79,soft19,17.78,
ANSUR2-M-14007,M,1.0396039603960396,validation,206.0,156.0,580.0,127.0,121.0,geometric_feasible,unevaluated,G055-L11,G055,0.0,3.0,2.0,,soft19+firm10,26.65,soft12.7+soft12.7,20.49,soft19+firm5,20.24,soft12.7+soft12.7,21.59,soft12.7+soft12.7,21.59,
ANSUR2-M-14067,M,1.0396039603960396,validation,204.0,157.0,585.0,127.0,129.0,geometric_feasible,unevaluated,G055-L20,G055,-6.0,6.0,1.0,,soft19+firm10,27.0,soft12.7+soft12.7,24.11,soft12.7+soft12.7,21.26,soft12.7+soft12.7,22.15,soft12.7+soft12.7,22.14,
ANSUR2-M-14079,M,1.0396039603960396,train,204.0,154.0,580.0,134.0,118.0,geometric_feasible,unevaluated,G055-L11,G055,-3.0,0.0,1.0,,soft19+firm10,26.41,soft12.7+soft12.7,23.88,soft19,16.23,soft12.7+soft12.7,23.41,soft12.7+soft12.7,23.41,
ANSUR2-M-14089,M,1.0396039603960396,train,199.0,147.0,575.0,128.0,113.0,geometric_feasible,unevaluated,S11-L20,S11,0.0,0.0,1.0,,soft12.7+soft12.7,22.27,soft19,17.64,soft12.7+soft12.7,22.8,soft12.7+soft12.7,24.13,soft12.7+soft12.7,24.06,
ANSUR2-M-14108,M,1.0396039603960396,train,208.0,148.0,594.0,129.0,134.0,geometric_feasible,unevaluated,G055-L20,G055,-3.0,9.0,1.0,,soft12.7+firm15,24.69,soft12.7+soft12.7,23.88,soft19,15.86,soft12.7+soft12.7,23.09,soft12.7+soft12.7,23.19,
ANSUR2-M-14115,M,1.0396039603960396,train,183.0,163.0,544.0,120.0,120.0,geometric_feasible,unevaluated,S11-L20,S11,0.0,6.0,0.0,,soft12.7+firm15,24.77,soft19+firm10,27.48,soft19+firm10,26.46,soft19,17.59,soft19,17.59,
ANSUR2-M-14134,M,1.0396039603960396,train,192.0,143.0,547.0,127.0,125.0,geometric_feasible,unevaluated,S11-L20,S11,3.0,6.0,2.0,,soft19,16.62,soft19,16.67,soft19,17.24,soft12.7+firm10,19.88,soft12.7+firm10,19.87,
ANSUR2-M-14141,M,1.0396039603960396,train,209.0,157.0,596.0,132.0,129.0,geometric_feasible,unevaluated,G055-L23,G055,0.0,12.0,0.0,,soft12.7+soft12.7,21.26,soft12.7+firm10,19.77,soft19+firm5,20.26,soft12.7+soft12.7,22.05,soft12.7+soft12.7,22.05,
ANSUR2-M-14144,M,1.0396039603960396,train,204.0,154.0,586.0,126.0,126.0,geometric_feasible,unevaluated,G055-L11,G055,3.0,9.0,2.0,,soft19+firm10,26.18,soft12.7+soft12.7,21.92,soft12.7+soft12.7,22.28,soft12.7+soft12.7,23.12,soft12.7+soft12.7,23.12,
ANSUR2-M-14146,M,1.0396039603960396,train,200.0,154.0,583.0,127.0,121.0,excluded,fail,S11-L20,S11,,,,pad_between_steps,,,,,,,,,,,True
ANSUR2-M-14148,M,1.0396039603960396,train,207.0,154.0,584.0,136.0,122.0,geometric_feasible,unevaluated,G055-L11,G055,0.0,3.0,1.0,,soft12.7+soft12.7,22.39,soft19+firm10,25.28,soft19,15.33,soft12.7+soft12.7,23.72,soft12.7+soft12.7,23.72,
ANSUR2-M-14154,M,1.0396039603960396,validation,196.0,147.0,561.0,125.0,119.0,geometric_feasible,unevaluated,S11-L20,S11,3.0,6.0,1.0,,soft12.7+firm10,19.79,soft12.7+firm10,19.84,soft19+firm5,20.08,soft12.7+soft12.7,22.76,soft12.7+soft12.7,22.76,
ANSUR2-M-14172,M,1.0396039603960396,train,193.0,146.0,550.0,125.0,126.0,geometric_feasible,unevaluated,S11-L20,S11,3.0,3.0,1.0,,soft19,17.73,soft19,15.9,soft12.7+soft12.7,22.12,soft12.7+soft12.7,21.93,soft12.7+soft12.7,21.91,
ANSUR2-M-14215,M,1.0396039603960396,train,182.0,157.0,559.0,124.0,123.0,geometric_feasible,unevaluated,S11-L20,S11,0.0,6.0,0.0,,soft12.7+soft12.7,21.44,soft12.7+soft12.7,23.74,soft12.7+soft12.7,23.39,soft12.7+firm10,19.95,soft12.7+firm10,19.95,
ANSUR2-M-14268,M,1.0396039603960396,train,185.0,157.0,555.0,116.0,120.0,geometric_feasible,unevaluated,S11-L20,S11,0.0,9.0,0.0,,soft19+firm10,26.44,soft19+firm10,26.34,soft12.7+soft12.7,21.16,soft12.7+soft12.7,21.12,soft12.7+soft12.7,21.12,
ANSUR2-M-14288,M,1.0396039603960396,train,208.0,161.0,594.0,135.0,124.0,geometric_feasible,unevaluated,G055-L11,G055,-3.0,3.0,2.0,,soft19+firm10,26.03,soft12.7+soft12.7,23.39,soft19,17.54,soft12.7+soft12.7,20.51,soft12.7+soft12.7,20.51,
ANSUR2-M-14317,M,1.0396039603960396,validation,198.0,140.0,548.0,128.0,129.0,geometric_feasible,unevaluated,S11-L20,S11,0.0,3.0,0.0,,soft12.7+soft12.7,20.44,soft19,17.4,soft12.7+soft12.7,22.85,soft19+firm10,25.95,soft19+firm10,25.96,
ANSUR2-M-14319,M,1.0396039603960396,train,191.0,153.0,550.0,127.0,117.0,geometric_feasible,unevaluated,S11-L20,S11,3.0,6.0,1.0,,soft19,17.79,soft19,16.83,soft12.7+soft12.7,22.12,soft12.7+soft12.7,20.53,soft12.7+soft12.7,20.53,
ANSUR2-M-14376,M,1.0396039603960396,validation,200.0,155.0,578.0,133.0,128.0,geometric_feasible,unevaluated,G055-L11,G055,3.0,3.0,1.0,,soft19+firm10,26.13,soft19+firm10,24.92,soft12.7+soft12.7,21.92,soft12.7+soft12.7,22.44,soft12.7+soft12.7,22.44,
ANSUR2-M-14377,M,1.0396039603960396,train,194.0,146.0,552.0,124.0,120.0,geometric_feasible,unevaluated,S11-L20,S11,-3.0,9.0,0.0,,soft19,17.74,soft12.7+soft12.7,22.22,soft19,17.5,soft12.7+soft12.7,22.28,soft12.7+soft12.7,22.29,
ANSUR2-M-14385,M,1.0396039603960396,train,188.0,151.0,549.0,127.0,120.0,geometric_feasible,unevaluated,S11-L20,S11,0.0,3.0,0.0,,soft12.7+soft12.7,21.1,soft12.7+soft12.7,22.56,soft12.7+soft12.7,20.88,soft12.7+soft12.7,21.8,soft12.7+soft12.7,21.8,
ANSUR2-M-14403,M,1.0396039603960396,validation,215.0,160.0,611.0,130.0,124.0,excluded,fail,G055-L11,G055,,,,pad_too_tight,,,,,,,,,,,True
ANSUR2-M-14409,M,1.0396039603960396,train,187.0,153.0,561.0,139.0,120.0,geometric_feasible,unevaluated,G055-L11,G055,0.0,-3.0,1.0,,soft19+firm10,26.6,soft19+firm10,26.4,soft19,18.04,soft12.7+soft12.7,23.99,soft12.7+soft12.7,23.99,
ANSUR2-M-14498,M,1.0396039603960396,validation,210.0,163.0,615.0,122.0,129.0,geometric_feasible,unevaluated,G055-L20,G055,3.0,12.0,1.0,,soft19+firm10,25.29,soft19+firm5,20.36,soft19,15.8,soft19,17.82,soft19,17.82,
ANSUR2-M-14558,M,1.0396039603960396,train,194.0,148.0,549.0,126.0,119.0,geometric_feasible,unevaluated,S11-L20,S11,-3.0,9.0,0.0,,soft19,16.4,soft12.7+soft12.7,21.88,soft12.7+soft12.7,21.0,soft12.7+soft12.7,23.44,soft12.7+soft12.7,23.44,
ANSUR2-M-14579,M,1.0396039603960396,train,192.0,151.0,566.0,124.0,125.0,excluded,fail,S11-L20,S11,,,,field_of_view,,,,,,,,,,,True
ANSUR2-M-14613,M,1.0396039603960396,validation,190.0,154.0,547.0,126.0,124.0,geometric_feasible,unevaluated,S11-L20,S11,-3.0,9.0,0.0,,soft19,16.4,soft12.7+soft12.7,22.34,soft19+firm5,20.1,soft12.7+soft12.7,21.52,soft12.7+soft12.7,21.52,
ANSUR2-M-14632,M,1.0396039603960396,train,202.0,160.0,595.0,130.0,134.0,geometric_feasible,unevaluated,G055-L11,G055,3.0,3.0,1.0,,soft19+firm10,26.42,soft12.7+soft12.7,21.34,soft19+firm10,24.92,soft19+firm5,20.24,soft19+firm5,20.23,
ANSUR2-M-14741,M,1.0396039603960396,validation,205.0,153.0,586.0,128.0,123.0,geometric_feasible,unevaluated,S11-L20,S11,6.0,3.0,3.0,,soft19,16.73,soft19,16.13,soft19,17.0,soft19+firm5,20.03,soft19+firm5,20.01,
ANSUR2-M-14754,M,1.0396039603960396,train,212.0,152.0,587.0,129.0,116.0,geometric_feasible,unevaluated,G055-L23,G055,3.0,12.0,0.0,,soft12.7+soft12.7,20.86,soft19,15.87,soft12.7+firm10,19.83,soft12.7+soft12.7,23.55,soft12.7+soft12.7,23.56,
ANSUR2-M-14761,M,1.0396039603960396,train,202.0,153.0,578.0,135.0,130.0,geometric_feasible,unevaluated,G055-L11,G055,-3.0,6.0,2.0,,soft12.7+soft12.7,22.57,soft19+firm10,27.45,soft19,17.74,soft12.7+soft12.7,24.11,soft12.7+soft12.7,24.1,
ANSUR2-M-14774,M,1.0396039603960396,validation,201.0,150.0,575.0,129.0,124.0,geometric_feasible,unevaluated,G055-L11,G055,0.0,3.0,2.0,,soft19+firm10,27.48,soft12.7+soft12.7,24.04,soft12.7+soft12.7,21.9,soft12.7+firm15,24.61,soft12.7+firm15,24.61,
ANSUR2-M-14779,M,1.0396039603960396,train,215.0,164.0,601.0,137.0,116.0,excluded,fail,S11-L20,S11,,,,pad_too_tight,,,,,,,,,,,True
ANSUR2-M-14818,M,1.0396039603960396,train,199.0,156.0,580.0,128.0,119.0,geometric_feasible,unevaluated,G055-L11,G055,0.0,9.0,1.0,,soft19+firm10,25.66,soft19+firm10,25.55,soft12.7+soft12.7,21.74,soft12.7+soft12.7,21.72,soft12.7+soft12.7,21.72,
ANSUR2-M-14821,M,1.0396039603960396,train,207.0,154.0,589.0,134.0,129.0,geometric_feasible,unevaluated,G055-L20,G055,-6.0,0.0,1.0,,soft19+firm10,25.01,soft12.7+firm10,19.99,soft12.7+soft12.7,21.05,soft12.7+soft12.7,22.89,soft12.7+soft12.7,22.89,
ANSUR2-M-14835,M,1.0396039603960396,validation,207.0,154.0,599.0,127.0,131.0,geometric_feasible,unevaluated,G055-L11,G055,-3.0,6.0,2.0,,soft12.7+soft12.7,23.39,soft12.7+soft12.7,23.22,soft19,16.89,soft12.7+soft12.7,20.89,soft12.7+soft12.7,20.94,
ANSUR2-M-14891,M,1.0396039603960396,train,199.0,159.0,582.0,135.0,115.0,geometric_feasible,unevaluated,G055-L11,G055,-3.0,3.0,2.0,,soft19+firm10,25.39,soft12.7+soft12.7,22.29,soft19+firm10,24.83,soft19+firm5,20.27,soft19+firm5,20.27,
ANSUR2-M-14906,M,1.0396039603960396,train,206.0,161.0,594.0,135.0,120.0,geometric_feasible,unevaluated,G055-L23,G055,0.0,3.0,0.0,,soft19+firm10,27.15,soft19,16.15,soft12.7+soft12.7,22.43,soft19+firm5,20.24,soft19+firm5,20.23,
ANSUR2-M-14915,M,1.0396039603960396,train,201.0,155.0,590.0,139.0,133.0,geometric_feasible,unevaluated,G055-L11,G055,-3.0,3.0,1.0,,soft19+firm5,20.34,soft12.7+firm10,19.92,soft19+firm5,20.19,soft19+firm5,20.1,soft19+firm5,20.1,
ANSUR2-M-14916,M,1.0396039603960396,train,201.0,160.0,583.0,135.0,131.0,geometric_feasible,unevaluated,G055-L20,G055,-6.0,3.0,0.0,,soft19+firm10,26.64,soft19+firm10,25.08,soft12.7+soft12.7,23.31,soft12.7+soft12.7,20.93,soft12.7+soft12.7,20.93,
ANSUR2-M-14936,M,1.0396039603960396,train,196.0,161.0,577.0,139.0,126.0,geometric_feasible,unevaluated,G055-L20,G055,-3.0,9.0,1.0,,soft19,16.58,soft12.7+firm10,19.8,soft19,17.04,soft19,16.97,soft19,16.97,
ANSUR2-M-14970,M,1.0396039603960396,train,201.0,148.0,573.0,143.0,115.0,geometric_feasible,unevaluated,G055-L11,G055,3.0,0.0,2.0,,soft12.7+soft12.7,20.91,soft12.7+soft12.7,20.88,soft19,15.42,soft12.7+soft12.7,23.87,soft12.7+soft12.7,23.86,
ANSUR2-M-14973,M,1.0396039603960396,train,202.0,154.0,577.0,142.0,132.0,geometric_feasible,unevaluated,G055-L11,G055,-3.0,-3.0,1.0,,soft12.7+soft12.7,21.2,soft12.7+soft12.7,21.51,soft19,16.99,soft12.7+soft12.7,21.25,soft12.7+soft12.7,21.25,
ANSUR2-M-14975,M,1.0396039603960396,train,203.0,162.0,593.0,139.0,119.0,geometric_feasible,unevaluated,G055-L11,G055,-3.0,3.0,1.0,,soft19,17.81,soft12.7+soft12.7,22.22,soft19,15.87,soft19,17.73,soft19,17.74,
ANSUR2-M-14989,M,1.0396039603960396,validation,203.0,144.0,566.0,126.0,115.0,geometric_feasible,unevaluated,G055-L20,G055,-6.0,9.0,1.0,,soft19+firm10,25.71,soft19+firm10,24.97,soft19+firm5,20.03,soft19+firm10,27.39,soft19+firm10,27.4,
ANSUR2-M-14994,M,1.0396039603960396,validation,200.0,160.0,588.0,136.0,114.0,geometric_feasible,unevaluated,S11-L20,S11,0.0,-3.0,3.0,,soft19,16.1,soft19,17.53,soft19,15.33,soft19,17.28,soft19,17.28,
ANSUR2-M-14998,M,1.0396039603960396,train,203.0,163.0,596.0,134.0,124.0,geometric_feasible,unevaluated,G055-L11,G055,-3.0,9.0,2.0,,soft12.7+soft12.7,21.17,soft12.7+soft12.7,21.32,soft19+firm5,20.13,soft19,17.68,soft19,17.68,
ANSUR2-M-15024,M,1.0396039603960396,validation,201.0,158.0,572.0,123.0,130.0,geometric_feasible,unevaluated,S11-L20,S11,0.0,3.0,0.0,,soft12.7+soft12.7,23.69,soft19+firm5,20.29,soft19,17.32,soft12.7+firm10,19.89,soft12.7+firm10,19.88,
ANSUR2-M-15028,M,1.0396039603960396,train,207.0,158.0,596.0,140.0,134.0,excluded,fail,G055-L11,G055,,,,pad_too_tight,,,,,,,,,,,True
ANSUR2-M-15033,M,1.0396039603960396,train,203.0,151.0,571.0,131.0,119.0,geometric_feasible,unevaluated,G055-L20,G055,0.0,6.0,1.0,,soft19+firm10,26.35,soft12.7+soft12.7,21.27,soft12.7+soft12.7,23.93,soft12.7+firm15,24.64,soft12.7+firm15,24.63,
ANSUR2-M-15058,M,1.0396039603960396,train,182.0,159.0,557.0,128.0,116.0,geometric_feasible,unevaluated,S11-L20,S11,6.0,6.0,1.0,,soft19,15.67,soft19,15.75,soft19+firm5,20.3,soft19,15.27,soft19,15.28,
ANSUR2-M-15082,M,1.0396039603960396,validation,193.0,148.0,566.0,131.0,122.0,excluded,fail,S11-L20,S11,,,,field_of_view,,,,,,,,,,,True
ANSUR2-M-15123,M,1.0396039603960396,train,198.0,169.0,587.0,132.0,121.0,geometric_feasible,unevaluated,G055-L23,G055,-3.0,9.0,0.0,,soft12.7+soft12.7,21.49,soft19,16.24,soft19+firm10,26.36,soft19,15.74,soft19,15.74,
ANSUR2-M-15135,M,1.0396039603960396,train,204.0,147.0,566.0,134.0,120.0,geometric_feasible,unevaluated,G055-L11,G055,0.0,6.0,2.0,,soft19+firm10,25.23,soft12.7+soft12.7,23.27,soft12.7+soft12.7,21.97,soft19+firm10,27.22,soft19+firm10,27.21,
ANSUR2-M-15139,M,1.0396039603960396,train,202.0,149.0,579.0,131.0,123.0,geometric_feasible,unevaluated,G055-L11,G055,-6.0,0.0,2.0,,soft19+firm10,26.31,soft12.7+soft12.7,24.08,soft19+firm5,20.11,soft12.7+soft12.7,23.56,soft12.7+soft12.7,23.58,
ANSUR2-M-15148,M,1.0396039603960396,train,202.0,157.0,581.0,124.0,131.0,geometric_feasible,unevaluated,G055-L11,G055,-3.0,6.0,1.0,,soft19+firm10,26.68,soft19+firm10,26.49,soft19,17.53,soft12.7+soft12.7,20.98,soft12.7+soft12.7,20.98,
ANSUR2-M-15180,M,1.0396039603960396,validation,195.0,165.0,575.0,135.0,119.0,excluded,fail,G055-L11,G055,,,,pad_too_tight,,,,,,,,,,,True
ANSUR2-M-15189,M,1.0396039603960396,train,196.0,143.0,560.0,127.0,121.0,geometric_feasible,unevaluated,G055-L11,G055,-6.0,9.0,2.0,,soft19+firm10,27.49,soft12.7+soft12.7,22.86,soft19+firm10,26.68,soft19+firm10,27.13,soft19+firm10,27.13,
ANSUR2-M-15192,M,1.0396039603960396,train,200.0,152.0,569.0,130.0,130.0,geometric_feasible,unevaluated,G055-L11,G055,0.0,3.0,2.0,,soft19+firm10,27.35,soft12.7+soft12.7,21.98,soft19+firm10,25.19,soft12.7+soft12.7,23.84,soft12.7+soft12.7,23.83,
ANSUR2-M-15194,M,1.0396039603960396,train,192.0,151.0,560.0,125.0,125.0,geometric_feasible,unevaluated,S11-L20,S11,-3.0,9.0,0.0,,soft19,17.28,soft12.7+soft12.7,21.85,soft19,17.41,soft12.7+soft12.7,21.53,soft12.7+soft12.7,21.53,
ANSUR2-M-15199,M,1.0396039603960396,validation,200.0,159.0,578.0,129.0,125.0,geometric_feasible,unevaluated,G055-L11,G055,0.0,6.0,1.0,,soft19+firm10,25.59,soft12.7+soft12.7,23.94,soft12.7+soft12.7,22.02,soft19+firm5,20.22,soft19+firm5,20.22,
ANSUR2-M-15205,M,1.0396039603960396,train,189.0,147.0,548.0,127.0,109.0,geometric_feasible,unevaluated,S11-L20,S11,0.0,0.0,0.0,,soft12.7+soft12.7,22.49,soft12.7+soft12.7,23.13,soft12.7+soft12.7,21.58,soft12.7+soft12.7,23.61,soft12.7+soft12.7,23.61,
ANSUR2-M-15207,M,1.0396039603960396,train,195.0,152.0,567.0,125.0,133.0,geometric_feasible,unevaluated,S11-L20,S11,6.0,3.0,0.0,,soft12.7+soft12.7,23.27,soft12.7+soft12.7,22.97,soft12.7+soft12.7,21.21,soft12.7+soft12.7,23.59,soft12.7+soft12.7,23.59,
ANSUR2-M-15231,M,1.0396039603960396,train,204.0,157.0,590.0,134.0,120.0,geometric_feasible,unevaluated,G055-L11,G055,-3.0,3.0,2.0,,soft19+firm10,26.08,soft19+firm10,27.31,soft19,17.83,soft12.7+soft12.7,22.06,soft12.7+soft12.7,22.06,
ANSUR2-M-15235,M,1.0396039603960396,train,198.0,155.0,577.0,128.0,122.0,geometric_feasible,unevaluated,S11-L20,S11,0.0,3.0,1.0,,soft12.7+soft12.7,20.44,soft12.7+soft12.7,22.37,soft19,16.92,soft12.7+soft12.7,22.35,soft12.7+soft12.7,22.35,
ANSUR2-M-15249,M,1.0396039603960396,train,203.0,154.0,580.0,126.0,132.0,geometric_feasible,unevaluated,G055-L11,G055,-3.0,6.0,2.0,,soft19+firm10,27.1,soft19+firm10,27.16,soft19,16.93,soft12.7+soft12.7,22.77,soft12.7+soft12.7,22.78,
ANSUR2-M-15264,M,1.0396039603960396,validation,199.0,150.0,571.0,127.0,118.0,geometric_feasible,unevaluated,S11-L20,S11,0.0,3.0,1.0,,soft12.7+soft12.7,20.75,soft19,17.15,soft12.7+soft12.7,22.86,soft12.7+soft12.7,24.13,soft12.7+soft12.7,24.13,
ANSUR2-M-15282,M,1.0396039603960396,train,204.0,155.0,584.0,126.0,129.0,geometric_feasible,unevaluated,G055-L20,G055,0.0,9.0,1.0,,soft19+firm10,27.5,soft12.7+soft12.7,23.12,soft12.7+soft12.7,21.43,soft12.7+soft12.7,22.84,soft12.7+soft12.7,22.84,
ANSUR2-M-15295,M,1.0396039603960396,validation,197.0,149.0,563.0,130.0,127.0,geometric_feasible,unevaluated,G055-L11,G055,6.0,6.0,1.0,,soft19+firm10,26.06,soft12.7+soft12.7,22.68,soft19+firm10,27.29,soft19+firm10,25.09,soft19+firm10,25.1,
ANSUR2-M-15390,M,1.0396039603960396,validation,189.0,154.0,554.0,129.0,110.0,geometric_feasible,unevaluated,G055-L20,G055,6.0,9.0,0.0,,soft19+firm10,25.36,soft19+firm10,26.26,soft19+firm10,26.15,soft12.7+soft12.7,22.55,soft12.7+soft12.7,22.55,
ANSUR2-M-15392,M,1.0396039603960396,train,188.0,146.0,554.0,135.0,111.0,geometric_feasible,unevaluated,G055-L11,G055,3.0,6.0,0.0,,soft12.7+soft12.7,22.6,soft12.7+soft12.7,23.06,soft12.7+soft12.7,20.45,soft12.7+soft12.7,23.24,soft12.7+soft12.7,23.25,
ANSUR2-M-15435,M,1.0396039603960396,validation,194.0,151.0,556.0,128.0,115.0,geometric_feasible,unevaluated,G055-L20,G055,3.0,12.0,0.0,,soft12.7+soft12.7,23.73,soft12.7+soft12.7,23.58,soft19+firm10,24.85,soft12.7+soft12.7,23.19,soft12.7+soft12.7,23.19,
ANSUR2-M-15444,M,1.0396039603960396,train,197.0,161.0,577.0,134.0,122.0,geometric_feasible,unevaluated,G055-L11,G055,0.0,0.0,2.0,,soft19+firm10,26.62,soft19+firm10,26.43,soft12.7+firm15,24.78,soft19+firm5,20.21,soft19+firm5,20.21,
ANSUR2-M-15469,M,1.0396039603960396,train,198.0,147.0,564.0,124.0,130.0,geometric_feasible,unevaluated,S11-L20,S11,-3.0,9.0,2.0,,soft19,16.72,soft12.7+firm10,19.95,soft19,15.73,soft12.7+soft12.7,20.77,soft12.7+soft12.7,20.78,
ANSUR2-M-15495,M,1.0396039603960396,train,197.0,153.0,569.0,129.0,119.0,geometric_feasible,unevaluated,G055-L20,G055,6.0,6.0,0.0,,soft19+firm10,27.38,soft19+firm10,26.87,soft12.7+soft12.7,22.89,soft12.7+soft12.7,23.53,soft12.7+soft12.7,23.54,
ANSUR2-M-15500,M,1.0396039603960396,validation,194.0,144.0,550.0,127.0,116.0,geometric_feasible,unevaluated,S11-L20,S11,6.0,0.0,0.0,,soft12.7+soft12.7,22.68,soft12.7+soft12.7,20.77,soft12.7+firm15,24.62,soft19+firm10,26.54,soft19+firm10,26.54,
ANSUR2-M-15549,M,1.0396039603960396,train,200.0,154.0,581.0,129.0,122.0,geometric_feasible,unevaluated,G055-L11,G055,-3.0,6.0,2.0,,soft19+firm10,27.34,soft12.7+soft12.7,20.57,soft19+firm10,26.52,soft12.7+soft12.7,22.91,soft12.7+soft12.7,22.91,
ANSUR2-M-15604,M,1.0396039603960396,validation,192.0,155.0,568.0,134.0,115.0,excluded,fail,S11-L20,S11,,,,pad_between_steps,,,,,,,,,,,True
ANSUR2-M-15632,M,1.0396039603960396,validation,201.0,165.0,600.0,130.0,121.0,geometric_feasible,unevaluated,G055-L11,G055,0.0,6.0,2.0,,soft19+firm10,25.92,soft12.7+soft12.7,21.28,soft12.7+soft12.7,23.88,soft19,17.33,soft19,17.33,
ANSUR2-M-15725,M,1.0396039603960396,train,201.0,157.0,585.0,144.0,128.0,geometric_feasible,unevaluated,G055-L11,G055,6.0,0.0,0.0,,soft12.7+soft12.7,20.62,soft12.7+soft12.7,21.57,soft12.7+firm15,24.73,soft12.7+soft12.7,22.05,soft12.7+soft12.7,22.05,
ANSUR2-M-15759,M,1.0396039603960396,validation,196.0,156.0,574.0,130.0,108.0,geometric_feasible,unevaluated,G055-L11,G055,-3.0,9.0,1.0,,soft19+firm10,26.1,soft19+firm10,26.01,soft19+firm10,25.51,soft12.7+soft12.7,22.09,soft12.7+soft12.7,22.09,
ANSUR2-M-15793,M,1.0396039603960396,train,211.0,153.0,590.0,128.0,128.0,excluded,fail,G055-L23,G055,,,,pad_between_steps,,,,,,,,,,,True
ANSUR2-M-15876,M,1.0396039603960396,train,196.0,150.0,563.0,129.0,114.0,excluded,fail,S11-L20,S11,,,,nose,,,,,,,,,,,True
ANSUR2-M-15892,M,1.0396039603960396,train,208.0,151.0,587.0,126.0,124.0,geometric_feasible,unevaluated,G055-L20,G055,-3.0,9.0,1.0,,soft19+firm10,26.06,soft12.7+soft12.7,20.58,soft19+firm5,20.24,soft12.7+firm15,24.8,soft12.7+firm15,24.79,
ANSUR2-M-15909,M,1.0396039603960396,train,195.0,153.0,564.0,122.0,118.0,geometric_feasible,unevaluated,S11-L20,S11,-6.0,3.0,1.0,,soft19+firm5,20.32,soft12.7+soft12.7,22.8,soft19,16.49,soft12.7+soft12.7,20.55,soft12.7+soft12.7,20.54,
ANSUR2-M-15934,M,1.0396039603960396,validation,216.0,149.0,600.0,134.0,123.0,geometric_feasible,unevaluated,G055-L11,G055,-3.0,0.0,2.0,,soft19+firm10,26.56,soft19,17.82,soft19,15.52,soft19+firm10,25.1,soft19+firm10,25.15,
ANSUR2-M-15943,M,1.0396039603960396,train,207.0,162.0,604.0,138.0,122.0,geometric_feasible,unevaluated,G055-L11,G055,0.0,3.0,1.0,,soft12.7+soft12.7,22.14,soft19+firm10,26.07,soft12.7+firm5,15.1,soft12.7+firm10,19.98,soft12.7+firm10,19.98,
ANSUR2-M-15948,M,1.0396039603960396,train,196.0,157.0,568.0,117.0,132.0,geometric_feasible,unevaluated,S11-L20,S11,-3.0,3.0,0.0,,soft19+firm10,24.86,soft12.7+soft12.7,20.89,soft12.7+soft12.7,20.57,soft19+firm5,20.06,soft19+firm5,20.07,
ANSUR2-M-15982,M,1.0396039603960396,train,202.0,161.0,594.0,140.0,137.0,geometric_feasible,unevaluated,G055-L11,G055,3.0,-3.0,0.0,,soft19+firm10,27.19,soft19+firm10,27.34,soft12.7,12.01,soft12.7+soft12.7,20.59,soft12.7+soft12.7,20.59,
ANSUR2-M-16028,M,1.0396039603960396,validation,204.0,150.0,578.0,133.0,117.0,geometric_feasible,unevaluated,G055-L11,G055,-6.0,0.0,2.0,,soft19+firm10,26.18,soft19+firm10,25.12,soft19+firm5,20.07,soft19+firm10,25.23,soft19+firm10,25.23,
ANSUR2-M-16198,M,1.0396039603960396,validation,198.0,158.0,586.0,136.0,134.0,geometric_feasible,unevaluated,G055-L11,G055,0.0,0.0,1.0,,soft19+firm10,27.32,soft19+firm10,26.29,soft19+firm10,24.94,soft12.7+soft12.7,21.76,soft12.7+soft12.7,21.76,
ANSUR2-M-16313,M,1.0396039603960396,train,197.0,154.0,565.0,130.0,128.0,geometric_feasible,unevaluated,S11-L20,S11,3.0,3.0,2.0,,soft19,17.97,soft19,17.64,soft12.7+soft12.7,21.72,soft12.7+soft12.7,21.35,soft12.7+soft12.7,21.36,
ANSUR2-M-16416,M,1.0396039603960396,train,210.0,159.0,597.0,144.0,126.0,geometric_feasible,unevaluated,G055-L11,G055,-3.0,0.0,2.0,,soft12.7+soft12.7,21.08,soft12.7+soft12.7,23.29,soft12.7,12.04,soft12.7+soft12.7,21.66,soft12.7+soft12.7,21.66,
ANSUR2-M-16428,M,1.0396039603960396,train,202.0,155.0,583.0,131.0,128.0,geometric_feasible,unevaluated,G055-L11,G055,0.0,3.0,1.0,,soft19+firm10,25.41,soft19+firm10,26.84,soft19,17.57,soft12.7+soft12.7,22.19,soft12.7+soft12.7,22.19,
ANSUR2-M-16444,M,1.0396039603960396,train,206.0,158.0,590.0,140.0,115.0,geometric_feasible,unevaluated,G055-L11,G055,0.0,6.0,0.0,,soft19,17.41,soft12.7+soft12.7,23.23,soft12.7,11.92,soft12.7+soft12.7,20.49,soft12.7+soft12.7,20.49,
ANSUR2-M-16470,M,1.0396039603960396,train,197.0,152.0,563.0,129.0,126.0,geometric_feasible,unevaluated,G055-L11,G055,0.0,6.0,1.0,,soft19+firm10,25.06,soft19+firm10,25.7,soft12.7+soft12.7,22.17,soft12.7+soft12.7,23.31,soft12.7+soft12.7,23.31,
ANSUR2-M-16605,M,1.0396039603960396,train,193.0,147.0,550.0,128.0,115.0,geometric_feasible,unevaluated,G055-L11,G055,-3.0,3.0,2.0,,soft19+firm10,27.12,soft19+firm10,27.3,soft12.7+soft12.7,23.51,soft19+firm10,25.18,soft19+firm10,25.18,
ANSUR2-M-16662,M,1.0396039603960396,validation,190.0,158.0,565.0,131.0,118.0,geometric_feasible,unevaluated,G055-L11,G055,-3.0,6.0,1.0,,soft19+firm10,24.81,soft19+firm10,25.27,soft19+firm10,26.79,soft12.7+soft12.7,20.7,soft12.7+soft12.7,20.7,
ANSUR2-M-16674,M,1.0396039603960396,validation,202.0,148.0,571.0,130.0,126.0,geometric_feasible,unevaluated,S11-L20,S11,-6.0,0.0,3.0,,soft19,17.99,soft12.7+soft12.7,22.25,soft12.7+firm5,15.2,soft12.7+soft12.7,22.57,soft12.7+soft12.7,22.6,
ANSUR2-M-16747,M,1.0396039603960396,validation,194.0,157.0,575.0,139.0,122.0,geometric_feasible,unevaluated,G055-L11,G055,3.0,3.0,2.0,,soft12.7+soft12.7,23.19,soft19+firm10,25.63,soft19+firm10,26.63,soft12.7+soft12.7,22.3,soft12.7+soft12.7,22.3,
ANSUR2-M-16818,M,1.0396039603960396,train,208.0,155.0,586.0,140.0,124.0,geometric_feasible,unevaluated,G055-L20,G055,-3.0,-3.0,1.0,,soft12.7+soft12.7,23.08,soft12.7+firm15,24.75,soft12.7,11.93,soft12.7+soft12.7,23.24,soft12.7+soft12.7,23.24,
ANSUR2-M-16821,M,1.0396039603960396,validation,197.0,151.0,563.0,135.0,119.0,geometric_feasible,unevaluated,S11-L20,S11,0.0,0.0,2.0,,soft19,16.44,soft12.7+soft12.7,22.77,soft19,17.2,soft12.7+soft12.7,23.33,soft12.7+soft12.7,23.33,
ANSUR2-M-16832,M,1.0396039603960396,train,212.0,160.0,613.0,136.0,130.0,excluded,fail,G055-L11,G055,,,,pad_between_steps,,,,,,,,,,,True
ANSUR2-M-16844,M,1.0396039603960396,train,198.0,151.0,576.0,139.0,119.0,geometric_feasible,unevaluated,G055-L11,G055,3.0,0.0,1.0,,soft19+firm10,26.21,soft19+firm10,25.21,soft19+firm10,26.11,soft19+firm10,25.07,soft19+firm10,25.07,
ANSUR2-M-16870,M,1.0396039603960396,train,213.0,158.0,615.0,130.0,133.0,geometric_feasible,unevaluated,G055-L23,G055,6.0,6.0,0.0,,soft12.7+soft12.7,23.46,soft19,16.1,soft12.7+firm10,19.88,soft19+firm5,20.07,soft19+firm5,20.02,
ANSUR2-M-16885,M,1.0396039603960396,train,187.0,152.0,558.0,127.0,123.0,geometric_feasible,unevaluated,S11-L20,S11,0.0,3.0,2.0,,soft12.7+soft12.7,20.4,soft12.7+soft12.7,21.93,soft12.7+soft12.7,20.46,soft12.7+soft12.7,21.16,soft12.7+soft12.7,21.16,
ANSUR2-M-16919,M,1.0396039603960396,train,203.0,161.0,585.0,121.0,116.0,excluded,fail,S11-L20,S11,,,,pad_too_tight,,,,,,,,,,,True
ANSUR2-M-16929,M,1.0396039603960396,train,196.0,153.0,563.0,123.0,125.0,geometric_feasible,unevaluated,G055-L11,G055,-3.0,9.0,1.0,,soft19+firm10,26.93,soft19+firm10,26.36,soft12.7+soft12.7,22.94,soft12.7+soft12.7,22.86,soft12.7+soft12.7,22.87,
ANSUR2-M-16952,M,1.0396039603960396,train,207.0,151.0,578.0,124.0,117.0,geometric_feasible,unevaluated,G055-L23,G055,0.0,9.0,0.0,,soft19+firm10,26.12,soft12.7+firm5,15.15,soft19+firm10,26.75,soft19+firm10,24.99,soft19+firm10,24.99,
ANSUR2-M-17020,M,1.0396039603960396,train,200.0,168.0,604.0,140.0,131.0,geometric_feasible,unevaluated,G055-L11,G055,0.0,3.0,1.0,,soft12.7+soft12.7,21.65,soft19+firm10,26.61,soft19,16.93,soft19,16.64,soft19,16.64,
ANSUR2-M-17030,M,1.0396039603960396,validation,203.0,154.0,576.0,132.0,133.0,geometric_feasible,unevaluated,G055-L11,G055,-3.0,3.0,1.0,,soft12.7+soft12.7,23.92,soft19+firm10,26.98,soft19,15.98,soft12.7+soft12.7,22.39,soft12.7+soft12.7,22.39,
ANSUR2-M-17055,M,1.0396039603960396,validation,205.0,161.0,595.0,122.0,119.0,excluded,fail,G055-L11,G055,,,,pad_too_loose,,,,,,,,,,,True
ANSUR2-M-17060,M,1.0396039603960396,train,196.0,153.0,561.0,129.0,120.0,geometric_feasible,unevaluated,S11-L20,S11,3.0,0.0,1.0,,soft12.7+soft12.7,22.26,soft12.7+soft12.7,21.97,soft12.7+soft12.7,21.4,soft12.7+soft12.7,22.68,soft12.7+soft12.7,22.68,
ANSUR2-M-17066,M,1.0396039603960396,validation,192.0,155.0,561.0,140.0,109.0,geometric_feasible,unevaluated,S11-L20,S11,3.0,-6.0,2.0,,soft19,17.4,soft12.7+soft12.7,20.87,soft19,15.74,soft12.7+soft12.7,22.08,soft12.7+soft12.7,22.09,
ANSUR2-M-17072,M,1.0396039603960396,train,196.0,149.0,557.0,121.0,117.0,geometric_feasible,unevaluated,S11-L20,S11,0.0,3.0,2.0,,soft12.7+soft12.7,22.62,soft12.7+soft12.7,21.32,soft19,17.79,soft12.7+soft12.7,22.68,soft12.7+soft12.7,22.68,
ANSUR2-M-17090,M,1.0396039603960396,train,204.0,154.0,573.0,126.0,137.0,geometric_feasible,unevaluated,S11-L20,S11,-3.0,0.0,2.0,,soft12.7+soft12.7,20.51,soft12.7+soft12.7,23.57,soft12.7,11.86,soft12.7+soft12.7,22.16,soft12.7+soft12.7,22.16,
ANSUR2-M-17104,M,1.0396039603960396,validation,196.0,162.0,573.0,126.0,123.0,geometric_feasible,unevaluated,S11-L20,S11,3.0,9.0,0.0,,soft19,15.92,soft19,17.26,soft19,17.23,soft19,17.0,soft19,16.99,
ANSUR2-M-17127,M,1.0396039603960396,train,191.0,162.0,570.0,127.0,119.0,geometric_feasible,unevaluated,S11-L20,S11,0.0,3.0,1.0,,soft19+firm5,20.29,soft19+firm5,20.33,soft12.7+soft12.7,21.08,soft19,17.0,soft19,17.0,
ANSUR2-M-17138,M,1.0396039603960396,train,198.0,155.0,572.0,128.0,122.0,geometric_feasible,unevaluated,G055-L20,G055,0.0,9.0,1.0,,soft19+firm10,27.53,soft19+firm10,26.23,soft19+firm10,24.93,soft12.7+soft12.7,23.13,soft12.7+soft12.7,23.12,
ANSUR2-M-17141,M,1.0396039603960396,train,210.0,164.0,607.0,127.0,119.0,geometric_feasible,unevaluated,G055-L20,G055,-6.0,9.0,0.0,,soft12.7+soft12.7,23.37,soft12.7+firm10,19.89,soft19,18.02,soft19,18.04,soft19,18.04,
ANSUR2-M-17259,M,1.0396039603960396,train,210.0,153.0,590.0,131.0,133.0,geometric_feasible,unevaluated,G055-L20,G055,0.0,9.0,1.0,,soft12.7+soft12.7,22.5,soft12.7+soft12.7,22.51,soft19,16.28,soft12.7+soft12.7,23.81,soft12.7+soft12.7,23.81,
ANSUR2-M-17264,M,1.0396039603960396,train,196.0,153.0,563.0,127.0,131.0,geometric_feasible,unevaluated,S11-L20,S11,3.0,0.0,0.0,,soft12.7+soft12.7,20.66,soft19,16.69,soft12.7+soft12.7,23.92,soft12.7+soft12.7,21.66,soft12.7+soft12.7,21.67,
ANSUR2-M-17301,M,1.0396039603960396,validation,197.0,147.0,563.0,135.0,103.0,geometric_feasible,unevaluated,G055-L11,G055,0.0,3.0,0.0,,soft19+firm10,25.03,soft12.7+soft12.7,22.3,soft19+firm10,26.52,soft19+firm10,25.81,soft19+firm10,25.81,
ANSUR2-M-17328,M,1.0396039603960396,train,197.0,161.0,585.0,137.0,118.0,geometric_feasible,unevaluated,G055-L11,G055,0.0,0.0,1.0,,soft12.7+soft12.7,21.69,soft19+firm5,20.25,soft12.7+soft12.7,22.28,soft19,17.6,soft19,17.6,
ANSUR2-M-17345,M,1.0396039603960396,validation,202.0,156.0,575.0,128.0,119.0,excluded,fail,S11-L20,S11,,,,pad_between_steps,,,,,,,,,,,True
ANSUR2-M-17429,M,1.0396039603960396,train,219.0,153.0,611.0,142.0,120.0,excluded,fail,G055-L11,G055,,,,pad_too_tight,,,,,,,,,,,True
ANSUR2-M-17528,M,1.0396039603960396,train,203.0,159.0,597.0,141.0,120.0,excluded,fail,G055-L11,G055,,,,nose,,,,,,,,,,,True
ANSUR2-M-17622,M,1.0396039603960396,train,200.0,153.0,562.0,132.0,132.0,geometric_feasible,unevaluated,G055-L11,G055,0.0,6.0,1.0,,soft19+firm10,26.56,soft12.7+soft12.7,22.08,soft12.7+soft12.7,22.74,soft12.7+soft12.7,22.46,soft12.7+soft12.7,22.45,
ANSUR2-M-20038,M,1.0396039603960396,validation,205.0,154.0,579.0,128.0,129.0,geometric_feasible,unevaluated,G055-L11,G055,-6.0,6.0,2.0,,soft19+firm10,26.48,soft12.7+soft12.7,23.38,soft12.7+soft12.7,20.76,soft12.7+soft12.7,23.5,soft12.7+soft12.7,23.5,
ANSUR2-M-20063,M,1.0396039603960396,train,196.0,156.0,567.0,134.0,119.0,geometric_feasible,unevaluated,G055-L11,G055,0.0,0.0,2.0,,soft19+firm10,26.13,soft12.7+soft12.7,24.08,soft12.7+soft12.7,22.49,soft12.7+soft12.7,22.16,soft12.7+soft12.7,22.15,
ANSUR2-M-20085,M,1.0396039603960396,train,197.0,154.0,571.0,126.0,122.0,geometric_feasible,unevaluated,S11-L20,S11,-6.0,3.0,3.0,,soft19,16.88,soft12.7+soft12.7,22.24,soft12.7+firm5,15.15,soft12.7+firm10,19.9,soft12.7+firm10,19.92,
ANSUR2-M-20086,M,1.0396039603960396,validation,197.0,163.0,580.0,129.0,127.0,geometric_feasible,unevaluated,S11-L20,S11,-6.0,3.0,2.0,,soft19,17.23,soft12.7+soft12.7,22.3,soft19,15.33,soft19,17.58,soft19,17.58,
ANSUR2-M-20198,M,1.0396039603960396,train,188.0,155.0,557.0,136.0,122.0,geometric_feasible,unevaluated,G055-L11,G055,3.0,0.0,1.0,,soft19+firm10,27.2,soft19+firm10,27.01,soft12.7+soft12.7,21.24,soft12.7+soft12.7,23.17,soft12.7+soft12.7,23.17,
ANSUR2-M-20290,M,1.0396039603960396,validation,193.0,152.0,553.0,123.0,110.0,geometric_feasible,unevaluated,S11-L20,S11,0.0,12.0,0.0,,soft19,16.17,soft19,16.16,soft19,16.61,soft19,17.89,soft19,17.89,
ANSUR2-M-20376,M,1.0396039603960396,validation,203.0,147.0,576.0,135.0,114.0,geometric_feasible,unevaluated,G055-L11,G055,6.0,0.0,2.0,,soft19+firm10,26.65,soft12.7+soft12.7,23.64,soft19,16.18,soft19+firm10,26.91,soft19+firm10,26.91,
ANSUR2-M-20468,M,1.0396039603960396,train,189.0,154.0,546.0,132.0,119.0,geometric_feasible,unevaluated,G055-L11,G055,6.0,9.0,1.0,,soft12.7+soft12.7,20.76,soft19+firm5,20.3,soft19+firm10,25.86,soft12.7+soft12.7,20.46,soft12.7+soft12.7,20.46,
ANSUR2-M-20719,M,1.0396039603960396,train,197.0,148.0,558.0,127.0,128.0,geometric_feasible,unevaluated,G055-L20,G055,0.0,9.0,1.0,,soft19+firm10,26.7,soft19+firm10,25.93,soft12.7+soft12.7,23.4,soft19+firm10,25.45,soft19+firm10,25.45,
ANSUR2-M-20729,M,1.0396039603960396,validation,195.0,147.0,564.0,135.0,124.0,geometric_feasible,unevaluated,G055-L11,G055,6.0,0.0,1.0,,soft19+firm10,25.77,soft12.7+firm15,24.64,soft19,15.84,soft19+firm10,26.54,soft19+firm10,26.54,
ANSUR2-M-20878,M,1.0396039603960396,validation,206.0,151.0,588.0,139.0,126.0,geometric_feasible,unevaluated,G055-L11,G055,-6.0,0.0,2.0,,soft12.7+soft12.7,20.4,soft19+firm10,26.9,soft19,15.72,soft12.7+soft12.7,22.84,soft12.7+soft12.7,22.89,
ANSUR2-M-20891,M,1.0396039603960396,train,192.0,152.0,553.0,133.0,114.0,geometric_feasible,unevaluated,G055-L11,G055,6.0,0.0,1.0,,soft19+firm10,25.8,soft12.7+soft12.7,21.66,soft19+firm10,26.09,soft12.7+soft12.7,23.6,soft12.7+soft12.7,23.6,
ANSUR2-M-21079,M,1.0396039603960396,validation,204.0,165.0,599.0,132.0,120.0,geometric_feasible,unevaluated,G055-L20,G055,-3.0,9.0,1.0,,soft12.7+soft12.7,21.46,soft19+firm10,26.33,soft19,17.08,soft19,18.02,soft19,18.02,
ANSUR2-M-21339,M,1.0396039603960396,train,196.0,151.0,561.0,127.0,115.0,geometric_feasible,unevaluated,G055-L11,G055,6.0,3.0,1.0,,soft19+firm10,27.4,soft12.7+soft12.7,23.74,soft19+firm10,25.9,soft12.7+soft12.7,23.82,soft12.7+soft12.7,23.84,
ANSUR2-M-21347,M,1.0396039603960396,train,213.0,154.0,597.0,143.0,130.0,excluded,fail,G055-L11,G055,,,,pad_too_tight;nose,,,,,,,,,,,False
ANSUR2-M-21352,M,1.0396039603960396,train,190.0,161.0,576.0,126.0,114.0,geometric_feasible,unevaluated,S11-L20,S11,-3.0,9.0,0.0,,soft19,16.27,soft12.7+soft12.7,20.83,soft19,17.7,soft19,17.97,soft19,17.98,
ANSUR2-M-21607,M,1.0396039603960396,train,191.0,153.0,555.0,131.0,121.0,geometric_feasible,unevaluated,G055-L11,G055,0.0,3.0,1.0,,soft19+firm10,27.16,soft12.7+soft12.7,23.77,soft12.7+soft12.7,21.28,soft12.7+soft12.7,23.59,soft12.7+soft12.7,23.59,
ANSUR2-M-21627,M,1.0396039603960396,train,199.0,168.0,593.0,127.0,120.0,geometric_feasible,unevaluated,G055-L11,G055,0.0,0.0,2.0,,soft19+firm10,27.2,soft19+firm10,27.31,soft12.7+soft12.7,21.3,soft19,16.77,soft19,16.76,
ANSUR2-M-21816,M,1.0396039603960396,train,201.0,153.0,578.0,133.0,123.0,geometric_feasible,unevaluated,G055-L11,G055,3.0,6.0,2.0,,soft12.7+firm15,24.65,soft12.7+firm15,24.59,soft12.7+soft12.7,20.69,soft12.7+soft12.7,23.89,soft12.7+soft12.7,23.89,
ANSUR2-M-22107,M,1.0396039603960396,train,206.0,162.0,598.0,124.0,124.0,excluded,fail,G055-L23,G055,,,,pad_too_loose,,,,,,,,,,,True
ANSUR2-M-22114,M,1.0396039603960396,train,196.0,144.0,558.0,129.0,122.0,geometric_feasible,unevaluated,G055-L11,G055,-3.0,9.0,1.0,,soft19+firm10,26.29,soft12.7+soft12.7,22.72,soft19+firm10,26.77,soft19+firm10,27.28,soft19+firm10,27.28,
ANSUR2-M-22115,M,1.0396039603960396,validation,194.0,160.0,575.0,132.0,123.0,geometric_feasible,unevaluated,S11-L20,S11,3.0,3.0,2.0,,soft19,15.73,soft19,16.54,soft19,16.26,soft19,16.26,soft19,16.26,
ANSUR2-M-22117,M,1.0396039603960396,train,194.0,156.0,562.0,127.0,119.0,geometric_feasible,unevaluated,S11-L20,S11,-3.0,-3.0,2.0,,soft12.7+soft12.7,23.38,soft19+firm10,25.98,soft19,17.99,soft12.7+soft12.7,21.34,soft12.7+soft12.7,21.34,
ANSUR2-M-22120,M,1.0396039603960396,train,200.0,148.0,574.0,138.0,120.0,geometric_feasible,unevaluated,G055-L11,G055,-3.0,-3.0,2.0,,soft19+firm10,26.85,soft19+firm10,26.99,soft12.7+soft12.7,20.65,soft19+firm10,26.19,soft19+firm10,26.21,
ANSUR2-M-22121,M,1.0396039603960396,train,196.0,160.0,572.0,125.0,112.0,geometric_feasible,unevaluated,S11-L20,S11,-6.0,3.0,0.0,,soft19,17.97,soft12.7+soft12.7,22.98,soft19,15.4,soft19,17.87,soft19,17.87,
ANSUR2-M-22122,M,1.0396039603960396,train,206.0,156.0,588.0,130.0,118.0,geometric_feasible,unevaluated,S11-L20,S11,3.0,6.0,3.0,,soft19,15.42,soft19,15.4,soft19,15.37,soft12.7+firm10,19.79,soft12.7+firm10,19.79,
ANSUR2-M-22132,M,1.0396039603960396,validation,209.0,154.0,598.0,144.0,117.0,geometric_feasible,unevaluated,G055-L11,G055,-6.0,0.0,1.0,,soft12.7+soft12.7,20.8,soft19+firm10,25.01,soft19,15.3,soft12.7+soft12.7,22.39,soft12.7+soft12.7,22.44,
ANSUR2-M-23192,M,1.0396039603960396,train,199.0,157.0,578.0,127.0,134.0,geometric_feasible,unevaluated,S11-L20,S11,3.0,-3.0,2.0,,soft12.7+soft12.7,23.56,soft12.7+soft12.7,23.13,soft19,16.3,soft12.7+soft12.7,20.46,soft12.7+soft12.7,20.46,
ANSUR2-M-23231,M,1.0396039603960396,train,207.0,150.0,574.0,131.0,134.0,geometric_feasible,unevaluated,G055-L23,G055,0.0,6.0,0.0,,soft19+firm10,24.88,soft19,16.22,soft19+firm10,25.54,soft19+firm10,25.37,soft19+firm10,25.36,
ANSUR2-M-23420,M,1.0396039603960396,train,181.0,161.0,559.0,141.0,128.0,geometric_feasible,unevaluated,G055-L11,G055,6.0,0.0,1.0,,soft12.7+soft12.7,23.75,soft19+firm10,24.84,soft19+firm10,24.86,soft12.7+soft12.7,20.41,soft12.7+soft12.7,20.42,
ANSUR2-M-23723,M,1.0396039603960396,train,216.0,146.0,596.0,138.0,133.0,geometric_feasible,unevaluated,G055-L23,G055,0.0,6.0,0.0,,soft19,17.88,soft12.7+firm5,15.04,soft19,16.62,soft12.7+soft12.7,22.63,soft12.7+soft12.7,22.58,
ANSUR2-M-23761,M,1.0396039603960396,train,194.0,151.0,564.0,135.0,118.0,geometric_feasible,unevaluated,S11-L20,S11,-3.0,0.0,1.0,,soft19,16.02,soft12.7+soft12.7,21.17,soft19,16.65,soft19+firm5,20.18,soft19+firm5,20.19,
ANSUR2-M-23770,M,1.0396039603960396,train,194.0,154.0,568.0,137.0,110.0,geometric_feasible,unevaluated,G055-L11,G055,3.0,6.0,1.0,,soft12.7+soft12.7,22.21,soft19+firm10,26.92,soft12.7+soft12.7,20.36,soft12.7+soft12.7,23.82,soft12.7+soft12.7,23.82,
ANSUR2-M-24223,M,1.0396039603960396,validation,202.0,154.0,570.0,133.0,128.0,geometric_feasible,unevaluated,G055-L11,G055,-3.0,3.0,2.0,,soft19+firm10,26.1,soft12.7+soft12.7,23.56,soft12.7+soft12.7,23.45,soft12.7+soft12.7,23.54,soft12.7+soft12.7,23.54,
ANSUR2-M-24245,M,1.0396039603960396,train,199.0,156.0,575.0,131.0,127.0,geometric_feasible,unevaluated,G055-L11,G055,3.0,3.0,1.0,,soft19+firm10,27.03,soft19+firm10,25.92,soft19,17.56,soft12.7+soft12.7,22.72,soft12.7+soft12.7,22.73,
ANSUR2-M-24254,M,1.0396039603960396,train,204.0,156.0,588.0,135.0,132.0,geometric_feasible,unevaluated,G055-L11,G055,6.0,0.0,2.0,,soft19+firm10,25.24,soft12.7+soft12.7,22.63,soft12.7+soft12.7,21.31,soft12.7+soft12.7,22.36,soft12.7+soft12.7,22.37,
ANSUR2-M-24257,M,1.0396039603960396,train,205.0,160.0,595.0,132.0,119.0,geometric_feasible,unevaluated,G055-L20,G055,-3.0,12.0,1.0,,soft19,16.44,soft19,15.61,soft19,15.25,soft19,15.72,soft19,15.73,
ANSUR2-M-24459,M,1.0396039603960396,train,203.0,155.0,582.0,133.0,121.0,geometric_feasible,unevaluated,G055-L11,G055,0.0,0.0,1.0,,soft19+firm10,25.47,soft19+firm10,27.28,soft19,17.24,soft12.7+soft12.7,22.62,soft12.7+soft12.7,22.62,
ANSUR2-M-24535,M,1.0396039603960396,train,187.0,162.0,556.0,132.0,130.0,geometric_feasible,unevaluated,S11-L20,S11,0.0,3.0,2.0,,soft19,16.47,soft12.7+firm10,19.9,soft19,16.91,soft19,17.35,soft19,17.35,
ANSUR2-M-24563,M,1.0396039603960396,train,199.0,155.0,571.0,142.0,117.0,excluded,fail,G055-L11,G055,,,,pad_between_steps,,,,,,,,,,,True
ANSUR2-M-24671,M,1.0396039603960396,validation,199.0,151.0,568.0,131.0,122.0,excluded,fail,G055-L11,G055,,,,pad_between_steps,,,,,,,,,,,True
ANSUR2-M-24982,M,1.0396039603960396,train,197.0,153.0,572.0,137.0,124.0,geometric_feasible,unevaluated,G055-L11,G055,0.0,6.0,1.0,,soft19+firm5,20.2,soft19+firm10,25.57,soft19,17.24,soft12.7+soft12.7,22.56,soft12.7+soft12.7,22.56,
ANSUR2-M-25196,M,1.0396039603960396,train,209.0,148.0,586.0,136.0,121.0,geometric_feasible,unevaluated,G055-L11,G055,-6.0,-3.0,2.0,,soft19+firm10,25.92,soft19+firm10,24.86,soft19,15.48,soft19+firm10,25.07,soft19+firm10,25.13,
ANSUR2-M-26159,M,1.0396039603960396,train,207.0,150.0,572.0,138.0,115.0,geometric_feasible,unevaluated,G055-L23,G055,-3.0,3.0,0.0,,soft12.7+soft12.7,21.68,soft19,17.17,soft12.7+soft12.7,20.66,soft12.7+soft12.7,23.24,soft12.7+soft12.7,23.24,
ANSUR2-M-26170,M,1.0396039603960396,validation,191.0,156.0,569.0,135.0,121.0,geometric_feasible,unevaluated,S11-L20,S11,-3.0,0.0,3.0,,soft19,16.33,soft12.7+soft12.7,21.41,soft12.7,12.05,soft19+firm5,20.2,soft19+firm5,20.2,
ANSUR2-M-26625,M,1.0396039603960396,train,202.0,163.0,582.0,125.0,121.0,geometric_feasible,unevaluated,S11-L20,S11,0.0,9.0,0.0,,soft19,15.62,soft19,17.28,soft12.7+firm5,15.17,soft19,16.76,soft19,16.76,
ANSUR2-M-26646,M,1.0396039603960396,train,199.0,151.0,568.0,137.0,134.0,geometric_feasible,unevaluated,G055-L11,G055,0.0,0.0,2.0,,soft19+firm10,26.85,soft12.7+soft12.7,21.62,soft19+firm10,25.67,soft19+firm10,25.01,soft19+firm10,25.0,
ANSUR2-M-26707,M,1.0396039603960396,train,191.0,153.0,555.0,129.0,141.0,geometric_feasible,unevaluated,S11-L20,S11,-6.0,3.0,3.0,,soft19,16.87,soft12.7+soft12.7,23.53,soft19,16.58,soft12.7+soft12.7,20.65,soft12.7+soft12.7,20.64,
ANSUR2-M-26735,M,1.0396039603960396,validation,206.0,153.0,587.0,136.0,129.0,geometric_feasible,unevaluated,G055-L11,G055,0.0,0.0,2.0,,soft19+firm10,26.63,soft12.7+soft12.7,20.46,soft12.7+soft12.7,22.54,soft12.7+soft12.7,23.99,soft12.7+soft12.7,23.99,
ANSUR2-M-26750,M,1.0396039603960396,train,194.0,162.0,574.0,138.0,121.0,geometric_feasible,unevaluated,G055-L11,G055,6.0,0.0,0.0,,soft19+firm10,25.91,soft19+firm10,26.0,soft12.7+soft12.7,21.32,soft19+firm5,20.01,soft19+firm5,20.01,
ANSUR2-M-26756,M,1.0396039603960396,validation,200.0,157.0,577.0,139.0,125.0,geometric_feasible,unevaluated,G055-L11,G055,0.0,0.0,2.0,,soft19+firm10,26.23,soft12.7+soft12.7,22.82,soft19+firm10,25.88,soft12.7+soft12.7,22.58,soft12.7+soft12.7,22.58,
ANSUR2-M-26757,M,1.0396039603960396,validation,199.0,149.0,562.0,130.0,120.0,geometric_feasible,unevaluated,G055-L11,G055,0.0,6.0,0.0,,soft19+firm10,25.75,soft12.7+soft12.7,22.29,soft12.7+soft12.7,22.23,soft12.7+soft12.7,23.77,soft12.7+soft12.7,23.77,
ANSUR2-M-26786,M,1.0396039603960396,train,191.0,144.0,542.0,129.0,126.0,geometric_feasible,unevaluated,S11-L20,S11,-3.0,6.0,1.0,,soft19,16.13,soft19,17.51,soft19,17.65,soft19+firm5,20.26,soft19+firm5,20.25,
ANSUR2-M-26799,M,1.0396039603960396,validation,193.0,163.0,568.0,137.0,125.0,geometric_feasible,unevaluated,G055-L11,G055,0.0,3.0,2.0,,soft12.7+soft12.7,20.64,soft12.7+soft12.7,22.62,soft12.7+soft12.7,22.6,soft19,17.71,soft19,17.7,
ANSUR2-M-26806,M,1.0396039603960396,train,212.0,151.0,600.0,141.0,124.0,geometric_feasible,unevaluated,G055-L11,G055,3.0,3.0,0.0,,soft19,17.38,soft19,17.92,soft12.7,11.93,soft19+firm5,20.2,soft19+firm5,20.24,
ANSUR2-M-26814,M,1.0396039603960396,validation,208.0,154.0,593.0,127.0,120.0,geometric_feasible,unevaluated,G055-L20,G055,-3.0,6.0,1.0,,soft19+firm10,26.52,soft19+firm10,25.16,soft12.7+firm5,14.98,soft12.7+soft12.7,22.46,soft12.7+soft12.7,22.49,
ANSUR2-M-26842,M,1.0396039603960396,train,194.0,157.0,573.0,139.0,120.0,geometric_feasible,unevaluated,G055-L11,G055,6.0,6.0,0.0,,soft19,16.39,soft19,16.23,soft12.7+soft12.7,22.03,soft19,17.78,soft19,17.78,
ANSUR2-M-26844,M,1.0396039603960396,train,206.0,155.0,587.0,136.0,132.0,geometric_feasible,unevaluated,G055-L11,G055,-6.0,3.0,0.0,,soft12.7+soft12.7,21.65,soft19+firm10,26.95,soft19,15.75,soft12.7+soft12.7,22.58,soft12.7+soft12.7,22.58,
ANSUR2-M-26872,M,1.0396039603960396,validation,190.0,154.0,558.0,131.0,121.0,geometric_feasible,unevaluated,G055-L11,G055,3.0,6.0,1.0,,soft19+firm10,25.57,soft19+firm10,25.19,soft19+firm10,27.17,soft12.7+soft12.7,22.19,soft12.7+soft12.7,22.19,
ANSUR2-M-26886,M,1.0396039603960396,train,200.0,148.0,572.0,133.0,119.0,geometric_feasible,unevaluated,G055-L11,G055,-6.0,0.0,2.0,,soft19+firm10,26.23,soft19+firm10,27.27,soft12.7+firm10,19.91,soft19+firm10,25.03,soft19+firm10,25.04,
ANSUR2-M-26916,M,1.0396039603960396,train,196.0,155.0,575.0,133.0,134.0,geometric_feasible,unevaluated,G055-L11,G055,-3.0,0.0,1.0,,soft19+firm10,25.88,soft19+firm10,26.83,soft12.7+soft12.7,22.32,soft12.7+soft12.7,21.91,soft12.7+soft12.7,21.91,
ANSUR2-M-26965,M,1.0396039603960396,train,207.0,159.0,604.0,136.0,128.0,geometric_feasible,unevaluated,G055-L11,G055,0.0,3.0,2.0,,soft12.7+soft12.7,22.3,soft12.7+soft12.7,22.41,soft19,17.71,soft19+firm5,20.12,soft19+firm5,20.12,
ANSUR2-M-26967,M,1.0396039603960396,train,197.0,145.0,556.0,123.0,117.0,geometric_feasible,unevaluated,S11-L20,S11,0.0,9.0,2.0,,soft19,17.18,soft19,17.44,soft19,16.49,soft12.7+soft12.7,20.77,soft12.7+soft12.7,20.77,
ANSUR2-M-26975,M,1.0396039603960396,validation,200.0,147.0,567.0,128.0,125.0,geometric_feasible,unevaluated,S11-L20,S11,-6.0,3.0,1.0,,soft19,17.93,soft12.7+soft12.7,20.79,soft19,17.37,soft12.7+soft12.7,22.03,soft12.7+soft12.7,22.06,
ANSUR2-M-26996,M,1.0396039603960396,train,201.0,152.0,575.0,128.0,120.0,geometric_feasible,unevaluated,G055-L23,G055,6.0,9.0,0.0,,soft19+firm10,24.81,soft12.7+soft12.7,20.97,soft19+firm10,26.38,soft12.7+soft12.7,24.07,soft12.7+soft12.7,24.07,
ANSUR2-M-27028,M,1.0396039603960396,train,206.0,155.0,586.0,134.0,123.0,geometric_feasible,unevaluated,G055-L11,G055,-6.0,3.0,2.0,,soft12.7+soft12.7,24.1,soft12.7+firm15,24.69,soft19,17.95,soft12.7+soft12.7,23.3,soft12.7+soft12.7,23.31,
ANSUR2-M-27111,M,1.0396039603960396,train,200.0,154.0,563.0,129.0,126.0,geometric_feasible,unevaluated,G055-L11,G055,-6.0,9.0,2.0,,soft12.7+soft12.7,20.75,soft19+firm10,26.46,soft19,17.38,soft12.7+soft12.7,21.82,soft12.7+soft12.7,21.82,
ANSUR2-M-27120,M,1.0396039603960396,train,190.0,148.0,549.0,131.0,119.0,geometric_feasible,unevaluated,S11-L20,S11,0.0,3.0,3.0,,soft19,17.22,soft19,18.03,soft12.7+firm5,15.1,soft12.7+soft12.7,20.54,soft12.7+soft12.7,20.54,
ANSUR2-M-27141,M,1.0396039603960396,validation,184.0,153.0,547.0,127.0,118.0,geometric_feasible,unevaluated,S11-L20,S11,6.0,3.0,0.0,,soft12.7+soft12.7,20.41,soft12.7+soft12.7,20.77,soft19+firm10,26.0,soft12.7+soft12.7,22.38,soft12.7+soft12.7,22.38,
ANSUR2-M-27148,M,1.0396039603960396,train,202.0,157.0,581.0,129.0,124.0,geometric_feasible,unevaluated,S11-L20,S11,-3.0,0.0,3.0,,soft12.7+soft12.7,21.9,soft12.7+soft12.7,20.72,soft19,16.09,soft12.7+soft12.7,20.42,soft12.7+soft12.7,20.42,
ANSUR2-M-27187,M,1.0396039603960396,train,196.0,151.0,548.0,122.0,120.0,excluded,fail,S11-L20,S11,,,,pad_between_steps,,,,,,,,,,,True
ANSUR2-M-27188,M,1.0396039603960396,train,193.0,160.0,569.0,127.0,121.0,geometric_feasible,unevaluated,S11-L20,S11,0.0,-3.0,0.0,,soft19+firm10,27.47,soft19+firm10,25.61,soft19,17.87,soft12.7+firm10,19.96,soft12.7+firm10,19.96,
ANSUR2-M-27207,M,1.0396039603960396,validation,194.0,151.0,559.0,130.0,124.0,geometric_feasible,unevaluated,S11-L20,S11,0.0,3.0,3.0,,soft19,16.84,soft19,16.24,soft19,17.67,soft12.7+soft12.7,20.38,soft12.7+soft12.7,20.39,
ANSUR2-M-27249,M,1.0396039603960396,train,200.0,158.0,578.0,133.0,137.0,geometric_feasible,unevaluated,S11-L20,S11,-3.0,6.0,3.0,,soft12.7,11.97,soft19,16.31,soft12.7,11.96,soft19,15.76,soft19,15.75,
ANSUR2-M-27252,M,1.0396039603960396,validation,215.0,156.0,604.0,135.0,136.0,excluded,fail,G055-L11,G055,,,,pad_too_tight,,,,,,,,,,,True
ANSUR2-M-27283,M,1.0396039603960396,train,207.0,153.0,597.0,138.0,117.0,geometric_feasible,unevaluated,G055-L11,G055,0.0,0.0,2.0,,soft19+firm10,27.26,soft12.7+soft12.7,21.62,soft12.7+firm10,20.0,soft12.7+soft12.7,24.08,soft12.7+soft12.7,24.1,
ANSUR2-M-27284,M,1.0396039603960396,train,199.0,153.0,564.0,136.0,115.0,geometric_feasible,unevaluated,G055-L11,G055,6.0,-3.0,1.0,,soft19+firm10,26.41,soft12.7+soft12.7,23.86,soft12.7+soft12.7,20.51,soft12.7+soft12.7,23.84,soft12.7+soft12.7,23.84,
ANSUR2-M-27294,M,1.0396039603960396,validation,204.0,152.0,592.0,141.0,129.0,geometric_feasible,unevaluated,G055-L11,G055,3.0,3.0,0.0,,soft12.7+soft12.7,21.21,soft19+firm10,25.03,soft19,17.47,soft12.7+soft12.7,23.9,soft12.7+soft12.7,23.94,
ANSUR2-M-27297,M,1.0396039603960396,train,195.0,160.0,578.0,140.0,118.0,geometric_feasible,unevaluated,G055-L11,G055,0.0,0.0,1.0,,soft19+firm10,25.08,soft19+firm10,26.89,soft12.7+soft12.7,20.8,soft12.7+soft12.7,20.89,soft12.7+soft12.7,20.89,
ANSUR2-M-27300,M,1.0396039603960396,train,198.0,157.0,576.0,132.0,123.0,geometric_feasible,unevaluated,G055-L11,G055,-3.0,9.0,0.0,,soft12.7+soft12.7,22.99,soft12.7+firm15,24.6,soft12.7+soft12.7,22.55,soft12.7+soft12.7,21.05,soft12.7+soft12.7,21.05,
ANSUR2-M-27305,M,1.0396039603960396,validation,191.0,151.0,551.0,127.0,120.0,geometric_feasible,unevaluated,S11-L20,S11,0.0,9.0,0.0,,soft19,15.45,soft12.7+soft12.7,20.71,soft12.7+soft12.7,21.79,soft12.7+soft12.7,22.29,soft12.7+soft12.7,22.29,
ANSUR2-M-27315,M,1.0396039603960396,validation,200.0,148.0,561.0,132.0,125.0,geometric_feasible,unevaluated,G055-L11,G055,-3.0,3.0,1.0,,soft19+firm10,27.09,soft12.7+soft12.7,21.12,soft12.7+firm15,24.58,soft19+firm10,25.12,soft19+firm10,25.13,
ANSUR2-M-27330,M,1.0396039603960396,validation,204.0,164.0,591.0,143.0,128.0,geometric_feasible,unevaluated,G055-L20,G055,0.0,6.0,1.0,,soft19,16.13,soft19,17.2,soft19,15.36,soft19,17.0,soft19,16.99,
ANSUR2-M-27383,M,1.0396039603960396,train,209.0,169.0,614.0,136.0,137.0,geometric_feasible,unevaluated,G055-L23,G055,0.0,6.0,0.0,,soft19+firm5,20.24,soft19,17.63,soft12.7+firm10,19.88,soft19,15.5,soft19,15.5,
ANSUR2-M-27515,M,1.0396039603960396,train,197.0,158.0,565.0,141.0,126.0,geometric_feasible,unevaluated,G055-L11,G055,3.0,0.0,2.0,,soft12.7+soft12.7,21.08,soft12.7+soft12.7,20.6,soft12.7+firm5,15.1,soft12.7+soft12.7,20.62,soft12.7+soft12.7,20.62,
ANSUR2-M-27525,M,1.0396039603960396,train,197.0,156.0,559.0,125.0,130.0,geometric_feasible,unevaluated,S11-L20,S11,0.0,6.0,2.0,,soft12.7+soft12.7,20.42,soft12.7+firm10,19.94,soft12.7+soft12.7,20.98,soft12.7+soft12.7,20.86,soft12.7+soft12.7,20.86,
ANSUR2-M-27544,M,1.0396039603960396,train,207.0,153.0,579.0,131.0,123.0,geometric_feasible,unevaluated,G055-L11,G055,0.0,3.0,1.0,,soft19+firm10,27.39,soft12.7+soft12.7,24.05,soft19,16.91,soft12.7+soft12.7,23.58,soft12.7+soft12.7,23.58,
ANSUR2-M-27547,M,1.0396039603960396,validation,208.0,148.0,576.0,130.0,125.0,geometric_feasible,unevaluated,G055-L11,G055,-3.0,3.0,2.0,,soft19+firm10,27.06,soft12.7+soft12.7,23.33,soft19,18.02,soft19+firm10,26.66,soft19+firm10,26.66,
ANSUR2-M-27557,M,1.0396039603960396,validation,203.0,147.0,575.0,134.0,124.0,geometric_feasible,unevaluated,G055-L11,G055,6.0,0.0,2.0,,soft19+firm10,26.08,soft12.7+firm10,19.88,soft12.7+firm10,19.77,soft19+firm10,26.49,soft19+firm10,26.46,
ANSUR2-M-27566,M,1.0396039603960396,train,211.0,155.0,594.0,138.0,132.0,excluded,fail,G055-L11,G055,,,,pad_too_tight,,,,,,,,,,,True
ANSUR2-M-27577,M,1.0396039603960396,train,200.0,155.0,573.0,135.0,120.0,geometric_feasible,unevaluated,G055-L11,G055,-6.0,6.0,2.0,,soft12.7+soft12.7,22.63,soft19+firm10,27.05,soft12.7+soft12.7,20.68,soft12.7+soft12.7,22.54,soft12.7+soft12.7,22.54,
ANSUR2-M-27586,M,1.0396039603960396,train,193.0,151.0,570.0,132.0,114.0,geometric_feasible,unevaluated,G055-L11,G055,-3.0,6.0,1.0,,soft12.7+soft12.7,22.69,soft19+firm10,25.95,soft12.7+soft12.7,22.05,soft12.7+soft12.7,22.67,soft12.7+soft12.7,22.66,
ANSUR2-M-27588,M,1.0396039603960396,train,203.0,155.0,583.0,136.0,127.0,geometric_feasible,unevaluated,G055-L11,G055,0.0,0.0,2.0,,soft19+firm10,25.02,soft12.7+soft12.7,22.21,soft12.7+soft12.7,22.16,soft12.7+soft12.7,22.41,soft12.7+soft12.7,22.41,
ANSUR2-M-27600,M,1.0396039603960396,validation,187.0,152.0,552.0,128.0,111.0,geometric_feasible,unevaluated,S11-L20,S11,0.0,6.0,0.0,,soft19,17.44,soft12.7+soft12.7,23.57,soft12.7+soft12.7,21.78,soft12.7+soft12.7,22.79,soft12.7+soft12.7,22.8,
ANSUR2-M-27646,M,1.0396039603960396,validation,205.0,153.0,586.0,138.0,122.0,geometric_feasible,unevaluated,G055-L23,G055,0.0,3.0,0.0,,soft12.7+soft12.7,20.57,soft19,16.47,soft12.7+soft12.7,23.65,soft12.7+soft12.7,22.73,soft12.7+soft12.7,22.73,
ANSUR2-M-27656,M,1.0396039603960396,train,187.0,158.0,557.0,137.0,133.0,excluded,fail,S11-L20,S11,,,,field_of_view,,,,,,,,,,,True
ANSUR2-M-27674,M,1.0396039603960396,train,203.0,160.0,587.0,133.0,125.0,geometric_feasible,unevaluated,G055-L11,G055,-3.0,-3.0,2.0,,soft19+firm10,27.43,soft19+firm10,25.35,soft19,17.24,soft12.7+soft12.7,20.75,soft12.7+soft12.7,20.76,
ANSUR2-M-27684,M,1.0396039603960396,train,208.0,150.0,582.0,141.0,120.0,geometric_feasible,unevaluated,G055-L11,G055,-3.0,0.0,2.0,,soft12.7+soft12.7,22.3,soft12.7+soft12.7,21.16,soft19+firm5,20.17,soft19+firm10,25.36,soft19+firm10,25.36,
ANSUR2-M-27698,M,1.0396039603960396,validation,196.0,156.0,570.0,125.0,122.0,geometric_feasible,unevaluated,S11-L20,S11,0.0,3.0,1.0,,soft12.7+soft12.7,22.24,soft12.7+soft12.7,22.16,soft12.7+soft12.7,20.94,soft12.7+soft12.7,21.33,soft12.7+soft12.7,21.33,
ANSUR2-M-27722,M,1.0396039603960396,train,210.0,158.0,594.0,136.0,130.0,geometric_feasible,unevaluated,G055-L11,G055,0.0,0.0,2.0,,soft19+firm10,26.53,soft12.7+soft12.7,22.3,soft19,17.05,soft12.7+soft12.7,21.77,soft12.7+soft12.7,21.77,
ANSUR2-M-27727,M,1.0396039603960396,train,194.0,155.0,568.0,130.0,126.0,geometric_feasible,unevaluated,S11-L20,S11,0.0,0.0,1.0,,soft12.7+firm10,19.86,soft12.7+soft12.7,22.43,soft19,17.35,soft12.7+soft12.7,20.54,soft12.7+soft12.7,20.54,
ANSUR2-M-27741,M,1.0396039603960396,train,203.0,150.0,572.0,138.0,127.0,geometric_feasible,unevaluated,G055-L11,G055,-6.0,-6.0,2.0,,soft19+firm10,26.49,soft19+firm10,26.4,soft19,16.75,soft19+firm10,25.74,soft19+firm10,25.75,
ANSUR2-M-27746,M,1.0396039603960396,validation,205.0,151.0,575.0,128.0,130.0,geometric_feasible,unevaluated,G055-L11,G055,-6.0,6.0,2.0,,soft19+firm10,25.62,soft12.7+soft12.7,23.89,soft19+firm5,20.05,soft19+firm10,24.86,soft19+firm10,24.86,
ANSUR2-M-27748,M,1.0396039603960396,validation,194.0,158.0,565.0,129.0,120.0,geometric_feasible,unevaluated,G055-L11,G055,3.0,0.0,1.0,,soft19+firm10,26.21,soft12.7+firm15,24.59,soft12.7+firm10,19.85,soft19+firm5,20.27,soft19+firm5,20.26,
ANSUR2-M-27773,M,1.0396039603960396,train,193.0,153.0,555.0,131.0,123.0,geometric_feasible,unevaluated,S11-L20,S11,-6.0,-3.0,3.0,,soft12.7+soft12.7,20.57,soft19+firm10,24.86,soft19,16.87,soft12.7+soft12.7,23.01,soft12.7+soft12.7,23.01,
ANSUR2-M-27784,M,1.0396039603960396,train,203.0,157.0,583.0,132.0,119.0,geometric_feasible,unevaluated,G055-L11,G055,0.0,3.0,1.0,,soft19+firm10,26.81,soft19+firm5,20.13,soft12.7+soft12.7,23.0,soft12.7+soft12.7,20.97,soft12.7+soft12.7,20.97,
ANSUR2-M-27798,M,1.0396039603960396,train,210.0,163.0,605.0,126.0,129.0,excluded,fail,G055-L23,G055,,,,pad_too_loose;pad_between_steps,,,,,,,,,,,True
ANSUR2-M-27833,M,1.0396039603960396,validation,198.0,153.0,566.0,123.0,120.0,geometric_feasible,unevaluated,S11-L20,S11,-3.0,6.0,3.0,,soft19,17.4,soft12.7+firm5,15.19,soft19,15.34,soft19,17.93,soft19,17.93,
ANSUR2-M-27863,M,1.0396039603960396,train,194.0,143.0,548.0,114.0,125.0,geometric_feasible,unevaluated,S11-L20,S11,-3.0,9.0,0.0,,soft12.7+soft12.7,23.92,soft12.7+soft12.7,22.42,soft12.7+soft12.7,21.39,soft19+firm10,26.3,soft19+firm10,26.3,
ANSUR2-M-27867,M,1.0396039603960396,train,205.0,148.0,573.0,128.0,119.0,geometric_feasible,unevaluated,G055-L11,G055,0.0,6.0,2.0,,soft19+firm10,26.72,soft12.7+soft12.7,21.36,soft12.7+soft12.7,21.13,soft19+firm10,25.61,soft19+firm10,25.6,
ANSUR2-M-27898,M,1.0396039603960396,train,189.0,153.0,557.0,126.0,111.0,geometric_feasible,unevaluated,S11-L20,S11,-3.0,6.0,1.0,,soft19,17.49,soft12.7+soft12.7,22.0,soft19,17.43,soft19+firm5,20.01,soft19+firm5,20.01,
ANSUR2-M-27961,M,1.0396039603960396,train,193.0,145.0,559.0,134.0,119.0,geometric_feasible,unevaluated,S11-L20,S11,0.0,0.0,3.0,,soft19,17.44,soft19,17.39,soft12.7+soft12.7,21.69,soft12.7+soft12.7,21.76,soft12.7+soft12.7,21.73,
ANSUR2-M-27964,M,1.0396039603960396,train,199.0,149.0,555.0,135.0,126.0,geometric_feasible,unevaluated,G055-L11,G055,3.0,6.0,1.0,,soft12.7+soft12.7,21.07,soft12.7+soft12.7,20.53,soft12.7+soft12.7,21.97,soft12.7+soft12.7,22.85,soft12.7+soft12.7,22.84,
ANSUR2-M-27971,M,1.0396039603960396,train,200.0,155.0,574.0,130.0,119.0,geometric_feasible,unevaluated,S11-L20,S11,0.0,6.0,2.0,,soft19,15.45,soft12.7+soft12.7,21.08,soft19,15.88,soft12.7+soft12.7,21.52,soft12.7+soft12.7,21.52,
ANSUR2-M-27974,M,1.0396039603960396,train,200.0,146.0,566.0,129.0,121.0,excluded,fail,S11-L20,S11,,,,field_of_view,,,,,,,,,,,True
ANSUR2-M-27976,M,1.0396039603960396,train,199.0,151.0,567.0,141.0,136.0,geometric_feasible,unevaluated,G055-L11,G055,3.0,-3.0,2.0,,soft19+firm10,26.29,soft19+firm10,25.95,soft12.7+soft12.7,21.17,soft19+firm10,25.48,soft19+firm10,25.49,
ANSUR2-M-27981,M,1.0396039603960396,train,192.0,148.0,548.0,133.0,126.0,geometric_feasible,unevaluated,S11-L20,S11,3.0,0.0,3.0,,soft19,17.54,soft19,17.24,soft19,17.78,soft12.7+soft12.7,22.07,soft12.7+soft12.7,22.08,
ANSUR2-M-28003,M,1.0396039603960396,train,202.0,145.0,570.0,130.0,115.0,geometric_feasible,unevaluated,G055-L11,G055,-3.0,0.0,2.0,,soft19+firm10,24.83,soft19+firm10,27.33,soft19,16.42,soft19+firm10,25.06,soft19+firm10,25.13,
ANSUR2-M-28012,M,1.0396039603960396,validation,200.0,147.0,561.0,120.0,129.0,geometric_feasible,unevaluated,S11-L20,S11,0.0,6.0,0.0,,soft19+firm10,25.44,soft12.7+soft12.7,22.15,soft19,17.48,soft19+firm10,25.93,soft19+firm10,25.93,
ANSUR2-M-28054,M,1.0396039603960396,train,195.0,153.0,563.0,135.0,134.0,geometric_feasible,unevaluated,G055-L11,G055,0.0,3.0,1.0,,soft19+firm10,25.48,soft19+firm10,26.23,soft12.7+soft12.7,23.93,soft12.7+soft12.7,23.09,soft12.7+soft12.7,23.09,
ANSUR2-M-28058,M,1.0396039603960396,train,199.0,158.0,576.0,126.0,124.0,geometric_feasible,unevaluated,G055-L11,G055,-3.0,9.0,2.0,,soft19+firm10,25.31,soft19+firm10,26.87,soft12.7+soft12.7,20.37,soft12.7+soft12.7,20.74,soft12.7+soft12.7,20.74,
ANSUR2-M-28059,M,1.0396039603960396,validation,194.0,148.0,560.0,129.0,123.0,geometric_feasible,unevaluated,S11-L20,S11,3.0,6.0,2.0,,soft19,15.93,soft19,16.04,soft12.7+firm10,19.94,soft12.7+firm10,19.79,soft12.7+firm10,19.77,
ANSUR2-M-28062,M,1.0396039603960396,validation,198.0,152.0,575.0,131.0,117.0,geometric_feasible,unevaluated,G055-L11,G055,-3.0,6.0,1.0,,soft19+firm10,24.88,soft19+firm10,27.0,soft12.7+soft12.7,20.51,soft12.7+soft12.7,23.08,soft12.7+soft12.7,23.08,
ANSUR2-M-28067,M,1.0396039603960396,train,198.0,147.0,559.0,122.0,131.0,geometric_feasible,unevaluated,S11-L20,S11,-3.0,3.0,1.0,,soft12.7+soft12.7,22.39,soft19+firm10,25.28,soft19,15.78,soft19+firm10,25.39,soft19+firm10,25.39,
ANSUR2-M-28069,M,1.0396039603960396,train,199.0,156.0,575.0,144.0,130.0,geometric_feasible,unevaluated,G055-L11,G055,3.0,0.0,1.0,,soft12.7+firm10,19.84,soft19+firm5,20.18,soft19,16.5,soft19+firm5,20.06,soft19+firm5,20.07,
ANSUR2-M-28075,M,1.0396039603960396,train,204.0,160.0,595.0,131.0,126.0,geometric_feasible,unevaluated,G055-L11,G055,3.0,3.0,2.0,,soft19+firm10,26.81,soft19,17.81,soft19+firm10,27.5,soft12.7+soft12.7,20.65,soft12.7+soft12.7,20.65,
ANSUR2-M-28083,M,1.0396039603960396,train,204.0,155.0,576.0,130.0,127.0,geometric_feasible,unevaluated,S11-L20,S11,0.0,9.0,1.0,,soft12.7,12.01,soft12.7+firm5,15.11,soft12.7,12.01,soft19,16.47,soft19,16.47,
ANSUR2-M-28210,M,1.0396039603960396,train,195.0,144.0,544.0,136.0,124.0,geometric_feasible,unevaluated,S11-L20,S11,-3.0,0.0,3.0,,soft12.7+firm5,15.14,soft19,16.99,soft12.7+firm5,15.0,soft19+firm5,20.32,soft19+firm5,20.32,
ANSUR2-M-28317,M,1.0396039603960396,train,202.0,157.0,577.0,133.0,131.0,geometric_feasible,unevaluated,G055-L11,G055,0.0,3.0,2.0,,soft19+firm10,26.29,soft12.7+soft12.7,23.28,soft12.7+soft12.7,21.17,soft12.7+soft12.7,21.15,soft12.7+soft12.7,21.14,
ANSUR2-M-28319,M,1.0396039603960396,validation,200.0,155.0,583.0,133.0,136.0,geometric_feasible,unevaluated,G055-L11,G055,6.0,0.0,1.0,,soft19+firm10,27.1,soft19+firm10,25.22,soft19+firm5,20.25,soft12.7+soft12.7,22.88,soft12.7+soft12.7,22.88,
ANSUR2-M-28323,M,1.0396039603960396,validation,195.0,162.0,576.0,135.0,121.0,geometric_feasible,unevaluated,G055-L11,G055,6.0,-3.0,1.0,,soft19+firm10,27.35,soft19+firm10,25.09,soft19+firm10,27.38,soft12.7+firm10,19.78,soft12.7+firm10,19.78,
ANSUR2-M-28330,M,1.0396039603960396,validation,196.0,154.0,565.0,127.0,119.0,geometric_feasible,unevaluated,S11-L20,S11,-3.0,3.0,1.0,,soft12.7+soft12.7,20.76,soft19+firm10,26.45,soft19,15.21,soft12.7+soft12.7,22.64,soft12.7+soft12.7,22.64,
ANSUR2-M-28368,M,1.0396039603960396,train,186.0,153.0,551.0,129.0,120.0,geometric_feasible,unevaluated,S11-L20,S11,6.0,3.0,1.0,,soft19,17.48,soft19,17.23,soft19+firm5,20.26,soft12.7+soft12.7,20.41,soft12.7+soft12.7,20.41,
ANSUR2-M-28374,M,1.0396039603960396,train,209.0,175.0,615.0,133.0,133.0,excluded,fail,G055-L23,G055,,,,pad_too_tight,,,,,,,,,,,True
ANSUR2-M-28383,M,1.0396039603960396,validation,199.0,156.0,570.0,132.0,107.0,geometric_feasible,unevaluated,S11-L20,S11,0.0,-3.0,3.0,,soft19,17.25,soft19,16.41,soft19,15.7,soft19,17.76,soft19,17.75,
ANSUR2-M-28385,M,1.0396039603960396,validation,195.0,153.0,567.0,134.0,122.0,geometric_feasible,unevaluated,G055-L11,G055,-3.0,6.0,2.0,,soft19+firm10,25.18,soft12.7+soft12.7,23.32,soft19+firm10,27.2,soft12.7+soft12.7,23.87,soft12.7+soft12.7,23.87,
ANSUR2-M-28410,M,1.0396039603960396,train,188.0,155.0,552.0,121.0,121.0,geometric_feasible,unevaluated,S11-L20,S11,6.0,9.0,0.0,,soft12.7+firm5,15.18,soft12.7,11.83,soft12.7+soft12.7,21.99,soft19,16.43,soft19,16.43,
ANSUR2-M-28414,M,1.0396039603960396,train,191.0,151.0,542.0,126.0,120.0,geometric_feasible,unevaluated,S11-L20,S11,-3.0,3.0,1.0,,soft19,17.79,soft12.7+soft12.7,22.96,soft19,15.36,soft12.7+soft12.7,20.7,soft12.7+soft12.7,20.7,
ANSUR2-M-28423,M,1.0396039603960396,validation,202.0,157.0,580.0,130.0,129.0,geometric_feasible,unevaluated,G055-L23,G055,0.0,12.0,0.0,,soft19+firm5,20.07,soft19,15.98,soft12.7+soft12.7,23.95,soft12.7+soft12.7,20.49,soft12.7+soft12.7,20.48,
ANSUR2-M-28425,M,1.0396039603960396,train,213.0,164.0,615.0,140.0,123.0,geometric_feasible,unevaluated,G055-L23,G055,3.0,3.0,0.0,,soft19,15.45,soft12.7,11.89,soft19,17.38,soft19,15.81,soft19,15.81,
ANSUR2-M-28429,M,1.0396039603960396,validation,200.0,162.0,580.0,134.0,123.0,geometric_feasible,unevaluated,G055-L23,G055,0.0,3.0,0.0,,soft19+firm10,26.57,soft19,15.45,soft19+firm10,27.24,soft19+firm5,20.1,soft19+firm5,20.1,
ANSUR2-M-28433,M,1.0396039603960396,validation,198.0,151.0,567.0,128.0,131.0,geometric_feasible,unevaluated,S11-L20,S11,-3.0,6.0,3.0,,soft19,15.59,soft19+firm5,20.0,soft12.7+firm5,15.17,soft12.7+firm10,19.86,soft12.7+firm10,19.86,
ANSUR2-M-28448,M,1.0396039603960396,train,200.0,156.0,573.0,131.0,118.0,geometric_feasible,unevaluated,G055-L11,G055,0.0,3.0,1.0,,soft19+firm10,27.43,soft19+firm10,25.3,soft12.7+soft12.7,22.65,soft12.7+soft12.7,22.24,soft12.7+soft12.7,22.23,
ANSUR2-M-28450,M,1.0396039603960396,validation,185.0,144.0,530.0,123.0,123.0,excluded,fail,S11-L20,S11,,,,eye_line,,,,,,,,,,,True
ANSUR2-M-28473,M,1.0396039603960396,train,201.0,152.0,566.0,136.0,118.0,geometric_feasible,unevaluated,G055-L11,G055,0.0,3.0,2.0,,soft19+firm10,24.91,soft12.7+soft12.7,23.06,soft12.7+soft12.7,22.91,soft12.7+soft12.7,23.7,soft12.7+soft12.7,23.7,
ANSUR2-M-28480,M,1.0396039603960396,validation,197.0,159.0,576.0,130.0,121.0,geometric_feasible,unevaluated,G055-L11,G055,-3.0,6.0,2.0,,soft19+firm10,26.21,soft12.7+soft12.7,22.06,soft19+firm10,26.49,soft12.7+soft12.7,21.11,soft12.7+soft12.7,21.12,
ANSUR2-M-28532,M,1.0396039603960396,validation,198.0,163.0,570.0,142.0,129.0,excluded,fail,S11-L20,S11,,,,pad_too_tight,,,,,,,,,,,True
ANSUR2-M-28578,M,1.0396039603960396,validation,205.0,154.0,585.0,126.0,124.0,geometric_feasible,unevaluated,G055-L11,G055,-3.0,3.0,2.0,,soft19+firm10,25.89,soft19+firm10,26.56,soft19,15.3,soft12.7+soft12.7,22.54,soft12.7+soft12.7,22.55,
ANSUR2-M-28580,M,1.0396039603960396,train,198.0,151.0,555.0,127.0,123.0,excluded,fail,S11-L20,S11,,,,nose,,,,,,,,,,,True
ANSUR2-M-28644,M,1.0396039603960396,train,193.0,153.0,560.0,131.0,115.0,geometric_feasible,unevaluated,G055-L11,G055,0.0,6.0,1.0,,soft19+firm10,25.73,soft19+firm10,26.47,soft12.7+firm15,24.57,soft12.7+soft12.7,23.02,soft12.7+soft12.7,23.01,
ANSUR2-M-28652,M,1.0396039603960396,train,190.0,160.0,565.0,126.0,127.0,geometric_feasible,unevaluated,S11-L20,S11,-6.0,6.0,1.0,,soft19,15.77,soft12.7+soft12.7,20.38,soft12.7+firm5,15.06,soft19,15.71,soft19,15.71,
ANSUR2-M-28654,M,1.0396039603960396,train,201.0,154.0,592.0,122.0,117.0,geometric_feasible,unevaluated,S11-L20,S11,-3.0,6.0,3.0,,soft12.7+soft12.7,21.55,soft12.7+soft12.7,21.11,soft19,16.66,soft12.7+soft12.7,20.7,soft12.7+soft12.7,20.75,
ANSUR2-M-28656,M,1.0396039603960396,validation,198.0,155.0,577.0,135.0,115.0,geometric_feasible,unevaluated,S11-L20,S11,0.0,0.0,2.0,,soft19,15.58,soft19,15.62,soft19,16.66,soft19,17.87,soft19,17.87,
ANSUR2-M-28670,M,1.0396039603960396,train,196.0,149.0,550.0,129.0,116.0,geometric_feasible,unevaluated,G055-L11,G055,-6.0,6.0,2.0,,soft19+firm10,26.85,soft12.7+soft12.7,22.02,soft19+firm10,26.36,soft12.7+firm15,24.67,soft12.7+firm15,24.67,
ANSUR2-M-28767,M,1.0396039603960396,train,187.0,148.0,545.0,130.0,118.0,geometric_feasible,unevaluated,S11-L20,S11,-6.0,6.0,1.0,,soft12.7+firm5,15.13,soft12.7+soft12.7,21.88,soft19,17.48,soft12.7+soft12.7,20.42,soft12.7+soft12.7,20.42,
ANSUR2-M-28771,M,1.0396039603960396,train,199.0,144.0,557.0,132.0,125.0,geometric_feasible,unevaluated,G055-L11,G055,-3.0,-3.0,1.0,,soft19+firm10,27.41,soft19+firm10,26.04,soft12.7+firm5,15.19,soft19+firm10,27.53,soft19+firm10,27.52,
ANSUR2-M-28789,M,1.0396039603960396,validation,192.0,150.0,552.0,132.0,105.0,geometric_feasible,unevaluated,S11-L20,S11,0.0,3.0,1.0,,soft19,16.47,soft19,17.95,soft12.7+firm10,19.92,soft12.7+soft12.7,20.48,soft12.7+soft12.7,20.48,
ANSUR2-M-28874,M,1.0396039603960396,train,199.0,154.0,567.0,124.0,119.0,geometric_feasible,unevaluated,S11-L20,S11,-3.0,3.0,0.0,,soft12.7+soft12.7,21.53,soft12.7+soft12.7,23.38,soft19,17.17,soft12.7+soft12.7,22.23,soft12.7+soft12.7,22.23,
ANSUR2-M-28896,M,1.0396039603960396,train,198.0,156.0,571.0,113.0,123.0,geometric_feasible,unevaluated,S11-L20,S11,-6.0,9.0,0.0,,soft12.7+soft12.7,22.7,soft12.7+soft12.7,21.31,soft19,17.23,soft12.7+firm10,19.98,soft12.7+firm10,19.98,
ANSUR2-M-28904,M,1.0396039603960396,train,208.0,156.0,594.0,139.0,133.0,geometric_feasible,unevaluated,G055-L11,G055,0.0,0.0,2.0,,soft19+firm10,26.23,soft19,16.63,soft12.7+firm15,24.71,soft12.7+soft12.7,22.88,soft12.7+soft12.7,22.88,
ANSUR2-M-28917,M,1.0396039603960396,train,206.0,155.0,580.0,130.0,121.0,geometric_feasible,unevaluated,G055-L23,G055,-6.0,6.0,0.0,,soft12.7+soft12.7,23.64,soft19,17.55,soft12.7+soft12.7,22.18,soft12.7+soft12.7,21.82,soft12.7+soft12.7,21.8,
ANSUR2-M-28968,M,1.0396039603960396,validation,204.0,163.0,596.0,137.0,122.0,excluded,fail,S11-L20,S11,,,,pad_between_steps,,,,,,,,,,,True
ANSUR2-M-28987,M,1.0396039603960396,train,200.0,153.0,558.0,126.0,128.0,geometric_feasible,unevaluated,G055-L11,G055,-6.0,9.0,1.0,,soft19+firm10,25.29,soft19+firm10,27.27,soft12.7+soft12.7,20.7,soft12.7+soft12.7,23.62,soft12.7+soft12.7,23.62,
ANSUR2-M-29010,M,1.0396039603960396,train,197.0,155.0,569.0,136.0,126.0,geometric_feasible,unevaluated,G055-L11,G055,0.0,3.0,2.0,,soft19+firm10,25.11,soft12.7+soft12.7,23.53,soft19+firm10,24.81,soft12.7+soft12.7,23.28,soft12.7+soft12.7,23.28,
ANSUR2-M-29044,M,1.0396039603960396,train,213.0,163.0,612.0,128.0,123.0,geometric_feasible,unevaluated,G055-L23,G055,0.0,12.0,0.0,,soft12.7+soft12.7,20.87,soft19,16.95,soft19,15.26,soft19,17.49,soft19,17.48,
ANSUR2-M-29080,M,1.0396039603960396,train,207.0,148.0,575.0,133.0,115.0,geometric_feasible,unevaluated,G055-L11,G055,0.0,3.0,2.0,,soft12.7+soft12.7,23.66,soft12.7+soft12.7,23.52,soft19,15.75,soft19+firm10,25.78,soft19+firm10,25.78,
ANSUR2-M-29082,M,1.0396039603960396,validation,204.0,150.0,578.0,132.0,131.0,geometric_feasible,unevaluated,G055-L11,G055,0.0,6.0,2.0,,soft12.7+soft12.7,23.3,soft19+firm10,25.77,soft19,17.92,soft19+firm10,24.96,soft19+firm10,24.96,
ANSUR2-M-29113,M,1.0396039603960396,validation,201.0,150.0,573.0,127.0,107.0,geometric_feasible,unevaluated,G055-L11,G055,-3.0,6.0,2.0,,soft19+firm10,27.27,soft12.7+soft12.7,23.94,soft12.7+soft12.7,22.35,soft12.7+firm15,24.73,soft12.7+firm15,24.73,
ANSUR2-M-29131,M,1.0396039603960396,train,209.0,155.0,594.0,137.0,116.0,geometric_feasible,unevaluated,G055-L11,G055,-6.0,12.0,2.0,,soft12.7,12.04,soft19,15.27,soft12.7,11.83,soft19,15.57,soft19,15.59,
ANSUR2-M-29134,M,1.0396039603960396,train,205.0,158.0,583.0,134.0,128.0,geometric_feasible,unevaluated,G055-L11,G055,-3.0,3.0,2.0,,soft12.7+soft12.7,23.75,soft19+firm10,25.49,soft19,16.82,soft12.7+soft12.7,21.61,soft12.7+soft12.7,21.61,
ANSUR2-M-29156,M,1.0396039603960396,train,205.0,152.0,581.0,137.0,120.0,geometric_feasible,unevaluated,G055-L11,G055,-6.0,0.0,2.0,,soft19+firm10,26.36,soft12.7+soft12.7,21.53,soft12.7+soft12.7,21.97,soft12.7+firm15,24.7,soft12.7+firm15,24.7,
ANSUR2-M-29166,M,1.0396039603960396,validation,190.0,147.0,552.0,128.0,124.0,geometric_feasible,unevaluated,S11-L20,S11,0.0,6.0,0.0,,soft19,17.44,soft19+firm5,20.35,soft12.7+soft12.7,21.76,soft12.7+soft12.7,22.71,soft12.7+soft12.7,22.72,
ANSUR2-M-29176,M,1.0396039603960396,validation,195.0,156.0,563.0,130.0,117.0,geometric_feasible,unevaluated,G055-L11,G055,-3.0,9.0,0.0,,soft19+firm10,25.93,soft19+firm10,27.02,soft19+firm10,25.67,soft12.7+soft12.7,22.91,soft12.7+soft12.7,22.91,
ANSUR2-M-29184,M,1.0396039603960396,train,209.0,150.0,597.0,141.0,118.0,geometric_feasible,unevaluated,G055-L11,G055,-6.0,9.0,1.0,,soft12.7,12.05,soft19,15.57,soft12.7,11.89,soft19,15.56,soft19,15.61,
ANSUR2-M-29186,M,1.0396039603960396,validation,197.0,157.0,564.0,133.0,114.0,geometric_feasible,unevaluated,G055-L11,G055,0.0,3.0,1.0,,soft19+firm10,26.82,soft19+firm10,25.76,soft19+firm10,24.98,soft12.7+soft12.7,21.78,soft12.7+soft12.7,21.77,
ANSUR2-M-29231,M,1.0396039603960396,train,198.0,157.0,573.0,137.0,119.0,geometric_feasible,unevaluated,G055-L11,G055,0.0,3.0,2.0,,soft19+firm10,25.23,soft12.7+soft12.7,21.25,soft12.7+soft12.7,20.79,soft12.7+soft12.7,22.49,soft12.7+soft12.7,22.48,
ANSUR2-M-29254,M,1.0396039603960396,train,203.0,149.0,579.0,141.0,123.0,geometric_feasible,unevaluated,G055-L11,G055,0.0,3.0,1.0,,soft12.7+soft12.7,21.24,soft12.7+soft12.7,21.06,soft12.7+soft12.7,23.3,soft19+firm10,25.49,soft19+firm10,25.49,
ANSUR2-M-29325,M,1.0396039603960396,train,197.0,160.0,575.0,125.0,123.0,geometric_feasible,unevaluated,G055-L11,G055,-3.0,9.0,2.0,,soft19+firm10,25.55,soft19+firm10,26.93,soft12.7+soft12.7,20.48,soft12.7+firm10,19.97,soft12.7+firm10,19.97,
ANSUR2-M-29339,M,1.0396039603960396,train,204.0,166.0,596.0,129.0,122.0,geometric_feasible,unevaluated,G055-L11,G055,-3.0,3.0,2.0,,soft19+firm10,26.09,soft19+firm10,27.44,soft19,16.99,soft19,17.44,soft19,17.44,
ANSUR2-M-29353,M,1.0396039603960396,train,205.0,150.0,573.0,131.0,133.0,geometric_feasible,unevaluated,G055-L20,G055,-3.0,6.0,0.0,,soft19+firm10,26.44,soft19+firm10,27.4,soft19,16.24,soft19+firm10,25.36,soft19+firm10,25.36,
ANSUR2-M-29361,M,1.0396039603960396,train,199.0,156.0,580.0,120.0,135.0,geometric_feasible,unevaluated,S11-L20,S11,-3.0,3.0,0.0,,soft19+firm10,26.67,soft12.7+soft12.7,22.41,soft19,17.65,soft12.7+soft12.7,21.78,soft12.7+soft12.7,21.79,
ANSUR2-M-29423,M,1.0396039603960396,train,199.0,145.0,560.0,126.0,119.0,geometric_feasible,unevaluated,G055-L20,G055,-6.0,9.0,1.0,,soft19+firm10,25.61,soft12.7+soft12.7,23.88,soft12.7+soft12.7,22.7,soft19+firm10,26.24,soft19+firm10,26.23,
ANSUR2-M-29424,M,1.0396039603960396,train,181.0,162.0,556.0,137.0,114.0,excluded,fail,G055-L11,G055,,,,field_of_view,,,,,,,,,,,True
ANSUR2-M-29440,M,1.0396039603960396,train,197.0,149.0,565.0,127.0,120.0,geometric_feasible,unevaluated,S11-L20,S11,0.0,0.0,1.0,,soft12.7+soft12.7,21.85,soft12.7+soft12.7,21.05,soft19,17.75,soft12.7+soft12.7,22.92,soft12.7+soft12.7,22.92,
